date,active_addresses
2010-10-01,693.0
2010-10-02,680.0
2010-10-03,550.0
2010-10-04,690.0
2010-10-05,577.0
2010-10-06,522.0
2010-10-07,489.0
2010-10-08,665.0
2010-10-09,607.0
2010-10-10,457.0
2010-10-11,475.0
2010-10-12,494.0
2010-10-13,756.0
2010-10-14,439.0
2010-10-15,406.0
2010-10-16,703.0
2010-10-17,525.0
2010-10-18,731.0
2010-10-19,1162.0
2010-10-20,944.0
2010-10-21,817.0
2010-10-22,823.0
2010-10-23,669.0
2010-10-24,665.0
2010-10-25,563.0
2010-10-26,639.0
2010-10-27,914.0
2010-10-28,805.0
2010-10-29,654.0
2010-10-30,428.0
2010-10-31,403.0
2010-11-01,421.0
2010-11-02,288.0
2010-11-03,394.0
2010-11-04,423.0
2010-11-05,647.0
2010-11-06,414.0
2010-11-07,486.0
2010-11-08,1363.0
2010-11-09,468.0
2010-11-10,469.0
2010-11-11,396.0
2010-11-12,299.0
2010-11-13,372.0
2010-11-14,708.0
2010-11-15,4217.0
2010-11-16,3189.0
2010-11-17,459.0
2010-11-18,405.0
2010-11-19,497.0
2010-11-20,668.0
2010-11-21,620.0
2010-11-22,466.0
2010-11-23,525.0
2010-11-24,801.0
2010-11-25,740.0
2010-11-26,1018.0
2010-11-27,661.0
2010-11-28,538.0
2010-11-29,710.0
2010-11-30,602.0
2010-12-01,938.0
2010-12-02,641.0
2010-12-03,708.0
2010-12-04,497.0
2010-12-05,488.0
2010-12-06,507.0
2010-12-07,926.0
2010-12-08,687.0
2010-12-09,632.0
2010-12-10,491.0
2010-12-11,823.0
2010-12-12,1026.0
2010-12-13,1539.0
2010-12-14,966.0
2010-12-15,906.0
2010-12-16,781.0
2010-12-17,634.0
2010-12-18,701.0
2010-12-19,909.0
2010-12-20,1304.0
2010-12-21,900.0
2010-12-22,1057.0
2010-12-23,784.0
2010-12-24,707.0
2010-12-25,915.0
2010-12-26,885.0
2010-12-27,985.0
2010-12-28,868.0
2010-12-29,830.0
2010-12-30,926.0
2010-12-31,741.0
2011-01-01,1071.0
2011-01-02,1097.0
2011-01-03,1405.0
2011-01-04,1111.0
2011-01-05,1497.0
2011-01-06,1166.0
2011-01-07,1269.0
2011-01-08,1439.0
2011-01-09,1390.0
2011-01-10,1458.0
2011-01-11,1564.0
2011-01-12,1248.0
2011-01-13,1700.0
2011-01-14,1622.0
2011-01-15,1425.0
2011-01-16,1501.0
2011-01-17,1356.0
2011-01-18,1462.0
2011-01-19,1523.0
2011-01-20,1474.0
2011-01-21,1931.0
2011-01-22,2184.0
2011-01-23,1918.0
2011-01-24,2090.0
2011-01-25,1410.0
2011-01-26,1771.0
2011-01-27,1472.0
2011-01-28,1790.0
2011-01-29,2012.0
2011-01-30,3365.0
2011-01-31,2089.0
2011-02-01,1901.0
2011-02-02,1491.0
2011-02-03,1273.0
2011-02-04,1505.0
2011-02-05,1514.0
2011-02-06,1345.0
2011-02-07,1389.0
2011-02-08,1472.0
2011-02-09,2127.0
2011-02-10,3556.0
2011-02-11,4302.0
2011-02-12,3312.0
2011-02-13,3244.0
2011-02-14,4141.0
2011-02-15,3347.0
2011-02-16,2995.0
2011-02-17,3527.0
2011-02-18,3589.0
2011-02-19,2904.0
2011-02-20,3176.0
2011-02-21,3317.0
2011-02-22,3759.0
2011-02-23,3811.0
2011-02-24,3644.0
2011-02-25,3465.0
2011-02-26,3482.0
2011-02-27,3685.0
2011-02-28,3029.0
2011-03-01,5342.0
2011-03-02,3528.0
2011-03-03,4893.0
2011-03-04,3311.0
2011-03-05,3547.0
2011-03-06,3340.0
2011-03-07,3410.0
2011-03-08,3893.0
2011-03-09,3353.0
2011-03-10,2916.0
2011-03-11,3072.0
2011-03-12,3286.0
2011-03-13,2864.0
2011-03-14,2899.0
2011-03-15,3265.0
2011-03-16,3221.0
2011-03-17,3133.0
2011-03-18,3336.0
2011-03-19,2955.0
2011-03-20,4447.0
2011-03-21,4824.0
2011-03-22,3967.0
2011-03-23,6561.0
2011-03-24,4450.0
2011-03-25,4172.0
2011-03-26,4838.0
2011-03-27,4933.0
2011-03-28,5444.0
2011-03-29,4473.0
2011-03-30,3574.0
2011-03-31,4121.0
2011-04-01,3259.0
2011-04-02,3350.0
2011-04-03,3571.0
2011-04-04,4753.0
2011-04-05,4246.0
2011-04-06,3806.0
2011-04-07,3454.0
2011-04-08,3674.0
2011-04-09,3584.0
2011-04-10,3547.0
2011-04-11,4109.0
2011-04-12,4258.0
2011-04-13,4764.0
2011-04-14,6169.0
2011-04-15,4150.0
2011-04-16,5128.0
2011-04-17,4418.0
2011-04-18,5632.0
2011-04-19,6311.0
2011-04-20,5358.0
2011-04-21,4042.0
2011-04-22,4237.0
2011-04-23,4979.0
2011-04-24,4821.0
2011-04-25,5053.0
2011-04-26,6053.0
2011-04-27,7488.0
2011-04-28,6130.0
2011-04-29,6915.0
2011-04-30,8113.0
2011-05-01,7423.0
2011-05-02,5974.0
2011-05-03,6123.0
2011-05-04,6335.0
2011-05-05,7151.0
2011-05-06,6956.0
2011-05-07,7114.0
2011-05-08,6630.0
2011-05-09,7510.0
2011-05-10,7096.0
2011-05-11,7122.0
2011-05-12,7283.0
2011-05-13,9457.0
2011-05-14,9075.0
2011-05-15,8414.0
2011-05-16,11803.0
2011-05-17,10384.0
2011-05-18,13150.0
2011-05-19,11783.0
2011-05-20,11699.0
2011-05-21,10592.0
2011-05-22,10846.0
2011-05-23,12217.0
2011-05-24,13132.0
2011-05-25,14760.0
2011-05-26,14268.0
2011-05-27,10903.0
2011-05-28,11552.0
2011-05-29,11521.0
2011-05-30,12585.0
2011-05-31,13982.0
2011-06-01,14043.0
2011-06-02,15459.0
2011-06-03,17741.0
2011-06-04,19728.0
2011-06-05,17662.0
2011-06-06,21083.0
2011-06-07,19206.0
2011-06-08,27266.0
2011-06-09,26219.0
2011-06-10,24275.0
2011-06-11,23839.0
2011-06-12,27257.0
2011-06-13,25165.0
2011-06-14,29777.0
2011-06-15,27660.0
2011-06-16,28666.0
2011-06-17,26437.0
2011-06-18,25899.0
2011-06-19,27866.0
2011-06-20,25564.0
2011-06-21,25256.0
2011-06-22,26804.0
2011-06-23,24185.0
2011-06-24,25503.0
2011-06-25,22622.0
2011-06-26,24127.0
2011-06-27,30134.0
2011-06-28,25862.0
2011-06-29,24405.0
2011-06-30,23228.0
2011-07-01,30344.0
2011-07-02,32077.0
2011-07-03,22031.0
2011-07-04,23834.0
2011-07-05,23645.0
2011-07-06,26601.0
2011-07-07,22643.0
2011-07-08,24961.0
2011-07-09,22376.0
2011-07-10,29298.0
2011-07-11,25407.0
2011-07-12,23335.0
2011-07-13,27138.0
2011-07-14,28840.0
2011-07-15,24887.0
2011-07-16,23706.0
2011-07-17,24647.0
2011-07-18,27778.0
2011-07-19,25356.0
2011-07-20,25461.0
2011-07-21,25378.0
2011-07-22,24428.0
2011-07-23,21547.0
2011-07-24,23903.0
2011-07-25,26768.0
2011-07-26,23317.0
2011-07-27,23742.0
2011-07-28,25905.0
2011-07-29,22490.0
2011-07-30,19350.0
2011-07-31,24519.0
2011-08-01,24432.0
2011-08-02,20824.0
2011-08-03,18614.0
2011-08-04,19254.0
2011-08-05,21833.0
2011-08-06,19507.0
2011-08-07,20134.0
2011-08-08,24672.0
2011-08-09,23592.0
2011-08-10,19400.0
2011-08-11,18286.0
2011-08-12,17412.0
2011-08-13,19665.0
2011-08-14,21211.0
2011-08-15,18940.0
2011-08-16,20993.0
2011-08-17,20652.0
2011-08-18,20917.0
2011-08-19,21995.0
2011-08-20,21238.0
2011-08-21,22424.0
2011-08-22,25255.0
2011-08-23,22523.0
2011-08-24,22638.0
2011-08-25,23091.0
2011-08-26,21283.0
2011-08-27,21244.0
2011-08-28,18378.0
2011-08-29,18823.0
2011-08-30,17324.0
2011-08-31,17149.0
2011-09-01,16589.0
2011-09-02,16363.0
2011-09-03,14319.0
2011-09-04,17822.0
2011-09-05,18193.0
2011-09-06,18872.0
2011-09-07,16855.0
2011-09-08,15832.0
2011-09-09,18354.0
2011-09-10,16167.0
2011-09-11,15739.0
2011-09-12,15899.0
2011-09-13,14959.0
2011-09-14,15192.0
2011-09-15,15482.0
2011-09-16,14476.0
2011-09-17,12903.0
2011-09-18,14196.0
2011-09-19,16499.0
2011-09-20,21500.0
2011-09-21,18297.0
2011-09-22,17486.0
2011-09-23,19216.0
2011-09-24,19656.0
2011-09-25,19723.0
2011-09-26,17623.0
2011-09-27,18461.0
2011-09-28,13766.0
2011-09-29,12324.0
2011-09-30,13620.0
2011-10-01,13286.0
2011-10-02,11856.0
2011-10-03,14031.0
2011-10-04,13371.0
2011-10-05,13475.0
2011-10-06,14660.0
2011-10-07,13622.0
2011-10-08,12331.0
2011-10-09,12398.0
2011-10-10,13498.0
2011-10-11,13852.0
2011-10-12,13370.0
2011-10-13,11340.0
2011-10-14,14662.0
2011-10-15,13000.0
2011-10-16,11949.0
2011-10-17,14480.0
2011-10-18,12586.0
2011-10-19,12283.0
2011-10-20,11014.0
2011-10-21,11937.0
2011-10-22,12833.0
2011-10-23,13144.0
2011-10-24,13637.0
2011-10-25,12817.0
2011-10-26,12848.0
2011-10-27,11685.0
2011-10-28,11948.0
2011-10-29,13153.0
2011-10-30,10844.0
2011-10-31,12167.0
2011-11-01,12935.0
2011-11-02,13426.0
2011-11-03,13257.0
2011-11-04,15306.0
2011-11-05,13380.0
2011-11-06,11361.0
2011-11-07,13062.0
2011-11-08,13485.0
2011-11-09,14843.0
2011-11-10,13935.0
2011-11-11,12393.0
2011-11-12,11482.0
2011-11-13,13104.0
2011-11-14,13220.0
2011-11-15,14691.0
2011-11-16,13106.0
2011-11-17,12268.0
2011-11-18,12265.0
2011-11-19,10174.0
2011-11-20,11013.0
2011-11-21,10444.0
2011-11-22,11489.0
2011-11-23,11364.0
2011-11-24,10972.0
2011-11-25,11514.0
2011-11-26,10255.0
2011-11-27,10815.0
2011-11-28,12645.0
2011-11-29,14735.0
2011-11-30,15161.0
2011-12-01,14223.0
2011-12-02,12915.0
2011-12-03,13099.0
2011-12-04,11618.0
2011-12-05,13358.0
2011-12-06,15120.0
2011-12-07,13108.0
2011-12-08,14099.0
2011-12-09,11646.0
2011-12-10,11990.0
2011-12-11,11902.0
2011-12-12,11460.0
2011-12-13,11933.0
2011-12-14,12005.0
2011-12-15,10405.0
2011-12-16,10534.0
2011-12-17,9958.0
2011-12-18,9955.0
2011-12-19,12637.0
2011-12-20,13868.0
2011-12-21,11719.0
2011-12-22,12176.0
2011-12-23,11732.0
2011-12-24,10318.0
2011-12-25,11829.0
2011-12-26,12271.0
2011-12-27,11605.0
2011-12-28,11047.0
2011-12-29,11125.0
2011-12-30,10437.0
2011-12-31,10983.0
2012-01-01,11474.0
2012-01-02,12094.0
2012-01-03,12934.0
2012-01-04,12763.0
2012-01-05,15378.0
2012-01-06,14524.0
2012-01-07,13829.0
2012-01-08,14549.0
2012-01-09,15286.0
2012-01-10,15541.0
2012-01-11,16961.0
2012-01-12,14087.0
2012-01-13,14317.0
2012-01-14,14683.0
2012-01-15,13421.0
2012-01-16,14860.0
2012-01-17,14887.0
2012-01-18,14263.0
2012-01-19,15211.0
2012-01-20,14105.0
2012-01-21,13487.0
2012-01-22,11492.0
2012-01-23,13508.0
2012-01-24,15215.0
2012-01-25,16707.0
2012-01-26,13823.0
2012-01-27,14379.0
2012-01-28,13257.0
2012-01-29,14267.0
2012-01-30,13370.0
2012-01-31,15858.0
2012-02-01,15161.0
2012-02-02,15694.0
2012-02-03,17088.0
2012-02-04,16038.0
2012-02-05,14720.0
2012-02-06,14174.0
2012-02-07,14474.0
2012-02-08,14819.0
2012-02-09,14871.0
2012-02-10,16819.0
2012-02-11,14944.0
2012-02-12,14056.0
2012-02-13,16556.0
2012-02-14,18756.0
2012-02-15,18243.0
2012-02-16,17722.0
2012-02-17,14218.0
2012-02-18,14337.0
2012-02-19,13197.0
2012-02-20,14828.0
2012-02-21,14362.0
2012-02-22,16120.0
2012-02-23,18129.0
2012-02-24,16256.0
2012-02-25,14844.0
2012-02-26,13193.0
2012-02-27,15336.0
2012-02-28,16054.0
2012-02-29,15562.0
2012-03-01,16097.0
2012-03-02,17925.0
2012-03-03,12413.0
2012-03-04,14600.0
2012-03-05,16264.0
2012-03-06,15360.0
2012-03-07,15193.0
2012-03-08,15555.0
2012-03-09,15970.0
2012-03-10,13042.0
2012-03-11,12053.0
2012-03-12,15290.0
2012-03-13,16216.0
2012-03-14,16391.0
2012-03-15,14920.0
2012-03-16,16092.0
2012-03-17,16492.0
2012-03-18,13966.0
2012-03-19,15579.0
2012-03-20,15537.0
2012-03-21,16079.0
2012-03-22,15782.0
2012-03-23,14184.0
2012-03-24,13792.0
2012-03-25,14501.0
2012-03-26,16361.0
2012-03-27,15179.0
2012-03-28,15846.0
2012-03-29,17441.0
2012-03-30,15053.0
2012-03-31,14120.0
2012-04-01,12842.0
2012-04-02,14925.0
2012-04-03,18598.0
2012-04-04,16652.0
2012-04-05,16870.0
2012-04-06,15543.0
2012-04-07,14271.0
2012-04-08,13664.0
2012-04-09,15395.0
2012-04-10,17407.0
2012-04-11,18806.0
2012-04-12,18394.0
2012-04-13,16330.0
2012-04-14,17049.0
2012-04-15,16157.0
2012-04-16,18862.0
2012-04-17,18828.0
2012-04-18,19340.0
2012-04-19,17558.0
2012-04-20,19264.0
2012-04-21,16495.0
2012-04-22,14447.0
2012-04-23,17264.0
2012-04-24,17187.0
2012-04-25,17264.0
2012-04-26,19928.0
2012-04-27,16191.0
2012-04-28,15943.0
2012-04-29,16232.0
2012-04-30,18877.0
2012-05-01,20427.0
2012-05-02,19907.0
2012-05-03,22009.0
2012-05-04,22962.0
2012-05-05,19627.0
2012-05-06,22444.0
2012-05-07,25802.0
2012-05-08,23419.0
2012-05-09,25272.0
2012-05-10,22041.0
2012-05-11,24667.0
2012-05-12,22910.0
2012-05-13,20661.0
2012-05-14,32619.0
2012-05-15,27730.0
2012-05-16,25132.0
2012-05-17,22883.0
2012-05-18,26196.0
2012-05-19,32917.0
2012-05-20,28225.0
2012-05-21,30487.0
2012-05-22,27919.0
2012-05-23,28839.0
2012-05-24,28799.0
2012-05-25,30265.0
2012-05-26,24989.0
2012-05-27,26493.0
2012-05-28,29737.0
2012-05-29,34480.0
2012-05-30,28755.0
2012-05-31,28044.0
2012-06-01,28549.0
2012-06-02,21002.0
2012-06-03,31043.0
2012-06-04,42162.0
2012-06-05,39781.0
2012-06-06,25187.0
2012-06-07,34826.0
2012-06-08,28664.0
2012-06-09,31108.0
2012-06-10,33266.0
2012-06-11,32475.0
2012-06-12,24995.0
2012-06-13,46530.0
2012-06-14,49894.0
2012-06-15,49687.0
2012-06-16,39061.0
2012-06-17,39723.0
2012-06-18,36797.0
2012-06-19,36392.0
2012-06-20,32748.0
2012-06-21,29558.0
2012-06-22,28511.0
2012-06-23,30627.0
2012-06-24,28191.0
2012-06-25,34552.0
2012-06-26,36059.0
2012-06-27,38748.0
2012-06-28,33425.0
2012-06-29,33393.0
2012-06-30,31588.0
2012-07-01,32067.0
2012-07-02,36621.0
2012-07-03,33766.0
2012-07-04,31437.0
2012-07-05,28191.0
2012-07-06,29504.0
2012-07-07,31952.0
2012-07-08,26508.0
2012-07-09,32749.0
2012-07-10,37181.0
2012-07-11,34994.0
2012-07-12,34534.0
2012-07-13,31537.0
2012-07-14,29266.0
2012-07-15,30708.0
2012-07-16,36788.0
2012-07-17,40504.0
2012-07-18,34020.0
2012-07-19,36644.0
2012-07-20,35675.0
2012-07-21,36149.0
2012-07-22,40800.0
2012-07-23,40413.0
2012-07-24,38712.0
2012-07-25,30961.0
2012-07-26,30559.0
2012-07-27,32339.0
2012-07-28,38741.0
2012-07-29,35848.0
2012-07-30,36116.0
2012-07-31,59564.0
2012-08-01,40578.0
2012-08-02,42075.0
2012-08-03,35901.0
2012-08-04,36278.0
2012-08-05,37911.0
2012-08-06,42822.0
2012-08-07,39049.0
2012-08-08,51432.0
2012-08-09,40939.0
2012-08-10,38295.0
2012-08-11,38485.0
2012-08-12,39111.0
2012-08-13,48601.0
2012-08-14,43606.0
2012-08-15,51932.0
2012-08-16,60615.0
2012-08-17,57279.0
2012-08-18,51215.0
2012-08-19,57927.0
2012-08-20,48984.0
2012-08-21,55539.0
2012-08-22,47300.0
2012-08-23,43521.0
2012-08-24,44584.0
2012-08-25,36374.0
2012-08-26,35110.0
2012-08-27,38660.0
2012-08-28,41047.0
2012-08-29,37982.0
2012-08-30,34760.0
2012-08-31,49678.0
2012-09-01,43598.0
2012-09-02,34468.0
2012-09-03,33612.0
2012-09-04,45525.0
2012-09-05,41507.0
2012-09-06,47563.0
2012-09-07,43748.0
2012-09-08,34331.0
2012-09-09,39703.0
2012-09-10,37639.0
2012-09-11,45390.0
2012-09-12,33567.0
2012-09-13,35024.0
2012-09-14,38529.0
2012-09-15,30133.0
2012-09-16,31184.0
2012-09-17,33989.0
2012-09-18,37898.0
2012-09-19,42928.0
2012-09-20,47916.0
2012-09-21,38617.0
2012-09-22,27311.0
2012-09-23,28683.0
2012-09-24,33444.0
2012-09-25,45705.0
2012-09-26,46624.0
2012-09-27,41321.0
2012-09-28,51687.0
2012-09-29,36991.0
2012-09-30,35060.0
2012-10-01,38102.0
2012-10-02,53731.0
2012-10-03,51360.0
2012-10-04,50714.0
2012-10-05,43691.0
2012-10-06,39632.0
2012-10-07,43095.0
2012-10-08,47823.0
2012-10-09,52626.0
2012-10-10,47176.0
2012-10-11,40995.0
2012-10-12,44701.0
2012-10-13,39129.0
2012-10-14,38974.0
2012-10-15,47015.0
2012-10-16,41834.0
2012-10-17,46053.0
2012-10-18,51219.0
2012-10-19,44078.0
2012-10-20,42836.0
2012-10-21,39296.0
2012-10-22,42021.0
2012-10-23,41375.0
2012-10-24,42251.0
2012-10-25,38643.0
2012-10-26,37471.0
2012-10-27,29910.0
2012-10-28,27816.0
2012-10-29,35981.0
2012-10-30,34928.0
2012-10-31,31390.0
2012-11-01,32135.0
2012-11-02,33393.0
2012-11-03,32511.0
2012-11-04,30976.0
2012-11-05,37460.0
2012-11-06,42954.0
2012-11-07,41756.0
2012-11-08,37595.0
2012-11-09,36800.0
2012-11-10,34669.0
2012-11-11,30394.0
2012-11-12,31528.0
2012-11-13,32074.0
2012-11-14,39530.0
2012-11-15,45873.0
2012-11-16,48826.0
2012-11-17,52322.0
2012-11-18,44044.0
2012-11-19,41117.0
2012-11-20,44744.0
2012-11-21,43803.0
2012-11-22,41584.0
2012-11-23,36519.0
2012-11-24,36089.0
2012-11-25,35940.0
2012-11-26,42639.0
2012-11-27,37535.0
2012-11-28,44590.0
2012-11-29,41205.0
2012-11-30,37930.0
2012-12-01,33858.0
2012-12-02,28210.0
2012-12-03,30532.0
2012-12-04,43912.0
2012-12-05,44654.0
2012-12-06,38984.0
2012-12-07,42135.0
2012-12-08,37725.0
2012-12-09,37568.0
2012-12-10,36630.0
2012-12-11,37496.0
2012-12-12,43207.0
2012-12-13,45680.0
2012-12-14,41691.0
2012-12-15,35878.0
2012-12-16,35213.0
2012-12-17,41616.0
2012-12-18,47617.0
2012-12-19,45631.0
2012-12-20,38978.0
2012-12-21,45877.0
2012-12-22,54007.0
2012-12-23,41727.0
2012-12-24,39081.0
2012-12-25,30567.0
2012-12-26,38979.0
2012-12-27,36158.0
2012-12-28,42277.0
2012-12-29,41463.0
2012-12-30,43096.0
2012-12-31,36527.0
2013-01-01,38733.0
2013-01-02,40911.0
2013-01-03,52539.0
2013-01-04,46781.0
2013-01-05,53959.0
2013-01-06,42382.0
2013-01-07,54059.0
2013-01-08,56753.0
2013-01-09,54910.0
2013-01-10,60507.0
2013-01-11,61989.0
2013-01-12,49915.0
2013-01-13,55725.0
2013-01-14,44616.0
2013-01-15,59643.0
2013-01-16,55537.0
2013-01-17,59029.0
2013-01-18,57683.0
2013-01-19,49445.0
2013-01-20,45027.0
2013-01-21,47104.0
2013-01-22,51489.0
2013-01-23,48584.0
2013-01-24,59644.0
2013-01-25,51061.0
2013-01-26,55140.0
2013-01-27,48552.0
2013-01-28,54409.0
2013-01-29,54460.0
2013-01-30,45601.0
2013-01-31,48166.0
2013-02-01,61865.0
2013-02-02,57947.0
2013-02-03,56035.0
2013-02-04,59362.0
2013-02-05,60191.0
2013-02-06,53114.0
2013-02-07,60065.0
2013-02-08,61292.0
2013-02-09,55866.0
2013-02-10,56414.0
2013-02-11,53214.0
2013-02-12,52230.0
2013-02-13,51607.0
2013-02-14,52507.0
2013-02-15,49480.0
2013-02-16,47477.0
2013-02-17,46362.0
2013-02-18,46855.0
2013-02-19,49090.0
2013-02-20,50898.0
2013-02-21,51627.0
2013-02-22,54361.0
2013-02-23,51159.0
2013-02-24,52275.0
2013-02-25,56529.0
2013-02-26,58302.0
2013-02-27,55511.0
2013-02-28,59466.0
2013-03-01,62746.0
2013-03-02,49881.0
2013-03-03,44647.0
2013-03-04,54208.0
2013-03-05,56444.0
2013-03-06,70524.0
2013-03-07,67349.0
2013-03-08,56370.0
2013-03-09,53106.0
2013-03-10,56596.0
2013-03-11,53342.0
2013-03-12,61248.0
2013-03-13,62068.0
2013-03-14,61917.0
2013-03-15,63245.0
2013-03-16,50966.0
2013-03-17,52184.0
2013-03-18,59594.0
2013-03-19,67946.0
2013-03-20,62822.0
2013-03-21,70563.0
2013-03-22,74587.0
2013-03-23,67002.0
2013-03-24,69595.0
2013-03-25,64715.0
2013-03-26,74037.0
2013-03-27,72482.0
2013-03-28,94934.0
2013-03-29,81683.0
2013-03-30,79925.0
2013-03-31,63898.0
2013-04-01,76869.0
2013-04-02,90297.0
2013-04-03,109240.0
2013-04-04,107866.0
2013-04-05,99406.0
2013-04-06,78563.0
2013-04-07,78312.0
2013-04-08,112858.0
2013-04-09,113921.0
2013-04-10,132897.0
2013-04-11,124532.0
2013-04-12,102302.0
2013-04-13,80991.0
2013-04-14,73989.0
2013-04-15,100211.0
2013-04-16,98394.0
2013-04-17,105380.0
2013-04-18,85564.0
2013-04-19,102489.0
2013-04-20,73497.0
2013-04-21,72721.0
2013-04-22,90723.0
2013-04-23,91871.0
2013-04-24,103533.0
2013-04-25,89506.0
2013-04-26,86571.0
2013-04-27,76128.0
2013-04-28,119432.0
2013-04-29,88358.0
2013-04-30,76703.0
2013-05-01,83664.0
2013-05-02,82318.0
2013-05-03,82210.0
2013-05-04,70341.0
2013-05-05,72046.0
2013-05-06,84314.0
2013-05-07,111196.0
2013-05-08,101126.0
2013-05-09,82877.0
2013-05-10,84004.0
2013-05-11,81104.0
2013-05-12,69104.0
2013-05-13,82986.0
2013-05-14,84579.0
2013-05-15,83911.0
2013-05-16,84369.0
2013-05-17,78514.0
2013-05-18,68752.0
2013-05-19,63144.0
2013-05-20,72183.0
2013-05-21,82257.0
2013-05-22,75632.0
2013-05-23,82761.0
2013-05-24,83234.0
2013-05-25,69552.0
2013-05-26,69609.0
2013-05-27,74785.0
2013-05-28,77841.0
2013-05-29,79692.0
2013-05-30,77410.0
2013-05-31,75957.0
2013-06-01,66565.0
2013-06-02,66768.0
2013-06-03,79951.0
2013-06-04,78923.0
2013-06-05,78551.0
2013-06-06,73112.0
2013-06-07,74130.0
2013-06-08,57561.0
2013-06-09,56850.0
2013-06-10,61027.0
2013-06-11,66039.0
2013-06-12,64507.0
2013-06-13,67482.0
2013-06-14,74179.0
2013-06-15,53859.0
2013-06-16,49113.0
2013-06-17,57059.0
2013-06-18,63396.0
2013-06-19,69066.0
2013-06-20,69393.0
2013-06-21,67982.0
2013-06-22,58423.0
2013-06-23,51312.0
2013-06-24,65308.0
2013-06-25,61404.0
2013-06-26,66298.0
2013-06-27,59748.0
2013-06-28,69884.0
2013-06-29,60173.0
2013-06-30,49735.0
2013-07-01,68318.0
2013-07-02,64222.0
2013-07-03,65913.0
2013-07-04,60723.0
2013-07-05,60477.0
2013-07-06,55911.0
2013-07-07,49774.0
2013-07-08,63707.0
2013-07-09,67007.0
2013-07-10,65740.0
2013-07-11,73389.0
2013-07-12,79838.0
2013-07-13,61884.0
2013-07-14,46805.0
2013-07-15,63555.0
2013-07-16,67361.0
2013-07-17,62286.0
2013-07-18,62207.0
2013-07-19,58937.0
2013-07-20,53871.0
2013-07-21,49487.0
2013-07-22,60370.0
2013-07-23,65040.0
2013-07-24,65575.0
2013-07-25,66060.0
2013-07-26,63241.0
2013-07-27,51388.0
2013-07-28,50927.0
2013-07-29,66163.0
2013-07-30,71863.0
2013-07-31,80412.0
2013-08-01,113593.0
2013-08-02,75758.0
2013-08-03,58781.0
2013-08-04,61806.0
2013-08-05,71751.0
2013-08-06,71609.0
2013-08-07,76654.0
2013-08-08,71239.0
2013-08-09,65764.0
2013-08-10,57919.0
2013-08-11,54441.0
2013-08-12,104031.0
2013-08-13,76972.0
2013-08-14,76346.0
2013-08-15,74632.0
2013-08-16,82397.0
2013-08-17,62108.0
2013-08-18,57869.0
2013-08-19,77962.0
2013-08-20,79492.0
2013-08-21,85074.0
2013-08-22,81577.0
2013-08-23,81517.0
2013-08-24,63858.0
2013-08-25,69624.0
2013-08-26,75443.0
2013-08-27,95082.0
2013-08-28,84528.0
2013-08-29,74770.0
2013-08-30,88736.0
2013-08-31,87612.0
2013-09-01,57043.0
2013-09-02,63738.0
2013-09-03,72441.0
2013-09-04,75781.0
2013-09-05,70530.0
2013-09-06,75818.0
2013-09-07,60406.0
2013-09-08,55602.0
2013-09-09,75151.0
2013-09-10,70346.0
2013-09-11,74178.0
2013-09-12,78649.0
2013-09-13,65832.0
2013-09-14,53427.0
2013-09-15,54408.0
2013-09-16,70731.0
2013-09-17,73646.0
2013-09-18,77986.0
2013-09-19,80008.0
2013-09-20,75867.0
2013-09-21,66018.0
2013-09-22,64347.0
2013-09-23,80171.0
2013-09-24,78410.0
2013-09-25,79801.0
2013-09-26,77792.0
2013-09-27,77735.0
2013-09-28,68961.0
2013-09-29,70490.0
2013-09-30,80461.0
2013-10-01,91102.0
2013-10-02,104703.0
2013-10-03,90980.0
2013-10-04,76881.0
2013-10-05,65561.0
2013-10-06,61903.0
2013-10-07,78360.0
2013-10-08,75010.0
2013-10-09,79805.0
2013-10-10,81804.0
2013-10-11,78192.0
2013-10-12,76060.0
2013-10-13,77953.0
2013-10-14,83416.0
2013-10-15,86235.0
2013-10-16,92582.0
2013-10-17,82808.0
2013-10-18,84996.0
2013-10-19,96934.0
2013-10-20,69040.0
2013-10-21,97064.0
2013-10-22,110677.0
2013-10-23,108316.0
2013-10-24,111952.0
2013-10-25,100894.0
2013-10-26,72893.0
2013-10-27,66108.0
2013-10-28,86585.0
2013-10-29,86798.0
2013-10-30,96056.0
2013-10-31,95791.0
2013-11-01,86825.0
2013-11-02,78835.0
2013-11-03,81991.0
2013-11-04,102736.0
2013-11-05,118752.0
2013-11-06,133026.0
2013-11-07,129067.0
2013-11-08,131772.0
2013-11-09,129648.0
2013-11-10,114440.0
2013-11-11,115536.0
2013-11-12,116498.0
2013-11-13,125199.0
2013-11-14,132404.0
2013-11-15,119399.0
2013-11-16,103125.0
2013-11-17,109082.0
2013-11-18,171380.0
2013-11-19,205240.0
2013-11-20,161122.0
2013-11-21,192640.0
2013-11-22,168639.0
2013-11-23,146167.0
2013-11-24,123964.0
2013-11-25,143350.0
2013-11-26,187706.0
2013-11-27,192515.0
2013-11-28,201832.0
2013-11-29,188994.0
2013-11-30,163385.0
2013-12-01,164939.0
2013-12-02,179818.0
2013-12-03,173471.0
2013-12-04,186429.0
2013-12-05,185882.0
2013-12-06,165974.0
2013-12-07,148012.0
2013-12-08,115670.0
2013-12-09,156514.0
2013-12-10,157623.0
2013-12-11,151130.0
2013-12-12,129116.0
2013-12-13,146944.0
2013-12-14,147850.0
2013-12-15,141277.0
2013-12-16,180233.0
2013-12-17,156115.0
2013-12-18,181410.0
2013-12-19,157818.0
2013-12-20,158569.0
2013-12-21,124307.0
2013-12-22,124146.0
2013-12-23,151062.0
2013-12-24,132367.0
2013-12-25,127600.0
2013-12-26,124049.0
2013-12-27,128876.0
2013-12-28,112555.0
2013-12-29,129208.0
2013-12-30,152090.0
2013-12-31,118420.0
2014-01-01,96516.0
2014-01-02,138928.0
2014-01-03,143832.0
2014-01-04,116229.0
2014-01-05,134802.0
2014-01-06,179999.0
2014-01-07,141665.0
2014-01-08,146348.0
2014-01-09,134908.0
2014-01-10,128371.0
2014-01-11,130495.0
2014-01-12,115119.0
2014-01-13,153853.0
2014-01-14,129226.0
2014-01-15,135647.0
2014-01-16,130689.0
2014-01-17,128915.0
2014-01-18,106009.0
2014-01-19,108623.0
2014-01-20,180527.0
2014-01-21,160288.0
2014-01-22,150333.0
2014-01-23,149895.0
2014-01-24,144338.0
2014-01-25,125411.0
2014-01-26,125376.0
2014-01-27,171032.0
2014-01-28,158602.0
2014-01-29,142119.0
2014-01-30,151474.0
2014-01-31,146489.0
2014-02-01,138630.0
2014-02-02,132242.0
2014-02-03,175731.0
2014-02-04,166548.0
2014-02-05,156535.0
2014-02-06,162066.0
2014-02-07,169400.0
2014-02-08,144461.0
2014-02-09,130842.0
2014-02-10,170337.0
2014-02-11,155297.0
2014-02-12,212833.0
2014-02-13,167617.0
2014-02-14,175329.0
2014-02-15,151828.0
2014-02-16,135691.0
2014-02-17,173737.0
2014-02-18,154278.0
2014-02-19,181354.0
2014-02-20,179241.0
2014-02-21,180043.0
2014-02-22,152477.0
2014-02-23,162703.0
2014-02-24,217723.0
2014-02-25,209042.0
2014-02-26,198825.0
2014-02-27,186867.0
2014-02-28,202531.0
2014-03-01,174849.0
2014-03-02,161296.0
2014-03-03,239106.0
2014-03-04,230183.0
2014-03-05,204980.0
2014-03-06,191203.0
2014-03-07,181365.0
2014-03-08,171767.0
2014-03-09,172480.0
2014-03-10,209703.0
2014-03-11,192707.0
2014-03-12,201998.0
2014-03-13,198172.0
2014-03-14,185902.0
2014-03-15,146037.0
2014-03-16,141737.0
2014-03-17,187013.0
2014-03-18,145860.0
2014-03-19,162108.0
2014-03-20,170768.0
2014-03-21,185393.0
2014-03-22,171832.0
2014-03-23,149492.0
2014-03-24,189786.0
2014-03-25,171509.0
2014-03-26,166155.0
2014-03-27,186843.0
2014-03-28,178365.0
2014-03-29,146650.0
2014-03-30,164718.0
2014-03-31,172497.0
2014-04-01,180851.0
2014-04-02,176078.0
2014-04-03,173295.0
2014-04-04,177264.0
2014-04-05,151868.0
2014-04-06,185666.0
2014-04-07,159482.0
2014-04-08,166019.0
2014-04-09,176284.0
2014-04-10,185474.0
2014-04-11,166924.0
2014-04-12,131975.0
2014-04-13,172422.0
2014-04-14,183076.0
2014-04-15,201397.0
2014-04-16,182765.0
2014-04-17,159399.0
2014-04-18,147495.0
2014-04-19,140534.0
2014-04-20,162905.0
2014-04-21,146354.0
2014-04-22,179152.0
2014-04-23,159425.0
2014-04-24,162087.0
2014-04-25,180567.0
2014-04-26,132791.0
2014-04-27,170979.0
2014-04-28,168952.0
2014-04-29,168752.0
2014-04-30,166313.0
2014-05-01,154174.0
2014-05-02,143085.0
2014-05-03,116433.0
2014-05-04,159490.0
2014-05-05,144154.0
2014-05-06,166298.0
2014-05-07,162643.0
2014-05-08,165833.0
2014-05-09,161587.0
2014-05-10,134895.0
2014-05-11,166228.0
2014-05-12,155388.0
2014-05-13,147074.0
2014-05-14,159121.0
2014-05-15,176226.0
2014-05-16,156212.0
2014-05-17,150165.0
2014-05-18,177463.0
2014-05-19,181571.0
2014-05-20,192586.0
2014-05-21,157311.0
2014-05-22,162838.0
2014-05-23,177498.0
2014-05-24,123811.0
2014-05-25,187419.0
2014-05-26,167687.0
2014-05-27,182860.0
2014-05-28,183061.0
2014-05-29,169110.0
2014-05-30,153948.0
2014-05-31,144272.0
2014-06-01,192380.0
2014-06-02,175430.0
2014-06-03,185339.0
2014-06-04,172746.0
2014-06-05,182268.0
2014-06-06,173007.0
2014-06-07,143378.0
2014-06-08,172332.0
2014-06-09,162353.0
2014-06-10,182372.0
2014-06-11,173422.0
2014-06-12,172729.0
2014-06-13,173708.0
2014-06-14,149660.0
2014-06-15,177382.0
2014-06-16,177312.0
2014-06-17,184074.0
2014-06-18,165353.0
2014-06-19,158405.0
2014-06-20,155204.0
2014-06-21,152595.0
2014-06-22,185446.0
2014-06-23,162950.0
2014-06-24,174440.0
2014-06-25,174070.0
2014-06-26,158966.0
2014-06-27,166577.0
2014-06-28,144471.0
2014-06-29,175850.0
2014-06-30,181598.0
2014-07-01,185615.0
2014-07-02,179686.0
2014-07-03,158572.0
2014-07-04,144187.0
2014-07-05,126478.0
2014-07-06,184532.0
2014-07-07,189077.0
2014-07-08,211510.0
2014-07-09,187251.0
2014-07-10,167058.0
2014-07-11,169606.0
2014-07-12,156338.0
2014-07-13,185975.0
2014-07-14,164790.0
2014-07-15,176650.0
2014-07-16,168305.0
2014-07-17,173954.0
2014-07-18,168626.0
2014-07-19,148917.0
2014-07-20,190961.0
2014-07-21,161778.0
2014-07-22,169127.0
2014-07-23,174755.0
2014-07-24,176149.0
2014-07-25,177347.0
2014-07-26,140817.0
2014-07-27,182563.0
2014-07-28,174637.0
2014-07-29,170530.0
2014-07-30,180476.0
2014-07-31,177455.0
2014-08-01,172169.0
2014-08-02,141630.0
2014-08-03,176087.0
2014-08-04,172824.0
2014-08-05,203179.0
2014-08-06,196452.0
2014-08-07,178997.0
2014-08-08,173005.0
2014-08-09,152677.0
2014-08-10,202330.0
2014-08-11,190879.0
2014-08-12,204689.0
2014-08-13,195738.0
2014-08-14,202135.0
2014-08-15,200423.0
2014-08-16,173929.0
2014-08-17,201320.0
2014-08-18,193767.0
2014-08-19,187448.0
2014-08-20,186763.0
2014-08-21,193528.0
2014-08-22,182975.0
2014-08-23,151274.0
2014-08-24,208310.0
2014-08-25,181249.0
2014-08-26,188274.0
2014-08-27,189509.0
2014-08-28,191762.0
2014-08-29,165055.0
2014-08-30,167970.0
2014-08-31,191406.0
2014-09-01,190403.0
2014-09-02,191326.0
2014-09-03,169050.0
2014-09-04,180670.0
2014-09-05,188565.0
2014-09-06,152934.0
2014-09-07,232778.0
2014-09-08,196424.0
2014-09-09,243692.0
2014-09-10,221162.0
2014-09-11,171772.0
2014-09-12,166122.0
2014-09-13,152145.0
2014-09-14,240833.0
2014-09-15,190655.0
2014-09-16,225014.0
2014-09-17,191063.0
2014-09-18,190890.0
2014-09-19,172255.0
2014-09-20,169941.0
2014-09-21,200712.0
2014-09-22,206729.0
2014-09-23,195635.0
2014-09-24,189719.0
2014-09-25,201394.0
2014-09-26,180341.0
2014-09-27,167251.0
2014-09-28,234946.0
2014-09-29,198246.0
2014-09-30,217696.0
2014-10-01,212669.0
2014-10-02,183913.0
2014-10-03,177578.0
2014-10-04,172315.0
2014-10-05,247567.0
2014-10-06,193513.0
2014-10-07,200932.0
2014-10-08,189881.0
2014-10-09,188877.0
2014-10-10,196627.0
2014-10-11,164418.0
2014-10-12,250261.0
2014-10-13,207310.0
2014-10-14,222532.0
2014-10-15,205441.0
2014-10-16,184416.0
2014-10-17,180122.0
2014-10-18,176676.0
2014-10-19,236855.0
2014-10-20,201790.0
2014-10-21,206733.0
2014-10-22,201731.0
2014-10-23,198755.0
2014-10-24,196085.0
2014-10-25,202433.0
2014-10-26,214842.0
2014-10-27,225066.0
2014-10-28,205248.0
2014-10-29,200016.0
2014-10-30,205736.0
2014-10-31,203137.0
2014-11-01,173118.0
2014-11-02,267793.0
2014-11-03,211234.0
2014-11-04,209429.0
2014-11-05,203229.0
2014-11-06,219885.0
2014-11-07,221566.0
2014-11-08,170855.0
2014-11-09,253202.0
2014-11-10,214221.0
2014-11-11,200922.0
2014-11-12,229329.0
2014-11-13,213181.0
2014-11-14,223425.0
2014-11-15,174268.0
2014-11-16,249080.0
2014-11-17,213572.0
2014-11-18,208693.0
2014-11-19,212316.0
2014-11-20,204567.0
2014-11-21,196858.0
2014-11-22,180131.0
2014-11-23,249395.0
2014-11-24,211890.0
2014-11-25,203972.0
2014-11-26,205408.0
2014-11-27,208264.0
2014-11-28,208778.0
2014-11-29,187909.0
2014-11-30,277774.0
2014-12-01,227571.0
2014-12-02,252787.0
2014-12-03,226744.0
2014-12-04,227387.0
2014-12-05,227490.0
2014-12-06,186079.0
2014-12-07,259501.0
2014-12-08,242048.0
2014-12-09,225674.0
2014-12-10,223236.0
2014-12-11,217332.0
2014-12-12,217065.0
2014-12-13,180986.0
2014-12-14,284878.0
2014-12-15,248144.0
2014-12-16,252332.0
2014-12-17,242691.0
2014-12-18,238736.0
2014-12-19,223509.0
2014-12-20,251036.0
2014-12-21,237992.0
2014-12-22,260678.0
2014-12-23,244340.0
2014-12-24,186732.0
2014-12-25,166473.0
2014-12-26,192091.0
2014-12-27,210729.0
2014-12-28,263683.0
2014-12-29,204682.0
2014-12-30,204192.0
2014-12-31,177886.0
2015-01-01,145765.0
2015-01-02,212932.0
2015-01-03,241755.0
2015-01-04,235011.0
2015-01-05,242515.0
2015-01-06,215554.0
2015-01-07,204697.0
2015-01-08,230454.0
2015-01-09,237524.0
2015-01-10,274443.0
2015-01-11,249636.0
2015-01-12,222808.0
2015-01-13,250066.0
2015-01-14,257446.0
2015-01-15,262427.0
2015-01-16,246341.0
2015-01-17,272389.0
2015-01-18,247184.0
2015-01-19,255010.0
2015-01-20,234321.0
2015-01-21,215260.0
2015-01-22,230504.0
2015-01-23,216750.0
2015-01-24,201529.0
2015-01-25,318167.0
2015-01-26,263343.0
2015-01-27,249279.0
2015-01-28,198841.0
2015-01-29,217393.0
2015-01-30,193117.0
2015-01-31,276120.0
2015-02-01,250290.0
2015-02-02,228409.0
2015-02-03,241904.0
2015-02-04,228028.0
2015-02-05,217016.0
2015-02-06,231139.0
2015-02-07,195430.0
2015-02-08,293810.0
2015-02-09,232450.0
2015-02-10,227906.0
2015-02-11,236742.0
2015-02-12,232114.0
2015-02-13,312759.0
2015-02-14,260312.0
2015-02-15,342433.0
2015-02-16,261678.0
2015-02-17,272213.0
2015-02-18,246403.0
2015-02-19,213440.0
2015-02-20,249692.0
2015-02-21,271126.0
2015-02-22,273269.0
2015-02-23,253650.0
2015-02-24,232088.0
2015-02-25,226574.0
2015-02-26,230216.0
2015-02-27,247223.0
2015-02-28,281000.0
2015-03-01,272256.0
2015-03-02,286476.0
2015-03-03,266412.0
2015-03-04,240738.0
2015-03-05,249736.0
2015-03-06,235826.0
2015-03-07,254894.0
2015-03-08,276241.0
2015-03-09,260611.0
2015-03-10,242733.0
2015-03-11,259958.0
2015-03-12,237787.0
2015-03-13,243732.0
2015-03-14,261423.0
2015-03-15,254579.0
2015-03-16,260952.0
2015-03-17,226597.0
2015-03-18,251725.0
2015-03-19,261205.0
2015-03-20,236693.0
2015-03-21,251472.0
2015-03-22,271887.0
2015-03-23,255115.0
2015-03-24,220798.0
2015-03-25,226737.0
2015-03-26,232228.0
2015-03-27,229847.0
2015-03-28,237409.0
2015-03-29,283051.0
2015-03-30,256087.0
2015-03-31,266605.0
2015-04-01,274206.0
2015-04-02,249771.0
2015-04-03,240801.0
2015-04-04,243687.0
2015-04-05,271639.0
2015-04-06,242694.0
2015-04-07,269775.0
2015-04-08,253258.0
2015-04-09,250608.0
2015-04-10,250196.0
2015-04-11,270860.0
2015-04-12,254516.0
2015-04-13,276787.0
2015-04-14,255342.0
2015-04-15,227570.0
2015-04-16,225691.0
2015-04-17,228675.0
2015-04-18,250243.0
2015-04-19,276814.0
2015-04-20,245521.0
2015-04-21,243752.0
2015-04-22,265898.0
2015-04-23,264221.0
2015-04-24,252037.0
2015-04-25,268305.0
2015-04-26,275889.0
2015-04-27,253708.0
2015-04-28,255162.0
2015-04-29,261510.0
2015-04-30,240159.0
2015-05-01,225580.0
2015-05-02,264029.0
2015-05-03,247646.0
2015-05-04,255868.0
2015-05-05,263807.0
2015-05-06,270868.0
2015-05-07,259340.0
2015-05-08,298182.0
2015-05-09,235324.0
2015-05-10,267176.0
2015-05-11,262404.0
2015-05-12,273959.0
2015-05-13,252379.0
2015-05-14,241337.0
2015-05-15,242013.0
2015-05-16,259761.0
2015-05-17,263667.0
2015-05-18,239338.0
2015-05-19,258201.0
2015-05-20,251166.0
2015-05-21,236381.0
2015-05-22,248185.0
2015-05-23,222628.0
2015-05-24,282015.0
2015-05-25,262222.0
2015-05-26,274566.0
2015-05-27,258192.0
2015-05-28,255987.0
2015-05-29,301378.0
2015-05-30,302015.0
2015-05-31,294212.0
2015-06-01,316894.0
2015-06-02,299987.0
2015-06-03,295631.0
2015-06-04,270650.0
2015-06-05,261364.0
2015-06-06,271268.0
2015-06-07,255838.0
2015-06-08,252632.0
2015-06-09,287564.0
2015-06-10,354081.0
2015-06-11,281625.0
2015-06-12,296611.0
2015-06-13,282673.0
2015-06-14,292633.0
2015-06-15,318865.0
2015-06-16,276646.0
2015-06-17,322275.0
2015-06-18,287336.0
2015-06-19,291461.0
2015-06-20,259541.0
2015-06-21,279335.0
2015-06-22,264629.0
2015-06-23,303390.0
2015-06-24,267900.0
2015-06-25,227584.0
2015-06-26,294363.0
2015-06-27,290296.0
2015-06-28,275010.0
2015-06-29,290419.0
2015-06-30,312364.0
2015-07-01,308546.0
2015-07-02,317013.0
2015-07-03,300150.0
2015-07-04,271740.0
2015-07-05,307522.0
2015-07-06,352954.0
2015-07-07,321011.0
2015-07-08,317005.0
2015-07-09,333362.0
2015-07-10,319210.0
2015-07-11,321077.0
2015-07-12,313443.0
2015-07-13,299508.0
2015-07-14,288951.0
2015-07-15,268772.0
2015-07-16,278082.0
2015-07-17,248227.0
2015-07-18,251678.0
2015-07-19,296139.0
2015-07-20,283750.0
2015-07-21,313410.0
2015-07-22,287455.0
2015-07-23,264413.0
2015-07-24,264644.0
2015-07-25,243324.0
2015-07-26,299700.0
2015-07-27,283647.0
2015-07-28,303847.0
2015-07-29,312401.0
2015-07-30,278623.0
2015-07-31,299579.0
2015-08-01,300587.0
2015-08-02,292502.0
2015-08-03,300542.0
2015-08-04,293826.0
2015-08-05,313235.0
2015-08-06,295447.0
2015-08-07,283150.0
2015-08-08,266587.0
2015-08-09,262571.0
2015-08-10,292834.0
2015-08-11,271613.0
2015-08-12,278802.0
2015-08-13,272849.0
2015-08-14,268926.0
2015-08-15,272413.0
2015-08-16,275996.0
2015-08-17,293079.0
2015-08-18,293760.0
2015-08-19,280796.0
2015-08-20,278919.0
2015-08-21,281703.0
2015-08-22,295137.0
2015-08-23,284990.0
2015-08-24,309470.0
2015-08-25,288148.0
2015-08-26,288944.0
2015-08-27,270033.0
2015-08-28,296413.0
2015-08-29,290341.0
2015-08-30,280853.0
2015-08-31,308087.0
2015-09-01,308331.0
2015-09-02,292511.0
2015-09-03,297285.0
2015-09-04,260465.0
2015-09-05,323127.0
2015-09-06,290712.0
2015-09-07,318515.0
2015-09-08,338676.0
2015-09-09,298432.0
2015-09-10,283028.0
2015-09-11,317585.0
2015-09-12,276575.0
2015-09-13,317231.0
2015-09-14,311373.0
2015-09-15,324464.0
2015-09-16,301627.0
2015-09-17,315192.0
2015-09-18,320444.0
2015-09-19,268056.0
2015-09-20,336567.0
2015-09-21,357635.0
2015-09-22,348545.0
2015-09-23,297453.0
2015-09-24,295784.0
2015-09-25,292649.0
2015-09-26,314624.0
2015-09-27,324221.0
2015-09-28,295867.0
2015-09-29,355812.0
2015-09-30,334445.0
2015-10-01,297034.0
2015-10-02,309307.0
2015-10-03,252618.0
2015-10-04,303522.0
2015-10-05,297239.0
2015-10-06,325721.0
2015-10-07,310175.0
2015-10-08,301525.0
2015-10-09,274941.0
2015-10-10,317477.0
2015-10-11,296821.0
2015-10-12,307438.0
2015-10-13,307430.0
2015-10-14,317192.0
2015-10-15,360598.0
2015-10-16,342212.0
2015-10-17,375203.0
2015-10-18,327671.0
2015-10-19,349142.0
2015-10-20,403962.0
2015-10-21,343508.0
2015-10-22,352887.0
2015-10-23,361424.0
2015-10-24,378880.0
2015-10-25,371558.0
2015-10-26,371860.0
2015-10-27,353786.0
2015-10-28,355701.0
2015-10-29,385081.0
2015-10-30,372016.0
2015-10-31,367631.0
2015-11-01,393101.0
2015-11-02,404897.0
2015-11-03,449049.0
2015-11-04,498795.0
2015-11-05,441656.0
2015-11-06,426032.0
2015-11-07,365479.0
2015-11-08,386676.0
2015-11-09,408589.0
2015-11-10,399491.0
2015-11-11,374115.0
2015-11-12,374348.0
2015-11-13,358205.0
2015-11-14,383137.0
2015-11-15,409132.0
2015-11-16,404593.0
2015-11-17,388743.0
2015-11-18,403730.0
2015-11-19,345821.0
2015-11-20,361600.0
2015-11-21,370942.0
2015-11-22,379184.0
2015-11-23,340771.0
2015-11-24,385973.0
2015-11-25,364221.0
2015-11-26,386928.0
2015-11-27,360234.0
2015-11-28,410729.0
2015-11-29,328208.0
2015-11-30,490103.0
2015-12-01,414541.0
2015-12-02,424374.0
2015-12-03,359444.0
2015-12-04,416094.0
2015-12-05,460264.0
2015-12-06,425554.0
2015-12-07,449269.0
2015-12-08,452823.0
2015-12-09,493312.0
2015-12-10,473257.0
2015-12-11,466766.0
2015-12-12,527840.0
2015-12-13,484886.0
2015-12-14,520571.0
2015-12-15,495314.0
2015-12-16,487898.0
2015-12-17,453218.0
2015-12-18,459189.0
2015-12-19,497028.0
2015-12-20,481622.0
2015-12-21,505331.0
2015-12-22,479097.0
2015-12-23,478167.0
2015-12-24,456965.0
2015-12-25,367825.0
2015-12-26,416167.0
2015-12-27,408582.0
2015-12-28,413657.0
2015-12-29,427804.0
2015-12-30,397910.0
2015-12-31,353317.0
2016-01-01,316781.0
2016-01-02,417966.0
2016-01-03,398443.0
2016-01-04,413159.0
2016-01-05,435291.0
2016-01-06,381359.0
2016-01-07,432867.0
2016-01-08,405522.0
2016-01-09,461784.0
2016-01-10,427477.0
2016-01-11,452499.0
2016-01-12,453665.0
2016-01-13,430325.0
2016-01-14,427750.0
2016-01-15,410879.0
2016-01-16,511206.0
2016-01-17,521728.0
2016-01-18,476975.0
2016-01-19,425484.0
2016-01-20,623972.0
2016-01-21,511702.0
2016-01-22,500516.0
2016-01-23,466284.0
2016-01-24,492811.0
2016-01-25,528904.0
2016-01-26,528008.0
2016-01-27,531444.0
2016-01-28,513308.0
2016-01-29,529268.0
2016-01-30,490429.0
2016-01-31,484082.0
2016-02-01,616260.0
2016-02-02,675786.0
2016-02-03,542654.0
2016-02-04,459997.0
2016-02-05,503467.0
2016-02-06,497975.0
2016-02-07,516141.0
2016-02-08,479473.0
2016-02-09,515267.0
2016-02-10,487454.0
2016-02-11,496667.0
2016-02-12,470121.0
2016-02-13,448353.0
2016-02-14,496649.0
2016-02-15,498129.0
2016-02-16,481206.0
2016-02-17,537228.0
2016-02-18,496326.0
2016-02-19,523596.0
2016-02-20,489626.0
2016-02-21,531113.0
2016-02-22,537212.0
2016-02-23,550408.0
2016-02-24,466104.0
2016-02-25,529925.0
2016-02-26,476826.0
2016-02-27,467543.0
2016-02-28,497556.0
2016-02-29,563571.0
2016-03-01,561876.0
2016-03-02,553815.0
2016-03-03,575225.0
2016-03-04,513898.0
2016-03-05,530671.0
2016-03-06,409059.0
2016-03-07,421465.0
2016-03-08,460732.0
2016-03-09,504399.0
2016-03-10,445273.0
2016-03-11,434658.0
2016-03-12,374730.0
2016-03-13,421585.0
2016-03-14,451902.0
2016-03-15,451559.0
2016-03-16,449250.0
2016-03-17,482125.0
2016-03-18,425769.0
2016-03-19,428645.0
2016-03-20,430803.0
2016-03-21,435918.0
2016-03-22,462080.0
2016-03-23,438399.0
2016-03-24,430544.0
2016-03-25,392195.0
2016-03-26,471861.0
2016-03-27,410531.0
2016-03-28,520539.0
2016-03-29,674110.0
2016-03-30,475833.0
2016-03-31,425668.0
2016-04-01,498916.0
2016-04-02,486983.0
2016-04-03,456249.0
2016-04-04,486496.0
2016-04-05,464749.0
2016-04-06,480231.0
2016-04-07,450348.0
2016-04-08,433298.0
2016-04-09,428083.0
2016-04-10,444157.0
2016-04-11,476122.0
2016-04-12,504477.0
2016-04-13,497314.0
2016-04-14,466772.0
2016-04-15,439873.0
2016-04-16,407712.0
2016-04-17,485493.0
2016-04-18,473379.0
2016-04-19,480187.0
2016-04-20,458038.0
2016-04-21,481473.0
2016-04-22,438706.0
2016-04-23,433938.0
2016-04-24,456476.0
2016-04-25,496102.0
2016-04-26,526580.0
2016-04-27,477617.0
2016-04-28,459333.0
2016-04-29,513848.0
2016-04-30,442245.0
2016-05-01,424418.0
2016-05-02,480773.0
2016-05-03,461956.0
2016-05-04,510639.0
2016-05-05,455031.0
2016-05-06,465712.0
2016-05-07,411559.0
2016-05-08,435990.0
2016-05-09,489806.0
2016-05-10,496262.0
2016-05-11,475358.0
2016-05-12,449920.0
2016-05-13,461650.0
2016-05-14,448880.0
2016-05-15,437321.0
2016-05-16,506052.0
2016-05-17,488115.0
2016-05-18,511129.0
2016-05-19,452381.0
2016-05-20,458726.0
2016-05-21,489718.0
2016-05-22,450660.0
2016-05-23,524621.0
2016-05-24,504685.0
2016-05-25,494978.0
2016-05-26,482152.0
2016-05-27,520769.0
2016-05-28,467539.0
2016-05-29,446574.0
2016-05-30,538546.0
2016-05-31,480865.0
2016-06-01,499855.0
2016-06-02,483962.0
2016-06-03,488080.0
2016-06-04,441515.0
2016-06-05,464095.0
2016-06-06,518548.0
2016-06-07,514462.0
2016-06-08,482283.0
2016-06-09,523498.0
2016-06-10,498550.0
2016-06-11,467524.0
2016-06-12,526242.0
2016-06-13,580506.0
2016-06-14,534856.0
2016-06-15,587472.0
2016-06-16,586017.0
2016-06-17,575677.0
2016-06-18,564654.0
2016-06-19,507096.0
2016-06-20,567592.0
2016-06-21,592134.0
2016-06-22,553797.0
2016-06-23,546971.0
2016-06-24,534641.0
2016-06-25,527647.0
2016-06-26,498043.0
2016-06-27,492341.0
2016-06-28,542692.0
2016-06-29,465149.0
2016-06-30,506917.0
2016-07-01,498334.0
2016-07-02,438905.0
2016-07-03,442711.0
2016-07-04,507658.0
2016-07-05,480529.0
2016-07-06,477624.0
2016-07-07,463940.0
2016-07-08,463219.0
2016-07-09,434260.0
2016-07-10,400962.0
2016-07-11,494651.0
2016-07-12,475560.0
2016-07-13,451100.0
2016-07-14,485920.0
2016-07-15,446635.0
2016-07-16,468834.0
2016-07-17,437943.0
2016-07-18,488612.0
2016-07-19,473547.0
2016-07-20,470700.0
2016-07-21,451643.0
2016-07-22,470889.0
2016-07-23,449056.0
2016-07-24,435414.0
2016-07-25,499950.0
2016-07-26,510407.0
2016-07-27,472568.0
2016-07-28,495202.0
2016-07-29,462610.0
2016-07-30,453074.0
2016-07-31,490761.0
2016-08-01,510170.0
2016-08-02,541551.0
2016-08-03,512566.0
2016-08-04,488042.0
2016-08-05,482120.0
2016-08-06,424854.0
2016-08-07,444399.0
2016-08-08,527222.0
2016-08-09,494819.0
2016-08-10,534986.0
2016-08-11,526186.0
2016-08-12,496269.0
2016-08-13,465522.0
2016-08-14,448752.0
2016-08-15,503013.0
2016-08-16,551712.0
2016-08-17,507908.0
2016-08-18,526059.0
2016-08-19,507037.0
2016-08-20,511306.0
2016-08-21,445785.0
2016-08-22,516221.0
2016-08-23,512822.0
2016-08-24,519952.0
2016-08-25,485553.0
2016-08-26,478025.0
2016-08-27,460178.0
2016-08-28,419012.0
2016-08-29,512920.0
2016-08-30,545062.0
2016-08-31,497832.0
2016-09-01,481213.0
2016-09-02,490560.0
2016-09-03,454210.0
2016-09-04,433383.0
2016-09-05,554978.0
2016-09-06,507177.0
2016-09-07,530571.0
2016-09-08,499129.0
2016-09-09,486523.0
2016-09-10,449720.0
2016-09-11,460039.0
2016-09-12,516128.0
2016-09-13,525384.0
2016-09-14,484948.0
2016-09-15,494956.0
2016-09-16,490815.0
2016-09-17,497085.0
2016-09-18,468394.0
2016-09-19,499780.0
2016-09-20,526478.0
2016-09-21,511634.0
2016-09-22,494102.0
2016-09-23,501479.0
2016-09-24,465376.0
2016-09-25,474290.0
2016-09-26,536915.0
2016-09-27,556798.0
2016-09-28,547404.0
2016-09-29,554360.0
2016-09-30,548051.0
2016-10-01,501986.0
2016-10-02,463086.0
2016-10-03,631233.0
2016-10-04,595024.0
2016-10-05,599856.0
2016-10-06,611468.0
2016-10-07,577168.0
2016-10-08,547264.0
2016-10-09,517842.0
2016-10-10,513555.0
2016-10-11,595746.0
2016-10-12,542168.0
2016-10-13,553694.0
2016-10-14,523032.0
2016-10-15,499884.0
2016-10-16,490575.0
2016-10-17,544749.0
2016-10-18,585111.0
2016-10-19,456808.0
2016-10-20,624972.0
2016-10-21,574916.0
2016-10-22,530899.0
2016-10-23,527890.0
2016-10-24,582797.0
2016-10-25,620214.0
2016-10-26,613266.0
2016-10-27,724529.0
2016-10-28,560747.0
2016-10-29,542123.0
2016-10-30,475892.0
2016-10-31,587693.0
2016-11-01,602551.0
2016-11-02,586295.0
2016-11-03,596454.0
2016-11-04,552456.0
2016-11-05,550980.0
2016-11-06,526347.0
2016-11-07,624606.0
2016-11-08,660400.0
2016-11-09,615584.0
2016-11-10,603667.0
2016-11-11,565366.0
2016-11-12,583489.0
2016-11-13,527525.0
2016-11-14,640753.0
2016-11-15,651339.0
2016-11-16,621011.0
2016-11-17,625675.0
2016-11-18,624376.0
2016-11-19,577027.0
2016-11-20,581103.0
2016-11-21,608552.0
2016-11-22,617504.0
2016-11-23,636445.0
2016-11-24,737874.0
2016-11-25,682142.0
2016-11-26,654741.0
2016-11-27,589127.0
2016-11-28,701286.0
2016-11-29,654015.0
2016-11-30,632745.0
2016-12-01,597486.0
2016-12-02,732501.0
2016-12-03,704699.0
2016-12-04,645140.0
2016-12-05,673152.0
2016-12-06,752811.0
2016-12-07,761638.0
2016-12-08,657520.0
2016-12-09,612161.0
2016-12-10,587478.0
2016-12-11,565550.0
2016-12-12,646506.0
2016-12-13,664583.0
2016-12-14,620511.0
2016-12-15,610613.0
2016-12-16,640704.0
2016-12-17,582085.0
2016-12-18,578425.0
2016-12-19,660086.0
2016-12-20,649665.0
2016-12-21,701255.0
2016-12-22,685539.0
2016-12-23,656294.0
2016-12-24,548416.0
2016-12-25,469228.0
2016-12-26,598371.0
2016-12-27,643553.0
2016-12-28,663681.0
2016-12-29,655045.0
2016-12-30,641012.0
2016-12-31,569619.0
2017-01-01,466889.0
2017-01-02,695006.0
2017-01-03,665048.0
2017-01-04,695057.0
2017-01-05,652932.0
2017-01-06,718728.0
2017-01-07,641049.0
2017-01-08,594176.0
2017-01-09,615967.0
2017-01-10,698656.0
2017-01-11,639505.0
2017-01-12,607660.0
2017-01-13,601486.0
2017-01-14,595768.0
2017-01-15,540189.0
2017-01-16,642798.0
2017-01-17,652459.0
2017-01-18,651983.0
2017-01-19,687454.0
2017-01-20,659337.0
2017-01-21,629947.0
2017-01-22,572531.0
2017-01-23,619539.0
2017-01-24,724707.0
2017-01-25,707539.0
2017-01-26,719958.0
2017-01-27,660526.0
2017-01-28,669387.0
2017-01-29,636175.0
2017-01-30,649149.0
2017-01-31,686217.0
2017-02-01,780918.0
2017-02-02,637933.0
2017-02-03,713302.0
2017-02-04,655245.0
2017-02-05,694185.0
2017-02-06,612564.0
2017-02-07,721269.0
2017-02-08,668157.0
2017-02-09,753077.0
2017-02-10,659353.0
2017-02-11,623589.0
2017-02-12,562366.0
2017-02-13,674942.0
2017-02-14,676693.0
2017-02-15,630353.0
2017-02-16,677760.0
2017-02-17,697160.0
2017-02-18,688930.0
2017-02-19,592596.0
2017-02-20,656025.0
2017-02-21,644640.0
2017-02-22,627239.0
2017-02-23,702266.0
2017-02-24,763642.0
2017-02-25,741893.0
2017-02-26,663264.0
2017-02-27,661526.0
2017-02-28,704366.0
2017-03-01,680418.0
2017-03-02,735015.0
2017-03-03,732359.0
2017-03-04,626694.0
2017-03-05,695966.0
2017-03-06,675606.0
2017-03-07,738688.0
2017-03-08,686030.0
2017-03-09,705017.0
2017-03-10,747049.0
2017-03-11,690924.0
2017-03-12,598360.0
2017-03-13,681914.0
2017-03-14,747825.0
2017-03-15,673841.0
2017-03-16,729304.0
2017-03-17,711639.0
2017-03-18,689478.0
2017-03-19,664913.0
2017-03-20,658172.0
2017-03-21,686680.0
2017-03-22,742361.0
2017-03-23,680140.0
2017-03-24,702675.0
2017-03-25,622498.0
2017-03-26,573816.0
2017-03-27,610984.0
2017-03-28,738882.0
2017-03-29,677629.0
2017-03-30,689337.0
2017-03-31,634568.0
2017-04-01,642373.0
2017-04-02,648586.0
2017-04-03,736529.0
2017-04-04,634031.0
2017-04-05,739640.0
2017-04-06,700828.0
2017-04-07,717479.0
2017-04-08,599739.0
2017-04-09,654193.0
2017-04-10,691112.0
2017-04-11,754368.0
2017-04-12,687363.0
2017-04-13,611405.0
2017-04-14,696528.0
2017-04-15,681237.0
2017-04-16,589650.0
2017-04-17,613136.0
2017-04-18,713650.0
2017-04-19,718648.0
2017-04-20,687821.0
2017-04-21,782123.0
2017-04-22,691453.0
2017-04-23,637701.0
2017-04-24,616696.0
2017-04-25,740074.0
2017-04-26,769382.0
2017-04-27,718553.0
2017-04-28,726149.0
2017-04-29,827017.0
2017-04-30,726257.0
2017-05-01,713866.0
2017-05-02,782531.0
2017-05-03,691453.0
2017-05-04,851617.0
2017-05-05,660727.0
2017-05-06,867643.0
2017-05-07,790638.0
2017-05-08,887445.0
2017-05-09,805373.0
2017-05-10,730268.0
2017-05-11,703146.0
2017-05-12,742648.0
2017-05-13,793427.0
2017-05-14,894445.0
2017-05-15,824667.0
2017-05-16,653146.0
2017-05-17,765393.0
2017-05-18,742869.0
2017-05-19,805861.0
2017-05-20,854533.0
2017-05-21,778746.0
2017-05-22,781440.0
2017-05-23,872972.0
2017-05-24,811722.0
2017-05-25,847501.0
2017-05-26,814316.0
2017-05-27,892105.0
2017-05-28,848084.0
2017-05-29,771791.0
2017-05-30,851137.0
2017-05-31,818815.0
2017-06-01,837922.0
2017-06-02,723130.0
2017-06-03,879242.0
2017-06-04,739511.0
2017-06-05,767010.0
2017-06-06,802549.0
2017-06-07,877184.0
2017-06-08,823165.0
2017-06-09,762294.0
2017-06-10,696034.0
2017-06-11,670073.0
2017-06-12,726296.0
2017-06-13,768501.0
2017-06-14,740847.0
2017-06-15,797366.0
2017-06-16,730161.0
2017-06-17,659616.0
2017-06-18,628753.0
2017-06-19,725338.0
2017-06-20,745087.0
2017-06-21,755305.0
2017-06-22,728948.0
2017-06-23,718091.0
2017-06-24,638287.0
2017-06-25,537762.0
2017-06-26,705488.0
2017-06-27,696698.0
2017-06-28,738521.0
2017-06-29,628876.0
2017-06-30,715545.0
2017-07-01,641147.0
2017-07-02,604820.0
2017-07-03,660964.0
2017-07-04,718284.0
2017-07-05,649605.0
2017-07-06,637761.0
2017-07-07,733315.0
2017-07-08,630307.0
2017-07-09,547682.0
2017-07-10,778061.0
2017-07-11,773747.0
2017-07-12,746872.0
2017-07-13,675427.0
2017-07-14,647312.0
2017-07-15,624607.0
2017-07-16,617297.0
2017-07-17,690739.0
2017-07-18,809612.0
2017-07-19,713341.0
2017-07-20,660126.0
2017-07-21,744868.0
2017-07-22,633583.0
2017-07-23,536910.0
2017-07-24,681339.0
2017-07-25,702031.0
2017-07-26,652653.0
2017-07-27,686889.0
2017-07-28,683771.0
2017-07-29,634637.0
2017-07-30,583526.0
2017-07-31,692282.0
2017-08-01,473639.0
2017-08-02,599118.0
2017-08-03,592805.0
2017-08-04,668144.0
2017-08-05,642015.0
2017-08-06,547079.0
2017-08-07,692078.0
2017-08-08,786340.0
2017-08-09,711839.0
2017-08-10,730801.0
2017-08-11,729508.0
2017-08-12,695821.0
2017-08-13,717839.0
2017-08-14,681161.0
2017-08-15,817719.0
2017-08-16,688962.0
2017-08-17,863099.0
2017-08-18,727394.0
2017-08-19,708914.0
2017-08-20,627940.0
2017-08-21,632318.0
2017-08-22,530992.0
2017-08-23,839588.0
2017-08-24,542527.0
2017-08-25,587663.0
2017-08-26,617917.0
2017-08-27,753881.0
2017-08-28,661017.0
2017-08-29,789243.0
2017-08-30,805068.0
2017-08-31,797023.0
2017-09-01,767441.0
2017-09-02,709832.0
2017-09-03,587110.0
2017-09-04,760792.0
2017-09-05,780357.0
2017-09-06,777010.0
2017-09-07,767722.0
2017-09-08,809056.0
2017-09-09,625612.0
2017-09-10,581564.0
2017-09-11,724503.0
2017-09-12,700869.0
2017-09-13,715683.0
2017-09-14,786448.0
2017-09-15,831698.0
2017-09-16,637532.0
2017-09-17,582453.0
2017-09-18,694432.0
2017-09-19,784159.0
2017-09-20,619406.0
2017-09-21,684987.0
2017-09-22,642171.0
2017-09-23,571954.0
2017-09-24,549507.0
2017-09-25,655510.0
2017-09-26,722077.0
2017-09-27,702387.0
2017-09-28,753933.0
2017-09-29,741184.0
2017-09-30,631821.0
2017-10-01,628817.0
2017-10-02,800519.0
2017-10-03,787242.0
2017-10-04,655363.0
2017-10-05,725883.0
2017-10-06,818384.0
2017-10-07,651679.0
2017-10-08,699283.0
2017-10-09,797851.0
2017-10-10,833834.0
2017-10-11,778349.0
2017-10-12,784446.0
2017-10-13,818187.0
2017-10-14,789672.0
2017-10-15,825816.0
2017-10-16,844162.0
2017-10-17,878509.0
2017-10-18,824566.0
2017-10-19,906491.0
2017-10-20,850614.0
2017-10-21,800937.0
2017-10-22,907439.0
2017-10-23,880240.0
2017-10-24,955565.0
2017-10-25,911228.0
2017-10-26,742163.0
2017-10-27,668740.0
2017-10-28,555227.0
2017-10-29,905041.0
2017-10-30,894901.0
2017-10-31,827896.0
2017-11-01,961473.0
2017-11-02,916882.0
2017-11-03,820113.0
2017-11-04,800708.0
2017-11-05,805781.0
2017-11-06,831790.0
2017-11-07,937089.0
2017-11-08,871573.0
2017-11-09,948030.0
2017-11-10,786879.0
2017-11-11,579558.0
2017-11-12,586355.0
2017-11-13,920515.0
2017-11-14,819127.0
2017-11-15,944172.0
2017-11-16,907472.0
2017-11-17,982559.0
2017-11-18,843076.0
2017-11-19,913898.0
2017-11-20,979917.0
2017-11-21,981593.0
2017-11-22,869698.0
2017-11-23,959240.0
2017-11-24,905792.0
2017-11-25,922777.0
2017-11-26,941512.0
2017-11-27,1061044.0
2017-11-28,1025283.0
2017-11-29,1132724.0
2017-11-30,1086490.0
2017-12-01,1115596.0
2017-12-02,943132.0
2017-12-03,1008744.0
2017-12-04,1155119.0
2017-12-05,1146460.0
2017-12-06,1228561.0
2017-12-07,1065803.0
2017-12-08,1126652.0
2017-12-09,1182172.0
2017-12-10,1073634.0
2017-12-11,1163072.0
2017-12-12,1099485.0
2017-12-13,1251052.0
2017-12-14,1290363.0
2017-12-15,1179313.0
2017-12-16,1132973.0
2017-12-17,1175732.0
2017-12-18,1204183.0
2017-12-19,1046267.0
2017-12-20,1027644.0
2017-12-21,998866.0
2017-12-22,1110734.0
2017-12-23,979504.0
2017-12-24,1020552.0
2017-12-25,878323.0
2017-12-26,911656.0
2017-12-27,1037747.0
2017-12-28,999488.0
2017-12-29,1096215.0
2017-12-30,998615.0
2017-12-31,1007208.0
2018-01-01,972783.0
2018-01-02,1142721.0
2018-01-03,1130917.0
2018-01-04,1253986.0
2018-01-05,1069525.0
2018-01-06,1163503.0
2018-01-07,1130388.0
2018-01-08,1157303.0
2018-01-09,1145338.0
2018-01-10,1118949.0
2018-01-11,1222969.0
2018-01-12,1153290.0
2018-01-13,939348.0
2018-01-14,971840.0
2018-01-15,949563.0
2018-01-16,1001819.0
2018-01-17,1090483.0
2018-01-18,1050790.0
2018-01-19,1027992.0
2018-01-20,970060.0
2018-01-21,988506.0
2018-01-22,946599.0
2018-01-23,893416.0
2018-01-24,940167.0
2018-01-25,854029.0
2018-01-26,807029.0
2018-01-27,860840.0
2018-01-28,765711.0
2018-01-29,775230.0
2018-01-30,845185.0
2018-01-31,685452.0
2018-02-01,833934.0
2018-02-02,853582.0
2018-02-03,714800.0
2018-02-04,711645.0
2018-02-05,915758.0
2018-02-06,999753.0
2018-02-07,804119.0
2018-02-08,753618.0
2018-02-09,781921.0
2018-02-10,737187.0
2018-02-11,814528.0
2018-02-12,912131.0
2018-02-13,868109.0
2018-02-14,937769.0
2018-02-15,779005.0
2018-02-16,773561.0
2018-02-17,765638.0
2018-02-18,730130.0
2018-02-19,857787.0
2018-02-20,703065.0
2018-02-21,713740.0
2018-02-22,719848.0
2018-02-23,732287.0
2018-02-24,690001.0
2018-02-25,526879.0
2018-02-26,688379.0
2018-02-27,699046.0
2018-02-28,817155.0
2018-03-01,821011.0
2018-03-02,752300.0
2018-03-03,934083.0
2018-03-04,792569.0
2018-03-05,857168.0
2018-03-06,834323.0
2018-03-07,922143.0
2018-03-08,903578.0
2018-03-09,888997.0
2018-03-10,803717.0
2018-03-11,889324.0
2018-03-12,828676.0
2018-03-13,773506.0
2018-03-14,580666.0
2018-03-15,602746.0
2018-03-16,601517.0
2018-03-17,452543.0
2018-03-18,535510.0
2018-03-19,587514.0
2018-03-20,567891.0
2018-03-21,586910.0
2018-03-22,577941.0
2018-03-23,619608.0
2018-03-24,543804.0
2018-03-25,454187.0
2018-03-26,582295.0
2018-03-27,598612.0
2018-03-28,552755.0
2018-03-29,559619.0
2018-03-30,571020.0
2018-03-31,475498.0
2018-04-01,425276.0
2018-04-02,485666.0
2018-04-03,605514.0
2018-04-04,565002.0
2018-04-05,534893.0
2018-04-06,631476.0
2018-04-07,502038.0
2018-04-08,414992.0
2018-04-09,535496.0
2018-04-10,569509.0
2018-04-11,533732.0
2018-04-12,629328.0
2018-04-13,638968.0
2018-04-14,502546.0
2018-04-15,590187.0
2018-04-16,721332.0
2018-04-17,614295.0
2018-04-18,588686.0
2018-04-19,657714.0
2018-04-20,661833.0
2018-04-21,602722.0
2018-04-22,502665.0
2018-04-23,642298.0
2018-04-24,776436.0
2018-04-25,701507.0
2018-04-26,661663.0
2018-04-27,674680.0
2018-04-28,541764.0
2018-04-29,549120.0
2018-04-30,645424.0
2018-05-01,634217.0
2018-05-02,673769.0
2018-05-03,660104.0
2018-05-04,710689.0
2018-05-05,606625.0
2018-05-06,535825.0
2018-05-07,662775.0
2018-05-08,665870.0
2018-05-09,603396.0
2018-05-10,633729.0
2018-05-11,772234.0
2018-05-12,563749.0
2018-05-13,488836.0
2018-05-14,641192.0
2018-05-15,624136.0
2018-05-16,617403.0
2018-05-17,635676.0
2018-05-18,701918.0
2018-05-19,500408.0
2018-05-20,483041.0
2018-05-21,620329.0
2018-05-22,595706.0
2018-05-23,636565.0
2018-05-24,559734.0
2018-05-25,624713.0
2018-05-26,459370.0
2018-05-27,441802.0
2018-05-28,598556.0
2018-05-29,600021.0
2018-05-30,596173.0
2018-05-31,620191.0
2018-06-01,683588.0
2018-06-02,524370.0
2018-06-03,542740.0
2018-06-04,694350.0
2018-06-05,655014.0
2018-06-06,653426.0
2018-06-07,635530.0
2018-06-08,640966.0
2018-06-09,503993.0
2018-06-10,527886.0
2018-06-11,586393.0
2018-06-12,662032.0
2018-06-13,660241.0
2018-06-14,586144.0
2018-06-15,613937.0
2018-06-16,434955.0
2018-06-17,439145.0
2018-06-18,569167.0
2018-06-19,628857.0
2018-06-20,590701.0
2018-06-21,556428.0
2018-06-22,616964.0
2018-06-23,473376.0
2018-06-24,465159.0
2018-06-25,618481.0
2018-06-26,601757.0
2018-06-27,591319.0
2018-06-28,566389.0
2018-06-29,584573.0
2018-06-30,560237.0
2018-07-01,476547.0
2018-07-02,662310.0
2018-07-03,655359.0
2018-07-04,594400.0
2018-07-05,555588.0
2018-07-06,640591.0
2018-07-07,460458.0
2018-07-08,501981.0
2018-07-09,627774.0
2018-07-10,669373.0
2018-07-11,636817.0
2018-07-12,923421.0
2018-07-13,941540.0
2018-07-14,793757.0
2018-07-15,502106.0
2018-07-16,602482.0
2018-07-17,681518.0
2018-07-18,762246.0
2018-07-19,626926.0
2018-07-20,653321.0
2018-07-21,511119.0
2018-07-22,459458.0
2018-07-23,716690.0
2018-07-24,717759.0
2018-07-25,771199.0
2018-07-26,641543.0
2018-07-27,721812.0
2018-07-28,545883.0
2018-07-29,494042.0
2018-07-30,638966.0
2018-07-31,696566.0
2018-08-01,698015.0
2018-08-02,622521.0
2018-08-03,694601.0
2018-08-04,547308.0
2018-08-05,495532.0
2018-08-06,651894.0
2018-08-07,710766.0
2018-08-08,634443.0
2018-08-09,636143.0
2018-08-10,656819.0
2018-08-11,523641.0
2018-08-12,486939.0
2018-08-13,602328.0
2018-08-14,672592.0
2018-08-15,677460.0
2018-08-16,621029.0
2018-08-17,650774.0
2018-08-18,498238.0
2018-08-19,502449.0
2018-08-20,639365.0
2018-08-21,589991.0
2018-08-22,622189.0
2018-08-23,574017.0
2018-08-24,633016.0
2018-08-25,540988.0
2018-08-26,495145.0
2018-08-27,675295.0
2018-08-28,676219.0
2018-08-29,643056.0
2018-08-30,626114.0
2018-08-31,658225.0
2018-09-01,556577.0
2018-09-02,491997.0
2018-09-03,616107.0
2018-09-04,646393.0
2018-09-05,644928.0
2018-09-06,659910.0
2018-09-07,694327.0
2018-09-08,541935.0
2018-09-09,506971.0
2018-09-10,620579.0
2018-09-11,642145.0
2018-09-12,602958.0
2018-09-13,618775.0
2018-09-14,615099.0
2018-09-15,547938.0
2018-09-16,479019.0
2018-09-17,616149.0
2018-09-18,640750.0
2018-09-19,638350.0
2018-09-20,628755.0
2018-09-21,713347.0
2018-09-22,550844.0
2018-09-23,524121.0
2018-09-24,601707.0
2018-09-25,653042.0
2018-09-26,624467.0
2018-09-27,642476.0
2018-09-28,654875.0
2018-09-29,564628.0
2018-09-30,514766.0
2018-10-01,688212.0
2018-10-02,660448.0
2018-10-03,695230.0
2018-10-04,653916.0
2018-10-05,686857.0
2018-10-06,569596.0
2018-10-07,618542.0
2018-10-08,643328.0
2018-10-09,604271.0
2018-10-10,651334.0
2018-10-11,689144.0
2018-10-12,699176.0
2018-10-13,553344.0
2018-10-14,522288.0
2018-10-15,711826.0
2018-10-16,674140.0
2018-10-17,662174.0
2018-10-18,673350.0
2018-10-19,684662.0
2018-10-20,583046.0
2018-10-21,540049.0
2018-10-22,687801.0
2018-10-23,688951.0
2018-10-24,630269.0
2018-10-25,664579.0
2018-10-26,681997.0
2018-10-27,578121.0
2018-10-28,547630.0
2018-10-29,708860.0
2018-10-30,697640.0
2018-10-31,694833.0
2018-11-01,702856.0
2018-11-02,764821.0
2018-11-03,635423.0
2018-11-04,619152.0
2018-11-05,709024.0
2018-11-06,698165.0
2018-11-07,708634.0
2018-11-08,702459.0
2018-11-09,696353.0
2018-11-10,583550.0
2018-11-11,601176.0
2018-11-12,680949.0
2018-11-13,637890.0
2018-11-14,734241.0
2018-11-15,709708.0
2018-11-16,704543.0
2018-11-17,587644.0
2018-11-18,543353.0
2018-11-19,680899.0
2018-11-20,769611.0
2018-11-21,620393.0
2018-11-22,653846.0
2018-11-23,624434.0
2018-11-24,578522.0
2018-11-25,577253.0
2018-11-26,628614.0
2018-11-27,627815.0
2018-11-28,630438.0
2018-11-29,612685.0
2018-11-30,597612.0
2018-12-01,579421.0
2018-12-02,502649.0
2018-12-03,586010.0
2018-12-04,671416.0
2018-12-05,609238.0
2018-12-06,655016.0
2018-12-07,658859.0
2018-12-08,531426.0
2018-12-09,518114.0
2018-12-10,600210.0
2018-12-11,635401.0
2018-12-12,616176.0
2018-12-13,638713.0
2018-12-14,701381.0
2018-12-15,594065.0
2018-12-16,539434.0
2018-12-17,682984.0
2018-12-18,656410.0
2018-12-19,701481.0
2018-12-20,641537.0
2018-12-21,656212.0
2018-12-22,551516.0
2018-12-23,520086.0
2018-12-24,583425.0
2018-12-25,481186.0
2018-12-26,536230.0
2018-12-27,624625.0
2018-12-28,644439.0
2018-12-29,572182.0
2018-12-30,514111.0
2018-12-31,557851.0
2019-01-01,433715.0
2019-01-02,578607.0
2019-01-03,598436.0
2019-01-04,580495.0
2019-01-05,519070.0
2019-01-06,498140.0
2019-01-07,613474.0
2019-01-08,607366.0
2019-01-09,619701.0
2019-01-10,634499.0
2019-01-11,623617.0
2019-01-12,521168.0
2019-01-13,477843.0
2019-01-14,604549.0
2019-01-15,621686.0
2019-01-16,639811.0
2019-01-17,619396.0
2019-01-18,606378.0
2019-01-19,519467.0
2019-01-20,518578.0
2019-01-21,604061.0
2019-01-22,594573.0
2019-01-23,685141.0
2019-01-24,619376.0
2019-01-25,629078.0
2019-01-26,585285.0
2019-01-27,487233.0
2019-01-28,650793.0
2019-01-29,607365.0
2019-01-30,622377.0
2019-01-31,632855.0
2019-02-01,654356.0
2019-02-02,560738.0
2019-02-03,518121.0
2019-02-04,610696.0
2019-02-05,645414.0
2019-02-06,686774.0
2019-02-07,645404.0
2019-02-08,691966.0
2019-02-09,561955.0
2019-02-10,501124.0
2019-02-11,709903.0
2019-02-12,809914.0
2019-02-13,758224.0
2019-02-14,617275.0
2019-02-15,621340.0
2019-02-16,587666.0
2019-02-17,526787.0
2019-02-18,693311.0
2019-02-19,713530.0
2019-02-20,690103.0
2019-02-21,643083.0
2019-02-22,728261.0
2019-02-23,581866.0
2019-02-24,558515.0
2019-02-25,679440.0
2019-02-26,702086.0
2019-02-27,668278.0
2019-02-28,688385.0
2019-03-01,727984.0
2019-03-02,616539.0
2019-03-03,553981.0
2019-03-04,687289.0
2019-03-05,701551.0
2019-03-06,734311.0
2019-03-07,689254.0
2019-03-08,698786.0
2019-03-09,604793.0
2019-03-10,525757.0
2019-03-11,749756.0
2019-03-12,696573.0
2019-03-13,720085.0
2019-03-14,735928.0
2019-03-15,715166.0
2019-03-16,602121.0
2019-03-17,548345.0
2019-03-18,720573.0
2019-03-19,739893.0
2019-03-20,745772.0
2019-03-21,705159.0
2019-03-22,726789.0
2019-03-23,566705.0
2019-03-24,569884.0
2019-03-25,715056.0
2019-03-26,688572.0
2019-03-27,778566.0
2019-03-28,765998.0
2019-03-29,759323.0
2019-03-30,683748.0
2019-03-31,623888.0
2019-04-01,697929.0
2019-04-02,879271.0
2019-04-03,856707.0
2019-04-04,802957.0
2019-04-05,873077.0
2019-04-06,677458.0
2019-04-07,623548.0
2019-04-08,778923.0
2019-04-09,776284.0
2019-04-10,773468.0
2019-04-11,813510.0
2019-04-12,763723.0
2019-04-13,602847.0
2019-04-14,596510.0
2019-04-15,767910.0
2019-04-16,777026.0
2019-04-17,734917.0
2019-04-18,739768.0
2019-04-19,798377.0
2019-04-20,689643.0
2019-04-21,673424.0
2019-04-22,646342.0
2019-04-23,714325.0
2019-04-24,875920.0
2019-04-25,751975.0
2019-04-26,761966.0
2019-04-27,619281.0
2019-04-28,574359.0
2019-04-29,807672.0
2019-04-30,839425.0
2019-05-01,760187.0
2019-05-02,787748.0
2019-05-03,803354.0
2019-05-04,658798.0
2019-05-05,613917.0
2019-05-06,776590.0
2019-05-07,754405.0
2019-05-08,839633.0
2019-05-09,831454.0
2019-05-10,775704.0
2019-05-11,773667.0
2019-05-12,819732.0
2019-05-13,882729.0
2019-05-14,896277.0
2019-05-15,879106.0
2019-05-16,882945.0
2019-05-17,903650.0
2019-05-18,845558.0
2019-05-19,750954.0
2019-05-20,836865.0
2019-05-21,888770.0
2019-05-22,862194.0
2019-05-23,825753.0
2019-05-24,862849.0
2019-05-25,701431.0
2019-05-26,670124.0
2019-05-27,884928.0
2019-05-28,944118.0
2019-05-29,887870.0
2019-05-30,862822.0
2019-05-31,766989.0
2019-06-01,850116.0
2019-06-02,690143.0
2019-06-03,727530.0
2019-06-04,911280.0
2019-06-05,874396.0
2019-06-06,812486.0
2019-06-07,864227.0
2019-06-08,617675.0
2019-06-09,580387.0
2019-06-10,809202.0
2019-06-11,835542.0
2019-06-12,795814.0
2019-06-13,892695.0
2019-06-14,1041358.0
2019-06-15,860753.0
2019-06-16,689588.0
2019-06-17,805931.0
2019-06-18,950212.0
2019-06-19,892254.0
2019-06-20,839162.0
2019-06-21,842659.0
2019-06-22,848072.0
2019-06-23,875010.0
2019-06-24,978017.0
2019-06-25,911584.0
2019-06-26,1035885.0
2019-06-27,891448.0
2019-06-28,1008973.0
2019-06-29,846946.0
2019-06-30,675915.0
2019-07-01,836709.0
2019-07-02,894242.0
2019-07-03,883931.0
2019-07-04,814107.0
2019-07-05,837154.0
2019-07-06,654703.0
2019-07-07,614084.0
2019-07-08,834590.0
2019-07-09,815561.0
2019-07-10,802293.0
2019-07-11,778056.0
2019-07-12,899488.0
2019-07-13,645726.0
2019-07-14,592612.0
2019-07-15,757007.0
2019-07-16,794106.0
2019-07-17,739298.0
2019-07-18,740918.0
2019-07-19,732618.0
2019-07-20,702633.0
2019-07-21,558672.0
2019-07-22,708667.0
2019-07-23,702928.0
2019-07-24,733358.0
2019-07-25,764542.0
2019-07-26,750605.0
2019-07-27,587410.0
2019-07-28,521206.0
2019-07-29,738306.0
2019-07-30,737831.0
2019-07-31,786236.0
2019-08-01,752575.0
2019-08-02,775949.0
2019-08-03,612854.0
2019-08-04,583300.0
2019-08-05,807955.0
2019-08-06,850550.0
2019-08-07,819832.0
2019-08-08,815367.0
2019-08-09,749568.0
2019-08-10,596821.0
2019-08-11,550565.0
2019-08-12,660039.0
2019-08-13,873566.0
2019-08-14,750768.0
2019-08-15,701215.0
2019-08-16,706459.0
2019-08-17,565674.0
2019-08-18,526730.0
2019-08-19,711022.0
2019-08-20,743636.0
2019-08-21,784357.0
2019-08-22,808723.0
2019-08-23,791057.0
2019-08-24,700721.0
2019-08-25,513916.0
2019-08-26,759470.0
2019-08-27,726784.0
2019-08-28,705437.0
2019-08-29,735396.0
2019-08-30,734849.0
2019-08-31,596235.0
2019-09-01,574358.0
2019-09-02,728155.0
2019-09-03,799532.0
2019-09-04,750620.0
2019-09-05,744004.0
2019-09-06,775304.0
2019-09-07,617013.0
2019-09-08,567664.0
2019-09-09,769573.0
2019-09-10,807975.0
2019-09-11,783950.0
2019-09-12,757805.0
2019-09-13,759154.0
2019-09-14,652357.0
2019-09-15,554317.0
2019-09-16,779631.0
2019-09-17,777701.0
2019-09-18,855706.0
2019-09-19,733322.0
2019-09-20,742828.0
2019-09-21,625288.0
2019-09-22,606415.0
2019-09-23,735518.0
2019-09-24,840208.0
2019-09-25,783948.0
2019-09-26,739854.0
2019-09-27,714047.0
2019-09-28,619808.0
2019-09-29,564381.0
2019-09-30,750859.0
2019-10-01,750562.0
2019-10-02,717573.0
2019-10-03,708956.0
2019-10-04,712900.0
2019-10-05,636638.0
2019-10-06,555377.0
2019-10-07,734959.0
2019-10-08,715311.0
2019-10-09,701690.0
2019-10-10,743456.0
2019-10-11,726820.0
2019-10-12,578474.0
2019-10-13,555407.0
2019-10-14,694167.0
2019-10-15,712296.0
2019-10-16,733220.0
2019-10-17,730671.0
2019-10-18,673650.0
2019-10-19,643714.0
2019-10-20,546144.0
2019-10-21,749935.0
2019-10-22,732596.0
2019-10-23,736263.0
2019-10-24,719988.0
2019-10-25,786680.0
2019-10-26,761194.0
2019-10-27,598714.0
2019-10-28,753434.0
2019-10-29,728736.0
2019-10-30,711325.0
2019-10-31,721957.0
2019-11-01,790414.0
2019-11-02,634816.0
2019-11-03,610943.0
2019-11-04,757129.0
2019-11-05,782184.0
2019-11-06,831199.0
2019-11-07,799136.0
2019-11-08,728522.0
2019-11-09,709807.0
2019-11-10,594556.0
2019-11-11,704180.0
2019-11-12,682025.0
2019-11-13,746140.0
2019-11-14,746968.0
2019-11-15,779428.0
2019-11-16,666406.0
2019-11-17,598140.0
2019-11-18,696269.0
2019-11-19,823018.0
2019-11-20,702168.0
2019-11-21,803455.0
2019-11-22,790198.0
2019-11-23,681817.0
2019-11-24,557217.0
2019-11-25,678695.0
2019-11-26,784964.0
2019-11-27,812540.0
2019-11-28,716192.0
2019-11-29,730014.0
2019-11-30,683831.0
2019-12-01,593329.0
2019-12-02,749060.0
2019-12-03,744688.0
2019-12-04,749562.0
2019-12-05,746859.0
2019-12-06,748047.0
2019-12-07,642350.0
2019-12-08,587017.0
2019-12-09,803439.0
2019-12-10,803226.0
2019-12-11,771631.0
2019-12-12,722853.0
2019-12-13,746512.0
2019-12-14,623464.0
2019-12-15,657604.0
2019-12-16,777556.0
2019-12-17,875713.0
2019-12-18,751472.0
2019-12-19,725702.0
2019-12-20,708265.0
2019-12-21,610208.0
2019-12-22,589250.0
2019-12-23,727796.0
2019-12-24,649535.0
2019-12-25,537049.0
2019-12-26,653003.0
2019-12-27,721861.0
2019-12-28,611206.0
2019-12-29,589993.0
2019-12-30,735877.0
2019-12-31,657164.0
2020-01-01,524360.0
2020-01-02,671016.0
2020-01-03,721747.0
2020-01-04,611397.0
2020-01-05,597061.0
2020-01-06,724219.0
2020-01-07,775757.0
2020-01-08,754553.0
2020-01-09,773570.0
2020-01-10,792103.0
2020-01-11,640445.0
2020-01-12,581504.0
2020-01-13,705443.0
2020-01-14,850757.0
2020-01-15,759192.0
2020-01-16,739283.0
2020-01-17,756728.0
2020-01-18,649187.0
2020-01-19,622774.0
2020-01-20,741539.0
2020-01-21,756250.0
2020-01-22,771727.0
2020-01-23,789764.0
2020-01-24,720051.0
2020-01-25,665971.0
2020-01-26,544915.0
2020-01-27,726725.0
2020-01-28,812560.0
2020-01-29,767507.0
2020-01-30,765495.0
2020-01-31,762130.0
2020-02-01,743933.0
2020-02-02,706042.0
2020-02-03,879860.0
2020-02-04,764885.0
2020-02-05,823713.0
2020-02-06,765225.0
2020-02-07,865396.0
2020-02-08,709380.0
2020-02-09,695691.0
2020-02-10,703356.0
2020-02-11,885934.0
2020-02-12,822547.0
2020-02-13,815808.0
2020-02-14,741471.0
2020-02-15,736640.0
2020-02-16,655188.0
2020-02-17,773751.0
2020-02-18,783570.0
2020-02-19,792783.0
2020-02-20,766448.0
2020-02-21,768521.0
2020-02-22,660812.0
2020-02-23,622397.0
2020-02-24,758122.0
2020-02-25,743278.0
2020-02-26,778003.0
2020-02-27,777389.0
2020-02-28,778213.0
2020-02-29,679597.0
2020-03-01,674209.0
2020-03-02,829550.0
2020-03-03,840712.0
2020-03-04,857423.0
2020-03-05,793221.0
2020-03-06,804945.0
2020-03-07,682432.0
2020-03-08,654911.0
2020-03-09,809850.0
2020-03-10,807778.0
2020-03-11,728889.0
2020-03-12,909601.0
2020-03-13,786409.0
2020-03-14,772769.0
2020-03-15,629326.0
2020-03-16,725120.0
2020-03-17,765477.0
2020-03-18,633373.0
2020-03-19,709786.0
2020-03-20,734614.0
2020-03-21,637554.0
2020-03-22,579901.0
2020-03-23,667486.0
2020-03-24,736233.0
2020-03-25,587460.0
2020-03-26,889704.0
2020-03-27,807651.0
2020-03-28,627230.0
2020-03-29,591287.0
2020-03-30,770915.0
2020-03-31,816889.0
2020-04-01,824108.0
2020-04-02,798186.0
2020-04-03,750332.0
2020-04-04,657862.0
2020-04-05,596364.0
2020-04-06,780832.0
2020-04-07,938358.0
2020-04-08,760207.0
2020-04-09,730620.0
2020-04-10,735297.0
2020-04-11,634944.0
2020-04-12,618062.0
2020-04-13,764583.0
2020-04-14,843493.0
2020-04-15,926278.0
2020-04-16,880665.0
2020-04-17,844316.0
2020-04-18,847811.0
2020-04-19,718815.0
2020-04-20,842251.0
2020-04-21,818062.0
2020-04-22,762361.0
2020-04-23,935989.0
2020-04-24,893187.0
2020-04-25,813456.0
2020-04-26,724250.0
2020-04-27,876229.0
2020-04-28,926669.0
2020-04-29,911617.0
2020-04-30,947585.0
2020-05-01,955523.0
2020-05-02,970554.0
2020-05-03,909805.0
2020-05-04,889636.0
2020-05-05,970464.0
2020-05-06,972369.0
2020-05-07,1020443.0
2020-05-08,949216.0
2020-05-09,906900.0
2020-05-10,869262.0
2020-05-11,999192.0
2020-05-12,954129.0
2020-05-13,858458.0
2020-05-14,880861.0
2020-05-15,895670.0
2020-05-16,880534.0
2020-05-17,763444.0
2020-05-18,970423.0
2020-05-19,890493.0
2020-05-20,865708.0
2020-05-21,928630.0
2020-05-22,797526.0
2020-05-23,848702.0
2020-05-24,807939.0
2020-05-25,828919.0
2020-05-26,852839.0
2020-05-27,913075.0
2020-05-28,866559.0
2020-05-29,852420.0
2020-05-30,902498.0
2020-05-31,801889.0
2020-06-01,870833.0
2020-06-02,899961.0
2020-06-03,950153.0
2020-06-04,884109.0
2020-06-05,918647.0
2020-06-06,771819.0
2020-06-07,690992.0
2020-06-08,986341.0
2020-06-09,910121.0
2020-06-10,909669.0
2020-06-11,1048342.0
2020-06-12,909615.0
2020-06-13,800767.0
2020-06-14,698545.0
2020-06-15,867844.0
2020-06-16,986219.0
2020-06-17,918592.0
2020-06-18,854866.0
2020-06-19,947402.0
2020-06-20,760742.0
2020-06-21,710176.0
2020-06-22,850006.0
2020-06-23,1034537.0
2020-06-24,917620.0
2020-06-25,901033.0
2020-06-26,929963.0
2020-06-27,761896.0
2020-06-28,686270.0
2020-06-29,962232.0
2020-06-30,926238.0
2020-07-01,1078007.0
2020-07-02,951042.0
2020-07-03,944676.0
2020-07-04,799989.0
2020-07-05,771473.0
2020-07-06,989688.0
2020-07-07,969354.0
2020-07-08,1024085.0
2020-07-09,1033334.0
2020-07-10,976205.0
2020-07-11,885970.0
2020-07-12,745665.0
2020-07-13,909653.0
2020-07-14,993499.0
2020-07-15,971186.0
2020-07-16,966383.0
2020-07-17,847984.0
2020-07-18,892684.0
2020-07-19,872974.0
2020-07-20,940265.0
2020-07-21,927506.0
2020-07-22,1017627.0
2020-07-23,977856.0
2020-07-24,1083981.0
2020-07-25,972156.0
2020-07-26,999311.0
2020-07-27,1022491.0
2020-07-28,1059084.0
2020-07-29,1039672.0
2020-07-30,968423.0
2020-07-31,1062923.0
2020-08-01,954055.0
2020-08-02,950873.0
2020-08-03,1080975.0
2020-08-04,1003351.0
2020-08-05,957619.0
2020-08-06,1120216.0
2020-08-07,1049182.0
2020-08-08,951540.0
2020-08-09,911571.0
2020-08-10,967780.0
2020-08-11,1086328.0
2020-08-12,1049344.0
2020-08-13,952528.0
2020-08-14,1086754.0
2020-08-15,973628.0
2020-08-16,892624.0
2020-08-17,878796.0
2020-08-18,1008612.0
2020-08-19,988648.0
2020-08-20,994559.0
2020-08-21,1095556.0
2020-08-22,950674.0
2020-08-23,906460.0
2020-08-24,944242.0
2020-08-25,951716.0
2020-08-26,1030264.0
2020-08-27,947577.0
2020-08-28,1080096.0
2020-08-29,972062.0
2020-08-30,821271.0
2020-08-31,935410.0
2020-09-01,1074307.0
2020-09-02,1029017.0
2020-09-03,983249.0
2020-09-04,1004854.0
2020-09-05,984198.0
2020-09-06,988383.0
2020-09-07,1086059.0
2020-09-08,974053.0
2020-09-09,968245.0
2020-09-10,1103924.0
2020-09-11,951505.0
2020-09-12,890683.0
2020-09-13,803998.0
2020-09-14,1016193.0
2020-09-15,976024.0
2020-09-16,1064243.0
2020-09-17,1101957.0
2020-09-18,974291.0
2020-09-19,892685.0
2020-09-20,820833.0
2020-09-21,946997.0
2020-09-22,968239.0
2020-09-23,1013565.0
2020-09-24,943668.0
2020-09-25,1140261.0
2020-09-26,952990.0
2020-09-27,784428.0
2020-09-28,884124.0
2020-09-29,998051.0
2020-09-30,1118241.0
2020-10-01,922880.0
2020-10-02,996361.0
2020-10-03,1002444.0
2020-10-04,923546.0
2020-10-05,946902.0
2020-10-06,978521.0
2020-10-07,1063425.0
2020-10-08,1033122.0
2020-10-09,1006667.0
2020-10-10,917402.0
2020-10-11,791020.0
2020-10-12,945894.0
2020-10-13,1049377.0
2020-10-14,952949.0
2020-10-15,1035214.0
2020-10-16,973228.0
2020-10-17,851147.0
2020-10-18,744786.0
2020-10-19,930306.0
2020-10-20,1011847.0
2020-10-21,1013298.0
2020-10-22,1048775.0
2020-10-23,977710.0
2020-10-24,1098917.0
2020-10-25,851199.0
2020-10-26,825846.0
2020-10-27,827512.0
2020-10-28,817505.0
2020-10-29,887772.0
2020-10-30,901403.0
2020-10-31,875335.0
2020-11-01,897445.0
2020-11-02,777173.0
2020-11-03,1029970.0
2020-11-04,1175181.0
2020-11-05,1071518.0
2020-11-06,1080743.0
2020-11-07,1055012.0
2020-11-08,920529.0
2020-11-09,1188873.0
2020-11-10,1026623.0
2020-11-11,1004339.0
2020-11-12,1064270.0
2020-11-13,999523.0
2020-11-14,915336.0
2020-11-15,845204.0
2020-11-16,1041491.0
2020-11-17,1142716.0
2020-11-18,1197076.0
2020-11-19,1052034.0
2020-11-20,1177776.0
2020-11-21,1007240.0
2020-11-22,875364.0
2020-11-23,1014814.0
2020-11-24,1052398.0
2020-11-25,1127776.0
2020-11-26,1115848.0
2020-11-27,1099990.0
2020-11-28,1038684.0
2020-11-29,875712.0
2020-11-30,903580.0
2020-12-01,1179012.0
2020-12-02,1015318.0
2020-12-03,1165469.0
2020-12-04,1070208.0
2020-12-05,1077064.0
2020-12-06,906549.0
2020-12-07,1017188.0
2020-12-08,1057637.0
2020-12-09,1059284.0
2020-12-10,995137.0
2020-12-11,1078069.0
2020-12-12,962538.0
2020-12-13,938739.0
2020-12-14,977389.0
2020-12-15,1047043.0
2020-12-16,1098912.0
2020-12-17,1066159.0
2020-12-18,1194851.0
2020-12-19,1158142.0
2020-12-20,1075417.0
2020-12-21,1126710.0
2020-12-22,1095221.0
2020-12-23,1138302.0
2020-12-24,969168.0
2020-12-25,1021183.0
2020-12-26,957062.0
2020-12-27,1049825.0
2020-12-28,1154354.0
2020-12-29,1146131.0
2020-12-30,1221579.0
2020-12-31,1193822.0
2021-01-01,1001890.0
2021-01-02,1140633.0
2021-01-03,1184688.0
2021-01-04,1270082.0
2021-01-05,1230529.0
2021-01-06,1344921.0
2021-01-07,1292297.0
2021-01-08,1237271.0
2021-01-09,1094947.0
2021-01-10,1177151.0
2021-01-11,1211948.0
2021-01-12,1202314.0
2021-01-13,1163164.0
2021-01-14,1167975.0
2021-01-15,1209589.0
2021-01-16,1115276.0
2021-01-17,1002014.0
2021-01-18,1077578.0
2021-01-19,1095890.0
2021-01-20,1107233.0
2021-01-21,1059467.0
2021-01-22,1115180.0
2021-01-23,1128728.0
2021-01-24,1004162.0
2021-01-25,1121794.0
2021-01-26,1182517.0
2021-01-27,1106142.0
2021-01-28,1097896.0
2021-01-29,1208741.0
2021-01-30,1087755.0
2021-01-31,1063553.0
2021-02-01,999221.0
2021-02-02,1202183.0
2021-02-03,1187019.0
2021-02-04,1226684.0
2021-02-05,1257476.0
2021-02-06,1147256.0
2021-02-07,1159518.0
2021-02-08,1249543.0
2021-02-09,1174227.0
2021-02-10,1191329.0
2021-02-11,1052110.0
2021-02-12,1157108.0
2021-02-13,1217682.0
2021-02-14,1122976.0
2021-02-15,1140491.0
2021-02-16,989854.0
2021-02-17,1134666.0
2021-02-18,1138881.0
2021-02-19,1248515.0
2021-02-20,1187083.0
2021-02-21,1047141.0
2021-02-22,1094544.0
2021-02-23,1054613.0
2021-02-24,1230122.0
2021-02-25,1217040.0
2021-02-26,1114180.0
2021-02-27,1202477.0
2021-02-28,1033508.0
2021-03-01,1073523.0
2021-03-02,1119669.0
2021-03-03,1185450.0
2021-03-04,1042797.0
2021-03-05,1154593.0
2021-03-06,1147083.0
2021-03-07,1043256.0
2021-03-08,1164249.0
2021-03-09,1088598.0
2021-03-10,1165773.0
2021-03-11,1084417.0
2021-03-12,1186618.0
2021-03-13,1104466.0
2021-03-14,1155175.0
2021-03-15,1167577.0
2021-03-16,1161912.0
2021-03-17,1110541.0
2021-03-18,1219716.0
2021-03-19,1158820.0
2021-03-20,1124513.0
2021-03-21,1112554.0
2021-03-22,1144113.0
2021-03-23,1234149.0
2021-03-24,1153475.0
2021-03-25,1218346.0
2021-03-26,1085835.0
2021-03-27,1149403.0
2021-03-28,1063472.0
2021-03-29,1115525.0
2021-03-30,1154381.0
2021-03-31,1234495.0
2021-04-01,1145125.0
2021-04-02,1103476.0
2021-04-03,1020968.0
2021-04-04,1032167.0
2021-04-05,1229289.0
2021-04-06,1180036.0
2021-04-07,1246138.0
2021-04-08,1092604.0
2021-04-09,1222362.0
2021-04-10,1163952.0
2021-04-11,1043812.0
2021-04-12,1126723.0
2021-04-13,1178027.0
2021-04-14,1149773.0
2021-04-15,1366494.0
2021-04-16,933121.0
2021-04-17,828375.0
2021-04-18,1057891.0
2021-04-19,884672.0
2021-04-20,1126908.0
2021-04-21,918079.0
2021-04-22,1114976.0
2021-04-23,1114180.0
2021-04-24,1125210.0
2021-04-25,1026103.0
2021-04-26,943203.0
2021-04-27,1092574.0
2021-04-28,1113474.0
2021-04-29,986056.0
2021-04-30,1122022.0
2021-05-01,1040203.0
2021-05-02,1248724.0
2021-05-03,1268856.0
2021-05-04,1293836.0
2021-05-05,1208973.0
2021-05-06,1228892.0
2021-05-07,1187763.0
2021-05-08,1169650.0
2021-05-09,1234486.0
2021-05-10,1315147.0
2021-05-11,1258920.0
2021-05-12,1245595.0
2021-05-13,1187747.0
2021-05-14,1066269.0
2021-05-15,953308.0
2021-05-16,971649.0
2021-05-17,962984.0
2021-05-18,856695.0
2021-05-19,1031147.0
2021-05-20,943686.0
2021-05-21,942736.0
2021-05-22,918673.0
2021-05-23,957018.0
2021-05-24,975836.0
2021-05-25,968674.0
2021-05-26,933622.0
2021-05-27,864432.0
2021-05-28,972164.0
2021-05-29,863265.0
2021-05-30,990443.0
2021-05-31,977895.0
2021-06-01,914351.0
2021-06-02,1090605.0
2021-06-03,1015474.0
2021-06-04,907519.0
2021-06-05,762659.0
2021-06-06,737174.0
2021-06-07,910652.0
2021-06-08,998834.0
2021-06-09,817282.0
2021-06-10,948298.0
2021-06-11,874050.0
2021-06-12,1013611.0
2021-06-13,799859.0
2021-06-14,972587.0
2021-06-15,963054.0
2021-06-16,954838.0
2021-06-17,865333.0
2021-06-18,825241.0
2021-06-19,688095.0
2021-06-20,652470.0
2021-06-21,835557.0
2021-06-22,776432.0
2021-06-23,847730.0
2021-06-24,843836.0
2021-06-25,880813.0
2021-06-26,715801.0
2021-06-27,518219.0
2021-06-28,776365.0
2021-06-29,792995.0
2021-06-30,790273.0
2021-07-01,817115.0
2021-07-02,809016.0
2021-07-03,1027108.0
2021-07-04,843475.0
2021-07-05,902032.0
2021-07-06,853332.0
2021-07-07,811614.0
2021-07-08,802085.0
2021-07-09,818441.0
2021-07-10,726034.0
2021-07-11,690684.0
2021-07-12,838472.0
2021-07-13,807050.0
2021-07-14,817900.0
2021-07-15,828844.0
2021-07-16,764392.0
2021-07-17,640355.0
2021-07-18,651828.0
2021-07-19,845474.0
2021-07-20,822257.0
2021-07-21,815589.0
2021-07-22,780869.0
2021-07-23,803246.0
2021-07-24,712132.0
2021-07-25,641796.0
2021-07-26,958347.0
2021-07-27,903400.0
2021-07-28,868607.0
2021-07-29,880689.0
2021-07-30,841162.0
2021-07-31,720022.0
2021-08-01,695892.0
2021-08-02,899861.0
2021-08-03,820918.0
2021-08-04,842870.0
2021-08-05,854629.0
2021-08-06,894265.0
2021-08-07,724467.0
2021-08-08,740945.0
2021-08-09,934412.0
2021-08-10,875882.0
2021-08-11,866724.0
2021-08-12,842547.0
2021-08-13,917929.0
2021-08-14,724702.0
2021-08-15,750378.0
2021-08-16,978773.0
2021-08-17,953226.0
2021-08-18,876483.0
2021-08-19,888796.0
2021-08-20,984372.0
2021-08-21,787645.0
2021-08-22,715639.0
2021-08-23,973417.0
2021-08-24,945668.0
2021-08-25,867743.0
2021-08-26,818959.0
2021-08-27,864176.0
2021-08-28,726381.0
2021-08-29,685753.0
2021-08-30,910173.0
2021-08-31,930055.0
2021-09-01,954959.0
2021-09-02,1026339.0
2021-09-03,1008068.0
2021-09-04,776022.0
2021-09-05,735688.0
2021-09-06,968860.0
2021-09-07,938525.0
2021-09-08,907794.0
2021-09-09,937415.0
2021-09-10,906178.0
2021-09-11,823454.0
2021-09-12,705573.0
2021-09-13,908372.0
2021-09-14,952892.0
2021-09-15,976201.0
2021-09-16,1021047.0
2021-09-17,943981.0
2021-09-18,819880.0
2021-09-19,714326.0
2021-09-20,1014971.0
2021-09-21,844883.0
2021-09-22,888195.0
2021-09-23,918846.0
2021-09-24,958548.0
2021-09-25,702530.0
2021-09-26,699993.0
2021-09-27,901586.0
2021-09-28,935822.0
2021-09-29,830989.0
2021-09-30,1059608.0
2021-10-01,962201.0
2021-10-02,963528.0
2021-10-03,808347.0
2021-10-04,1015651.0
2021-10-05,1037679.0
2021-10-06,914612.0
2021-10-07,1144142.0
2021-10-08,978503.0
2021-10-09,991926.0
2021-10-10,803826.0
2021-10-11,1009017.0
2021-10-12,937369.0
2021-10-13,975651.0
2021-10-14,1007101.0
2021-10-15,1017121.0
2021-10-16,937355.0
2021-10-17,823877.0
2021-10-18,1003479.0
2021-10-19,1077371.0
2021-10-20,977215.0
2021-10-21,1139133.0
2021-10-22,957015.0
2021-10-23,826969.0
2021-10-24,737951.0
2021-10-25,1079523.0
2021-10-26,998333.0
2021-10-27,944035.0
2021-10-28,1055114.0
2021-10-29,1014855.0
2021-10-30,906672.0
2021-10-31,893617.0
2021-11-01,1053426.0
2021-11-02,1035030.0
2021-11-03,1069212.0
2021-11-04,998917.0
2021-11-05,1037437.0
2021-11-06,825483.0
2021-11-07,826432.0
2021-11-08,1018796.0
2021-11-09,1195638.0
2021-11-10,1022756.0
2021-11-11,1037951.0
2021-11-12,975353.0
2021-11-13,828248.0
2021-11-14,806451.0
2021-11-15,1083387.0
2021-11-16,1030573.0
2021-11-17,993545.0
2021-11-18,990087.0
2021-11-19,976682.0
2021-11-20,848464.0
2021-11-21,842004.0
2021-11-22,947435.0
2021-11-23,909010.0
2021-11-24,1071921.0
2021-11-25,973237.0
2021-11-26,996141.0
2021-11-27,777970.0
2021-11-28,816560.0
2021-11-29,993217.0
2021-11-30,977183.0
2021-12-01,1057704.0
2021-12-02,1184757.0
2021-12-03,1010596.0
2021-12-04,961294.0
2021-12-05,978899.0
2021-12-06,1078373.0
2021-12-07,983177.0
2021-12-08,927369.0
2021-12-09,1123743.0
2021-12-10,930831.0
2021-12-11,805461.0
2021-12-12,725043.0
2021-12-13,996713.0
2021-12-14,966596.0
2021-12-15,1058257.0
2021-12-16,873836.0
2021-12-17,979005.0
2021-12-18,855978.0
2021-12-19,755797.0
2021-12-20,1015255.0
2021-12-21,1009227.0
2021-12-22,992589.0
2021-12-23,991240.0
2021-12-24,974212.0
2021-12-25,866151.0
2021-12-26,774902.0
2021-12-27,992531.0
2021-12-28,1051572.0
2021-12-29,1142870.0
2021-12-30,977727.0
2021-12-31,1093396.0
2022-01-01,695722.0
2022-01-02,734444.0
2022-01-03,948843.0
2022-01-04,971141.0
2022-01-05,1023484.0
2022-01-06,937879.0
2022-01-07,961733.0
2022-01-08,823193.0
2022-01-09,734904.0
2022-01-10,977953.0
2022-01-11,973363.0
2022-01-12,958871.0
2022-01-13,943218.0
2022-01-14,959705.0
2022-01-15,819060.0
2022-01-16,768912.0
2022-01-17,963405.0
2022-01-18,906852.0
2022-01-19,940760.0
2022-01-20,944092.0
2022-01-21,1017544.0
2022-01-22,980566.0
2022-01-23,764279.0
2022-01-24,967257.0
2022-01-25,892344.0
2022-01-26,872302.0
2022-01-27,894323.0
2022-01-28,953545.0
2022-01-29,800040.0
2022-01-30,780477.0
2022-01-31,993797.0
2022-02-01,1058396.0
2022-02-02,954043.0
2022-02-03,931571.0
2022-02-04,885216.0
2022-02-05,951087.0
2022-02-06,891700.0
2022-02-07,927917.0
2022-02-08,1014770.0
2022-02-09,998247.0
2022-02-10,1029721.0
2022-02-11,987669.0
2022-02-12,1060262.0
2022-02-13,829229.0
2022-02-14,899786.0
2022-02-15,1013694.0
2022-02-16,925324.0
2022-02-17,931220.0
2022-02-18,940726.0
2022-02-19,839236.0
2022-02-20,741534.0
2022-02-21,886316.0
2022-02-22,886571.0
2022-02-23,859810.0
2022-02-24,958866.0
2022-02-25,936543.0
2022-02-26,818914.0
2022-02-27,768705.0
2022-02-28,981066.0
2022-03-01,1065354.0
2022-03-02,1091796.0
2022-03-03,1011448.0
2022-03-04,949176.0
2022-03-05,801293.0
2022-03-06,771254.0
2022-03-07,917289.0
2022-03-08,962840.0
2022-03-09,960901.0
2022-03-10,993366.0
2022-03-11,903967.0
2022-03-12,787792.0
2022-03-13,751546.0
2022-03-14,936153.0
2022-03-15,949102.0
2022-03-16,1014991.0
2022-03-17,1009859.0
2022-03-18,1004891.0
2022-03-19,864890.0
2022-03-20,780069.0
2022-03-21,941088.0
2022-03-22,920483.0
2022-03-23,972037.0
2022-03-24,966209.0
2022-03-25,1068732.0
2022-03-26,825356.0
2022-03-27,812882.0
2022-03-28,1029256.0
2022-03-29,972049.0
2022-03-30,940234.0
2022-03-31,979952.0
2022-04-01,1073859.0
2022-04-02,932911.0
2022-04-03,794992.0
2022-04-04,985718.0
2022-04-05,952254.0
2022-04-06,919776.0
2022-04-07,927811.0
2022-04-08,929602.0
2022-04-09,786423.0
2022-04-10,754197.0
2022-04-11,986075.0
2022-04-12,970523.0
2022-04-13,960119.0
2022-04-14,910470.0
2022-04-15,893942.0
2022-04-16,774863.0
2022-04-17,760823.0
2022-04-18,930250.0
2022-04-19,945444.0
2022-04-20,961981.0
2022-04-21,970130.0
2022-04-22,945273.0
2022-04-23,857006.0
2022-04-24,796298.0
2022-04-25,1003326.0
2022-04-26,965991.0
2022-04-27,967943.0
2022-04-28,1003139.0
2022-04-29,1059989.0
2022-04-30,944577.0
2022-05-01,834397.0
2022-05-02,966035.0
2022-05-03,956710.0
2022-05-04,862312.0
2022-05-05,1189734.0
2022-05-06,1086467.0
2022-05-07,837217.0
2022-05-08,813799.0
2022-05-09,1067791.0
2022-05-10,978190.0
2022-05-11,981424.0
2022-05-12,1058679.0
2022-05-13,1028898.0
2022-05-14,1101356.0
2022-05-15,1016251.0
2022-05-16,1094147.0
2022-05-17,1029420.0
2022-05-18,902599.0
2022-05-19,897588.0
2022-05-20,949339.0
2022-05-21,758937.0
2022-05-22,749577.0
2022-05-23,939531.0
2022-05-24,841611.0
2022-05-25,1016156.0
2022-05-26,894042.0
2022-05-27,942679.0
2022-05-28,783393.0
2022-05-29,751185.0
2022-05-30,925404.0
2022-05-31,998795.0
2022-06-01,962754.0
2022-06-02,945705.0
2022-06-03,932672.0
2022-06-04,776053.0
2022-06-05,721815.0
2022-06-06,952859.0
2022-06-07,941706.0
2022-06-08,888118.0
2022-06-09,914304.0
2022-06-10,900195.0
2022-06-11,831309.0
2022-06-12,762985.0
2022-06-13,1011323.0
2022-06-14,1075994.0
2022-06-15,1063571.0
2022-06-16,911369.0
2022-06-17,876153.0
2022-06-18,924686.0
2022-06-19,733337.0
2022-06-20,833932.0
2022-06-21,927938.0
2022-06-22,859651.0
2022-06-23,866807.0
2022-06-24,869532.0
2022-06-25,742895.0
2022-06-26,734812.0
2022-06-27,953524.0
2022-06-28,922274.0
2022-06-29,899514.0
2022-06-30,967680.0
2022-07-01,946760.0
2022-07-02,844916.0
2022-07-03,701943.0
2022-07-04,883632.0
2022-07-05,864471.0
2022-07-06,969280.0
2022-07-07,1007259.0
2022-07-08,936111.0
2022-07-09,773277.0
2022-07-10,705622.0
2022-07-11,839927.0
2022-07-12,943773.0
2022-07-13,815549.0
2022-07-14,983744.0
2022-07-15,943171.0
2022-07-16,771028.0
2022-07-17,723539.0
2022-07-18,723539.0
2022-07-19,994059.0
2022-07-20,905497.0
2022-07-21,964460.0
2022-07-22,848578.0
2022-07-23,755495.0
2022-07-24,736224.0
2022-07-25,892636.0
2022-07-26,945582.0
2022-07-27,916926.0
2022-07-28,1008866.0
2022-07-29,945142.0
2022-07-30,785742.0
2022-07-31,787873.0
2022-08-01,907238.0
2022-08-02,946865.0
2022-08-03,977386.0
2022-08-04,948545.0
2022-08-05,944004.0
2022-08-06,856759.0
2022-08-07,716918.0
2022-08-08,918162.0
2022-08-09,941249.0
2022-08-10,1035793.0
2022-08-11,1002846.0
2022-08-12,948381.0
2022-08-13,834925.0
2022-08-14,811197.0
2022-08-15,922140.0
2022-08-16,1020819.0
2022-08-17,915870.0
2022-08-18,1009836.0
2022-08-19,982140.0
2022-08-20,841648.0
2022-08-21,753797.0
2022-08-22,880923.0
2022-08-23,930754.0
2022-08-24,930584.0
2022-08-25,898274.0
2022-08-26,937226.0
2022-08-27,830874.0
2022-08-28,776186.0
2022-08-29,939245.0
2022-08-30,951380.0
2022-08-31,916812.0
2022-09-01,969786.0
2022-09-02,996822.0
2022-09-03,916603.0
2022-09-04,774639.0
2022-09-05,942780.0
2022-09-06,927513.0
2022-09-07,951645.0
2022-09-08,947648.0
2022-09-09,1021884.0
2022-09-10,873305.0
2022-09-11,871675.0
2022-09-12,989815.0
2022-09-13,948189.0
2022-09-14,977568.0
2022-09-15,953771.0
2022-09-16,933213.0
2022-09-17,918990.0
2022-09-18,775872.0
2022-09-19,912328.0
2022-09-20,952698.0
2022-09-21,918372.0
2022-09-22,860577.0
2022-09-23,968636.0
2022-09-24,799441.0
2022-09-25,781165.0
2022-09-26,938059.0
2022-09-27,966074.0
2022-09-28,849979.0
2022-09-29,874705.0
2022-09-30,1005499.0
2022-10-01,867330.0
2022-10-02,852250.0
2022-10-03,964012.0
2022-10-04,932869.0
2022-10-05,891063.0
2022-10-06,930050.0
2022-10-07,936123.0
2022-10-08,815047.0
2022-10-09,787417.0
2022-10-10,896218.0
2022-10-11,916599.0
2022-10-12,871140.0
2022-10-13,933599.0
2022-10-14,984001.0
2022-10-15,838678.0
2022-10-16,769067.0
2022-10-17,870371.0
2022-10-18,887194.0
2022-10-19,923688.0
2022-10-20,893489.0
2022-10-21,913925.0
2022-10-22,817446.0
2022-10-23,803523.0
2022-10-24,922514.0
2022-10-25,829386.0
2022-10-26,1051950.0
2022-10-27,895161.0
2022-10-28,925522.0
2022-10-29,871729.0
2022-10-30,830676.0
2022-10-31,980614.0
2022-11-01,955117.0
2022-11-02,869056.0
2022-11-03,1009478.0
2022-11-04,939102.0
2022-11-05,916525.0
2022-11-06,811578.0
2022-11-07,920253.0
2022-11-08,1051006.0
2022-11-09,1076579.0
2022-11-10,1056871.0
2022-11-11,964454.0
2022-11-12,942728.0
2022-11-13,895185.0
2022-11-14,954601.0
2022-11-15,986709.0
2022-11-16,944275.0
2022-11-17,902258.0
2022-11-18,955851.0
2022-11-19,1113245.0
2022-11-20,1013890.0
2022-11-21,974239.0
2022-11-22,931145.0
2022-11-23,1057775.0
2022-11-24,988182.0
2022-11-25,981465.0
2022-11-26,892687.0
2022-11-27,855437.0
2022-11-28,931505.0
2022-11-29,955669.0
2022-11-30,946754.0
2022-12-01,1030232.0
2022-12-02,970221.0
2022-12-03,938854.0
2022-12-04,842351.0
2022-12-05,960563.0
2022-12-06,941978.0
2022-12-07,899850.0
2022-12-08,905789.0
2022-12-09,946767.0
2022-12-10,909506.0
2022-12-11,781176.0
2022-12-12,905428.0
2022-12-13,974065.0
2022-12-14,930586.0
2022-12-15,897844.0
2022-12-16,893040.0
2022-12-17,967830.0
2022-12-18,783263.0
2022-12-19,971140.0
2022-12-20,950486.0
2022-12-21,905699.0
2022-12-22,908585.0
2022-12-23,891725.0
2022-12-24,758680.0
2022-12-25,731599.0
2022-12-26,787672.0
2022-12-27,867369.0
2022-12-28,904203.0
2022-12-29,945186.0
2022-12-30,1050756.0
2022-12-31,839910.0
2023-01-01,719716.0
2023-01-02,842261.0
2023-01-03,985169.0
2023-01-04,922281.0
2023-01-05,922508.0
2023-01-06,932794.0
2023-01-07,809225.0
2023-01-08,755503.0
2023-01-09,981056.0
2023-01-10,1146540.0
2023-01-11,944957.0
2023-01-12,1034292.0
2023-01-13,1072059.0
2023-01-14,965948.0
2023-01-15,807742.0
2023-01-16,966312.0
2023-01-17,988775.0
2023-01-18,942079.0
2023-01-19,926693.0
2023-01-20,933005.0
2023-01-21,906764.0
2023-01-22,863236.0
2023-01-23,933346.0
2023-01-24,908199.0
2023-01-25,912032.0
2023-01-26,892287.0
2023-01-27,929064.0
2023-01-28,857014.0
2023-01-29,829895.0
2023-01-30,957363.0
2023-01-31,944348.0
2023-02-01,1050528.0
2023-02-02,983946.0
2023-02-03,988867.0
2023-02-04,961115.0
2023-02-05,802171.0
2023-02-06,920525.0
2023-02-07,944049.0
2023-02-08,942153.0
2023-02-09,1056974.0
2023-02-10,923753.0
2023-02-11,896301.0
2023-02-12,861493.0
2023-02-13,957593.0
2023-02-14,913570.0
2023-02-15,993456.0
2023-02-16,1118226.0
2023-02-17,1050009.0
2023-02-18,1046593.0
2023-02-19,928713.0
2023-02-20,908106.0
2023-02-21,1012926.0
2023-02-22,931144.0
2023-02-23,1071298.0
2023-02-24,964247.0
2023-02-25,811239.0
2023-02-26,905055.0
2023-02-27,982682.0
2023-02-28,983627.0
2023-03-01,1076257.0
2023-03-02,939444.0
2023-03-03,1086253.0
2023-03-04,905589.0
2023-03-05,995537.0
2023-03-06,931807.0
2023-03-07,1063023.0
2023-03-08,885079.0
2023-03-09,929904.0
2023-03-10,979055.0
2023-03-11,979055.0
2023-03-12,979055.0
2023-03-13,979055.0
2023-03-14,979055.0
2023-03-15,979055.0
2023-03-16,979055.0
2023-03-17,1085422.0
2023-03-18,955447.0
2023-03-19,845573.0
2023-03-20,1014355.0
2023-03-21,990544.0
2023-03-22,940276.0
2023-03-23,902932.0
2023-03-24,893101.0
2023-03-25,898042.0
2023-03-26,898042.0
2023-03-27,1057595.0
2023-03-28,982699.0
2023-03-29,977852.0
2023-03-30,1021839.0
2023-03-31,1043754.0
2023-04-01,1038858.0
2023-04-02,1012005.0
2023-04-03,985157.0
2023-04-04,1108155.0
2023-04-05,964688.0
2023-04-06,1022873.0
2023-04-07,956362.0
2023-04-08,885739.0
2023-04-09,936112.0
2023-04-10,947327.0
2023-04-11,1146146.0
2023-04-12,1056542.0
2023-04-13,1009669.0
2023-04-14,1016042.0
2023-04-15,1045660.0
2023-04-16,840992.0
2023-04-17,984242.0
2023-04-18,1149264.0
2023-04-19,985732.0
2023-04-20,951443.0
2023-04-21,1015546.0
2023-04-22,914896.0
2023-04-23,840711.0
2023-04-24,998948.0
2023-04-25,895988.0
2023-04-26,893248.0
2023-04-27,892914.0
2023-04-28,957827.0
2023-04-29,803633.0
2023-04-30,767567.0
2023-05-01,929691.0
2023-05-02,820724.0
2023-05-03,953701.0
2023-05-04,914598.0
2023-05-05,822037.0
2023-05-06,764917.0
2023-05-07,549932.0
2023-05-08,696710.0
2023-05-09,772112.0
2023-05-10,891517.0
2023-05-11,831417.0
2023-05-12,809188.0
2023-05-13,705679.0
2023-05-14,835319.0
2023-05-15,817441.0
2023-05-16,814467.0
2023-05-17,841652.0
2023-05-18,814709.0
2023-05-19,904374.0
2023-05-20,719434.0
2023-05-21,775828.0
2023-05-22,817592.0
2023-05-23,859507.0
2023-05-24,859470.0
2023-05-25,923963.0
2023-05-26,963216.0
2023-05-27,877266.0
2023-05-28,863880.0
2023-05-29,912071.0
2023-05-30,959148.0
2023-05-31,925966.0
2023-06-01,919298.0
2023-06-02,982760.0
2023-06-03,873884.0
2023-06-04,879948.0
2023-06-05,884289.0
2023-06-06,1032895.0
2023-06-07,1004588.0
2023-06-08,964762.0
2023-06-09,1020140.0
2023-06-10,943047.0
2023-06-11,872589.0
2023-06-12,985947.0
2023-06-13,933842.0
2023-06-14,828183.0
2023-06-15,919869.0
2023-06-16,958674.0
2023-06-17,863600.0
2023-06-18,883864.0
2023-06-19,920552.0
2023-06-20,951926.0
2023-06-21,920555.0
2023-06-22,1000988.0
2023-06-23,948738.0
2023-06-24,1011110.0
2023-06-25,944147.0
2023-06-26,998904.0
2023-06-27,978594.0
2023-06-28,826245.0
2023-06-29,970467.0
2023-06-30,1067040.0
2023-07-01,918349.0
2023-07-02,997177.0
2023-07-03,977874.0
2023-07-04,963366.0
2023-07-05,964759.0
2023-07-06,973154.0
2023-07-07,1021136.0
2023-07-08,1009931.0
2023-07-09,978223.0
2023-07-10,925790.0
2023-07-11,937945.0
2023-07-12,942309.0
2023-07-13,874515.0
2023-07-14,996373.0
2023-07-15,914738.0
2023-07-16,927843.0
2023-07-17,931087.0
2023-07-18,1028951.0
2023-07-19,969285.0
2023-07-20,901211.0
2023-07-21,855163.0
2023-07-22,923147.0
2023-07-23,894084.0
2023-07-24,894084.0
2023-07-25,894084.0
2023-07-26,1015337.0
2023-07-27,943734.0
2023-07-28,948590.0
2023-07-29,889450.0
2023-07-30,1010937.0
2023-07-31,922082.0
2023-08-01,983005.0
2023-08-02,1069904.0
2023-08-03,1030326.0
2023-08-04,912508.0
2023-08-05,992041.0
2023-08-06,973822.0
2023-08-07,952272.0
2023-08-08,874562.0
2023-08-09,1057273.0
2023-08-10,947623.0
2023-08-11,954168.0
2023-08-12,926800.0
2023-08-13,860881.0
2023-08-14,1007719.0
2023-08-15,1073564.0
2023-08-16,947796.0
2023-08-17,1050502.0
2023-08-18,1016460.0
2023-08-19,878361.0
2023-08-20,929724.0
2023-08-21,1002377.0
2023-08-22,922178.0
2023-08-23,937656.0
2023-08-24,946410.0
2023-08-25,922155.0
2023-08-26,917123.0
2023-08-27,808508.0
2023-08-28,873786.0
2023-08-29,1060996.0
2023-08-30,877649.0
2023-08-31,968985.0
2023-09-01,1051172.0
2023-09-02,955720.0
2023-09-03,864433.0
2023-09-04,920027.0
2023-09-05,940913.0
2023-09-06,1001123.0
2023-09-07,1003310.0
2023-09-08,986937.0
2023-09-09,1116330.0
2023-09-10,1049360.0
2023-09-11,1120614.0
2023-09-12,1042537.0
2023-09-13,1049105.0
2023-09-14,1131002.0
2023-09-15,1234300.0
2023-09-16,1053706.0
2023-09-17,1039207.0
2023-09-18,1125172.0
2023-09-19,1035954.0
2023-09-20,1062056.0
2023-09-21,1078476.0
2023-09-22,978848.0
2023-09-23,1090192.0
2023-09-24,1061159.0
2023-09-25,1104115.0
2023-09-26,1027673.0
2023-09-27,1072094.0
2023-09-28,1045920.0
2023-09-29,1050872.0
2023-09-30,1019753.0
2023-10-01,921731.0
2023-10-02,1027085.0
2023-10-03,1077556.0
2023-10-04,904067.0
2023-10-05,946720.0
2023-10-06,915218.0
2023-10-07,853582.0
2023-10-08,786381.0
2023-10-09,942188.0
2023-10-10,903210.0
2023-10-11,867301.0
2023-10-12,911879.0
2023-10-13,917035.0
2023-10-14,806946.0
2023-10-15,795940.0
2023-10-16,1018543.0
2023-10-17,917408.0
2023-10-18,932487.0
2023-10-19,918882.0
2023-10-20,952627.0
2023-10-21,871252.0
2023-10-22,795000.0
2023-10-23,1071672.0
2023-10-24,1021188.0
2023-10-25,1090466.0
2023-10-26,1099370.0
2023-10-27,1052994.0
2023-10-28,1018571.0
2023-10-29,909920.0
2023-10-30,1097494.0
2023-10-31,1044499.0
2023-11-01,1053031.0
2023-11-02,1062991.0
2023-11-03,990903.0
2023-11-04,1118816.0
2023-11-05,1144443.0
2023-11-06,993108.0
2023-11-07,961106.0
2023-11-08,1004807.0
2023-11-09,989778.0
2023-11-10,1127201.0
2023-11-11,1073475.0
2023-11-12,1008655.0
2023-11-13,963722.0
2023-11-14,957065.0
2023-11-15,961281.0
2023-11-16,933700.0
2023-11-17,1014052.0
2023-11-18,860889.0
2023-11-19,962703.0
2023-11-20,1064908.0
2023-11-21,1007505.0
2023-11-22,979014.0
2023-11-23,970303.0
2023-11-24,1136807.0
2023-11-25,1032695.0
2023-11-26,983533.0
2023-11-27,981736.0
2023-11-28,996007.0
2023-11-29,915309.0
2023-11-30,958958.0
2023-12-01,1131524.0
2023-12-02,860355.0
2023-12-03,919493.0
2023-12-04,1034656.0
2023-12-05,867570.0
2023-12-06,867353.0
2023-12-07,898183.0
2023-12-08,924415.0
2023-12-09,927620.0
2023-12-10,848613.0
2023-12-11,1010741.0
2023-12-12,886419.0
2023-12-13,742559.0
2023-12-14,711343.0
2023-12-15,860116.0
2023-12-16,724669.0
2023-12-17,703993.0
2023-12-18,928612.0
2023-12-19,817240.0
2023-12-20,787679.0
2023-12-21,815395.0
2023-12-22,1012121.0
2023-12-23,893092.0
2023-12-24,880971.0
2023-12-25,702609.0
2023-12-26,742922.0
2023-12-27,776011.0
2023-12-28,848615.0
2023-12-29,910761.0
2023-12-30,787521.0
2023-12-31,791644.0
2024-01-01,827239.0
2024-01-02,867688.0
2024-01-03,940343.0
2024-01-04,1010934.0
2024-01-05,813324.0
2024-01-06,808917.0
2024-01-07,713381.0
2024-01-08,756849.0
2024-01-09,902934.0
2024-01-10,839431.0
2024-01-11,960999.0
2024-01-12,987727.0
2024-01-13,845713.0
2024-01-14,722721.0
2024-01-15,786699.0
2024-01-16,782242.0
2024-01-17,809220.0
2024-01-18,897358.0
2024-01-19,806018.0
2024-01-20,817313.0
2024-01-21,767739.0
2024-01-22,951076.0
2024-01-23,865990.0
2024-01-24,899326.0
2024-01-25,1101397.0
2024-01-26,892906.0
2024-01-27,965883.0
2024-01-28,898096.0
2024-01-29,959589.0
2024-01-30,907924.0
2024-01-31,870798.0
2024-02-01,933880.0
2024-02-02,932903.0
2024-02-03,820828.0
2024-02-04,802004.0
2024-02-05,852467.0
2024-02-06,865722.0
2024-02-07,901234.0
2024-02-08,818130.0
2024-02-09,950564.0
2024-02-10,963958.0
2024-02-11,840255.0
2024-02-12,1013562.0
2024-02-13,843469.0
2024-02-14,803805.0
2024-02-15,892019.0
2024-02-16,836256.0
2024-02-17,850883.0
2024-02-18,748090.0
2024-02-19,867774.0
2024-02-20,866223.0
2024-02-21,821320.0
2024-02-22,855859.0
2024-02-23,938307.0
2024-02-24,819174.0
2024-02-25,894568.0
2024-02-26,887140.0
2024-02-27,917983.0
2024-02-28,1054242.0
2024-02-29,989364.0
2024-03-01,1058499.0
2024-03-02,843207.0
2024-03-03,868123.0
2024-03-04,889591.0
2024-03-05,1163884.0
2024-03-06,922558.0
2024-03-07,1034779.0
2024-03-08,947450.0
2024-03-09,915625.0
2024-03-10,862638.0
2024-03-11,1150718.0
2024-03-12,1016389.0
2024-03-13,1093495.0
2024-03-14,1000634.0
2024-03-15,963220.0
2024-03-16,916345.0
2024-03-17,861558.0
2024-03-18,910571.0
2024-03-19,974102.0
2024-03-20,942142.0
2024-03-21,819742.0
2024-03-22,915500.0
2024-03-23,908728.0
2024-03-24,918817.0
2024-03-25,918815.0
2024-03-26,851577.0
2024-03-27,865580.0
2024-03-28,942681.0
2024-03-29,847610.0
2024-03-30,826192.0
2024-03-31,691124.0
2024-04-01,970510.0
2024-04-02,953501.0
2024-04-03,965290.0
2024-04-04,978380.0
2024-04-05,950040.0
2024-04-06,907389.0
2024-04-07,833045.0
2024-04-08,896193.0
2024-04-09,890535.0
2024-04-10,846297.0
2024-04-11,748021.0
2024-04-12,832502.0
2024-04-13,869723.0
2024-04-14,839158.0
2024-04-15,813736.0
2024-04-16,941086.0
2024-04-17,794595.0
2024-04-18,823945.0
2024-04-19,880733.0
2024-04-20,509709.0
2024-04-21,565959.0
2024-04-22,659537.0
2024-04-23,547174.0
2024-04-24,835569.0
2024-04-25,818807.0
2024-04-26,847289.0
2024-04-27,856864.0
2024-04-28,707117.0
2024-04-29,856192.0
2024-04-30,827915.0
2024-05-01,781183.0
2024-05-02,744998.0
2024-05-03,731936.0
2024-05-04,613171.0
2024-05-05,573428.0
2024-05-06,670316.0
2024-05-07,702887.0
2024-05-08,697417.0
2024-05-09,671205.0
2024-05-10,606931.0
2024-05-11,612137.0
2024-05-12,573640.0
2024-05-13,746125.0
2024-05-14,686207.0
2024-05-15,714393.0
2024-05-16,689540.0
2024-05-17,743911.0
2024-05-18,650957.0
2024-05-19,637953.0
2024-05-20,706063.0
2024-05-21,746087.0
2024-05-22,709347.0
2024-05-23,728396.0
2024-05-24,663534.0
2024-05-25,591356.0
2024-05-26,538911.0
2024-05-27,612909.0
2024-05-28,653177.0
2024-05-29,559784.0
2024-05-30,649063.0
2024-05-31,656289.0
2024-06-01,570980.0
2024-06-02,536181.0
2024-06-03,689745.0
2024-06-04,637180.0
2024-06-05,592424.0
2024-06-06,624088.0
2024-06-07,583336.0
2024-06-08,772154.0
2024-06-09,609844.0
2024-06-10,684041.0
2024-06-11,684207.0
2024-06-12,677849.0
2024-06-13,613255.0
2024-06-14,606488.0
2024-06-15,635369.0
2024-06-16,735939.0
2024-06-17,724644.0
2024-06-18,733498.0
2024-06-19,622245.0
2024-06-20,661281.0
2024-06-21,719280.0
2024-06-22,639305.0
2024-06-23,511478.0
2024-06-24,756391.0
2024-06-25,631668.0
2024-06-26,659381.0
2024-06-27,741302.0
2024-06-28,752964.0
2024-06-29,720705.0
2024-06-30,653363.0
2024-07-01,907181.0
2024-07-02,750376.0
2024-07-03,769767.0
2024-07-04,715636.0
2024-07-05,694964.0
2024-07-06,720587.0
2024-07-07,594423.0
2024-07-08,798942.0
2024-07-09,762581.0
2024-07-10,646708.0
2024-07-11,646553.0
2024-07-12,708446.0
2024-07-13,601071.0
2024-07-14,751254.0
2024-07-15,787506.0
2024-07-16,746639.0
2024-07-17,729938.0
2024-07-18,764574.0
2024-07-19,755308.0
2024-07-20,673407.0
2024-07-21,607493.0
2024-07-22,749350.0
2024-07-23,671794.0
2024-07-24,681137.0
2024-07-25,713877.0
2024-07-26,715636.0
2024-07-27,694649.0
2024-07-28,578686.0
2024-07-29,794379.0
2024-07-30,673555.0
2024-07-31,740485.0
2024-08-01,772675.0
2024-08-02,764749.0
2024-08-03,692352.0
2024-08-04,668340.0
2024-08-05,817104.0
2024-08-06,729981.0
2024-08-07,714826.0
2024-08-08,722252.0
2024-08-09,705635.0
2024-08-10,594175.0
2024-08-11,630696.0
2024-08-12,714520.0
2024-08-13,706882.0
2024-08-14,662757.0
2024-08-15,715632.0
2024-08-16,700335.0
2024-08-17,612305.0
2024-08-18,588717.0
2024-08-19,687027.0
2024-08-20,696903.0
2024-08-21,711700.0
2024-08-22,719227.0
2024-08-23,694990.0
2024-08-24,611271.0
2024-08-25,539499.0
2024-08-26,656542.0
2024-08-27,685194.0
2024-08-28,740845.0
2024-08-29,723280.0
2024-08-30,826297.0
2024-08-31,670825.0
2024-09-01,660770.0
2024-09-02,717673.0
2024-09-03,699302.0
2024-09-04,699461.0
2024-09-05,734546.0
2024-09-06,726287.0
2024-09-07,606660.0
2024-09-08,596940.0
2024-09-09,736827.0
2024-09-10,733172.0
2024-09-11,662704.0
2024-09-12,775748.0
2024-09-13,794367.0
2024-09-14,688474.0
2024-09-15,643849.0
2024-09-16,746172.0
2024-09-17,732953.0
2024-09-18,720313.0
2024-09-19,746741.0
2024-09-20,822445.0
2024-09-21,665209.0
2024-09-22,595289.0
2024-09-23,796781.0
2024-09-24,749184.0
2024-09-25,713234.0
2024-09-26,721855.0
2024-09-27,751618.0
2024-09-28,649697.0
2024-09-29,680061.0
2024-09-30,732082.0
2024-10-01,863700.0
2024-10-02,711643.0
2024-10-03,737116.0
2024-10-04,784413.0
2024-10-05,608641.0
2024-10-06,610738.0
2024-10-07,719501.0
2024-10-08,822783.0
2024-10-09,668278.0
2024-10-10,679738.0
2024-10-11,718986.0
2024-10-12,606243.0
2024-10-13,609844.0
2024-10-14,722649.0
2024-10-15,787245.0
2024-10-16,614677.0
2024-10-17,765780.0
2024-10-18,723986.0
2024-10-19,685573.0
2024-10-20,688498.0
2024-10-21,717571.0
2024-10-22,639877.0
2024-10-23,740774.0
2024-10-24,656927.0
2024-10-25,859095.0
2024-10-26,727063.0
2024-10-27,654362.0
2024-10-28,756668.0
2024-10-29,831182.0
2024-10-30,794409.0
2024-10-31,789382.0
2024-11-01,819093.0
2024-11-02,690705.0
2024-11-03,627617.0
2024-11-04,811710.0
2024-11-05,768957.0
2024-11-06,894241.0
2024-11-07,792482.0
2024-11-08,848426.0
2024-11-09,654475.0
2024-11-10,793243.0
2024-11-11,941403.0
2024-11-12,1007782.0
2024-11-13,859128.0
2024-11-14,839766.0
2024-11-15,886479.0
2024-11-16,802492.0
2024-11-17,717710.0
2024-11-18,796834.0
2024-11-19,757888.0
2024-11-20,750264.0
2024-11-21,977195.0
2024-11-22,902930.0
2024-11-23,877099.0
2024-11-24,790852.0
2024-11-25,956417.0
2024-11-26,790710.0
2024-11-27,800136.0
2024-11-28,754947.0
2024-11-29,767132.0
2024-11-30,828664.0
2024-12-01,739652.0
2024-12-02,925715.0
2024-12-03,918415.0
2024-12-04,887569.0
2024-12-05,968792.0
2024-12-06,872253.0
2024-12-07,798958.0
2024-12-08,851865.0
2024-12-09,915304.0
2024-12-10,985635.0
2024-12-11,858578.0
2024-12-12,883811.0
2024-12-13,936834.0
2024-12-14,774578.0
2024-12-15,789756.0
2024-12-16,952348.0
2024-12-17,829977.0
2024-12-18,890898.0
2024-12-19,861604.0
2024-12-20,882836.0
2024-12-21,744752.0
2024-12-22,758970.0
2024-12-23,804969.0
2024-12-24,763920.0
2024-12-25,702219.0
2024-12-26,739743.0
2024-12-27,846364.0
2024-12-28,704798.0
2024-12-29,727603.0
2024-12-30,812462.0
2024-12-31,780332.0
2025-01-01,661798.0
2025-01-02,806065.0
2025-01-03,774077.0
2025-01-04,699568.0
2025-01-05,672568.0
2025-01-06,765227.0
2025-01-07,780759.0
2025-01-08,739012.0
2025-01-09,742304.0
2025-01-10,797315.0
2025-01-11,680515.0
2025-01-12,706797.0
2025-01-13,730319.0
2025-01-14,790420.0
2025-01-15,804761.0
2025-01-16,787871.0
2025-01-17,844973.0
2025-01-18,730835.0
2025-01-19,777201.0
2025-01-20,852334.0
2025-01-21,864025.0
2025-01-22,830610.0
2025-01-23,797154.0
2025-01-24,778133.0
2025-01-25,674223.0
2025-01-26,652111.0
2025-01-27,800741.0
2025-01-28,754559.0
2025-01-29,732357.0
2025-01-30,768553.0
2025-01-31,767144.0
2025-02-01,732561.0
2025-02-02,762118.0
2025-02-03,872269.0
2025-02-04,807567.0
2025-02-05,755489.0
2025-02-06,753978.0
2025-02-07,753607.0
2025-02-08,655694.0
2025-02-09,630935.0
2025-02-10,784554.0
2025-02-11,778968.0
2025-02-12,713585.0
2025-02-13,752473.0
2025-02-14,734111.0
2025-02-15,651702.0
2025-02-16,607272.0
2025-02-17,722465.0
2025-02-18,752996.0
2025-02-19,680832.0
2025-02-20,692965.0
2025-02-21,718521.0
2025-02-22,629577.0
2025-02-23,515136.0
2025-02-24,713984.0
2025-02-25,837361.0
2025-02-26,827083.0
2025-02-27,890859.0
2025-02-28,915297.0
2025-03-01,796043.0
2025-03-02,691454.0
2025-03-03,804674.0
2025-03-04,752956.0
2025-03-05,735786.0
2025-03-06,825264.0
2025-03-07,863520.0
2025-03-08,673352.0
2025-03-09,664954.0
2025-03-10,800739.0
2025-03-11,782819.0
2025-03-12,745460.0
2025-03-13,764889.0
2025-03-14,779781.0
2025-03-15,663845.0
2025-03-16,682615.0
2025-03-17,777796.0
2025-03-18,728748.0
2025-03-19,757656.0
2025-03-20,813034.0
2025-03-21,769088.0
2025-03-22,644074.0
2025-03-23,610837.0
2025-03-24,809888.0
2025-03-25,725387.0
2025-03-26,759292.0
2025-03-27,778898.0
2025-03-28,830965.0
2025-03-29,665765.0
2025-03-30,611195.0
2025-03-31,770064.0
2025-04-01,807365.0
2025-04-02,769838.0
2025-04-03,792583.0
2025-04-04,820433.0
2025-04-05,736838.0
2025-04-06,645459.0
2025-04-07,791618.0
2025-04-08,736263.0
2025-04-09,743091.0
2025-04-10,745006.0
2025-04-11,762968.0
2025-04-12,651244.0
2025-04-13,599557.0
2025-04-14,731158.0
2025-04-15,764894.0
2025-04-16,715957.0
2025-04-17,734302.0
2025-04-18,669757.0
2025-04-19,618431.0
2025-04-20,563502.0
2025-04-21,680575.0
2025-04-22,792265.0
2025-04-23,716670.0
2025-04-24,771761.0
2025-04-25,818112.0
2025-04-26,636351.0
2025-04-27,614897.0
2025-04-28,801464.0
2025-04-29,738376.0
2025-04-30,797218.0
2025-05-01,783416.0
2025-05-02,931165.0
2025-05-03,686500.0
2025-05-04,613491.0
2025-05-05,758965.0
2025-05-06,787857.0
2025-05-07,846613.0
2025-05-08,852697.0
2025-05-09,863281.0
2025-05-10,664831.0
2025-05-11,615305.0
2025-05-12,758453.0
2025-05-13,808191.0
2025-05-14,790244.0
2025-05-15,754318.0
2025-05-16,829195.0
2025-05-17,740377.0
2025-05-18,601421.0
2025-05-19,601421.0
2025-05-20,718046.0
2025-05-21,739140.0
2025-05-22,796779.0
2025-05-23,868642.0
2025-05-24,809410.0
2025-05-25,644711.0
2025-05-26,625162.0
2025-05-27,745729.0
2025-05-28,706571.0
2025-05-29,782052.0
2025-05-30,765279.0
2025-05-31,834229.0
2025-06-01,711975.0
2025-06-02,689965.0
2025-06-03,771787.0
2025-06-04,864048.0
2025-06-05,720304.0
2025-06-06,781431.0
2025-06-07,781673.0
2025-06-08,653737.0
2025-06-09,611460.0
2025-06-10,744523.0
2025-06-11,824315.0
2025-06-12,755087.0
2025-06-13,780705.0
2025-06-14,811764.0
2025-06-15,631338.0
2025-06-16,599893.0
2025-06-17,722329.0
2025-06-18,712578.0
2025-06-19,751671.0
2025-06-20,716269.0
2025-06-21,778947.0
2025-06-22,658427.0
2025-06-23,595271.0
2025-06-24,691705.0
2025-06-25,757208.0
2025-06-26,748961.0
2025-06-27,764181.0
2025-06-28,731987.0
2025-06-29,636115.0
2025-06-30,545712.0
2025-07-01,759866.0
2025-07-02,796482.0
2025-07-03,794995.0
2025-07-04,798168.0
2025-07-05,693948.0
2025-07-06,561792.0
2025-07-07,613042.0
2025-07-08,686261.0
2025-07-09,795709.0
2025-07-10,779022.0
2025-07-11,829216.0
2025-07-12,845548.0
2025-07-13,673470.0
2025-07-14,655163.0
2025-07-15,797345.0
2025-07-16,753728.0
2025-07-17,735726.0
2025-07-18,811618.0
2025-07-19,757713.0
2025-07-20,655287.0
2025-07-21,625098.0
2025-07-22,733805.0
2025-07-23,730808.0
2025-07-24,738717.0
2025-07-25,719805.0
2025-07-26,749904.0
2025-07-27,652309.0
2025-07-28,615345.0
2025-07-29,728095.0
2025-07-30,715626.0
2025-07-31,733090.0
2025-08-01,752871.0
2025-08-02,838177.0
2025-08-03,693800.0
2025-08-04,621756.0
2025-08-05,728238.0
2025-08-06,798131.0
2025-08-07,838450.0
2025-08-08,810557.0
2025-08-09,960615.0
2025-08-10,767705.0
2025-08-11,651290.0
2025-08-12,760684.0
2025-08-13,721420.0
2025-08-14,753168.0
2025-08-15,803997.0
2025-08-16,734665.0
2025-08-17,642573.0
2025-08-18,569807.0
2025-08-19,701698.0
2025-08-20,670399.0
2025-08-21,726389.0
2025-08-22,702511.0
2025-08-23,767825.0
2025-08-24,767825.0
2025-08-25,610390.0
2025-08-26,705894.0
2025-08-27,710999.0
2025-08-28,703023.0
2025-08-29,696912.0
2025-08-30,777455.0
2025-08-31,633372.0
2025-09-01,579281.0
2025-09-02,724476.0
2025-09-03,741440.0
2025-09-04,757257.0
2025-09-05,768977.0
2025-09-06,811569.0
2025-09-07,613246.0
2025-09-08,594567.0
2025-09-09,732824.0
2025-09-10,725526.0
2025-09-11,687721.0
2025-09-12,722040.0
2025-09-13,721666.0
2025-09-14,684987.0
2025-09-15,646063.0
2025-09-16,773239.0
2025-09-17,747555.0
2025-09-18,698218.0
2025-09-19,729042.0
2025-09-20,759748.0
2025-09-21,711626.0
2025-09-22,660574.0
2025-09-23,747221.0
2025-09-24,674195.0
2025-09-25,682109.0
2025-09-26,741811.0
2025-09-27,728767.0
2025-09-28,635310.0
2025-09-29,652543.0
2025-09-30,740289.0
2025-10-01,745290.0
2025-10-02,885196.0
2025-10-03,804780.0
2025-10-04,797887.0
2025-10-05,743257.0
2025-10-06,677933.0
2025-10-07,768110.0
2025-10-08,767705.0
2025-10-09,759929.0
2025-10-10,719972.0
2025-10-11,745662.0
2025-10-12,718136.0
2025-10-13,695884.0
2025-10-14,680803.0
2025-10-15,706371.0
2025-10-16,695775.0
2025-10-17,740169.0
2025-10-18,772447.0
2025-10-19,608801.0
2025-10-20,595209.0
2025-10-21,679663.0
2025-10-22,733522.0
2025-10-23,695833.0
2025-10-24,679681.0
2025-10-25,734616.0
2025-10-26,595504.0
2025-10-27,584836.0
2025-10-28,726782.0
2025-10-29,693980.0
2025-10-30,667087.0
2025-10-31,708971.0
2025-11-01,723709.0
2025-11-02,683092.0
2025-11-03,575622.0
2025-11-04,772175.0
2025-11-05,779122.0
2025-11-06,747953.0
2025-11-07,737224.0
2025-11-08,752529.0
2025-11-09,622449.0
2025-11-10,607063.0
2025-11-11,723219.0
2025-11-12,717240.0
2025-11-13,666761.0
2025-11-14,715565.0
2025-11-15,804891.0
2025-11-16,735457.0
2025-11-17,599175.0
2025-11-18,722706.0
2025-11-19,783873.0
2025-11-20,740835.0
2025-11-21,712914.0
2025-11-22,798210.0
2025-11-23,653472.0
2025-11-24,587259.0
2025-11-25,672046.0
2025-11-26,673473.0
2025-11-27,719513.0
2025-11-28,675201.0
2025-11-29,703533.0
2025-11-30,630159.0
2025-12-01,601718.0
2025-12-02,737081.0
2025-12-03,743961.0
2025-12-04,716757.0
2025-12-05,693069.0
2025-12-06,712886.0
2025-12-07,615281.0
2025-12-08,545020.0
2025-12-09,666566.0
2025-12-10,668386.0
2025-12-11,689654.0
2025-12-12,656012.0
2025-12-13,761375.0
2025-12-14,601306.0
2025-12-15,564048.0
2025-12-16,663223.0
2025-12-17,696716.0
2025-12-18,675987.0
2025-12-19,725880.0
2025-12-20,735738.0
2025-12-21,613352.0
2025-12-22,565021.0
2025-12-23,667969.0
2025-12-24,672116.0
2025-12-25,667297.0
2025-12-26,562104.0
2025-12-27,613757.0
2025-12-28,569638.0
2025-12-29,572908.0
2025-12-30,693511.0
2025-12-31,749500.0
2026-01-01,697063.0
2026-01-02,570904.0
2026-01-03,702623.0
2026-01-04,618923.0
2026-01-05,629824.0
2026-01-06,687169.0
2026-01-07,698247.0
2026-01-08,644966.0
2026-01-09,631893.0
2026-01-10,664665.0
2026-01-11,608784.0
2026-01-12,536405.0
2026-01-13,638422.0
2026-01-14,701272.0
2026-01-15,707589.0
2026-01-16,717904.0
2026-01-17,692686.0
2026-01-18,572689.0
2026-01-19,567075.0
2026-01-20,623139.0
2026-01-21,640908.0
2026-01-22,698736.0
2026-01-23,612517.0
2026-01-24,664123.0
2026-01-25,562317.0
2026-01-26,555249.0
2026-01-27,635513.0
2026-01-28,624246.0
2026-01-29,631786.0
2026-01-30,681624.0
2026-01-31,733411.0
2026-02-01,702918.0
2026-02-02,613261.0
2026-02-03,734473.0
2026-02-04,741467.0
2026-02-05,704812.0
2026-02-06,865167.0
2026-02-07,856992.0
2026-02-08,645574.0
2026-02-09,555675.0
2026-02-10,682068.0
2026-02-11,624916.0
2026-02-12,659141.0
2026-02-13,653355.0
2026-02-14,684978.0
2026-02-15,583422.0
2026-02-16,532309.0
2026-02-17,592609.0
2026-02-18,595445.0
2026-02-19,595919.0
2026-02-20,616639.0
2026-02-21,662947.0
2026-02-22,579813.0
2026-02-23,525709.0
2026-02-24,684644.0
2026-02-25,661423.0
2026-02-26,650235.0
2026-02-27,693519.0
2026-02-28,704075.0
2026-03-01,640533.0
2026-03-02,602506.0
2026-03-03,690831.0
2026-03-04,652464.0
2026-03-05,697294.0
2026-03-06,686708.0
2026-03-07,672019.0
2026-03-08,592224.0
2026-03-09,523172.0
2026-03-10,627803.0
2026-03-11,649875.0
2026-03-12,629140.0
2026-03-13,640192.0
2026-03-14,676568.0
2026-03-15,557544.0
2026-03-16,534462.0
2026-03-17,701802.0
2026-03-18,679525.0
2026-03-19,625137.0
2026-03-20,603884.0
2026-03-21,656663.0
2026-03-22,586709.0
2026-03-23,545348.0
2026-03-24,640101.0
2026-03-25,587472.0
2026-03-26,657017.0
2026-03-27,623105.0
2026-03-28,640242.0
2026-03-29,555352.0
2026-03-30,513446.0
2026-03-31,631420.0
2026-04-01,630351.0
2026-04-02,697142.0
2026-04-03,653581.0
2026-04-04,647348.0
2026-04-05,546885.0
2026-04-06,496633.0
2026-04-07,608673.0
2026-04-08,640745.0
2026-04-09,632101.0
2026-04-10,627910.0
2026-04-11,655019.0
2026-04-12,567547.0
2026-04-13,523902.0
2026-04-14,631173.0
2026-04-15,648935.0
2026-04-16,648996.0
2026-04-17,642428.0
2026-04-18,666008.0
2026-04-19,571160.0
2026-04-20,510705.0
2026-04-21,630657.0
2026-04-22,627674.0
2026-04-23,658718.0
2026-04-24,624801.0
2026-04-25,669638.0
2026-04-26,548575.0
2026-04-27,527244.0
2026-04-28,639267.0
2026-04-29,624691.0
2026-04-30,631076.0
2026-05-01,685346.0
2026-05-02,751425.0
2026-05-03,620486.0
2026-05-04,583469.0
2026-05-05,722079.0
2026-05-06,721256.0
2026-05-07,727700.0
2026-05-08,759390.0
2026-05-09,677277.0
2026-05-10,818423.0
2026-05-11,525874.0
2026-05-12,615823.0
2026-05-13,612683.0
2026-05-14,643577.0
2026-05-15,633568.0
2026-05-16,669184.0
2026-05-17,572496.0
2026-05-18,564015.0
2026-05-19,639384.0
2026-05-20,631608.0
2026-05-21,648310.0
2026-05-22,630942.0
2026-05-23,671333.0
2026-05-24,573855.0
2026-05-25,488204.0
2026-05-26,608973.0
2026-05-27,625482.0
2026-05-28,608435.0
2026-05-29,622022.0
2026-05-30,669839.0
2026-05-31,573532.0
2026-06-01,535317.0
2026-06-02,703973.0
2026-06-03,652731.0
2026-06-04,677654.0
2026-06-05,705263.0
2026-06-06,724204.0
2026-06-07,617500.0
2026-06-08,523362.0
2026-06-09,623204.0
2026-06-10,595000.0
2026-06-11,618722.0
2026-06-12,639861.0
2026-06-13,688598.0
2026-06-14,547731.0
2026-06-15,534169.0
2026-06-16,663373.0
2026-06-17,642395.0
2026-06-18,619157.0
2026-06-19,654630.0
2026-06-20,611813.0
2026-06-21,541078.0
2026-06-22,514984.0
2026-06-23,601216.0
2026-06-24,620829.0
2026-06-25,629642.0
2026-06-26,683523.0
2026-06-27,662457.0
2026-06-28,592251.0
2026-06-29,537835.0
2026-06-30,659557.0
2026-07-01,722749.0
2026-07-02,742127.0
2026-07-03,702851.0
2026-07-04,702851.0
2026-07-05,702851.0
2026-07-06,702851.0
2026-07-07,613733.0
2026-07-08,641947.0
2026-07-09,611138.0
2026-07-10,619969.0
2026-07-11,634002.0
2026-07-12,557508.0
2026-07-13,490823.0
2026-07-14,624343.0
2026-07-15,639375.0
2026-07-16,638699.0
2026-07-17,621188.0
2026-07-18,629901.0
2026-07-19,579482.0
2026-07-20,517259.0
2026-07-21,612420.0
2026-07-22,634153.0
2026-07-23,624603.0
2026-07-24,628670.0
