date,addresses_nonzero_balance
2009-01-03,1.0
2009-01-09,15.0
2009-01-10,76.0
2009-01-11,169.0
2009-01-12,268.0
2009-01-13,391.0
2009-01-14,518.0
2009-01-15,643.0
2009-01-16,749.0
2009-01-17,858.0
2009-01-18,963.0
2009-01-19,1063.0
2009-01-20,1170.0
2009-01-21,1271.0
2009-01-22,1352.0
2009-01-23,1428.0
2009-01-24,1620.0
2009-01-25,1811.0
2009-01-26,1887.0
2009-01-27,1982.0
2009-01-28,2094.0
2009-01-29,2203.0
2009-01-30,2320.0
2009-01-31,2439.0
2009-02-01,2551.0
2009-02-02,2679.0
2009-02-03,2828.0
2009-02-04,2947.0
2009-02-05,3073.0
2009-02-06,3195.0
2009-02-07,3305.0
2009-02-08,3437.0
2009-02-09,3527.0
2009-02-10,3647.0
2009-02-11,3768.0
2009-02-12,3887.0
2009-02-13,4011.0
2009-02-14,4147.0
2009-02-15,4265.0
2009-02-16,4357.0
2009-02-17,4474.0
2009-02-18,4592.0
2009-02-19,4700.0
2009-02-20,4822.0
2009-02-21,4936.0
2009-02-22,5050.0
2009-02-23,5158.0
2009-02-24,5264.0
2009-02-25,5369.0
2009-02-26,5476.0
2009-02-27,5555.0
2009-02-28,5647.0
2009-03-01,5752.0
2009-03-02,5860.0
2009-03-03,5957.0
2009-03-04,6037.0
2009-03-05,6141.0
2009-03-06,6258.0
2009-03-07,6367.0
2009-03-08,6458.0
2009-03-09,6566.0
2009-03-10,6673.0
2009-03-11,6787.0
2009-03-12,6903.0
2009-03-13,7003.0
2009-03-14,7113.0
2009-03-15,7236.0
2009-03-16,7309.0
2009-03-17,7423.0
2009-03-18,7523.0
2009-03-19,7645.0
2009-03-20,7751.0
2009-03-21,7801.0
2009-03-22,7909.0
2009-03-23,8039.0
2009-03-24,8144.0
2009-03-25,8261.0
2009-03-26,8350.0
2009-03-27,8456.0
2009-03-28,8555.0
2009-03-29,8671.0
2009-03-30,8791.0
2009-03-31,8869.0
2009-04-01,8983.0
2009-04-02,9098.0
2009-04-03,9214.0
2009-04-04,9327.0
2009-04-05,9440.0
2009-04-06,9549.0
2009-04-07,9649.0
2009-04-08,9754.0
2009-04-09,9853.0
2009-04-10,9961.0
2009-04-11,10075.0
2009-04-12,10186.0
2009-04-13,10302.0
2009-04-14,10426.0
2009-04-15,10539.0
2009-04-16,10662.0
2009-04-17,10774.0
2009-04-18,10900.0
2009-04-19,11011.0
2009-04-20,11016.0
2009-04-21,11140.0
2009-04-22,11261.0
2009-04-23,11336.0
2009-04-24,11451.0
2009-04-25,11569.0
2009-04-26,11666.0
2009-04-27,11770.0
2009-04-28,11887.0
2009-04-29,11995.0
2009-04-30,12126.0
2009-05-01,12247.0
2009-05-02,12362.0
2009-05-03,12469.0
2009-05-04,12567.0
2009-05-05,12692.0
2009-05-06,12827.0
2009-05-07,12949.0
2009-05-08,13056.0
2009-05-09,13134.0
2009-05-10,13219.0
2009-05-11,13339.0
2009-05-12,13469.0
2009-05-13,13581.0
2009-05-14,13719.0
2009-05-15,13845.0
2009-05-16,13964.0
2009-05-17,14091.0
2009-05-18,14209.0
2009-05-19,14295.0
2009-05-20,14415.0
2009-05-21,14497.0
2009-05-22,14558.0
2009-05-23,14590.0
2009-05-24,14690.0
2009-05-25,14799.0
2009-05-26,14924.0
2009-05-27,15043.0
2009-05-28,15138.0
2009-05-29,15184.0
2009-05-30,15293.0
2009-05-31,15389.0
2009-06-01,15461.0
2009-06-02,15572.0
2009-06-03,15643.0
2009-06-04,15709.0
2009-06-05,15739.0
2009-06-06,15767.0
2009-06-07,15783.0
2009-06-08,15865.0
2009-06-09,15956.0
2009-06-10,16038.0
2009-06-11,16127.0
2009-06-12,16213.0
2009-06-13,16291.0
2009-06-14,16363.0
2009-06-15,16447.0
2009-06-16,16518.0
2009-06-17,16597.0
2009-06-18,16677.0
2009-06-19,16764.0
2009-06-20,16842.0
2009-06-21,16923.0
2009-06-22,16939.0
2009-06-23,17015.0
2009-06-24,17109.0
2009-06-25,17157.0
2009-06-26,17247.0
2009-06-27,17331.0
2009-06-28,17378.0
2009-06-29,17462.0
2009-06-30,17544.0
2009-07-01,17616.0
2009-07-02,17700.0
2009-07-03,17782.0
2009-07-04,17871.0
2009-07-05,17950.0
2009-07-06,18034.0
2009-07-07,18103.0
2009-07-08,18177.0
2009-07-09,18263.0
2009-07-10,18344.0
2009-07-11,18427.0
2009-07-12,18504.0
2009-07-13,18582.0
2009-07-14,18651.0
2009-07-15,18696.0
2009-07-16,18767.0
2009-07-17,18814.0
2009-07-18,18818.0
2009-07-19,18888.0
2009-07-20,18838.0
2009-07-21,18920.0
2009-07-22,18980.0
2009-07-23,19056.0
2009-07-24,19129.0
2009-07-25,19161.0
2009-07-26,19182.0
2009-07-27,19256.0
2009-07-28,19297.0
2009-07-29,19315.0
2009-07-30,19331.0
2009-07-31,19348.0
2009-08-01,19376.0
2009-08-02,19399.0
2009-08-03,19411.0
2009-08-04,19492.0
2009-08-05,19579.0
2009-08-06,19669.0
2009-08-07,19639.0
2009-08-08,19719.0
2009-08-09,19820.0
2009-08-10,19895.0
2009-08-11,19965.0
2009-08-12,20028.0
2009-08-13,20113.0
2009-08-14,20176.0
2009-08-15,20202.0
2009-08-16,20221.0
2009-08-17,20238.0
2009-08-18,20248.0
2009-08-19,20266.0
2009-08-20,20288.0
2009-08-21,20302.0
2009-08-22,20309.0
2009-08-23,20324.0
2009-08-24,20339.0
2009-08-25,20389.0
2009-08-26,20392.0
2009-08-27,20421.0
2009-08-28,20496.0
2009-08-29,20574.0
2009-08-30,20670.0
2009-08-31,20750.0
2009-09-01,20828.0
2009-09-02,20894.0
2009-09-03,20941.0
2009-09-04,21005.0
2009-09-05,21081.0
2009-09-06,21149.0
2009-09-07,21214.0
2009-09-08,21283.0
2009-09-09,21337.0
2009-09-10,21404.0
2009-09-11,21471.0
2009-09-12,21540.0
2009-09-13,21615.0
2009-09-14,21689.0
2009-09-15,21733.0
2009-09-16,21804.0
2009-09-17,21788.0
2009-09-18,21866.0
2009-09-19,21940.0
2009-09-20,22018.0
2009-09-21,22079.0
2009-09-22,22064.0
2009-09-23,22100.0
2009-09-24,22197.0
2009-09-25,22262.0
2009-09-26,22362.0
2009-09-27,22433.0
2009-09-28,22518.0
2009-09-29,22563.0
2009-09-30,22648.0
2009-10-01,22730.0
2009-10-02,22792.0
2009-10-03,22850.0
2009-10-04,22903.0
2009-10-05,22958.0
2009-10-06,22988.0
2009-10-07,23048.0
2009-10-08,23118.0
2009-10-09,23195.0
2009-10-10,23274.0
2009-10-11,23348.0
2009-10-12,23334.0
2009-10-13,23391.0
2009-10-14,23460.0
2009-10-15,23531.0
2009-10-16,23512.0
2009-10-17,23569.0
2009-10-18,23636.0
2009-10-19,23748.0
2009-10-20,23743.0
2009-10-21,23805.0
2009-10-22,23857.0
2009-10-23,23946.0
2009-10-24,24002.0
2009-10-25,24078.0
2009-10-26,24149.0
2009-10-27,24198.0
2009-10-28,24264.0
2009-10-29,24269.0
2009-10-30,24329.0
2009-10-31,24375.0
2009-11-01,24400.0
2009-11-02,24433.0
2009-11-03,24495.0
2009-11-04,24518.0
2009-11-05,24575.0
2009-11-06,24637.0
2009-11-07,24706.0
2009-11-08,24779.0
2009-11-09,24843.0
2009-11-10,24921.0
2009-11-11,24935.0
2009-11-12,25001.0
2009-11-13,25072.0
2009-11-14,25151.0
2009-11-15,25247.0
2009-11-16,25344.0
2009-11-17,25436.0
2009-11-18,25515.0
2009-11-19,25505.0
2009-11-20,25591.0
2009-11-21,25664.0
2009-11-22,25770.0
2009-11-23,25866.0
2009-11-24,25959.0
2009-11-25,26049.0
2009-11-26,26133.0
2009-11-27,26207.0
2009-11-28,26278.0
2009-11-29,26338.0
2009-11-30,26413.0
2009-12-01,26324.0
2009-12-02,26418.0
2009-12-03,26506.0
2009-12-04,26542.0
2009-12-05,26590.0
2009-12-06,26692.0
2009-12-07,26804.0
2009-12-08,26879.0
2009-12-09,26971.0
2009-12-10,27075.0
2009-12-11,27187.0
2009-12-12,27231.0
2009-12-13,27345.0
2009-12-14,27121.0
2009-12-15,27227.0
2009-12-16,27347.0
2009-12-17,27513.0
2009-12-18,27738.0
2009-12-19,27935.0
2009-12-20,28110.0
2009-12-21,28285.0
2009-12-22,28447.0
2009-12-23,28601.0
2009-12-24,28755.0
2009-12-25,28905.0
2009-12-26,29079.0
2009-12-27,29242.0
2009-12-28,29379.0
2009-12-29,29550.0
2009-12-30,29691.0
2009-12-31,29829.0
2010-01-01,29960.0
2010-01-02,30087.0
2010-01-03,30273.0
2010-01-04,30374.0
2010-01-05,30572.0
2010-01-06,30735.0
2010-01-07,30889.0
2010-01-08,31042.0
2010-01-09,31193.0
2010-01-10,31383.0
2010-01-11,31542.0
2010-01-12,31487.0
2010-01-13,31653.0
2010-01-14,31789.0
2010-01-15,31925.0
2010-01-16,32045.0
2010-01-17,32176.0
2010-01-18,32302.0
2010-01-19,32426.0
2010-01-20,32584.0
2010-01-21,32756.0
2010-01-22,32886.0
2010-01-23,33046.0
2010-01-24,33199.0
2010-01-25,33357.0
2010-01-26,33538.0
2010-01-27,33682.0
2010-01-28,33838.0
2010-01-29,34017.0
2010-01-30,34196.0
2010-01-31,34344.0
2010-02-01,34519.0
2010-02-02,34643.0
2010-02-03,34907.0
2010-02-04,35099.0
2010-02-05,35082.0
2010-02-06,35246.0
2010-02-07,35458.0
2010-02-08,35540.0
2010-02-09,35333.0
2010-02-10,34896.0
2010-02-11,34991.0
2010-02-12,35139.0
2010-02-13,35288.0
2010-02-14,35447.0
2010-02-15,35539.0
2010-02-16,35722.0
2010-02-17,35942.0
2010-02-18,36095.0
2010-02-19,36288.0
2010-02-20,36484.0
2010-02-21,36583.0
2010-02-22,36579.0
2010-02-23,36829.0
2010-02-24,36895.0
2010-02-25,36908.0
2010-02-26,37062.0
2010-02-27,37225.0
2010-02-28,37276.0
2010-03-01,37440.0
2010-03-02,37589.0
2010-03-03,37637.0
2010-03-04,37436.0
2010-03-05,37607.0
2010-03-06,37693.0
2010-03-07,37759.0
2010-03-08,37707.0
2010-03-09,37773.0
2010-03-10,37901.0
2010-03-11,37971.0
2010-03-12,38085.0
2010-03-13,38203.0
2010-03-14,38320.0
2010-03-15,38458.0
2010-03-16,38562.0
2010-03-17,38675.0
2010-03-18,38742.0
2010-03-19,38774.0
2010-03-20,38907.0
2010-03-21,39083.0
2010-03-22,39224.0
2010-03-23,39360.0
2010-03-24,39506.0
2010-03-25,39359.0
2010-03-26,39483.0
2010-03-27,39640.0
2010-03-28,39810.0
2010-03-29,39938.0
2010-03-30,40143.0
2010-03-31,40331.0
2010-04-01,40473.0
2010-04-02,40609.0
2010-04-03,40749.0
2010-04-04,40854.0
2010-04-05,40892.0
2010-04-06,40960.0
2010-04-07,41057.0
2010-04-08,41225.0
2010-04-09,41348.0
2010-04-10,41358.0
2010-04-11,41443.0
2010-04-12,41529.0
2010-04-13,41688.0
2010-04-14,41796.0
2010-04-15,41387.0
2010-04-16,41397.0
2010-04-17,41560.0
2010-04-18,41712.0
2010-04-19,41677.0
2010-04-20,41695.0
2010-04-21,41786.0
2010-04-22,41916.0
2010-04-23,42032.0
2010-04-24,42116.0
2010-04-25,42127.0
2010-04-26,42232.0
2010-04-27,42375.0
2010-04-28,42456.0
2010-04-29,42568.0
2010-04-30,42690.0
2010-05-01,42818.0
2010-05-02,42939.0
2010-05-03,42998.0
2010-05-04,42981.0
2010-05-05,42991.0
2010-05-06,42873.0
2010-05-07,42927.0
2010-05-08,42818.0
2010-05-09,42894.0
2010-05-10,42885.0
2010-05-11,42966.0
2010-05-12,42987.0
2010-05-13,43025.0
2010-05-14,43062.0
2010-05-15,43102.0
2010-05-16,43175.0
2010-05-17,43198.0
2010-05-18,43269.0
2010-05-19,43343.0
2010-05-20,43492.0
2010-05-21,43551.0
2010-05-22,43629.0
2010-05-23,43743.0
2010-05-24,43858.0
2010-05-25,43979.0
2010-05-26,44097.0
2010-05-27,44170.0
2010-05-28,44345.0
2010-05-29,44428.0
2010-05-30,44535.0
2010-05-31,44622.0
2010-06-01,44690.0
2010-06-02,44796.0
2010-06-03,44805.0
2010-06-04,44904.0
2010-06-05,44988.0
2010-06-06,45087.0
2010-06-07,44992.0
2010-06-08,45076.0
2010-06-09,45142.0
2010-06-10,45261.0
2010-06-11,45359.0
2010-06-12,45444.0
2010-06-13,45532.0
2010-06-14,45561.0
2010-06-15,45694.0
2010-06-16,45768.0
2010-06-17,45878.0
2010-06-18,45958.0
2010-06-19,45980.0
2010-06-20,46111.0
2010-06-21,46218.0
2010-06-22,46295.0
2010-06-23,46429.0
2010-06-24,46509.0
2010-06-25,46646.0
2010-06-26,46775.0
2010-06-27,46878.0
2010-06-28,46970.0
2010-06-29,46999.0
2010-06-30,47013.0
2010-07-01,47100.0
2010-07-02,47133.0
2010-07-03,47248.0
2010-07-04,47196.0
2010-07-05,47229.0
2010-07-06,47340.0
2010-07-07,47366.0
2010-07-08,47467.0
2010-07-09,47607.0
2010-07-10,47655.0
2010-07-11,47832.0
2010-07-12,49462.0
2010-07-13,50355.0
2010-07-14,51176.0
2010-07-15,51683.0
2010-07-16,52240.0
2010-07-17,52254.0
2010-07-18,52191.0
2010-07-19,52309.0
2010-07-20,52470.0
2010-07-21,52517.0
2010-07-22,52716.0
2010-07-23,52880.0
2010-07-24,52963.0
2010-07-25,53046.0
2010-07-26,52699.0
2010-07-27,52763.0
2010-07-28,52833.0
2010-07-29,53017.0
2010-07-30,53094.0
2010-07-31,53228.0
2010-08-01,53362.0
2010-08-02,53477.0
2010-08-03,53536.0
2010-08-04,53703.0
2010-08-05,53820.0
2010-08-06,53862.0
2010-08-07,53878.0
2010-08-08,53991.0
2010-08-09,54073.0
2010-08-10,54149.0
2010-08-11,54212.0
2010-08-12,54406.0
2010-08-13,54463.0
2010-08-14,54645.0
2010-08-15,54743.0
2010-08-16,54798.0
2010-08-17,54908.0
2010-08-18,54916.0
2010-08-19,55031.0
2010-08-20,55103.0
2010-08-21,55223.0
2010-08-22,55295.0
2010-08-23,55360.0
2010-08-24,55446.0
2010-08-25,55596.0
2010-08-26,55598.0
2010-08-27,55670.0
2010-08-28,55771.0
2010-08-29,55909.0
2010-08-30,55990.0
2010-08-31,55996.0
2010-09-01,56082.0
2010-09-02,56118.0
2010-09-03,56246.0
2010-09-04,56342.0
2010-09-05,56397.0
2010-09-06,56450.0
2010-09-07,56541.0
2010-09-08,56639.0
2010-09-09,56730.0
2010-09-10,56835.0
2010-09-11,56938.0
2010-09-12,56911.0
2010-09-13,56982.0
2010-09-14,57072.0
2010-09-15,57162.0
2010-09-16,57178.0
2010-09-17,56798.0
2010-09-18,56926.0
2010-09-19,56939.0
2010-09-20,57051.0
2010-09-21,57082.0
2010-09-22,57193.0
2010-09-23,57263.0
2010-09-24,57380.0
2010-09-25,57431.0
2010-09-26,57508.0
2010-09-27,57248.0
2010-09-28,56333.0
2010-09-29,56381.0
2010-09-30,56491.0
2010-10-01,56564.0
2010-10-02,56621.0
2010-10-03,56690.0
2010-10-04,56642.0
2010-10-05,56695.0
2010-10-06,56769.0
2010-10-07,56778.0
2010-10-08,56690.0
2010-10-09,56700.0
2010-10-10,56807.0
2010-10-11,56885.0
2010-10-12,56954.0
2010-10-13,56779.0
2010-10-14,56865.0
2010-10-15,56963.0
2010-10-16,56893.0
2010-10-17,57020.0
2010-10-18,57140.0
2010-10-19,57372.0
2010-10-20,57495.0
2010-10-21,57523.0
2010-10-22,57596.0
2010-10-23,57730.0
2010-10-24,57898.0
2010-10-25,57967.0
2010-10-26,58191.0
2010-10-27,58241.0
2010-10-28,58260.0
2010-10-29,58294.0
2010-10-30,58407.0
2010-10-31,58429.0
2010-11-01,58505.0
2010-11-02,58617.0
2010-11-03,58711.0
2010-11-04,58771.0
2010-11-05,58719.0
2010-11-06,58856.0
2010-11-07,58981.0
2010-11-08,58356.0
2010-11-09,58449.0
2010-11-10,58587.0
2010-11-11,58748.0
2010-11-12,58849.0
2010-11-13,58930.0
2010-11-14,58798.0
2010-11-15,58945.0
2010-11-16,59016.0
2010-11-17,59181.0
2010-11-18,59339.0
2010-11-19,59372.0
2010-11-20,59535.0
2010-11-21,59667.0
2010-11-22,59778.0
2010-11-23,59805.0
2010-11-24,59843.0
2010-11-25,60004.0
2010-11-26,60155.0
2010-11-27,60253.0
2010-11-28,60415.0
2010-11-29,60442.0
2010-11-30,60616.0
2010-12-01,60629.0
2010-12-02,60719.0
2010-12-03,60659.0
2010-12-04,60873.0
2010-12-05,61074.0
2010-12-06,61316.0
2010-12-07,61402.0
2010-12-08,61608.0
2010-12-09,61778.0
2010-12-10,61975.0
2010-12-11,62285.0
2010-12-12,62635.0
2010-12-13,62468.0
2010-12-14,62754.0
2010-12-15,63045.0
2010-12-16,63241.0
2010-12-17,63423.0
2010-12-18,63671.0
2010-12-19,63780.0
2010-12-20,63860.0
2010-12-21,64074.0
2010-12-22,64179.0
2010-12-23,64408.0
2010-12-24,64591.0
2010-12-25,64884.0
2010-12-26,65093.0
2010-12-27,65005.0
2010-12-28,65253.0
2010-12-29,65341.0
2010-12-30,65452.0
2010-12-31,65623.0
2011-01-01,65811.0
2011-01-02,65909.0
2011-01-03,65967.0
2011-01-04,66158.0
2011-01-05,66113.0
2011-01-06,66165.0
2011-01-07,66307.0
2011-01-08,66491.0
2011-01-09,66635.0
2011-01-10,66819.0
2011-01-11,66960.0
2011-01-12,67136.0
2011-01-13,67024.0
2011-01-14,66938.0
2011-01-15,67137.0
2011-01-16,67251.0
2011-01-17,67469.0
2011-01-18,67580.0
2011-01-19,67686.0
2011-01-20,67880.0
2011-01-21,67979.0
2011-01-22,68113.0
2011-01-23,68103.0
2011-01-24,68287.0
2011-01-25,68461.0
2011-01-26,68563.0
2011-01-27,68507.0
2011-01-28,68697.0
2011-01-29,68833.0
2011-01-30,68944.0
2011-01-31,69031.0
2011-02-01,69033.0
2011-02-02,69085.0
2011-02-03,69155.0
2011-02-04,69244.0
2011-02-05,69193.0
2011-02-06,69281.0
2011-02-07,69367.0
2011-02-08,69454.0
2011-02-09,69762.0
2011-02-10,70406.0
2011-02-11,71290.0
2011-02-12,72038.0
2011-02-13,72426.0
2011-02-14,72186.0
2011-02-15,72529.0
2011-02-16,72786.0
2011-02-17,73522.0
2011-02-18,73986.0
2011-02-19,74305.0
2011-02-20,74783.0
2011-02-21,75401.0
2011-02-22,75962.0
2011-02-23,76603.0
2011-02-24,77065.0
2011-02-25,77622.0
2011-02-26,77918.0
2011-02-27,78374.0
2011-02-28,78815.0
2011-03-01,79772.0
2011-03-02,80043.0
2011-03-03,80787.0
2011-03-04,81207.0
2011-03-05,81482.0
2011-03-06,81908.0
2011-03-07,82280.0
2011-03-08,82702.0
2011-03-09,82934.0
2011-03-10,83220.0
2011-03-11,83402.0
2011-03-12,83560.0
2011-03-13,83741.0
2011-03-14,83647.0
2011-03-15,83804.0
2011-03-16,83820.0
2011-03-17,84053.0
2011-03-18,84117.0
2011-03-19,84321.0
2011-03-20,84539.0
2011-03-21,85332.0
2011-03-22,85815.0
2011-03-23,87140.0
2011-03-24,87885.0
2011-03-25,88304.0
2011-03-26,88649.0
2011-03-27,89394.0
2011-03-28,89396.0
2011-03-29,89673.0
2011-03-30,89965.0
2011-03-31,90309.0
2011-04-01,90527.0
2011-04-02,90841.0
2011-04-03,91300.0
2011-04-04,91695.0
2011-04-05,92132.0
2011-04-06,92504.0
2011-04-07,92736.0
2011-04-08,93025.0
2011-04-09,93401.0
2011-04-10,93743.0
2011-04-11,93948.0
2011-04-12,94075.0
2011-04-13,94172.0
2011-04-14,95494.0
2011-04-15,95549.0
2011-04-16,94353.0
2011-04-17,94616.0
2011-04-18,94857.0
2011-04-19,95327.0
2011-04-20,95467.0
2011-04-21,95916.0
2011-04-22,96203.0
2011-04-23,96379.0
2011-04-24,96626.0
2011-04-25,97102.0
2011-04-26,97413.0
2011-04-27,97682.0
2011-04-28,98144.0
2011-04-29,98576.0
2011-04-30,99094.0
2011-05-01,99587.0
2011-05-02,99891.0
2011-05-03,100281.0
2011-05-04,100482.0
2011-05-05,100942.0
2011-05-06,101590.0
2011-05-07,101856.0
2011-05-08,102520.0
2011-05-09,102825.0
2011-05-10,103125.0
2011-05-11,103555.0
2011-05-12,103936.0
2011-05-13,104474.0
2011-05-14,105333.0
2011-05-15,106278.0
2011-05-16,109279.0
2011-05-17,111077.0
2011-05-18,112957.0
2011-05-19,115402.0
2011-05-20,117101.0
2011-05-21,118229.0
2011-05-22,119301.0
2011-05-23,120256.0
2011-05-24,122322.0
2011-05-25,124931.0
2011-05-26,126260.0
2011-05-27,127127.0
2011-05-28,128453.0
2011-05-29,128963.0
2011-05-30,131012.0
2011-05-31,132610.0
2011-06-01,133568.0
2011-06-02,134224.0
2011-06-03,135342.0
2011-06-04,137908.0
2011-06-05,139517.0
2011-06-06,140995.0
2011-06-07,142298.0
2011-06-08,141883.0
2011-06-09,143991.0
2011-06-10,145958.0
2011-06-11,147544.0
2011-06-12,148957.0
2011-06-13,150704.0
2011-06-14,153046.0
2011-06-15,154938.0
2011-06-16,156871.0
2011-06-17,158812.0
2011-06-18,161816.0
2011-06-19,164521.0
2011-06-20,167893.0
2011-06-21,171885.0
2011-06-22,176028.0
2011-06-23,179304.0
2011-06-24,181761.0
2011-06-25,183964.0
2011-06-26,186121.0
2011-06-27,189450.0
2011-06-28,191796.0
2011-06-29,195235.0
2011-06-30,197436.0
2011-07-01,206116.0
2011-07-02,220662.0
2011-07-03,224584.0
2011-07-04,227531.0
2011-07-05,229489.0
2011-07-06,233058.0
2011-07-07,237422.0
2011-07-08,243086.0
2011-07-09,248420.0
2011-07-10,259385.0
2011-07-11,264015.0
2011-07-12,268864.0
2011-07-13,276133.0
2011-07-14,285560.0
2011-07-15,292275.0
2011-07-16,297214.0
2011-07-17,303742.0
2011-07-18,305524.0
2011-07-19,311055.0
2011-07-20,316322.0
2011-07-21,323098.0
2011-07-22,328209.0
2011-07-23,333526.0
2011-07-24,339249.0
2011-07-25,345794.0
2011-07-26,350088.0
2011-07-27,355933.0
2011-07-28,361953.0
2011-07-29,368085.0
2011-07-30,373894.0
2011-07-31,380535.0
2011-08-01,386541.0
2011-08-02,389094.0
2011-08-03,389785.0
2011-08-04,390403.0
2011-08-05,395878.0
2011-08-06,400628.0
2011-08-07,405965.0
2011-08-08,407368.0
2011-08-09,411968.0
2011-08-10,413063.0
2011-08-11,414186.0
2011-08-12,414583.0
2011-08-13,416977.0
2011-08-14,421134.0
2011-08-15,422297.0
2011-08-16,423324.0
2011-08-17,425994.0
2011-08-18,429744.0
2011-08-19,435468.0
2011-08-20,441040.0
2011-08-21,447444.0
2011-08-22,455111.0
2011-08-23,461401.0
2011-08-24,466809.0
2011-08-25,473137.0
2011-08-26,476317.0
2011-08-27,479233.0
2011-08-28,484402.0
2011-08-29,486993.0
2011-08-30,487646.0
2011-08-31,488312.0
2011-09-01,488558.0
2011-09-02,489144.0
2011-09-03,489802.0
2011-09-04,491345.0
2011-09-05,492960.0
2011-09-06,493209.0
2011-09-07,493775.0
2011-09-08,494191.0
2011-09-09,493236.0
2011-09-10,492087.0
2011-09-11,492572.0
2011-09-12,492732.0
2011-09-13,493288.0
2011-09-14,493677.0
2011-09-15,494139.0
2011-09-16,494524.0
2011-09-17,494897.0
2011-09-18,495444.0
2011-09-19,495700.0
2011-09-20,500476.0
2011-09-21,499509.0
2011-09-22,503133.0
2011-09-23,509674.0
2011-09-24,515659.0
2011-09-25,522557.0
2011-09-26,527713.0
2011-09-27,532711.0
2011-09-28,533275.0
2011-09-29,533819.0
2011-09-30,534150.0
2011-10-01,534251.0
2011-10-02,534586.0
2011-10-03,534992.0
2011-10-04,535401.0
2011-10-05,535958.0
2011-10-06,536014.0
2011-10-07,536371.0
2011-10-08,536752.0
2011-10-09,537377.0
2011-10-10,537839.0
2011-10-11,538543.0
2011-10-12,538976.0
2011-10-13,539700.0
2011-10-14,539553.0
2011-10-15,539999.0
2011-10-16,540189.0
2011-10-17,540432.0
2011-10-18,540885.0
2011-10-19,541102.0
2011-10-20,541589.0
2011-10-21,542210.0
2011-10-22,542811.0
2011-10-23,543564.0
2011-10-24,544020.0
2011-10-25,544808.0
2011-10-26,545191.0
2011-10-27,545591.0
2011-10-28,545698.0
2011-10-29,545990.0
2011-10-30,546342.0
2011-10-31,546748.0
2011-11-01,547484.0
2011-11-02,547810.0
2011-11-03,547982.0
2011-11-04,547512.0
2011-11-05,547751.0
2011-11-06,548400.0
2011-11-07,548837.0
2011-11-08,549058.0
2011-11-09,549534.0
2011-11-10,549960.0
2011-11-11,550083.0
2011-11-12,550331.0
2011-11-13,550914.0
2011-11-14,550914.0
2011-11-15,550813.0
2011-11-16,551009.0
2011-11-17,550919.0
2011-11-18,551286.0
2011-11-19,551531.0
2011-11-20,551092.0
2011-11-21,551549.0
2011-11-22,551838.0
2011-11-23,551997.0
2011-11-24,551961.0
2011-11-25,552597.0
2011-11-26,552991.0
2011-11-27,553623.0
2011-11-28,554245.0
2011-11-29,554778.0
2011-11-30,553732.0
2011-12-01,554933.0
2011-12-02,555806.0
2011-12-03,555666.0
2011-12-04,556493.0
2011-12-05,557445.0
2011-12-06,558285.0
2011-12-07,558993.0
2011-12-08,557364.0
2011-12-09,558071.0
2011-12-10,558346.0
2011-12-11,558096.0
2011-12-12,558287.0
2011-12-13,559745.0
2011-12-14,560252.0
2011-12-15,560632.0
2011-12-16,560981.0
2011-12-17,561302.0
2011-12-18,561881.0
2011-12-19,562244.0
2011-12-20,562406.0
2011-12-21,562746.0
2011-12-22,563313.0
2011-12-23,564307.0
2011-12-24,564926.0
2011-12-25,565638.0
2011-12-26,566626.0
2011-12-27,567329.0
2011-12-28,567593.0
2011-12-29,568201.0
2011-12-30,568603.0
2011-12-31,568666.0
2012-01-01,568982.0
2012-01-02,569342.0
2012-01-03,569063.0
2012-01-04,569427.0
2012-01-05,570049.0
2012-01-06,570214.0
2012-01-07,570427.0
2012-01-08,570773.0
2012-01-09,570634.0
2012-01-10,570746.0
2012-01-11,569709.0
2012-01-12,570235.0
2012-01-13,570729.0
2012-01-14,571432.0
2012-01-15,571678.0
2012-01-16,572339.0
2012-01-17,573070.0
2012-01-18,573809.0
2012-01-19,574440.0
2012-01-20,575217.0
2012-01-21,575636.0
2012-01-22,576164.0
2012-01-23,577003.0
2012-01-24,577569.0
2012-01-25,578282.0
2012-01-26,578779.0
2012-01-27,579211.0
2012-01-28,579785.0
2012-01-29,579350.0
2012-01-30,580205.0
2012-01-31,580957.0
2012-02-01,581563.0
2012-02-02,582249.0
2012-02-03,582907.0
2012-02-04,583075.0
2012-02-05,583417.0
2012-02-06,583676.0
2012-02-07,584024.0
2012-02-08,584775.0
2012-02-09,585722.0
2012-02-10,586054.0
2012-02-11,586146.0
2012-02-12,586454.0
2012-02-13,586828.0
2012-02-14,587290.0
2012-02-15,588278.0
2012-02-16,589327.0
2012-02-17,590085.0
2012-02-18,590969.0
2012-02-19,592302.0
2012-02-20,593422.0
2012-02-21,594121.0
2012-02-22,594749.0
2012-02-23,595468.0
2012-02-24,595992.0
2012-02-25,595680.0
2012-02-26,596389.0
2012-02-27,597199.0
2012-02-28,597559.0
2012-02-29,598343.0
2012-03-01,598582.0
2012-03-02,598613.0
2012-03-03,599163.0
2012-03-04,600435.0
2012-03-05,601262.0
2012-03-06,602063.0
2012-03-07,603293.0
2012-03-08,604290.0
2012-03-09,604681.0
2012-03-10,605357.0
2012-03-11,606110.0
2012-03-12,606707.0
2012-03-13,607677.0
2012-03-14,608215.0
2012-03-15,609337.0
2012-03-16,610261.0
2012-03-17,611430.0
2012-03-18,612926.0
2012-03-19,613365.0
2012-03-20,614551.0
2012-03-21,615663.0
2012-03-22,616486.0
2012-03-23,617148.0
2012-03-24,618223.0
2012-03-25,618554.0
2012-03-26,618901.0
2012-03-27,619427.0
2012-03-28,620268.0
2012-03-29,620796.0
2012-03-30,621444.0
2012-03-31,622199.0
2012-04-01,622679.0
2012-04-02,623197.0
2012-04-03,623295.0
2012-04-04,624223.0
2012-04-05,624895.0
2012-04-06,624987.0
2012-04-07,625725.0
2012-04-08,626656.0
2012-04-09,627311.0
2012-04-10,628665.0
2012-04-11,629544.0
2012-04-12,630363.0
2012-04-13,630998.0
2012-04-14,632180.0
2012-04-15,633308.0
2012-04-16,633816.0
2012-04-17,634036.0
2012-04-18,634632.0
2012-04-19,634845.0
2012-04-20,635243.0
2012-04-21,635772.0
2012-04-22,636574.0
2012-04-23,637334.0
2012-04-24,638177.0
2012-04-25,639100.0
2012-04-26,640854.0
2012-04-27,641381.0
2012-04-28,642211.0
2012-04-29,642998.0
2012-04-30,643813.0
2012-05-01,644607.0
2012-05-02,645601.0
2012-05-03,647302.0
2012-05-04,648144.0
2012-05-05,649338.0
2012-05-06,646769.0
2012-05-07,647118.0
2012-05-08,648242.0
2012-05-09,648849.0
2012-05-10,649378.0
2012-05-11,649864.0
2012-05-12,650664.0
2012-05-13,651921.0
2012-05-14,652917.0
2012-05-15,653486.0
2012-05-16,652682.0
2012-05-17,653607.0
2012-05-18,654618.0
2012-05-19,655525.0
2012-05-20,656639.0
2012-05-21,658296.0
2012-05-22,659967.0
2012-05-23,661153.0
2012-05-24,662893.0
2012-05-25,663972.0
2012-05-26,664986.0
2012-05-27,666949.0
2012-05-28,668663.0
2012-05-29,668331.0
2012-05-30,669485.0
2012-05-31,671184.0
2012-06-01,672646.0
2012-06-02,673277.0
2012-06-03,676304.0
2012-06-04,675708.0
2012-06-05,678670.0
2012-06-06,680156.0
2012-06-07,679178.0
2012-06-08,680355.0
2012-06-09,681540.0
2012-06-10,684856.0
2012-06-11,687388.0
2012-06-12,687903.0
2012-06-13,693251.0
2012-06-14,695171.0
2012-06-15,694372.0
2012-06-16,696703.0
2012-06-17,699122.0
2012-06-18,701528.0
2012-06-19,702194.0
2012-06-20,703221.0
2012-06-21,704716.0
2012-06-22,706510.0
2012-06-23,706944.0
2012-06-24,708607.0
2012-06-25,710062.0
2012-06-26,712200.0
2012-06-27,712448.0
2012-06-28,713881.0
2012-06-29,715775.0
2012-06-30,718324.0
2012-07-01,721037.0
2012-07-02,723388.0
2012-07-03,724890.0
2012-07-04,724963.0
2012-07-05,725897.0
2012-07-06,728010.0
2012-07-07,730619.0
2012-07-08,732413.0
2012-07-09,733521.0
2012-07-10,736422.0
2012-07-11,738120.0
2012-07-12,739496.0
2012-07-13,739997.0
2012-07-14,741673.0
2012-07-15,742834.0
2012-07-16,743479.0
2012-07-17,745257.0
2012-07-18,746187.0
2012-07-19,744383.0
2012-07-20,746324.0
2012-07-21,748780.0
2012-07-22,752423.0
2012-07-23,754209.0
2012-07-24,753407.0
2012-07-25,755120.0
2012-07-26,757271.0
2012-07-27,759238.0
2012-07-28,764643.0
2012-07-29,764930.0
2012-07-30,764732.0
2012-07-31,767735.0
2012-08-01,768847.0
2012-08-02,770152.0
2012-08-03,771990.0
2012-08-04,773786.0
2012-08-05,776322.0
2012-08-06,779923.0
2012-08-07,783551.0
2012-08-08,784770.0
2012-08-09,784824.0
2012-08-10,787887.0
2012-08-11,790751.0
2012-08-12,795554.0
2012-08-13,802674.0
2012-08-14,805833.0
2012-08-15,805886.0
2012-08-16,808397.0
2012-08-17,811021.0
2012-08-18,814776.0
2012-08-19,803849.0
2012-08-20,801564.0
2012-08-21,803016.0
2012-08-22,804786.0
2012-08-23,808856.0
2012-08-24,811243.0
2012-08-25,813680.0
2012-08-26,815137.0
2012-08-27,817835.0
2012-08-28,821317.0
2012-08-29,824669.0
2012-08-30,826944.0
2012-08-31,829040.0
2012-09-01,833407.0
2012-09-02,835582.0
2012-09-03,837332.0
2012-09-04,834874.0
2012-09-05,838088.0
2012-09-06,839669.0
2012-09-07,839622.0
2012-09-08,841568.0
2012-09-09,844580.0
2012-09-10,846884.0
2012-09-11,849971.0
2012-09-12,853913.0
2012-09-13,855110.0
2012-09-14,856742.0
2012-09-15,859150.0
2012-09-16,861328.0
2012-09-17,862743.0
2012-09-18,866717.0
2012-09-19,872068.0
2012-09-20,877980.0
2012-09-21,879752.0
2012-09-22,881026.0
2012-09-23,883348.0
2012-09-24,885112.0
2012-09-25,890714.0
2012-09-26,892770.0
2012-09-27,896628.0
2012-09-28,900576.0
2012-09-29,901796.0
2012-09-30,903148.0
2012-10-01,906717.0
2012-10-02,908406.0
2012-10-03,907478.0
2012-10-04,908797.0
2012-10-05,912703.0
2012-10-06,917194.0
2012-10-07,919781.0
2012-10-08,924997.0
2012-10-09,927026.0
2012-10-10,930058.0
2012-10-11,934446.0
2012-10-12,941225.0
2012-10-13,942158.0
2012-10-14,947974.0
2012-10-15,948899.0
2012-10-16,949729.0
2012-10-17,956218.0
2012-10-18,953557.0
2012-10-19,949480.0
2012-10-20,948578.0
2012-10-21,950134.0
2012-10-22,952577.0
2012-10-23,951412.0
2012-10-24,954308.0
2012-10-25,954018.0
2012-10-26,953488.0
2012-10-27,953591.0
2012-10-28,954802.0
2012-10-29,949087.0
2012-10-30,951276.0
2012-10-31,953708.0
2012-11-01,954108.0
2012-11-02,956847.0
2012-11-03,960728.0
2012-11-04,961473.0
2012-11-05,962774.0
2012-11-06,965015.0
2012-11-07,967681.0
2012-11-08,969552.0
2012-11-09,971355.0
2012-11-10,970056.0
2012-11-11,973534.0
2012-11-12,975456.0
2012-11-13,978905.0
2012-11-14,982252.0
2012-11-15,984858.0
2012-11-16,984155.0
2012-11-17,993951.0
2012-11-18,996389.0
2012-11-19,998854.0
2012-11-20,1001400.0
2012-11-21,1001075.0
2012-11-22,1004538.0
2012-11-23,1005658.0
2012-11-24,1007124.0
2012-11-25,1009502.0
2012-11-26,1013013.0
2012-11-27,1014158.0
2012-11-28,1015434.0
2012-11-29,1015877.0
2012-11-30,1018730.0
2012-12-01,1021096.0
2012-12-02,1021757.0
2012-12-03,1022849.0
2012-12-04,1020634.0
2012-12-05,1021796.0
2012-12-06,1024236.0
2012-12-07,1025340.0
2012-12-08,1028851.0
2012-12-09,1028673.0
2012-12-10,1028214.0
2012-12-11,1029689.0
2012-12-12,1029262.0
2012-12-13,1030872.0
2012-12-14,1033325.0
2012-12-15,1035918.0
2012-12-16,1038566.0
2012-12-17,1042277.0
2012-12-18,1047302.0
2012-12-19,1049688.0
2012-12-20,1052725.0
2012-12-21,1055478.0
2012-12-22,1063691.0
2012-12-23,1065307.0
2012-12-24,1067517.0
2012-12-25,1070839.0
2012-12-26,1065186.0
2012-12-27,1066062.0
2012-12-28,1069134.0
2012-12-29,1068359.0
2012-12-30,1077316.0
2012-12-31,1080866.0
2013-01-01,1083516.0
2013-01-02,1087569.0
2013-01-03,1094361.0
2013-01-04,1099020.0
2013-01-05,1105306.0
2013-01-06,1108252.0
2013-01-07,1109353.0
2013-01-08,1112248.0
2013-01-09,1116044.0
2013-01-10,1116510.0
2013-01-11,1121408.0
2013-01-12,1123447.0
2013-01-13,1124947.0
2013-01-14,1125640.0
2013-01-15,1132241.0
2013-01-16,1136663.0
2013-01-17,1137241.0
2013-01-18,1140023.0
2013-01-19,1143756.0
2013-01-20,1147532.0
2013-01-21,1146917.0
2013-01-22,1146539.0
2013-01-23,1148036.0
2013-01-24,1142113.0
2013-01-25,1146167.0
2013-01-26,1147918.0
2013-01-27,1156011.0
2013-01-28,1157693.0
2013-01-29,1157111.0
2013-01-30,1158927.0
2013-01-31,1162015.0
2013-02-01,1167099.0
2013-02-02,1172996.0
2013-02-03,1177422.0
2013-02-04,1180645.0
2013-02-05,1183866.0
2013-02-06,1188708.0
2013-02-07,1192750.0
2013-02-08,1194161.0
2013-02-09,1196805.0
2013-02-10,1200601.0
2013-02-11,1200170.0
2013-02-12,1202125.0
2013-02-13,1201928.0
2013-02-14,1201613.0
2013-02-15,1203318.0
2013-02-16,1206209.0
2013-02-17,1209225.0
2013-02-18,1213528.0
2013-02-19,1217161.0
2013-02-20,1219222.0
2013-02-21,1223003.0
2013-02-22,1227297.0
2013-02-23,1232036.0
2013-02-24,1238135.0
2013-02-25,1241579.0
2013-02-26,1245899.0
2013-02-27,1248959.0
2013-02-28,1252409.0
2013-03-01,1257312.0
2013-03-02,1259910.0
2013-03-03,1262108.0
2013-03-04,1264340.0
2013-03-05,1269186.0
2013-03-06,1273202.0
2013-03-07,1274917.0
2013-03-08,1277739.0
2013-03-09,1279429.0
2013-03-10,1284553.0
2013-03-11,1284612.0
2013-03-12,1283412.0
2013-03-13,1285587.0
2013-03-14,1285972.0
2013-03-15,1289767.0
2013-03-16,1293507.0
2013-03-17,1298685.0
2013-03-18,1302831.0
2013-03-19,1305025.0
2013-03-20,1309693.0
2013-03-21,1309647.0
2013-03-22,1312507.0
2013-03-23,1311585.0
2013-03-24,1316975.0
2013-03-25,1321788.0
2013-03-26,1325484.0
2013-03-27,1331347.0
2013-03-28,1324910.0
2013-03-29,1329556.0
2013-03-30,1335191.0
2013-03-31,1339779.0
2013-04-01,1341557.0
2013-04-02,1345399.0
2013-04-03,1352730.0
2013-04-04,1356758.0
2013-04-05,1365450.0
2013-04-06,1369968.0
2013-04-07,1375356.0
2013-04-08,1392026.0
2013-04-09,1400797.0
2013-04-10,1414239.0
2013-04-11,1420761.0
2013-04-12,1425141.0
2013-04-13,1431723.0
2013-04-14,1436892.0
2013-04-15,1447717.0
2013-04-16,1453734.0
2013-04-17,1462909.0
2013-04-18,1465995.0
2013-04-19,1471322.0
2013-04-20,1475372.0
2013-04-21,1479835.0
2013-04-22,1490006.0
2013-04-23,1495539.0
2013-04-24,1499864.0
2013-04-25,1505660.0
2013-04-26,1512454.0
2013-04-27,1522429.0
2013-04-28,1570264.0
2013-04-29,1575452.0
2013-04-30,1576889.0
2013-05-01,1583035.0
2013-05-02,1586095.0
2013-05-03,1588707.0
2013-05-04,1593569.0
2013-05-05,1597770.0
2013-05-06,1600352.0
2013-05-07,1609778.0
2013-05-08,1616964.0
2013-05-09,1621879.0
2013-05-10,1627083.0
2013-05-11,1628086.0
2013-05-12,1633408.0
2013-05-13,1638504.0
2013-05-14,1642977.0
2013-05-15,1645802.0
2013-05-16,1652756.0
2013-05-17,1654497.0
2013-05-18,1658113.0
2013-05-19,1660736.0
2013-05-20,1663408.0
2013-05-21,1666554.0
2013-05-22,1670578.0
2013-05-23,1673841.0
2013-05-24,1674490.0
2013-05-25,1673456.0
2013-05-26,1672164.0
2013-05-27,1675028.0
2013-05-28,1678189.0
2013-05-29,1680585.0
2013-05-30,1682561.0
2013-05-31,1685046.0
2013-06-01,1686783.0
2013-06-02,1686845.0
2013-06-03,1685785.0
2013-06-04,1686470.0
2013-06-05,1687704.0
2013-06-06,1689559.0
2013-06-07,1689836.0
2013-06-08,1690589.0
2013-06-09,1691076.0
2013-06-10,1693266.0
2013-06-11,1698202.0
2013-06-12,1700703.0
2013-06-13,1703908.0
2013-06-14,1705548.0
2013-06-15,1706025.0
2013-06-16,1707118.0
2013-06-17,1710769.0
2013-06-18,1713679.0
2013-06-19,1716299.0
2013-06-20,1716795.0
2013-06-21,1717488.0
2013-06-22,1718524.0
2013-06-23,1718487.0
2013-06-24,1720001.0
2013-06-25,1722937.0
2013-06-26,1726090.0
2013-06-27,1729388.0
2013-06-28,1730332.0
2013-06-29,1732359.0
2013-06-30,1734556.0
2013-07-01,1736403.0
2013-07-02,1737374.0
2013-07-03,1740767.0
2013-07-04,1743579.0
2013-07-05,1746322.0
2013-07-06,1743835.0
2013-07-07,1744581.0
2013-07-08,1747763.0
2013-07-09,1749119.0
2013-07-10,1752980.0
2013-07-11,1755851.0
2013-07-12,1758074.0
2013-07-13,1757636.0
2013-07-14,1758700.0
2013-07-15,1759194.0
2013-07-16,1762219.0
2013-07-17,1765632.0
2013-07-18,1767174.0
2013-07-19,1770967.0
2013-07-20,1773183.0
2013-07-21,1774495.0
2013-07-22,1777860.0
2013-07-23,1780969.0
2013-07-24,1782400.0
2013-07-25,1782295.0
2013-07-26,1783607.0
2013-07-27,1782333.0
2013-07-28,1784356.0
2013-07-29,1786145.0
2013-07-30,1787513.0
2013-07-31,1786620.0
2013-08-01,1821774.0
2013-08-02,1824898.0
2013-08-03,1826497.0
2013-08-04,1824511.0
2013-08-05,1826755.0
2013-08-06,1830386.0
2013-08-07,1835598.0
2013-08-08,1838011.0
2013-08-09,1840077.0
2013-08-10,1842830.0
2013-08-11,1842700.0
2013-08-12,1842354.0
2013-08-13,1846181.0
2013-08-14,1849298.0
2013-08-15,1854098.0
2013-08-16,1855011.0
2013-08-17,1856434.0
2013-08-18,1857171.0
2013-08-19,1862988.0
2013-08-20,1864811.0
2013-08-21,1867159.0
2013-08-22,1870030.0
2013-08-23,1867719.0
2013-08-24,1868959.0
2013-08-25,1862687.0
2013-08-26,1862766.0
2013-08-27,1855838.0
2013-08-28,1860038.0
2013-08-29,1864624.0
2013-08-30,1864225.0
2013-08-31,1883873.0
2013-09-01,1885527.0
2013-09-02,1887932.0
2013-09-03,1888081.0
2013-09-04,1888506.0
2013-09-05,1891721.0
2013-09-06,1890738.0
2013-09-07,1890949.0
2013-09-08,1890269.0
2013-09-09,1888632.0
2013-09-10,1887019.0
2013-09-11,1888913.0
2013-09-12,1889429.0
2013-09-13,1893960.0
2013-09-14,1896963.0
2013-09-15,1898036.0
2013-09-16,1900665.0
2013-09-17,1903641.0
2013-09-18,1903586.0
2013-09-19,1906244.0
2013-09-20,1910489.0
2013-09-21,1914564.0
2013-09-22,1915433.0
2013-09-23,1918266.0
2013-09-24,1922388.0
2013-09-25,1925870.0
2013-09-26,1930050.0
2013-09-27,1930590.0
2013-09-28,1932225.0
2013-09-29,1930374.0
2013-09-30,1934300.0
2013-10-01,1935782.0
2013-10-02,1927494.0
2013-10-03,1921358.0
2013-10-04,1924299.0
2013-10-05,1925762.0
2013-10-06,1927795.0
2013-10-07,1930214.0
2013-10-08,1934420.0
2013-10-09,1940272.0
2013-10-10,1945681.0
2013-10-11,1948949.0
2013-10-12,1953231.0
2013-10-13,1957030.0
2013-10-14,1961880.0
2013-10-15,1968892.0
2013-10-16,1975120.0
2013-10-17,1978974.0
2013-10-18,1982944.0
2013-10-19,1984985.0
2013-10-20,1992885.0
2013-10-21,1995695.0
2013-10-22,2001947.0
2013-10-23,2002797.0
2013-10-24,2003182.0
2013-10-25,2003453.0
2013-10-26,2006663.0
2013-10-27,2010186.0
2013-10-28,2011570.0
2013-10-29,2016558.0
2013-10-30,2020463.0
2013-10-31,2023095.0
2013-11-01,2026658.0
2013-11-02,2031391.0
2013-11-03,2031243.0
2013-11-04,2034707.0
2013-11-05,2037012.0
2013-11-06,2026738.0
2013-11-07,2034058.0
2013-11-08,2037678.0
2013-11-09,2042460.0
2013-11-10,2044648.0
2013-11-11,2040068.0
2013-11-12,2046964.0
2013-11-13,2051297.0
2013-11-14,2058358.0
2013-11-15,2066020.0
2013-11-16,2073958.0
2013-11-17,2079090.0
2013-11-18,2091084.0
2013-11-19,2097437.0
2013-11-20,2106235.0
2013-11-21,2078793.0
2013-11-22,2085336.0
2013-11-23,2095675.0
2013-11-24,2099078.0
2013-11-25,2108996.0
2013-11-26,2122342.0
2013-11-27,2134791.0
2013-11-28,2152105.0
2013-11-29,2168810.0
2013-11-30,2187118.0
2013-12-01,2190310.0
2013-12-02,2203919.0
2013-12-03,2217814.0
2013-12-04,2226524.0
2013-12-05,2238216.0
2013-12-06,2248283.0
2013-12-07,2258525.0
2013-12-08,2265038.0
2013-12-09,2280918.0
2013-12-10,2288564.0
2013-12-11,2296216.0
2013-12-12,2302991.0
2013-12-13,2310688.0
2013-12-14,2305527.0
2013-12-15,2295961.0
2013-12-16,2301676.0
2013-12-17,2305750.0
2013-12-18,2310469.0
2013-12-19,2316848.0
2013-12-20,2316476.0
2013-12-21,2318484.0
2013-12-22,2315826.0
2013-12-23,2333525.0
2013-12-24,2342089.0
2013-12-25,2346987.0
2013-12-26,2353056.0
2013-12-27,2361629.0
2013-12-28,2359335.0
2013-12-29,2351363.0
2013-12-30,2363298.0
2013-12-31,2366403.0
2014-01-01,2371653.0
2014-01-02,2375959.0
2014-01-03,2380722.0
2014-01-04,2386458.0
2014-01-05,2390610.0
2014-01-06,2397254.0
2014-01-07,2406461.0
2014-01-08,2423644.0
2014-01-09,2431849.0
2014-01-10,2436324.0
2014-01-11,2439682.0
2014-01-12,2445759.0
2014-01-13,2458261.0
2014-01-14,2462695.0
2014-01-15,2471998.0
2014-01-16,2472813.0
2014-01-17,2483455.0
2014-01-18,2489383.0
2014-01-19,2494807.0
2014-01-20,2498595.0
2014-01-21,2504669.0
2014-01-22,2512508.0
2014-01-23,2514290.0
2014-01-24,2521977.0
2014-01-25,2525304.0
2014-01-26,2532316.0
2014-01-27,2545142.0
2014-01-28,2550361.0
2014-01-29,2558799.0
2014-01-30,2565147.0
2014-01-31,2572757.0
2014-02-01,2580659.0
2014-02-02,2583159.0
2014-02-03,2591750.0
2014-02-04,2598036.0
2014-02-05,2603817.0
2014-02-06,2612258.0
2014-02-07,2617039.0
2014-02-08,2623147.0
2014-02-09,2627398.0
2014-02-10,2640434.0
2014-02-11,2645575.0
2014-02-12,2582432.0
2014-02-13,2575039.0
2014-02-14,2574924.0
2014-02-15,2576515.0
2014-02-16,2578856.0
2014-02-17,2581491.0
2014-02-18,2584113.0
2014-02-19,2587919.0
2014-02-20,2595008.0
2014-02-21,2600728.0
2014-02-22,2603904.0
2014-02-23,2608877.0
2014-02-24,2619234.0
2014-02-25,2625917.0
2014-02-26,2631055.0
2014-02-27,2639063.0
2014-02-28,2628090.0
2014-03-01,2631332.0
2014-03-02,2634675.0
2014-03-03,2649293.0
2014-03-04,2656708.0
2014-03-05,2659347.0
2014-03-06,2665009.0
2014-03-07,2671535.0
2014-03-08,2681557.0
2014-03-09,2693110.0
2014-03-10,2694198.0
2014-03-11,2692867.0
2014-03-12,2693048.0
2014-03-13,2700382.0
2014-03-14,2678789.0
2014-03-15,2678844.0
2014-03-16,2684079.0
2014-03-17,2697264.0
2014-03-18,2704838.0
2014-03-19,2717834.0
2014-03-20,2720282.0
2014-03-21,2719415.0
2014-03-22,2714130.0
2014-03-23,2717642.0
2014-03-24,2727611.0
2014-03-25,2733117.0
2014-03-26,2738475.0
2014-03-27,2743970.0
2014-03-28,2750699.0
2014-03-29,2758048.0
2014-03-30,2769401.0
2014-03-31,2773850.0
2014-04-01,2780716.0
2014-04-02,2786441.0
2014-04-03,2772129.0
2014-04-04,2776404.0
2014-04-05,2776682.0
2014-04-06,2790407.0
2014-04-07,2792914.0
2014-04-08,2798105.0
2014-04-09,2799858.0
2014-04-10,2804270.0
2014-04-11,2808372.0
2014-04-12,2807775.0
2014-04-13,2819959.0
2014-04-14,2822985.0
2014-04-15,2817325.0
2014-04-16,2810691.0
2014-04-17,2811401.0
2014-04-18,2814664.0
2014-04-19,2813167.0
2014-04-20,2822232.0
2014-04-21,2823874.0
2014-04-22,2832454.0
2014-04-23,2840236.0
2014-04-24,2840676.0
2014-04-25,2844253.0
2014-04-26,2848323.0
2014-04-27,2853195.0
2014-04-28,2860184.0
2014-04-29,2860413.0
2014-04-30,2862137.0
2014-05-01,2867546.0
2014-05-02,2872375.0
2014-05-03,2875287.0
2014-05-04,2882400.0
2014-05-05,2888920.0
2014-05-06,2894801.0
2014-05-07,2900148.0
2014-05-08,2901520.0
2014-05-09,2903429.0
2014-05-10,2907790.0
2014-05-11,2917122.0
2014-05-12,2920519.0
2014-05-13,2923455.0
2014-05-14,2927713.0
2014-05-15,2932208.0
2014-05-16,2929773.0
2014-05-17,2919746.0
2014-05-18,2922965.0
2014-05-19,2902451.0
2014-05-20,2902116.0
2014-05-21,2904997.0
2014-05-22,2908876.0
2014-05-23,2914598.0
2014-05-24,2918295.0
2014-05-25,2928677.0
2014-05-26,2932202.0
2014-05-27,2936106.0
2014-05-28,2937829.0
2014-05-29,2940917.0
2014-05-30,2945889.0
2014-05-31,2948341.0
2014-06-01,2957396.0
2014-06-02,2960223.0
2014-06-03,2964947.0
2014-06-04,2972788.0
2014-06-05,2973788.0
2014-06-06,2970232.0
2014-06-07,2975540.0
2014-06-08,2983354.0
2014-06-09,2982061.0
2014-06-10,2976021.0
2014-06-11,2976894.0
2014-06-12,2978139.0
2014-06-13,2977284.0
2014-06-14,2978957.0
2014-06-15,2991008.0
2014-06-16,2991288.0
2014-06-17,2998496.0
2014-06-18,3002809.0
2014-06-19,3003500.0
2014-06-20,3008864.0
2014-06-21,3010946.0
2014-06-22,3022459.0
2014-06-23,3024260.0
2014-06-24,3024824.0
2014-06-25,3029007.0
2014-06-26,3033550.0
2014-06-27,3037065.0
2014-06-28,3037308.0
2014-06-29,3047570.0
2014-06-30,3051528.0
2014-07-01,3052651.0
2014-07-02,3054506.0
2014-07-03,3059315.0
2014-07-04,3066168.0
2014-07-05,3073876.0
2014-07-06,3087240.0
2014-07-07,3093839.0
2014-07-08,3096646.0
2014-07-09,3102296.0
2014-07-10,3105729.0
2014-07-11,3108071.0
2014-07-12,3115945.0
2014-07-13,3126215.0
2014-07-14,3131972.0
2014-07-15,3136830.0
2014-07-16,3144001.0
2014-07-17,3145551.0
2014-07-18,3142700.0
2014-07-19,3149295.0
2014-07-20,3164046.0
2014-07-21,3163599.0
2014-07-22,3166302.0
2014-07-23,3171633.0
2014-07-24,3173581.0
2014-07-25,3177134.0
2014-07-26,3181562.0
2014-07-27,3190277.0
2014-07-28,3193335.0
2014-07-29,3198322.0
2014-07-30,3201693.0
2014-07-31,3197887.0
2014-08-01,3203324.0
2014-08-02,3206731.0
2014-08-03,3217367.0
2014-08-04,3209626.0
2014-08-05,3216583.0
2014-08-06,3219915.0
2014-08-07,3220467.0
2014-08-08,3223603.0
2014-08-09,3228531.0
2014-08-10,3235256.0
2014-08-11,3239923.0
2014-08-12,3246146.0
2014-08-13,3250341.0
2014-08-14,3250313.0
2014-08-15,3248897.0
2014-08-16,3248525.0
2014-08-17,3262800.0
2014-08-18,3268689.0
2014-08-19,3273373.0
2014-08-20,3282482.0
2014-08-21,3289994.0
2014-08-22,3295061.0
2014-08-23,3298918.0
2014-08-24,3308845.0
2014-08-25,3311886.0
2014-08-26,3318586.0
2014-08-27,3318160.0
2014-08-28,3326528.0
2014-08-29,3329458.0
2014-08-30,3332578.0
2014-08-31,3344242.0
2014-09-01,3356133.0
2014-09-02,3354652.0
2014-09-03,3359019.0
2014-09-04,3366137.0
2014-09-05,3373493.0
2014-09-06,3381441.0
2014-09-07,3407951.0
2014-09-08,3413023.0
2014-09-09,3387834.0
2014-09-10,3349150.0
2014-09-11,3356959.0
2014-09-12,3365213.0
2014-09-13,3372754.0
2014-09-14,3392494.0
2014-09-15,3394286.0
2014-09-16,3399752.0
2014-09-17,3404139.0
2014-09-18,3411527.0
2014-09-19,3417321.0
2014-09-20,3418686.0
2014-09-21,3434902.0
2014-09-22,3435590.0
2014-09-23,3432121.0
2014-09-24,3444507.0
2014-09-25,3448603.0
2014-09-26,3455586.0
2014-09-27,3455035.0
2014-09-28,3470019.0
2014-09-29,3472343.0
2014-09-30,3476761.0
2014-10-01,3497125.0
2014-10-02,3504388.0
2014-10-03,3523149.0
2014-10-04,3533940.0
2014-10-05,3551871.0
2014-10-06,3559691.0
2014-10-07,3563341.0
2014-10-08,3569833.0
2014-10-09,3576982.0
2014-10-10,3586327.0
2014-10-11,3589361.0
2014-10-12,3590190.0
2014-10-13,3600159.0
2014-10-14,3592496.0
2014-10-15,3597964.0
2014-10-16,3605119.0
2014-10-17,3611357.0
2014-10-18,3613854.0
2014-10-19,3627168.0
2014-10-20,3628350.0
2014-10-21,3628009.0
2014-10-22,3630233.0
2014-10-23,3627893.0
2014-10-24,3629775.0
2014-10-25,3642149.0
2014-10-26,3644598.0
2014-10-27,3646431.0
2014-10-28,3651808.0
2014-10-29,3659366.0
2014-10-30,3663600.0
2014-10-31,3664947.0
2014-11-01,3666148.0
2014-11-02,3687753.0
2014-11-03,3685910.0
2014-11-04,3690315.0
2014-11-05,3696472.0
2014-11-06,3684394.0
2014-11-07,3655750.0
2014-11-08,3649635.0
2014-11-09,3670567.0
2014-11-10,3668492.0
2014-11-11,3670266.0
2014-11-12,3677820.0
2014-11-13,3683633.0
2014-11-14,3695362.0
2014-11-15,3700399.0
2014-11-16,3718233.0
2014-11-17,3716384.0
2014-11-18,3723890.0
2014-11-19,3730652.0
2014-11-20,3732251.0
2014-11-21,3737148.0
2014-11-22,3742294.0
2014-11-23,3763042.0
2014-11-24,3763099.0
2014-11-25,3764195.0
2014-11-26,3771256.0
2014-11-27,3775981.0
2014-11-28,3785192.0
2014-11-29,3786261.0
2014-11-30,3790288.0
2014-12-01,3798472.0
2014-12-02,3796129.0
2014-12-03,3797446.0
2014-12-04,3797169.0
2014-12-05,3808559.0
2014-12-06,3810285.0
2014-12-07,3837287.0
2014-12-08,3829504.0
2014-12-09,3833491.0
2014-12-10,3834589.0
2014-12-11,3835802.0
2014-12-12,3844940.0
2014-12-13,3847728.0
2014-12-14,3869826.0
2014-12-15,3868489.0
2014-12-16,3874027.0
2014-12-17,3879427.0
2014-12-18,3879753.0
2014-12-19,3883634.0
2014-12-20,3894663.0
2014-12-21,3904142.0
2014-12-22,3892549.0
2014-12-23,3882328.0
2014-12-24,3886594.0
2014-12-25,3886599.0
2014-12-26,3896382.0
2014-12-27,3900086.0
2014-12-28,3914573.0
2014-12-29,3911769.0
2014-12-30,3918685.0
2014-12-31,3922863.0
2015-01-01,3926563.0
2015-01-02,3934840.0
2015-01-03,3944337.0
2015-01-04,3951911.0
2015-01-05,3949348.0
2015-01-06,3950282.0
2015-01-07,3956612.0
2015-01-08,3963897.0
2015-01-09,3968839.0
2015-01-10,3990897.0
2015-01-11,3990741.0
2015-01-12,3992308.0
2015-01-13,3990908.0
2015-01-14,4005098.0
2015-01-15,4013168.0
2015-01-16,4019446.0
2015-01-17,4042985.0
2015-01-18,4049961.0
2015-01-19,4043804.0
2015-01-20,4050136.0
2015-01-21,4053901.0
2015-01-22,4061117.0
2015-01-23,4066317.0
2015-01-24,4066784.0
2015-01-25,4083523.0
2015-01-26,4086917.0
2015-01-27,4089884.0
2015-01-28,4087256.0
2015-01-29,4093384.0
2015-01-30,4099828.0
2015-01-31,4120995.0
2015-02-01,4127935.0
2015-02-02,4123294.0
2015-02-03,4129580.0
2015-02-04,4137010.0
2015-02-05,4133689.0
2015-02-06,4146698.0
2015-02-07,4144419.0
2015-02-08,4164121.0
2015-02-09,4165388.0
2015-02-10,4168193.0
2015-02-11,4169170.0
2015-02-12,4190557.0
2015-02-13,4224932.0
2015-02-14,4222297.0
2015-02-15,4235423.0
2015-02-16,4246191.0
2015-02-17,4259070.0
2015-02-18,4259725.0
2015-02-19,4264204.0
2015-02-20,4260156.0
2015-02-21,4270840.0
2015-02-22,4279287.0
2015-02-23,4283748.0
2015-02-24,4288270.0
2015-02-25,4293641.0
2015-02-26,4299658.0
2015-02-27,4305187.0
2015-02-28,4319444.0
2015-03-01,4319632.0
2015-03-02,4308286.0
2015-03-03,4304458.0
2015-03-04,4307244.0
2015-03-05,4311081.0
2015-03-06,4310402.0
2015-03-07,4325383.0
2015-03-08,4325026.0
2015-03-09,4329906.0
2015-03-10,4331747.0
2015-03-11,4339468.0
2015-03-12,4330849.0
2015-03-13,4329202.0
2015-03-14,4349854.0
2015-03-15,4362319.0
2015-03-16,4363381.0
2015-03-17,4373874.0
2015-03-18,4359438.0
2015-03-19,4329802.0
2015-03-20,4338849.0
2015-03-21,4358709.0
2015-03-22,4364202.0
2015-03-23,4374516.0
2015-03-24,4378390.0
2015-03-25,4386746.0
2015-03-26,4389547.0
2015-03-27,4397315.0
2015-03-28,4413973.0
2015-03-29,4415367.0
2015-03-30,4413305.0
2015-03-31,4423568.0
2015-04-01,4429225.0
2015-04-02,4434043.0
2015-04-03,4437594.0
2015-04-04,4456706.0
2015-04-05,4456176.0
2015-04-06,4456440.0
2015-04-07,4460659.0
2015-04-08,4468100.0
2015-04-09,4473440.0
2015-04-10,4482222.0
2015-04-11,4502038.0
2015-04-12,4513931.0
2015-04-13,4508117.0
2015-04-14,4510278.0
2015-04-15,4515288.0
2015-04-16,4525425.0
2015-04-17,4532329.0
2015-04-18,4551661.0
2015-04-19,4550488.0
2015-04-20,4557092.0
2015-04-21,4559714.0
2015-04-22,4566656.0
2015-04-23,4571721.0
2015-04-24,4562354.0
2015-04-25,4586503.0
2015-04-26,4586312.0
2015-04-27,4594327.0
2015-04-28,4593878.0
2015-04-29,4599298.0
2015-04-30,4604552.0
2015-05-01,4611772.0
2015-05-02,4636645.0
2015-05-03,4647654.0
2015-05-04,4645243.0
2015-05-05,4649002.0
2015-05-06,4650766.0
2015-05-07,4659388.0
2015-05-08,4685452.0
2015-05-09,4684983.0
2015-05-10,4675360.0
2015-05-11,4678464.0
2015-05-12,4673701.0
2015-05-13,4683948.0
2015-05-14,4690003.0
2015-05-15,4697781.0
2015-05-16,4716238.0
2015-05-17,4714693.0
2015-05-18,4724212.0
2015-05-19,4728829.0
2015-05-20,4734929.0
2015-05-21,4741978.0
2015-05-22,4747071.0
2015-05-23,4753153.0
2015-05-24,4764605.0
2015-05-25,4768771.0
2015-05-26,4771823.0
2015-05-27,4773521.0
2015-05-28,4779538.0
2015-05-29,4796604.0
2015-05-30,4815114.0
2015-05-31,4825171.0
2015-06-01,4828859.0
2015-06-02,4827672.0
2015-06-03,4833775.0
2015-06-04,4836296.0
2015-06-05,4840863.0
2015-06-06,4856960.0
2015-06-07,4860333.0
2015-06-08,4867874.0
2015-06-09,4874302.0
2015-06-10,4856902.0
2015-06-11,4858576.0
2015-06-12,4867659.0
2015-06-13,4872408.0
2015-06-14,4879102.0
2015-06-15,4887260.0
2015-06-16,4894455.0
2015-06-17,4885222.0
2015-06-18,4883902.0
2015-06-19,4906929.0
2015-06-20,4921450.0
2015-06-21,4924190.0
2015-06-22,4932398.0
2015-06-23,4939117.0
2015-06-24,4946389.0
2015-06-25,4948342.0
2015-06-26,4954700.0
2015-06-27,4965585.0
2015-06-28,4975815.0
2015-06-29,4977971.0
2015-06-30,4980644.0
2015-07-01,4986892.0
2015-07-02,4996296.0
2015-07-03,5000181.0
2015-07-04,5010179.0
2015-07-05,5022596.0
2015-07-06,5030473.0
2015-07-07,5047000.0
2015-07-08,5064223.0
2015-07-09,5066951.0
2015-07-10,5064973.0
2015-07-11,5078433.0
2015-07-12,5085192.0
2015-07-13,5089525.0
2015-07-14,5087592.0
2015-07-15,5096820.0
2015-07-16,5097911.0
2015-07-17,5099206.0
2015-07-18,5108291.0
2015-07-19,5121119.0
2015-07-20,5129223.0
2015-07-21,5145180.0
2015-07-22,5158290.0
2015-07-23,5160323.0
2015-07-24,5162259.0
2015-07-25,5165523.0
2015-07-26,5181980.0
2015-07-27,5190845.0
2015-07-28,5192674.0
2015-07-29,5197433.0
2015-07-30,5205157.0
2015-07-31,5207247.0
2015-08-01,5211278.0
2015-08-02,5225301.0
2015-08-03,5226081.0
2015-08-04,5244644.0
2015-08-05,5244206.0
2015-08-06,5247839.0
2015-08-07,5248362.0
2015-08-08,5263517.0
2015-08-09,5267807.0
2015-08-10,5266499.0
2015-08-11,5269891.0
2015-08-12,5280516.0
2015-08-13,5286484.0
2015-08-14,5295464.0
2015-08-15,5307041.0
2015-08-16,5317054.0
2015-08-17,5323284.0
2015-08-18,5326029.0
2015-08-19,5332959.0
2015-08-20,5337530.0
2015-08-21,5345395.0
2015-08-22,5361571.0
2015-08-23,5375176.0
2015-08-24,5374433.0
2015-08-25,5384677.0
2015-08-26,5394493.0
2015-08-27,5411029.0
2015-08-28,5416968.0
2015-08-29,5430799.0
2015-08-30,5446020.0
2015-08-31,5444493.0
2015-09-01,5448617.0
2015-09-02,5456348.0
2015-09-03,5461447.0
2015-09-04,5470410.0
2015-09-05,5490598.0
2015-09-06,5503836.0
2015-09-07,5526635.0
2015-09-08,5547381.0
2015-09-09,5570182.0
2015-09-10,5585609.0
2015-09-11,5632865.0
2015-09-12,5652334.0
2015-09-13,5669476.0
2015-09-14,5669362.0
2015-09-15,5674978.0
2015-09-16,5680745.0
2015-09-17,5698565.0
2015-09-18,5704063.0
2015-09-19,5707323.0
2015-09-20,5757975.0
2015-09-21,5795587.0
2015-09-22,5837776.0
2015-09-23,5847214.0
2015-09-24,5854192.0
2015-09-25,5857432.0
2015-09-26,5846455.0
2015-09-27,5833941.0
2015-09-28,5830756.0
2015-09-29,5803334.0
2015-09-30,5801636.0
2015-10-01,5809912.0
2015-10-02,5806174.0
2015-10-03,5813574.0
2015-10-04,5839615.0
2015-10-05,5841295.0
2015-10-06,5827919.0
2015-10-07,5835224.0
2015-10-08,5844191.0
2015-10-09,5851500.0
2015-10-10,5875902.0
2015-10-11,5890419.0
2015-10-12,5883056.0
2015-10-13,5882655.0
2015-10-14,5886341.0
2015-10-15,5892246.0
2015-10-16,5894517.0
2015-10-17,5902283.0
2015-10-18,5909822.0
2015-10-19,5905518.0
2015-10-20,5888350.0
2015-10-21,5892858.0
2015-10-22,5904874.0
2015-10-23,5883495.0
2015-10-24,5907876.0
2015-10-25,5896111.0
2015-10-26,5845940.0
2015-10-27,5868967.0
2015-10-28,5881070.0
2015-10-29,5862192.0
2015-10-30,5868543.0
2015-10-31,5892536.0
2015-11-01,5902872.0
2015-11-02,5886307.0
2015-11-03,5911886.0
2015-11-04,5918281.0
2015-11-05,5920167.0
2015-11-06,5938695.0
2015-11-07,5956850.0
2015-11-08,5988935.0
2015-11-09,5972651.0
2015-11-10,5969914.0
2015-11-11,5977983.0
2015-11-12,5996556.0
2015-11-13,6017639.0
2015-11-14,6053751.0
2015-11-15,6061498.0
2015-11-16,6046158.0
2015-11-17,6049378.0
2015-11-18,6055260.0
2015-11-19,6066944.0
2015-11-20,6079804.0
2015-11-21,6090812.0
2015-11-22,6113751.0
2015-11-23,6118408.0
2015-11-24,6138017.0
2015-11-25,6139580.0
2015-11-26,6138704.0
2015-11-27,6147940.0
2015-11-28,6185429.0
2015-11-29,6176941.0
2015-11-30,6179375.0
2015-12-01,6196097.0
2015-12-02,6215466.0
2015-12-03,6211581.0
2015-12-04,6218440.0
2015-12-05,6249869.0
2015-12-06,6278138.0
2015-12-07,6263799.0
2015-12-08,6280787.0
2015-12-09,6287074.0
2015-12-10,6308011.0
2015-12-11,6350837.0
2015-12-12,6387963.0
2015-12-13,6422323.0
2015-12-14,6401648.0
2015-12-15,6437542.0
2015-12-16,6450005.0
2015-12-17,6472123.0
2015-12-18,6492212.0
2015-12-19,6548584.0
2015-12-20,6585504.0
2015-12-21,6595910.0
2015-12-22,6627527.0
2015-12-23,6643914.0
2015-12-24,6674842.0
2015-12-25,6713106.0
2015-12-26,6740021.0
2015-12-27,6755875.0
2015-12-28,6770435.0
2015-12-29,6768386.0
2015-12-30,6800784.0
2015-12-31,6796548.0
2016-01-01,6813666.0
2016-01-02,6798517.0
2016-01-03,6817426.0
2016-01-04,6825803.0
2016-01-05,6833651.0
2016-01-06,6843666.0
2016-01-07,6867537.0
2016-01-08,6865116.0
2016-01-09,6887950.0
2016-01-10,6911043.0
2016-01-11,6918761.0
2016-01-12,6939931.0
2016-01-13,6942082.0
2016-01-14,6950428.0
2016-01-15,6962465.0
2016-01-16,6965694.0
2016-01-17,6991150.0
2016-01-18,6991019.0
2016-01-19,6994557.0
2016-01-20,6911015.0
2016-01-21,6912855.0
2016-01-22,6892511.0
2016-01-23,6907112.0
2016-01-24,6941839.0
2016-01-25,6945371.0
2016-01-26,6958158.0
2016-01-27,6964260.0
2016-01-28,6964908.0
2016-01-29,6934687.0
2016-01-30,6941096.0
2016-01-31,6957647.0
2016-02-01,6868485.0
2016-02-02,6772887.0
2016-02-03,6684545.0
2016-02-04,6716049.0
2016-02-05,6729751.0
2016-02-06,6767357.0
2016-02-07,6829017.0
2016-02-08,6848508.0
2016-02-09,6857227.0
2016-02-10,6871133.0
2016-02-11,6901765.0
2016-02-12,6939069.0
2016-02-13,6971125.0
2016-02-14,7000995.0
2016-02-15,7024579.0
2016-02-16,7052507.0
2016-02-17,7081992.0
2016-02-18,7119588.0
2016-02-19,7122594.0
2016-02-20,7149697.0
2016-02-21,7174524.0
2016-02-22,7230472.0
2016-02-23,7243327.0
2016-02-24,7258940.0
2016-02-25,7257196.0
2016-02-26,7271823.0
2016-02-27,7283215.0
2016-02-28,7352122.0
2016-02-29,7390618.0
2016-03-01,7429843.0
2016-03-02,7439656.0
2016-03-03,7446063.0
2016-03-04,7393053.0
2016-03-05,7377325.0
2016-03-06,7387480.0
2016-03-07,7397330.0
2016-03-08,7408835.0
2016-03-09,7331331.0
2016-03-10,7356684.0
2016-03-11,7379935.0
2016-03-12,7404265.0
2016-03-13,7422243.0
2016-03-14,7439087.0
2016-03-15,7460820.0
2016-03-16,7484001.0
2016-03-17,7504862.0
2016-03-18,7527109.0
2016-03-19,7559915.0
2016-03-20,7586320.0
2016-03-21,7594479.0
2016-03-22,7622432.0
2016-03-23,7651206.0
2016-03-24,7657889.0
2016-03-25,7681505.0
2016-03-26,7629200.0
2016-03-27,7631687.0
2016-03-28,7560515.0
2016-03-29,7381748.0
2016-03-30,7344340.0
2016-03-31,7357271.0
2016-04-01,7341282.0
2016-04-02,7314200.0
2016-04-03,7318806.0
2016-04-04,7334663.0
2016-04-05,7346501.0
2016-04-06,7369759.0
2016-04-07,7400955.0
2016-04-08,7428300.0
2016-04-09,7455058.0
2016-04-10,7509063.0
2016-04-11,7526720.0
2016-04-12,7549703.0
2016-04-13,7550074.0
2016-04-14,7559262.0
2016-04-15,7587254.0
2016-04-16,7602467.0
2016-04-17,7617934.0
2016-04-18,7636826.0
2016-04-19,7657758.0
2016-04-20,7661631.0
2016-04-21,7689356.0
2016-04-22,7702459.0
2016-04-23,7735481.0
2016-04-24,7754376.0
2016-04-25,7772369.0
2016-04-26,7793207.0
2016-04-27,7809100.0
2016-04-28,7826118.0
2016-04-29,7844053.0
2016-04-30,7862747.0
2016-05-01,7892042.0
2016-05-02,7905192.0
2016-05-03,7918672.0
2016-05-04,7919947.0
2016-05-05,7932031.0
2016-05-06,7948544.0
2016-05-07,7961858.0
2016-05-08,7980473.0
2016-05-09,8005224.0
2016-05-10,8025286.0
2016-05-11,8039872.0
2016-05-12,8059825.0
2016-05-13,8082812.0
2016-05-14,8095114.0
2016-05-15,8112849.0
2016-05-16,8154627.0
2016-05-17,8178471.0
2016-05-18,8199258.0
2016-05-19,8219716.0
2016-05-20,8233972.0
2016-05-21,8204122.0
2016-05-22,8190258.0
2016-05-23,8217693.0
2016-05-24,8228547.0
2016-05-25,8240114.0
2016-05-26,8261904.0
2016-05-27,8259655.0
2016-05-28,8264388.0
2016-05-29,8283964.0
2016-05-30,8269074.0
2016-05-31,8294247.0
2016-06-01,8316520.0
2016-06-02,8338275.0
2016-06-03,8361551.0
2016-06-04,8391141.0
2016-06-05,8413993.0
2016-06-06,8434992.0
2016-06-07,8473994.0
2016-06-08,8505768.0
2016-06-09,8538799.0
2016-06-10,8559455.0
2016-06-11,8583233.0
2016-06-12,8591853.0
2016-06-13,8595565.0
2016-06-14,8625301.0
2016-06-15,8636220.0
2016-06-16,8674091.0
2016-06-17,8681884.0
2016-06-18,8671461.0
2016-06-19,8682634.0
2016-06-20,8729512.0
2016-06-21,8737585.0
2016-06-22,8734741.0
2016-06-23,8760958.0
2016-06-24,8787395.0
2016-06-25,8781941.0
2016-06-26,8774804.0
2016-06-27,8788765.0
2016-06-28,8802344.0
2016-06-29,8823850.0
2016-06-30,8844812.0
2016-07-01,8840857.0
2016-07-02,8849467.0
2016-07-03,8884843.0
2016-07-04,8909885.0
2016-07-05,8916538.0
2016-07-06,8942204.0
2016-07-07,8959721.0
2016-07-08,8977771.0
2016-07-09,9010575.0
2016-07-10,9040632.0
2016-07-11,9059445.0
2016-07-12,9084263.0
2016-07-13,9117140.0
2016-07-14,9121061.0
2016-07-15,9146835.0
2016-07-16,9150363.0
2016-07-17,9152422.0
2016-07-18,9164670.0
2016-07-19,9181948.0
2016-07-20,9199264.0
2016-07-21,9222768.0
2016-07-22,9243538.0
2016-07-23,9240097.0
2016-07-24,9259594.0
2016-07-25,9272202.0
2016-07-26,9299040.0
2016-07-27,9310808.0
2016-07-28,9322034.0
2016-07-29,9326904.0
2016-07-30,9364301.0
2016-07-31,9328875.0
2016-08-01,9339349.0
2016-08-02,9349139.0
2016-08-03,9366320.0
2016-08-04,9379852.0
2016-08-05,9404716.0
2016-08-06,9434471.0
2016-08-07,9434082.0
2016-08-08,9442203.0
2016-08-09,9478792.0
2016-08-10,9491061.0
2016-08-11,9506091.0
2016-08-12,9524460.0
2016-08-13,9571703.0
2016-08-14,9603605.0
2016-08-15,9575629.0
2016-08-16,9594970.0
2016-08-17,9608792.0
2016-08-18,9610621.0
2016-08-19,9629211.0
2016-08-20,9669078.0
2016-08-21,9700121.0
2016-08-22,9708808.0
2016-08-23,9720970.0
2016-08-24,9749152.0
2016-08-25,9784562.0
2016-08-26,9808979.0
2016-08-27,9835899.0
2016-08-28,9847924.0
2016-08-29,9839270.0
2016-08-30,9852577.0
2016-08-31,9862606.0
2016-09-01,9877856.0
2016-09-02,9905711.0
2016-09-03,9921470.0
2016-09-04,9945590.0
2016-09-05,9960917.0
2016-09-06,9985622.0
2016-09-07,9993188.0
2016-09-08,10020063.0
2016-09-09,10032547.0
2016-09-10,10060945.0
2016-09-11,10107515.0
2016-09-12,10116913.0
2016-09-13,10118403.0
2016-09-14,10140152.0
2016-09-15,10171102.0
2016-09-16,10195419.0
2016-09-17,10214005.0
2016-09-18,10231154.0
2016-09-19,10254519.0
2016-09-20,10287654.0
2016-09-21,10318802.0
2016-09-22,10342618.0
2016-09-23,10375087.0
2016-09-24,10396105.0
2016-09-25,10429852.0
2016-09-26,10447250.0
2016-09-27,10461422.0
2016-09-28,10483950.0
2016-09-29,10510705.0
2016-09-30,10538853.0
2016-10-01,10566096.0
2016-10-02,10589606.0
2016-10-03,10603398.0
2016-10-04,10638370.0
2016-10-05,10664979.0
2016-10-06,10698130.0
2016-10-07,10737348.0
2016-10-08,10776078.0
2016-10-09,10811878.0
2016-10-10,10839775.0
2016-10-11,10849123.0
2016-10-12,10855875.0
2016-10-13,10835371.0
2016-10-14,10867220.0
2016-10-15,10888004.0
2016-10-16,10908908.0
2016-10-17,10926511.0
2016-10-18,10941719.0
2016-10-19,10955799.0
2016-10-20,10965525.0
2016-10-21,10991950.0
2016-10-22,10996108.0
2016-10-23,10983636.0
2016-10-24,10969408.0
2016-10-25,10959607.0
2016-10-26,10936983.0
2016-10-27,10951401.0
2016-10-28,10987295.0
2016-10-29,11022747.0
2016-10-30,11047601.0
2016-10-31,11079194.0
2016-11-01,11067142.0
2016-11-02,11100853.0
2016-11-03,11140619.0
2016-11-04,11183205.0
2016-11-05,11230366.0
2016-11-06,11269029.0
2016-11-07,11302752.0
2016-11-08,11336251.0
2016-11-09,11357590.0
2016-11-10,11395166.0
2016-11-11,11436890.0
2016-11-12,11475055.0
2016-11-13,11509843.0
2016-11-14,11539337.0
2016-11-15,11583203.0
2016-11-16,11620121.0
2016-11-17,11652911.0
2016-11-18,11699317.0
2016-11-19,11753723.0
2016-11-20,11790995.0
2016-11-21,11851538.0
2016-11-22,11910721.0
2016-11-23,11922776.0
2016-11-24,11944921.0
2016-11-25,11974359.0
2016-11-26,11985852.0
2016-11-27,12005668.0
2016-11-28,12019975.0
2016-11-29,12044496.0
2016-11-30,12092068.0
2016-12-01,12061624.0
2016-12-02,12133095.0
2016-12-03,12136330.0
2016-12-04,12095594.0
2016-12-05,12125064.0
2016-12-06,12172519.0
2016-12-07,12174066.0
2016-12-08,12197031.0
2016-12-09,12227430.0
2016-12-10,12250053.0
2016-12-11,12279321.0
2016-12-12,12310521.0
2016-12-13,12338376.0
2016-12-14,12395253.0
2016-12-15,12441831.0
2016-12-16,12477584.0
2016-12-17,12521870.0
2016-12-18,12525800.0
2016-12-19,12551149.0
2016-12-20,12586842.0
2016-12-21,12607796.0
2016-12-22,12633056.0
2016-12-23,12673785.0
2016-12-24,12689386.0
2016-12-25,12701945.0
2016-12-26,12721025.0
2016-12-27,12758265.0
2016-12-28,12796619.0
2016-12-29,12836335.0
2016-12-30,12862294.0
2016-12-31,12902609.0
2017-01-01,12923387.0
2017-01-02,12927591.0
2017-01-03,12973282.0
2017-01-04,13017467.0
2017-01-05,13044707.0
2017-01-06,13098525.0
2017-01-07,13128088.0
2017-01-08,13138670.0
2017-01-09,13180415.0
2017-01-10,13213240.0
2017-01-11,13244471.0
2017-01-12,13276180.0
2017-01-13,13331086.0
2017-01-14,13347488.0
2017-01-15,13362799.0
2017-01-16,13373329.0
2017-01-17,13399487.0
2017-01-18,13438697.0
2017-01-19,13451452.0
2017-01-20,13488328.0
2017-01-21,13503962.0
2017-01-22,13519358.0
2017-01-23,13492288.0
2017-01-24,13486898.0
2017-01-25,13490286.0
2017-01-26,13472227.0
2017-01-27,13451626.0
2017-01-28,13456947.0
2017-01-29,13437063.0
2017-01-30,13429858.0
2017-01-31,13472358.0
2017-02-01,13494061.0
2017-02-02,13489414.0
2017-02-03,13559570.0
2017-02-04,13583870.0
2017-02-05,13592910.0
2017-02-06,13570630.0
2017-02-07,13625307.0
2017-02-08,13663157.0
2017-02-09,13689633.0
2017-02-10,13718742.0
2017-02-11,13732428.0
2017-02-12,13734070.0
2017-02-13,13746878.0
2017-02-14,13792403.0
2017-02-15,13837671.0
2017-02-16,13827692.0
2017-02-17,13881415.0
2017-02-18,13890247.0
2017-02-19,13914395.0
2017-02-20,13932658.0
2017-02-21,13954837.0
2017-02-22,13994070.0
2017-02-23,14049351.0
2017-02-24,14087867.0
2017-02-25,14106144.0
2017-02-26,14076932.0
2017-02-27,14108172.0
2017-02-28,14154579.0
2017-03-01,14199865.0
2017-03-02,14235849.0
2017-03-03,14299948.0
2017-03-04,14337012.0
2017-03-05,14354946.0
2017-03-06,14404831.0
2017-03-07,14445677.0
2017-03-08,14465892.0
2017-03-09,14496603.0
2017-03-10,14507559.0
2017-03-11,14514350.0
2017-03-12,14497508.0
2017-03-13,14507306.0
2017-03-14,14520595.0
2017-03-15,14551505.0
2017-03-16,14609663.0
2017-03-17,14612715.0
2017-03-18,14615067.0
2017-03-19,14631562.0
2017-03-20,14677362.0
2017-03-21,14716237.0
2017-03-22,14724592.0
2017-03-23,14755411.0
2017-03-24,14759379.0
2017-03-25,14808762.0
2017-03-26,14848349.0
2017-03-27,14873111.0
2017-03-28,14890414.0
2017-03-29,14941009.0
2017-03-30,14944195.0
2017-03-31,14978858.0
2017-04-01,15011945.0
2017-04-02,15030218.0
2017-04-03,15053852.0
2017-04-04,15098179.0
2017-04-05,15129968.0
2017-04-06,15159852.0
2017-04-07,15162572.0
2017-04-08,15204523.0
2017-04-09,15205737.0
2017-04-10,15268251.0
2017-04-11,15299531.0
2017-04-12,15356654.0
2017-04-13,15365611.0
2017-04-14,15423208.0
2017-04-15,15451289.0
2017-04-16,15442711.0
2017-04-17,15486449.0
2017-04-18,15538748.0
2017-04-19,15593131.0
2017-04-20,15587600.0
2017-04-21,15622362.0
2017-04-22,15663681.0
2017-04-23,15687415.0
2017-04-24,15697410.0
2017-04-25,15755559.0
2017-04-26,15823489.0
2017-04-27,15856439.0
2017-04-28,15931393.0
2017-04-29,15963312.0
2017-04-30,15954770.0
2017-05-01,15994333.0
2017-05-02,16040709.0
2017-05-03,16106451.0
2017-05-04,16177865.0
2017-05-05,16229253.0
2017-05-06,16291954.0
2017-05-07,16294905.0
2017-05-08,16345184.0
2017-05-09,16400858.0
2017-05-10,16457303.0
2017-05-11,16530218.0
2017-05-12,16599389.0
2017-05-13,16651928.0
2017-05-14,16716848.0
2017-05-15,16755358.0
2017-05-16,16724786.0
2017-05-17,16756993.0
2017-05-18,16772731.0
2017-05-19,16803250.0
2017-05-20,16844530.0
2017-05-21,16903025.0
2017-05-22,16977052.0
2017-05-23,17043501.0
2017-05-24,17121962.0
2017-05-25,17201418.0
2017-05-26,17286488.0
2017-05-27,17309063.0
2017-05-28,17279605.0
2017-05-29,17339845.0
2017-05-30,17391569.0
2017-05-31,17440081.0
2017-06-01,17466952.0
2017-06-02,17486347.0
2017-06-03,17435834.0
2017-06-04,17448322.0
2017-06-05,17463683.0
2017-06-06,17524914.0
2017-06-07,17557484.0
2017-06-08,17573268.0
2017-06-09,17600929.0
2017-06-10,17623722.0
2017-06-11,17611665.0
2017-06-12,17642995.0
2017-06-13,17723607.0
2017-06-14,17767563.0
2017-06-15,17771566.0
2017-06-16,17790536.0
2017-06-17,17792486.0
2017-06-18,17766782.0
2017-06-19,17771806.0
2017-06-20,17856543.0
2017-06-21,17923255.0
2017-06-22,17916415.0
2017-06-23,17914990.0
2017-06-24,17918452.0
2017-06-25,17915921.0
2017-06-26,17918356.0
2017-06-27,17987920.0
2017-06-28,17994249.0
2017-06-29,18020465.0
2017-06-30,18032294.0
2017-07-01,18011636.0
2017-07-02,17982926.0
2017-07-03,17994380.0
2017-07-04,18040562.0
2017-07-05,18063489.0
2017-07-06,18084234.0
2017-07-07,18143976.0
2017-07-08,18136408.0
2017-07-09,18151340.0
2017-07-10,18193080.0
2017-07-11,18216111.0
2017-07-12,18196390.0
2017-07-13,18218381.0
2017-07-14,18245336.0
2017-07-15,18232919.0
2017-07-16,18205746.0
2017-07-17,18188698.0
2017-07-18,18167838.0
2017-07-19,18168306.0
2017-07-20,18181206.0
2017-07-21,18185811.0
2017-07-22,18149280.0
2017-07-23,18127503.0
2017-07-24,18121199.0
2017-07-25,18152584.0
2017-07-26,18141374.0
2017-07-27,18088721.0
2017-07-28,18089938.0
2017-07-29,18040013.0
2017-07-30,18028289.0
2017-07-31,18014718.0
2017-08-01,18005798.0
2017-08-02,17997697.0
2017-08-03,18007306.0
2017-08-04,18011292.0
2017-08-05,18009931.0
2017-08-06,18044670.0
2017-08-07,18084299.0
2017-08-08,18113083.0
2017-08-09,18148739.0
2017-08-10,18176401.0
2017-08-11,18229390.0
2017-08-12,18269356.0
2017-08-13,18277188.0
2017-08-14,18349352.0
2017-08-15,18435460.0
2017-08-16,18502185.0
2017-08-17,18504952.0
2017-08-18,18570220.0
2017-08-19,18590771.0
2017-08-20,18595223.0
2017-08-21,18665427.0
2017-08-22,18738420.0
2017-08-23,18759596.0
2017-08-24,18804780.0
2017-08-25,18901418.0
2017-08-26,18954940.0
2017-08-27,18920990.0
2017-08-28,18966548.0
2017-08-29,18980540.0
2017-08-30,18961291.0
2017-08-31,18972656.0
2017-09-01,19012482.0
2017-09-02,19062850.0
2017-09-03,19069541.0
2017-09-04,19086981.0
2017-09-05,19122896.0
2017-09-06,19148298.0
2017-09-07,19110115.0
2017-09-08,19119229.0
2017-09-09,19121728.0
2017-09-10,19131961.0
2017-09-11,19145409.0
2017-09-12,19183401.0
2017-09-13,19214489.0
2017-09-14,19218276.0
2017-09-15,19264964.0
2017-09-16,19288677.0
2017-09-17,19312350.0
2017-09-18,19337486.0
2017-09-19,19337615.0
2017-09-20,19386642.0
2017-09-21,19414236.0
2017-09-22,19471979.0
2017-09-23,19497075.0
2017-09-24,19505665.0
2017-09-25,19545254.0
2017-09-26,19564031.0
2017-09-27,19619933.0
2017-09-28,19643784.0
2017-09-29,19695139.0
2017-09-30,19720532.0
2017-10-01,19719035.0
2017-10-02,19745782.0
2017-10-03,19774370.0
2017-10-04,19823980.0
2017-10-05,19871889.0
2017-10-06,19894722.0
2017-10-07,19940467.0
2017-10-08,19934852.0
2017-10-09,19949502.0
2017-10-10,19970956.0
2017-10-11,20033586.0
2017-10-12,20080621.0
2017-10-13,20199563.0
2017-10-14,20243531.0
2017-10-15,20235631.0
2017-10-16,20287733.0
2017-10-17,20350340.0
2017-10-18,20441814.0
2017-10-19,20490555.0
2017-10-20,20557908.0
2017-10-21,20609604.0
2017-10-22,20598380.0
2017-10-23,20635752.0
2017-10-24,20684925.0
2017-10-25,20669788.0
2017-10-26,20728127.0
2017-10-27,20846421.0
2017-10-28,20930281.0
2017-10-29,20973031.0
2017-10-30,21054826.0
2017-10-31,21099207.0
2017-11-01,21184682.0
2017-11-02,21282232.0
2017-11-03,21432350.0
2017-11-04,21487412.0
2017-11-05,21484361.0
2017-11-06,21539705.0
2017-11-07,21612106.0
2017-11-08,21677418.0
2017-11-09,21762669.0
2017-11-10,21860349.0
2017-11-11,21944860.0
2017-11-12,22030864.0
2017-11-13,22122313.0
2017-11-14,22182008.0
2017-11-15,22240395.0
2017-11-16,22291974.0
2017-11-17,22281403.0
2017-11-18,22307084.0
2017-11-19,22246077.0
2017-11-20,22282775.0
2017-11-21,22350477.0
2017-11-22,22414656.0
2017-11-23,22497188.0
2017-11-24,22555409.0
2017-11-25,22589006.0
2017-11-26,22658197.0
2017-11-27,22763225.0
2017-11-28,22896069.0
2017-11-29,23048119.0
2017-11-30,23173774.0
2017-12-01,23284372.0
2017-12-02,23310240.0
2017-12-03,23387221.0
2017-12-04,23496808.0
2017-12-05,23638710.0
2017-12-06,23817209.0
2017-12-07,24032688.0
2017-12-08,24245817.0
2017-12-09,24364073.0
2017-12-10,24404218.0
2017-12-11,24549605.0
2017-12-12,24736885.0
2017-12-13,24873294.0
2017-12-14,25122250.0
2017-12-15,25279801.0
2017-12-16,25309915.0
2017-12-17,25401178.0
2017-12-18,25522990.0
2017-12-19,25776797.0
2017-12-20,25998217.0
2017-12-21,26228786.0
2017-12-22,26395672.0
2017-12-23,26493184.0
2017-12-24,26451440.0
2017-12-25,26412467.0
2017-12-26,26400168.0
2017-12-27,26461241.0
2017-12-28,26518496.0
2017-12-29,26616457.0
2017-12-30,26753025.0
2017-12-31,26733876.0
2018-01-01,26644705.0
2018-01-02,26719049.0
2018-01-03,26943625.0
2018-01-04,27224567.0
2018-01-05,27453838.0
2018-01-06,27564202.0
2018-01-07,27738935.0
2018-01-08,27874175.0
2018-01-09,28061009.0
2018-01-10,28201686.0
2018-01-11,28173985.0
2018-01-12,28123530.0
2018-01-13,28120500.0
2018-01-14,28032669.0
2018-01-15,28043148.0
2018-01-16,28081227.0
2018-01-17,28094750.0
2018-01-18,28097854.0
2018-01-19,27922335.0
2018-01-20,27790263.0
2018-01-21,27578956.0
2018-01-22,27453969.0
2018-01-23,27349601.0
2018-01-24,27254125.0
2018-01-25,27196653.0
2018-01-26,27133332.0
2018-01-27,27115006.0
2018-01-28,27080111.0
2018-01-29,27069796.0
2018-01-30,27007096.0
2018-01-31,27021584.0
2018-02-01,27029316.0
2018-02-02,26958535.0
2018-02-03,26889894.0
2018-02-04,26755953.0
2018-02-05,26565007.0
2018-02-06,26429270.0
2018-02-07,26343469.0
2018-02-08,26220833.0
2018-02-09,26148335.0
2018-02-10,26047246.0
2018-02-11,25836568.0
2018-02-12,25611595.0
2018-02-13,25423707.0
2018-02-14,25185164.0
2018-02-15,25095326.0
2018-02-16,24974869.0
2018-02-17,24837793.0
2018-02-18,24699567.0
2018-02-19,24511785.0
2018-02-20,24472858.0
2018-02-21,24462398.0
2018-02-22,24488829.0
2018-02-23,24420008.0
2018-02-24,24233890.0
2018-02-25,24232572.0
2018-02-26,24205592.0
2018-02-27,24220659.0
2018-02-28,24119305.0
2018-03-01,24052964.0
2018-03-02,24044550.0
2018-03-03,23747848.0
2018-03-04,23512290.0
2018-03-05,23325005.0
2018-03-06,23142817.0
2018-03-07,22898724.0
2018-03-08,22606682.0
2018-03-09,22404812.0
2018-03-10,22111354.0
2018-03-11,21731732.0
2018-03-12,21489067.0
2018-03-13,21317187.0
2018-03-14,21334545.0
2018-03-15,21356751.0
2018-03-16,21396917.0
2018-03-17,21432250.0
2018-03-18,21452054.0
2018-03-19,21461504.0
2018-03-20,21492340.0
2018-03-21,21518126.0
2018-03-22,21522534.0
2018-03-23,21494900.0
2018-03-24,21461294.0
2018-03-25,21465503.0
2018-03-26,21453830.0
2018-03-27,21418626.0
2018-03-28,21422107.0
2018-03-29,21448642.0
2018-03-30,21494903.0
2018-03-31,21477006.0
2018-04-01,21495240.0
2018-04-02,21525489.0
2018-04-03,21529027.0
2018-04-04,21550367.0
2018-04-05,21570748.0
2018-04-06,21592081.0
2018-04-07,21563819.0
2018-04-08,21598479.0
2018-04-09,21589710.0
2018-04-10,21606070.0
2018-04-11,21616330.0
2018-04-12,21615512.0
2018-04-13,21661067.0
2018-04-14,21692295.0
2018-04-15,21670001.0
2018-04-16,21541789.0
2018-04-17,21562694.0
2018-04-18,21598950.0
2018-04-19,21647582.0
2018-04-20,21701713.0
2018-04-21,21679491.0
2018-04-22,21724305.0
2018-04-23,21768073.0
2018-04-24,21774754.0
2018-04-25,21763337.0
2018-04-26,21774140.0
2018-04-27,21809585.0
2018-04-28,21842542.0
2018-04-29,21877374.0
2018-04-30,21897931.0
2018-05-01,21969721.0
2018-05-02,21933388.0
2018-05-03,21970687.0
2018-05-04,21997521.0
2018-05-05,22006666.0
2018-05-06,22019555.0
2018-05-07,21990621.0
2018-05-08,21999713.0
2018-05-09,22028850.0
2018-05-10,22055708.0
2018-05-11,22000634.0
2018-05-12,22004903.0
2018-05-13,22018222.0
2018-05-14,22026466.0
2018-05-15,22039090.0
2018-05-16,22059219.0
2018-05-17,22022344.0
2018-05-18,21996942.0
2018-05-19,22006440.0
2018-05-20,22048222.0
2018-05-21,22037020.0
2018-05-22,22056998.0
2018-05-23,22067724.0
2018-05-24,22110429.0
2018-05-25,22124743.0
2018-05-26,22155527.0
2018-05-27,22185364.0
2018-05-28,22155525.0
2018-05-29,22157990.0
2018-05-30,22176008.0
2018-05-31,22172540.0
2018-06-01,22243052.0
2018-06-02,22256161.0
2018-06-03,22268807.0
2018-06-04,22224628.0
2018-06-05,22230881.0
2018-06-06,22239413.0
2018-06-07,22250031.0
2018-06-08,22272608.0
2018-06-09,22287449.0
2018-06-10,22290908.0
2018-06-11,22307308.0
2018-06-12,22298569.0
2018-06-13,22281246.0
2018-06-14,22298640.0
2018-06-15,22307615.0
2018-06-16,22343669.0
2018-06-17,22362075.0
2018-06-18,22369261.0
2018-06-19,22323634.0
2018-06-20,22333051.0
2018-06-21,22352276.0
2018-06-22,22358173.0
2018-06-23,22383537.0
2018-06-24,22399991.0
2018-06-25,22388355.0
2018-06-26,22402396.0
2018-06-27,22402065.0
2018-06-28,22393520.0
2018-06-29,22426853.0
2018-06-30,22407168.0
2018-07-01,22421398.0
2018-07-02,22415135.0
2018-07-03,22395820.0
2018-07-04,22416383.0
2018-07-05,22437814.0
2018-07-06,22516124.0
2018-07-07,22532294.0
2018-07-08,22537262.0
2018-07-09,22545557.0
2018-07-10,22518210.0
2018-07-11,22506237.0
2018-07-12,22111761.0
2018-07-13,21812400.0
2018-07-14,21517605.0
2018-07-15,21478960.0
2018-07-16,21484668.0
2018-07-17,21465608.0
2018-07-18,21435453.0
2018-07-19,21434225.0
2018-07-20,21449907.0
2018-07-21,21459263.0
2018-07-22,21498292.0
2018-07-23,21446436.0
2018-07-24,21485984.0
2018-07-25,21488836.0
2018-07-26,21522453.0
2018-07-27,21567569.0
2018-07-28,21551957.0
2018-07-29,21588062.0
2018-07-30,21596731.0
2018-07-31,21594819.0
2018-08-01,21610907.0
2018-08-02,21605961.0
2018-08-03,21636919.0
2018-08-04,21660122.0
2018-08-05,21673559.0
2018-08-06,21666049.0
2018-08-07,21654186.0
2018-08-08,21673582.0
2018-08-09,21663258.0
2018-08-10,21665807.0
2018-08-11,21660650.0
2018-08-12,21670247.0
2018-08-13,21671072.0
2018-08-14,21695160.0
2018-08-15,21723678.0
2018-08-16,21746362.0
2018-08-17,21758890.0
2018-08-18,21788304.0
2018-08-19,21799543.0
2018-08-20,21789481.0
2018-08-21,21806503.0
2018-08-22,21822568.0
2018-08-23,21853073.0
2018-08-24,21860480.0
2018-08-25,21862981.0
2018-08-26,21849391.0
2018-08-27,21806738.0
2018-08-28,21786748.0
2018-08-29,21796894.0
2018-08-30,21792110.0
2018-08-31,21807156.0
2018-09-01,21815930.0
2018-09-02,21847195.0
2018-09-03,21840323.0
2018-09-04,21845133.0
2018-09-05,21845497.0
2018-09-06,21841050.0
2018-09-07,21859545.0
2018-09-08,21864518.0
2018-09-09,21874517.0
2018-09-10,21870686.0
2018-09-11,21855691.0
2018-09-12,21866437.0
2018-09-13,21870372.0
2018-09-14,21885292.0
2018-09-15,21897951.0
2018-09-16,21925350.0
2018-09-17,21945295.0
2018-09-18,21943544.0
2018-09-19,21948933.0
2018-09-20,21967146.0
2018-09-21,21982827.0
2018-09-22,22005223.0
2018-09-23,22036564.0
2018-09-24,22055565.0
2018-09-25,22061891.0
2018-09-26,22067024.0
2018-09-27,22073943.0
2018-09-28,22103348.0
2018-09-29,22130398.0
2018-09-30,22157312.0
2018-10-01,22130571.0
2018-10-02,22103880.0
2018-10-03,22210668.0
2018-10-04,22269093.0
2018-10-05,22311721.0
2018-10-06,22325094.0
2018-10-07,22306114.0
2018-10-08,22301955.0
2018-10-09,22319938.0
2018-10-10,22356233.0
2018-10-11,22360854.0
2018-10-12,22345893.0
2018-10-13,22347084.0
2018-10-14,22356496.0
2018-10-15,22357547.0
2018-10-16,22352884.0
2018-10-17,22355758.0
2018-10-18,22368927.0
2018-10-19,22378024.0
2018-10-20,22388239.0
2018-10-21,22408274.0
2018-10-22,22415825.0
2018-10-23,22416880.0
2018-10-24,22437415.0
2018-10-25,22447842.0
2018-10-26,22440754.0
2018-10-27,22443407.0
2018-10-28,22459452.0
2018-10-29,22442740.0
2018-10-30,22443793.0
2018-10-31,22453269.0
2018-11-01,22460016.0
2018-11-02,22463490.0
2018-11-03,22455207.0
2018-11-04,22398264.0
2018-11-05,22424268.0
2018-11-06,22446642.0
2018-11-07,22456601.0
2018-11-08,22439362.0
2018-11-09,22463000.0
2018-11-10,22484004.0
2018-11-11,22490845.0
2018-11-12,22515245.0
2018-11-13,22547088.0
2018-11-14,22557100.0
2018-11-15,22555048.0
2018-11-16,22570553.0
2018-11-17,22577650.0
2018-11-18,22572826.0
2018-11-19,22554337.0
2018-11-20,22528825.0
2018-11-21,22545503.0
2018-11-22,22516992.0
2018-11-23,22517843.0
2018-11-24,22498954.0
2018-11-25,22498620.0
2018-11-26,22501206.0
2018-11-27,22492471.0
2018-11-28,22507581.0
2018-11-29,22522052.0
2018-11-30,22550391.0
2018-12-01,22541763.0
2018-12-02,22542619.0
2018-12-03,22561983.0
2018-12-04,22553345.0
2018-12-05,22558029.0
2018-12-06,22556804.0
2018-12-07,22559962.0
2018-12-08,22557696.0
2018-12-09,22552016.0
2018-12-10,22550462.0
2018-12-11,22524554.0
2018-12-12,22505333.0
2018-12-13,22472296.0
2018-12-14,22400878.0
2018-12-15,22356648.0
2018-12-16,22321756.0
2018-12-17,22269014.0
2018-12-18,22255789.0
2018-12-19,22222768.0
2018-12-20,22226231.0
2018-12-21,22233154.0
2018-12-22,22207546.0
2018-12-23,22201048.0
2018-12-24,22196659.0
2018-12-25,22203378.0
2018-12-26,22211860.0
2018-12-27,22192239.0
2018-12-28,22205202.0
2018-12-29,22219649.0
2018-12-30,22227510.0
2018-12-31,22210381.0
2019-01-01,22212202.0
2019-01-02,22191324.0
2019-01-03,22196377.0
2019-01-04,22214421.0
2019-01-05,22230004.0
2019-01-06,22249359.0
2019-01-07,22251072.0
2019-01-08,22264536.0
2019-01-09,22281052.0
2019-01-10,22291209.0
2019-01-11,22311300.0
2019-01-12,22335739.0
2019-01-13,22357018.0
2019-01-14,22389853.0
2019-01-15,22405998.0
2019-01-16,22423718.0
2019-01-17,22442640.0
2019-01-18,22476507.0
2019-01-19,22496588.0
2019-01-20,22497775.0
2019-01-21,22516828.0
2019-01-22,22529817.0
2019-01-23,22505868.0
2019-01-24,22511441.0
2019-01-25,22545838.0
2019-01-26,22566247.0
2019-01-27,22584989.0
2019-01-28,22595380.0
2019-01-29,22615991.0
2019-01-30,22633650.0
2019-01-31,22656254.0
2019-02-01,22663593.0
2019-02-02,22675679.0
2019-02-03,22687505.0
2019-02-04,22704955.0
2019-02-05,22759530.0
2019-02-06,22738099.0
2019-02-07,22750156.0
2019-02-08,22759645.0
2019-02-09,22769181.0
2019-02-10,22799142.0
2019-02-11,22750134.0
2019-02-12,22611578.0
2019-02-13,22596284.0
2019-02-14,22631150.0
2019-02-15,22654057.0
2019-02-16,22665793.0
2019-02-17,22684426.0
2019-02-18,22689142.0
2019-02-19,22719496.0
2019-02-20,22739722.0
2019-02-21,22773497.0
2019-02-22,22762929.0
2019-02-23,22800704.0
2019-02-24,22823864.0
2019-02-25,22834633.0
2019-02-26,22858382.0
2019-02-27,22876930.0
2019-02-28,22886430.0
2019-03-01,22911204.0
2019-03-02,22943870.0
2019-03-03,22960471.0
2019-03-04,22965388.0
2019-03-05,22986668.0
2019-03-06,22969085.0
2019-03-07,22991985.0
2019-03-08,23012821.0
2019-03-09,23056900.0
2019-03-10,23083704.0
2019-03-11,23105396.0
2019-03-12,23140614.0
2019-03-13,23129190.0
2019-03-14,23136277.0
2019-03-15,23171850.0
2019-03-16,23202290.0
2019-03-17,23240476.0
2019-03-18,23259741.0
2019-03-19,23275231.0
2019-03-20,23273499.0
2019-03-21,23296533.0
2019-03-22,23314850.0
2019-03-23,23348153.0
2019-03-24,23361432.0
2019-03-25,23374629.0
2019-03-26,23419824.0
2019-03-27,23443395.0
2019-03-28,23478225.0
2019-03-29,23511704.0
2019-03-30,23533420.0
2019-03-31,23543369.0
2019-04-01,23591704.0
2019-04-02,23644589.0
2019-04-03,23666132.0
2019-04-04,23708199.0
2019-04-05,23699321.0
2019-04-06,23681601.0
2019-04-07,23694571.0
2019-04-08,23732401.0
2019-04-09,23749757.0
2019-04-10,23792281.0
2019-04-11,23847576.0
2019-04-12,23864962.0
2019-04-13,23909302.0
2019-04-14,23910325.0
2019-04-15,23924069.0
2019-04-16,23923578.0
2019-04-17,23940892.0
2019-04-18,23977597.0
2019-04-19,24027060.0
2019-04-20,23978310.0
2019-04-21,23890713.0
2019-04-22,23939708.0
2019-04-23,24001368.0
2019-04-24,24004842.0
2019-04-25,24056006.0
2019-04-26,24097666.0
2019-04-27,24130766.0
2019-04-28,24162587.0
2019-04-29,24178225.0
2019-04-30,24177674.0
2019-05-01,24198571.0
2019-05-02,24208578.0
2019-05-03,24241363.0
2019-05-04,24281528.0
2019-05-05,24310860.0
2019-05-06,24334781.0
2019-05-07,24393625.0
2019-05-08,24429486.0
2019-05-09,24469371.0
2019-05-10,24563612.0
2019-05-11,24593347.0
2019-05-12,24539482.0
2019-05-13,24566479.0
2019-05-14,24625580.0
2019-05-15,24716216.0
2019-05-16,24801548.0
2019-05-17,24831300.0
2019-05-18,24795338.0
2019-05-19,24782968.0
2019-05-20,24821212.0
2019-05-21,24849447.0
2019-05-22,24866360.0
2019-05-23,24905817.0
2019-05-24,24918335.0
2019-05-25,24922286.0
2019-05-26,24928370.0
2019-05-27,24948532.0
2019-05-28,24954249.0
2019-05-29,25005121.0
2019-05-30,25044863.0
2019-05-31,25129070.0
2019-06-01,25080506.0
2019-06-02,25080160.0
2019-06-03,25128181.0
2019-06-04,25177256.0
2019-06-05,25171025.0
2019-06-06,25186338.0
2019-06-07,25172644.0
2019-06-08,25197559.0
2019-06-09,25234175.0
2019-06-10,25270495.0
2019-06-11,25290580.0
2019-06-12,25326148.0
2019-06-13,25351051.0
2019-06-14,25317502.0
2019-06-15,25307092.0
2019-06-16,25332904.0
2019-06-17,25412266.0
2019-06-18,25423154.0
2019-06-19,25434742.0
2019-06-20,25492508.0
2019-06-21,25550731.0
2019-06-22,25612229.0
2019-06-23,25564531.0
2019-06-24,25514347.0
2019-06-25,25569205.0
2019-06-26,25642311.0
2019-06-27,25751288.0
2019-06-28,25752495.0
2019-06-29,25705506.0
2019-06-30,25715310.0
2019-07-01,25757546.0
2019-07-02,25785139.0
2019-07-03,25787442.0
2019-07-04,25794834.0
2019-07-05,25826966.0
2019-07-06,25887392.0
2019-07-07,25904132.0
2019-07-08,25939053.0
2019-07-09,25982281.0
2019-07-10,26045259.0
2019-07-11,26093353.0
2019-07-12,26079577.0
2019-07-13,26083138.0
2019-07-14,26092437.0
2019-07-15,26135489.0
2019-07-16,26169548.0
2019-07-17,26212825.0
2019-07-18,26283195.0
2019-07-19,26316031.0
2019-07-20,26289610.0
2019-07-21,26305995.0
2019-07-22,26336192.0
2019-07-23,26356895.0
2019-07-24,26310577.0
2019-07-25,26312884.0
2019-07-26,26344269.0
2019-07-27,26372487.0
2019-07-28,26384573.0
2019-07-29,26377798.0
2019-07-30,26392352.0
2019-07-31,26397367.0
2019-08-01,26401017.0
2019-08-02,26409903.0
2019-08-03,26434006.0
2019-08-04,26438620.0
2019-08-05,26460240.0
2019-08-06,26463914.0
2019-08-07,26472099.0
2019-08-08,26430369.0
2019-08-09,26450573.0
2019-08-10,26463681.0
2019-08-11,26487009.0
2019-08-12,26499192.0
2019-08-13,26420003.0
2019-08-14,26410157.0
2019-08-15,26426413.0
2019-08-16,26461283.0
2019-08-17,26496453.0
2019-08-18,26528935.0
2019-08-19,26543938.0
2019-08-20,26558628.0
2019-08-21,26611026.0
2019-08-22,26626992.0
2019-08-23,26633225.0
2019-08-24,26552975.0
2019-08-25,26585060.0
2019-08-26,26593558.0
2019-08-27,26600771.0
2019-08-28,26611443.0
2019-08-29,26619651.0
2019-08-30,26626678.0
2019-08-31,26655756.0
2019-09-01,26673906.0
2019-09-02,26679645.0
2019-09-03,26707644.0
2019-09-04,26710986.0
2019-09-05,26730130.0
2019-09-06,26756791.0
2019-09-07,26788015.0
2019-09-08,26824576.0
2019-09-09,26795789.0
2019-09-10,26767932.0
2019-09-11,26738747.0
2019-09-12,26771363.0
2019-09-13,26768478.0
2019-09-14,26792671.0
2019-09-15,26818963.0
2019-09-16,26818470.0
2019-09-17,26816145.0
2019-09-18,26745340.0
2019-09-19,26777995.0
2019-09-20,26809720.0
2019-09-21,26837539.0
2019-09-22,26881759.0
2019-09-23,26910933.0
2019-09-24,26889482.0
2019-09-25,26866515.0
2019-09-26,26871160.0
2019-09-27,26897234.0
2019-09-28,26915496.0
2019-09-29,26949796.0
2019-09-30,26957611.0
2019-10-01,26971178.0
2019-10-02,26996311.0
2019-10-03,27017723.0
2019-10-04,27055506.0
2019-10-05,27084093.0
2019-10-06,27122736.0
2019-10-07,27124146.0
2019-10-08,27137820.0
2019-10-09,27168209.0
2019-10-10,27190219.0
2019-10-11,27216064.0
2019-10-12,27257136.0
2019-10-13,27302321.0
2019-10-14,27324259.0
2019-10-15,27350512.0
2019-10-16,27361532.0
2019-10-17,27350850.0
2019-10-18,27385324.0
2019-10-19,27434686.0
2019-10-20,27472272.0
2019-10-21,27496990.0
2019-10-22,27519547.0
2019-10-23,27528120.0
2019-10-24,27534546.0
2019-10-25,27538727.0
2019-10-26,27537211.0
2019-10-27,27568496.0
2019-10-28,27572479.0
2019-10-29,27585871.0
2019-10-30,27611105.0
2019-10-31,27617555.0
2019-11-01,27613058.0
2019-11-02,27645124.0
2019-11-03,27670712.0
2019-11-04,27699621.0
2019-11-05,27707266.0
2019-11-06,27656012.0
2019-11-07,27640551.0
2019-11-08,27667512.0
2019-11-09,27669123.0
2019-11-10,27695056.0
2019-11-11,27713597.0
2019-11-12,27743837.0
2019-11-13,27754283.0
2019-11-14,27749856.0
2019-11-15,27799780.0
2019-11-16,27826018.0
2019-11-17,27839688.0
2019-11-18,27872166.0
2019-11-19,27820923.0
2019-11-20,27854266.0
2019-11-21,27862097.0
2019-11-22,27888798.0
2019-11-23,27916353.0
2019-11-24,27971851.0
2019-11-25,28005727.0
2019-11-26,28021899.0
2019-11-27,27978177.0
2019-11-28,28012860.0
2019-11-29,28042309.0
2019-11-30,28061101.0
2019-12-01,28110518.0
2019-12-02,28138418.0
2019-12-03,28166705.0
2019-12-04,28196169.0
2019-12-05,28203149.0
2019-12-06,28191992.0
2019-12-07,28182127.0
2019-12-08,28200950.0
2019-12-09,28169182.0
2019-12-10,28122489.0
2019-12-11,28055511.0
2019-12-12,28067521.0
2019-12-13,28088845.0
2019-12-14,28110784.0
2019-12-15,28071844.0
2019-12-16,28037826.0
2019-12-17,27909506.0
2019-12-18,27936314.0
2019-12-19,27948002.0
2019-12-20,27989336.0
2019-12-21,28034078.0
2019-12-22,28052418.0
2019-12-23,28061374.0
2019-12-24,28078135.0
2019-12-25,28088670.0
2019-12-26,28103653.0
2019-12-27,28130644.0
2019-12-28,28173905.0
2019-12-29,28208332.0
2019-12-30,28221164.0
2019-12-31,28219418.0
2020-01-01,28243970.0
2020-01-02,28222275.0
2020-01-03,28222661.0
2020-01-04,28249916.0
2020-01-05,28289331.0
2020-01-06,28287295.0
2020-01-07,28304802.0
2020-01-08,28337004.0
2020-01-09,28323105.0
2020-01-10,28364849.0
2020-01-11,28421890.0
2020-01-12,28460074.0
2020-01-13,28476474.0
2020-01-14,28477891.0
2020-01-15,28508054.0
2020-01-16,28537219.0
2020-01-17,28555948.0
2020-01-18,28609653.0
2020-01-19,28636775.0
2020-01-20,28643840.0
2020-01-21,28640241.0
2020-01-22,28625004.0
2020-01-23,28609117.0
2020-01-24,28617477.0
2020-01-25,28605795.0
2020-01-26,28626991.0
2020-01-27,28625405.0
2020-01-28,28612196.0
2020-01-29,28629415.0
2020-01-30,28647885.0
2020-01-31,28658140.0
2020-02-01,28670649.0
2020-02-02,28645556.0
2020-02-03,28589559.0
2020-02-04,28600257.0
2020-02-05,28610419.0
2020-02-06,28637633.0
2020-02-07,28612361.0
2020-02-08,28630738.0
2020-02-09,28660918.0
2020-02-10,28703663.0
2020-02-11,28699535.0
2020-02-12,28731522.0
2020-02-13,28737036.0
2020-02-14,28784815.0
2020-02-15,28812905.0
2020-02-16,28826755.0
2020-02-17,28846769.0
2020-02-18,28853374.0
2020-02-19,28861090.0
2020-02-20,28867827.0
2020-02-21,28884174.0
2020-02-22,28937688.0
2020-02-23,28973291.0
2020-02-24,28986211.0
2020-02-25,29028480.0
2020-02-26,29057991.0
2020-02-27,29068465.0
2020-02-28,29098485.0
2020-02-29,29145196.0
2020-03-01,29178451.0
2020-03-02,29193063.0
2020-03-03,29184082.0
2020-03-04,29205111.0
2020-03-05,29238628.0
2020-03-06,29257602.0
2020-03-07,29306128.0
2020-03-08,29352576.0
2020-03-09,29371000.0
2020-03-10,29382259.0
2020-03-11,29410216.0
2020-03-12,29418906.0
2020-03-13,29450354.0
2020-03-14,29423401.0
2020-03-15,29384401.0
2020-03-16,29423644.0
2020-03-17,29441666.0
2020-03-18,29502569.0
2020-03-19,29554153.0
2020-03-20,29628332.0
2020-03-21,29644407.0
2020-03-22,29679719.0
2020-03-23,29724468.0
2020-03-24,29746268.0
2020-03-25,29828646.0
2020-03-26,29725734.0
2020-03-27,29638929.0
2020-03-28,29688277.0
2020-03-29,29729024.0
2020-03-30,29714129.0
2020-03-31,29673977.0
2020-04-01,29644658.0
2020-04-02,29651973.0
2020-04-03,29676801.0
2020-04-04,29705680.0
2020-04-05,29758827.0
2020-04-06,29780768.0
2020-04-07,29679933.0
2020-04-08,29691141.0
2020-04-09,29733110.0
2020-04-10,29766779.0
2020-04-11,29808130.0
2020-04-12,29832419.0
2020-04-13,29828081.0
2020-04-14,29822795.0
2020-04-15,29750183.0
2020-04-16,29780844.0
2020-04-17,29772988.0
2020-04-18,29705775.0
2020-04-19,29690909.0
2020-04-20,29711722.0
2020-04-21,29753578.0
2020-04-22,29841163.0
2020-04-23,29861286.0
2020-04-24,29903149.0
2020-04-25,29909898.0
2020-04-26,29944512.0
2020-04-27,29978884.0
2020-04-28,29964061.0
2020-04-29,30055286.0
2020-04-30,30134862.0
2020-05-01,30186169.0
2020-05-02,30061204.0
2020-05-03,29976637.0
2020-05-04,30022575.0
2020-05-05,30003342.0
2020-05-06,30004866.0
2020-05-07,30013428.0
2020-05-08,30057192.0
2020-05-09,30074395.0
2020-05-10,30036069.0
2020-05-11,30000168.0
2020-05-12,30034273.0
2020-05-13,30095244.0
2020-05-14,30115682.0
2020-05-15,30176066.0
2020-05-16,30160889.0
2020-05-17,30131424.0
2020-05-18,30068592.0
2020-05-19,30047189.0
2020-05-20,30067847.0
2020-05-21,30060551.0
2020-05-22,30117186.0
2020-05-23,30096054.0
2020-05-24,29983015.0
2020-05-25,29959770.0
2020-05-26,29972784.0
2020-05-27,29935449.0
2020-05-28,29968628.0
2020-05-29,29984838.0
2020-05-30,29898547.0
2020-05-31,29820438.0
2020-06-01,29832022.0
2020-06-02,29882922.0
2020-06-03,29881224.0
2020-06-04,29880420.0
2020-06-05,29883244.0
2020-06-06,29898425.0
2020-06-07,29918148.0
2020-06-08,29848454.0
2020-06-09,29834296.0
2020-06-10,29860935.0
2020-06-11,29829933.0
2020-06-12,29847827.0
2020-06-13,29818430.0
2020-06-14,29855863.0
2020-06-15,29894815.0
2020-06-16,29907482.0
2020-06-17,29959765.0
2020-06-18,29971211.0
2020-06-19,29994957.0
2020-06-20,30025720.0
2020-06-21,30009979.0
2020-06-22,30070380.0
2020-06-23,30054922.0
2020-06-24,30039649.0
2020-06-25,30077823.0
2020-06-26,30064323.0
2020-06-27,30078802.0
2020-06-28,30122959.0
2020-06-29,30093889.0
2020-06-30,30095517.0
2020-07-01,30104560.0
2020-07-02,30113662.0
2020-07-03,30122536.0
2020-07-04,30118151.0
2020-07-05,30084381.0
2020-07-06,30073530.0
2020-07-07,30127524.0
2020-07-08,30142091.0
2020-07-09,30131619.0
2020-07-10,30132422.0
2020-07-11,30110882.0
2020-07-12,30127086.0
2020-07-13,30170150.0
2020-07-14,30251950.0
2020-07-15,30290620.0
2020-07-16,30364832.0
2020-07-17,30457428.0
2020-07-18,30500286.0
2020-07-19,30438928.0
2020-07-20,30460909.0
2020-07-21,30533388.0
2020-07-22,30612270.0
2020-07-23,30663581.0
2020-07-24,30670476.0
2020-07-25,30619577.0
2020-07-26,30506126.0
2020-07-27,30533852.0
2020-07-28,30594011.0
2020-07-29,30631543.0
2020-07-30,30696956.0
2020-07-31,30717718.0
2020-08-01,30704460.0
2020-08-02,30652794.0
2020-08-03,30609295.0
2020-08-04,30655863.0
2020-08-05,30696224.0
2020-08-06,30692168.0
2020-08-07,30681233.0
2020-08-08,30638711.0
2020-08-09,30564216.0
2020-08-10,30616955.0
2020-08-11,30637105.0
2020-08-12,30632858.0
2020-08-13,30703291.0
2020-08-14,30722820.0
2020-08-15,30720441.0
2020-08-16,30657776.0
2020-08-17,30758605.0
2020-08-18,30853116.0
2020-08-19,30927785.0
2020-08-20,30978034.0
2020-08-21,30893499.0
2020-08-22,30903471.0
2020-08-23,30818743.0
2020-08-24,30885844.0
2020-08-25,30952553.0
2020-08-26,30963610.0
2020-08-27,31066089.0
2020-08-28,31042843.0
2020-08-29,30968504.0
2020-08-30,30952104.0
2020-08-31,31018811.0
2020-09-01,31126726.0
2020-09-02,31191267.0
2020-09-03,31258348.0
2020-09-04,31263254.0
2020-09-05,31294945.0
2020-09-06,31136152.0
2020-09-07,31022436.0
2020-09-08,31060235.0
2020-09-09,31110020.0
2020-09-10,31093567.0
2020-09-11,31134188.0
2020-09-12,31121579.0
2020-09-13,31124529.0
2020-09-14,31139055.0
2020-09-15,31236943.0
2020-09-16,31272640.0
2020-09-17,31224717.0
2020-09-18,31270993.0
2020-09-19,31287293.0
2020-09-20,31269790.0
2020-09-21,31297110.0
2020-09-22,31351664.0
2020-09-23,31424635.0
2020-09-24,31495492.0
2020-09-25,31432293.0
2020-09-26,31351779.0
2020-09-27,31359411.0
2020-09-28,31432894.0
2020-09-29,31532665.0
2020-09-30,31513105.0
2020-10-01,31599544.0
2020-10-02,31642981.0
2020-10-03,31577493.0
2020-10-04,31495721.0
2020-10-05,31511200.0
2020-10-06,31573720.0
2020-10-07,31618297.0
2020-10-08,31620033.0
2020-10-09,31658564.0
2020-10-10,31671398.0
2020-10-11,31683958.0
2020-10-12,31706147.0
2020-10-13,31717460.0
2020-10-14,31779173.0
2020-10-15,31819110.0
2020-10-16,31871261.0
2020-10-17,31892654.0
2020-10-18,31930502.0
2020-10-19,32023963.0
2020-10-20,32099465.0
2020-10-21,32143394.0
2020-10-22,32236755.0
2020-10-23,32317809.0
2020-10-24,32194368.0
2020-10-25,32160550.0
2020-10-26,32232814.0
2020-10-27,32342121.0
2020-10-28,32468617.0
2020-10-29,32585396.0
2020-10-30,32665137.0
2020-10-31,32727176.0
2020-11-01,32744250.0
2020-11-02,32807307.0
2020-11-03,32872543.0
2020-11-04,32748142.0
2020-11-05,32773602.0
2020-11-06,32802979.0
2020-11-07,32666743.0
2020-11-08,32596193.0
2020-11-09,32452226.0
2020-11-10,32448168.0
2020-11-11,32477053.0
2020-11-12,32483809.0
2020-11-13,32516041.0
2020-11-14,32521534.0
2020-11-15,32503672.0
2020-11-16,32497912.0
2020-11-17,32530652.0
2020-11-18,32549310.0
2020-11-19,32568314.0
2020-11-20,32536640.0
2020-11-21,32504836.0
2020-11-22,32517657.0
2020-11-23,32547364.0
2020-11-24,32661737.0
2020-11-25,32754962.0
2020-11-26,32745492.0
2020-11-27,32700696.0
2020-11-28,32611458.0
2020-11-29,32611873.0
2020-11-30,32684259.0
2020-12-01,32789617.0
2020-12-02,32913442.0
2020-12-03,32908203.0
2020-12-04,32914966.0
2020-12-05,32803597.0
2020-12-06,32764285.0
2020-12-07,32778444.0
2020-12-08,32823871.0
2020-12-09,32886684.0
2020-12-10,32949133.0
2020-12-11,32939195.0
2020-12-12,32948255.0
2020-12-13,32921401.0
2020-12-14,32985234.0
2020-12-15,33024159.0
2020-12-16,33083484.0
2020-12-17,33202563.0
2020-12-18,33301041.0
2020-12-19,33288263.0
2020-12-20,33183189.0
2020-12-21,33073918.0
2020-12-22,33095055.0
2020-12-23,33137357.0
2020-12-24,33144113.0
2020-12-25,33099397.0
2020-12-26,33101984.0
2020-12-27,33096786.0
2020-12-28,33050980.0
2020-12-29,33061743.0
2020-12-30,33072126.0
2020-12-31,33064517.0
2021-01-01,33000681.0
2021-01-02,32984981.0
2021-01-03,33028844.0
2021-01-04,33041352.0
2021-01-05,33098175.0
2021-01-06,33141507.0
2021-01-07,33290549.0
2021-01-08,33433657.0
2021-01-09,33510601.0
2021-01-10,33515769.0
2021-01-11,33558765.0
2021-01-12,33564394.0
2021-01-13,33566981.0
2021-01-14,33633046.0
2021-01-15,33629086.0
2021-01-16,33634101.0
2021-01-17,33604402.0
2021-01-18,33611890.0
2021-01-19,33667409.0
2021-01-20,33734148.0
2021-01-21,33779119.0
2021-01-22,33836187.0
2021-01-23,33789322.0
2021-01-24,33725566.0
2021-01-25,33708438.0
2021-01-26,33678311.0
2021-01-27,33739697.0
2021-01-28,33791869.0
2021-01-29,33933658.0
2021-01-30,33988232.0
2021-01-31,33972136.0
2021-02-01,34084338.0
2021-02-02,34175181.0
2021-02-03,34254004.0
2021-02-04,34342973.0
2021-02-05,34352503.0
2021-02-06,34377041.0
2021-02-07,34340523.0
2021-02-08,34365834.0
2021-02-09,34572953.0
2021-02-10,34711580.0
2021-02-11,34873864.0
2021-02-12,35026380.0
2021-02-13,34992907.0
2021-02-14,34927103.0
2021-02-15,34942506.0
2021-02-16,35076752.0
2021-02-17,35204734.0
2021-02-18,35324951.0
2021-02-19,35429246.0
2021-02-20,35508836.0
2021-02-21,35512753.0
2021-02-22,35598518.0
2021-02-23,35736852.0
2021-02-24,35821461.0
2021-02-25,35865450.0
2021-02-26,35973906.0
2021-02-27,35961039.0
2021-02-28,35892302.0
2021-03-01,35961513.0
2021-03-02,36042541.0
2021-03-03,36136919.0
2021-03-04,36247520.0
2021-03-05,36292216.0
2021-03-06,36189717.0
2021-03-07,36144393.0
2021-03-08,36097247.0
2021-03-09,36196340.0
2021-03-10,36294559.0
2021-03-11,36399527.0
2021-03-12,36452808.0
2021-03-13,36477106.0
2021-03-14,36447795.0
2021-03-15,36489389.0
2021-03-16,36564633.0
2021-03-17,36703292.0
2021-03-18,36830430.0
2021-03-19,36921994.0
2021-03-20,36912783.0
2021-03-21,36795366.0
2021-03-22,36845242.0
2021-03-23,36835789.0
2021-03-24,36866013.0
2021-03-25,36916072.0
2021-03-26,37007014.0
2021-03-27,36978068.0
2021-03-28,36875014.0
2021-03-29,36950200.0
2021-03-30,37044423.0
2021-03-31,37143041.0
2021-04-01,37244790.0
2021-04-02,37338497.0
2021-04-03,37371054.0
2021-04-04,37284475.0
2021-04-05,37225808.0
2021-04-06,37320726.0
2021-04-07,37360920.0
2021-04-08,37443102.0
2021-04-09,37479380.0
2021-04-10,37461201.0
2021-04-11,37414398.0
2021-04-12,37459545.0
2021-04-13,37585527.0
2021-04-14,37735393.0
2021-04-15,37793165.0
2021-04-16,38006746.0
2021-04-17,38112562.0
2021-04-18,38214500.0
2021-04-19,38369705.0
2021-04-20,38496625.0
2021-04-21,38666287.0
2021-04-22,38665412.0
2021-04-23,38729581.0
2021-04-24,38655175.0
2021-04-25,38520852.0
2021-04-26,38597067.0
2021-04-27,38603089.0
2021-04-28,38575489.0
2021-04-29,38645202.0
2021-04-30,38620902.0
2021-05-01,38585559.0
2021-05-02,38244053.0
2021-05-03,38089671.0
2021-05-04,37963070.0
2021-05-05,37945364.0
2021-05-06,37951387.0
2021-05-07,37953661.0
2021-05-08,37930354.0
2021-05-09,37738190.0
2021-05-10,37649048.0
2021-05-11,37660354.0
2021-05-12,37672114.0
2021-05-13,37687827.0
2021-05-14,37746633.0
2021-05-15,37742404.0
2021-05-16,37666683.0
2021-05-17,37724136.0
2021-05-18,37812334.0
2021-05-19,37915339.0
2021-05-20,38028450.0
2021-05-21,38145998.0
2021-05-22,38153728.0
2021-05-23,38026484.0
2021-05-24,38011909.0
2021-05-25,38002550.0
2021-05-26,38035881.0
2021-05-27,38095506.0
2021-05-28,38055452.0
2021-05-29,37991794.0
2021-05-30,37734077.0
2021-05-31,37650037.0
2021-06-01,37655246.0
2021-06-02,37569049.0
2021-06-03,37566152.0
2021-06-04,37576808.0
2021-06-05,37602084.0
2021-06-06,37588121.0
2021-06-07,37594690.0
2021-06-08,37567168.0
2021-06-09,37645872.0
2021-06-10,37723807.0
2021-06-11,37807777.0
2021-06-12,37673750.0
2021-06-13,37608136.0
2021-06-14,37603229.0
2021-06-15,37652783.0
2021-06-16,37660505.0
2021-06-17,37682728.0
2021-06-18,37698053.0
2021-06-19,37743481.0
2021-06-20,37764334.0
2021-06-21,37782512.0
2021-06-22,37856879.0
2021-06-23,37909994.0
2021-06-24,37923685.0
2021-06-25,37872471.0
2021-06-26,37891711.0
2021-06-27,37965871.0
2021-06-28,38078677.0
2021-06-29,38146761.0
2021-06-30,38228498.0
2021-07-01,38338546.0
2021-07-02,38349890.0
2021-07-03,38200219.0
2021-07-04,38055399.0
2021-07-05,37922527.0
2021-07-06,37928413.0
2021-07-07,37948849.0
2021-07-08,37977239.0
2021-07-09,37957763.0
2021-07-10,37981234.0
2021-07-11,37916645.0
2021-07-12,37911011.0
2021-07-13,37882678.0
2021-07-14,37877860.0
2021-07-15,37878219.0
2021-07-16,37909563.0
2021-07-17,37932938.0
2021-07-18,37904075.0
2021-07-19,37848932.0
2021-07-20,37851164.0
2021-07-21,37860560.0
2021-07-22,37869643.0
2021-07-23,37907168.0
2021-07-24,37914224.0
2021-07-25,37908656.0
2021-07-26,37913968.0
2021-07-27,37873078.0
2021-07-28,37882536.0
2021-07-29,37885040.0
2021-07-30,37935250.0
2021-07-31,37982222.0
2021-08-01,38003340.0
2021-08-02,37938089.0
2021-08-03,37969312.0
2021-08-04,37969666.0
2021-08-05,38009601.0
2021-08-06,38024068.0
2021-08-07,38057622.0
2021-08-08,38040038.0
2021-08-09,38002050.0
2021-08-10,38015014.0
2021-08-11,38062230.0
2021-08-12,38089117.0
2021-08-13,38123425.0
2021-08-14,38182843.0
2021-08-15,38139749.0
2021-08-16,38101361.0
2021-08-17,38083546.0
2021-08-18,38107668.0
2021-08-19,38126368.0
2021-08-20,38140154.0
2021-08-21,38166995.0
2021-08-22,38148676.0
2021-08-23,38106738.0
2021-08-24,38072407.0
2021-08-25,38128542.0
2021-08-26,38192252.0
2021-08-27,38238672.0
2021-08-28,38280429.0
2021-08-29,38309406.0
2021-08-30,38269652.0
2021-08-31,38294455.0
2021-09-01,38329343.0
2021-09-02,38341359.0
2021-09-03,38306847.0
2021-09-04,38350936.0
2021-09-05,38367190.0
2021-09-06,38299520.0
2021-09-07,38321037.0
2021-09-08,38358521.0
2021-09-09,38419771.0
2021-09-10,38438125.0
2021-09-11,38386819.0
2021-09-12,38419147.0
2021-09-13,38372109.0
2021-09-14,38347060.0
2021-09-15,38317478.0
2021-09-16,38263019.0
2021-09-17,38257591.0
2021-09-18,38253033.0
2021-09-19,38283036.0
2021-09-20,38192707.0
2021-09-21,38214183.0
2021-09-22,38233930.0
2021-09-23,38256249.0
2021-09-24,38249553.0
2021-09-25,38326898.0
2021-09-26,38345964.0
2021-09-27,38348785.0
2021-09-28,38295119.0
2021-09-29,38318796.0
2021-09-30,38262314.0
2021-10-01,38323945.0
2021-10-02,38272441.0
2021-10-03,38276389.0
2021-10-04,38176426.0
2021-10-05,38156120.0
2021-10-06,38245581.0
2021-10-07,38245100.0
2021-10-08,38270862.0
2021-10-09,38155391.0
2021-10-10,38150889.0
2021-10-11,38108717.0
2021-10-12,38134846.0
2021-10-13,38095314.0
2021-10-14,38083040.0
2021-10-15,38159135.0
2021-10-16,38190080.0
2021-10-17,38171528.0
2021-10-18,38178822.0
2021-10-19,38145997.0
2021-10-20,38215091.0
2021-10-21,38161223.0
2021-10-22,38160178.0
2021-10-23,38217698.0
2021-10-24,38279906.0
2021-10-25,38206062.0
2021-10-26,38224618.0
2021-10-27,38273224.0
2021-10-28,38282821.0
2021-10-29,38345143.0
2021-10-30,38407049.0
2021-10-31,38360669.0
2021-11-01,38345086.0
2021-11-02,38376487.0
2021-11-03,38352230.0
2021-11-04,38380001.0
2021-11-05,38357059.0
2021-11-06,38438298.0
2021-11-07,38449974.0
2021-11-08,38512842.0
2021-11-09,38452878.0
2021-11-10,38504400.0
2021-11-11,38487400.0
2021-11-12,38523537.0
2021-11-13,38603297.0
2021-11-14,38650890.0
2021-11-15,38589735.0
2021-11-16,38598559.0
2021-11-17,38598211.0
2021-11-18,38645072.0
2021-11-19,38700782.0
2021-11-20,38763454.0
2021-11-21,38753361.0
2021-11-22,38797444.0
2021-11-23,38892721.0
2021-11-24,38868849.0
2021-11-25,38972620.0
2021-11-26,39020167.0
2021-11-27,39118615.0
2021-11-28,39114996.0
2021-11-29,39151216.0
2021-11-30,39240584.0
2021-12-01,39257642.0
2021-12-02,39188193.0
2021-12-03,39225850.0
2021-12-04,39298535.0
2021-12-05,39179754.0
2021-12-06,39108393.0
2021-12-07,39143318.0
2021-12-08,39199249.0
2021-12-09,39122538.0
2021-12-10,39220124.0
2021-12-11,39273633.0
2021-12-12,39367591.0
2021-12-13,39382958.0
2021-12-14,39404738.0
2021-12-15,39350452.0
2021-12-16,39438897.0
2021-12-17,39423729.0
2021-12-18,39447161.0
2021-12-19,39524647.0
2021-12-20,39477352.0
2021-12-21,39524667.0
2021-12-22,39534563.0
2021-12-23,39586550.0
2021-12-24,39618681.0
2021-12-25,39613311.0
2021-12-26,39699148.0
2021-12-27,39710878.0
2021-12-28,39726944.0
2021-12-29,39656074.0
2021-12-30,39697914.0
2021-12-31,39590547.0
2022-01-01,39637087.0
2022-01-02,39676625.0
2022-01-03,39649472.0
2022-01-04,39661019.0
2022-01-05,39649768.0
2022-01-06,39681874.0
2022-01-07,39663526.0
2022-01-08,39697090.0
2022-01-09,39768778.0
2022-01-10,39764369.0
2022-01-11,39791531.0
2022-01-12,39781484.0
2022-01-13,39836282.0
2022-01-14,39833936.0
2022-01-15,39920202.0
2022-01-16,39982709.0
2022-01-17,39928859.0
2022-01-18,39960828.0
2022-01-19,39954683.0
2022-01-20,39992298.0
2022-01-21,40019603.0
2022-01-22,39987825.0
2022-01-23,40030237.0
2022-01-24,40014848.0
2022-01-25,40051747.0
2022-01-26,40103603.0
2022-01-27,40119650.0
2022-01-28,40145328.0
2022-01-29,40188132.0
2022-01-30,40232559.0
2022-01-31,40221417.0
2022-02-01,40160134.0
2022-02-02,40159135.0
2022-02-03,40173933.0
2022-02-04,40271117.0
2022-02-05,40305221.0
2022-02-06,40218719.0
2022-02-07,40256310.0
2022-02-08,40246883.0
2022-02-09,40231764.0
2022-02-10,40210945.0
2022-02-11,40230532.0
2022-02-12,40010346.0
2022-02-13,40050469.0
2022-02-14,40065318.0
2022-02-15,40019264.0
2022-02-16,40070472.0
2022-02-17,40104296.0
2022-02-18,40121691.0
2022-02-19,40085715.0
2022-02-20,40133060.0
2022-02-21,40148262.0
2022-02-22,40166050.0
2022-02-23,40196042.0
2022-02-24,40208138.0
2022-02-25,40249135.0
2022-02-26,40269290.0
2022-02-27,40322601.0
2022-02-28,40357619.0
2022-03-01,40368790.0
2022-03-02,40336348.0
2022-03-03,40334681.0
2022-03-04,40347182.0
2022-03-05,40394226.0
2022-03-06,40416313.0
2022-03-07,40420083.0
2022-03-08,40397870.0
2022-03-09,40467048.0
2022-03-10,40451934.0
2022-03-11,40493706.0
2022-03-12,40528895.0
2022-03-13,40563005.0
2022-03-14,40581371.0
2022-03-15,40621451.0
2022-03-16,40652274.0
2022-03-17,40696475.0
2022-03-18,40738782.0
2022-03-19,40778257.0
2022-03-20,40828104.0
2022-03-21,40844034.0
2022-03-22,40907232.0
2022-03-23,40903958.0
2022-03-24,40947141.0
2022-03-25,40952907.0
2022-03-26,41020010.0
2022-03-27,41067896.0
2022-03-28,41043224.0
2022-03-29,41087205.0
2022-03-30,41106479.0
2022-03-31,41170396.0
2022-04-01,41188211.0
2022-04-02,41193888.0
2022-04-03,41228555.0
2022-04-04,41231332.0
2022-04-05,41284114.0
2022-04-06,41310021.0
2022-04-07,41336202.0
2022-04-08,41394212.0
2022-04-09,41433201.0
2022-04-10,41465826.0
2022-04-11,41462306.0
2022-04-12,41437494.0
2022-04-13,41460912.0
2022-04-14,41502090.0
2022-04-15,41567215.0
2022-04-16,41635433.0
2022-04-17,41678446.0
2022-04-18,41643873.0
2022-04-19,41692703.0
2022-04-20,41714914.0
2022-04-21,41731597.0
2022-04-22,41754872.0
2022-04-23,41764066.0
2022-04-24,41774441.0
2022-04-25,41759288.0
2022-04-26,41783124.0
2022-04-27,41793883.0
2022-04-28,41797614.0
2022-04-29,41787756.0
2022-04-30,41788154.0
2022-05-01,41839060.0
2022-05-02,41835753.0
2022-05-03,41867039.0
2022-05-04,41922899.0
2022-05-05,41897273.0
2022-05-06,41836726.0
2022-05-07,41889743.0
2022-05-08,41897064.0
2022-05-09,41873205.0
2022-05-10,41901073.0
2022-05-11,41966636.0
2022-05-12,42063736.0
2022-05-13,42128443.0
2022-05-14,42086667.0
2022-05-15,41927306.0
2022-05-16,41781254.0
2022-05-17,41708990.0
2022-05-18,41719045.0
2022-05-19,41772550.0
2022-05-20,41776368.0
2022-05-21,41810305.0
2022-05-22,41830069.0
2022-05-23,41796399.0
2022-05-24,41848529.0
2022-05-25,41800345.0
2022-05-26,41816070.0
2022-05-27,41869425.0
2022-05-28,41899548.0
2022-05-29,41906470.0
2022-05-30,41871881.0
2022-05-31,41856431.0
2022-06-01,41879934.0
2022-06-02,41880685.0
2022-06-03,41891706.0
2022-06-04,41916375.0
2022-06-05,41935749.0
2022-06-06,41895049.0
2022-06-07,41852710.0
2022-06-08,41876107.0
2022-06-09,41885035.0
2022-06-10,41927018.0
2022-06-11,41905358.0
2022-06-12,41930998.0
2022-06-13,42027546.0
2022-06-14,41965123.0
2022-06-15,41916371.0
2022-06-16,41952602.0
2022-06-17,42024689.0
2022-06-18,42008369.0
2022-06-19,42043596.0
2022-06-20,42079019.0
2022-06-21,42072098.0
2022-06-22,42095329.0
2022-06-23,42124961.0
2022-06-24,42161547.0
2022-06-25,42215208.0
2022-06-26,42278848.0
2022-06-27,42200586.0
2022-06-28,42184221.0
2022-06-29,42186550.0
2022-06-30,42202178.0
2022-07-01,42287510.0
2022-07-02,42314748.0
2022-07-03,42364293.0
2022-07-04,42374124.0
2022-07-05,42407399.0
2022-07-06,42429244.0
2022-07-07,42383771.0
2022-07-08,42397762.0
2022-07-09,42426101.0
2022-07-10,42453132.0
2022-07-11,42474819.0
2022-07-12,42451117.0
2022-07-13,42548968.0
2022-07-14,42546882.0
2022-07-15,42523035.0
2022-07-16,42548624.0
2022-07-17,42553440.0
2022-07-18,42564500.0
2022-07-19,42509501.0
2022-07-20,42534127.0
2022-07-21,42529030.0
2022-07-22,42608470.0
2022-07-23,42639826.0
2022-07-24,42669375.0
2022-07-25,42659090.0
2022-07-26,42616831.0
2022-07-27,42640049.0
2022-07-28,42601884.0
2022-07-29,42645305.0
2022-07-30,42698811.0
2022-07-31,42726004.0
2022-08-01,42711871.0
2022-08-02,42712886.0
2022-08-03,42727400.0
2022-08-04,42757772.0
2022-08-05,42806217.0
2022-08-06,42793671.0
2022-08-07,42821708.0
2022-08-08,42840157.0
2022-08-09,42828428.0
2022-08-10,42730778.0
2022-08-11,42742974.0
2022-08-12,42771403.0
2022-08-13,42815705.0
2022-08-14,42774207.0
2022-08-15,42743283.0
2022-08-16,42688695.0
2022-08-17,42731363.0
2022-08-18,42673175.0
2022-08-19,42707441.0
2022-08-20,42715596.0
2022-08-21,42728688.0
2022-08-22,42732462.0
2022-08-23,42687322.0
2022-08-24,42689718.0
2022-08-25,42684185.0
2022-08-26,42714905.0
2022-08-27,42720954.0
2022-08-28,42731361.0
2022-08-29,42691123.0
2022-08-30,42673942.0
2022-08-31,42683252.0
2022-09-01,42716804.0
2022-09-02,42778598.0
2022-09-03,42755773.0
2022-09-04,42753636.0
2022-09-05,42701337.0
2022-09-06,42696944.0
2022-09-07,42670462.0
2022-09-08,42695893.0
2022-09-09,42720640.0
2022-09-10,42743998.0
2022-09-11,42731490.0
2022-09-12,42668708.0
2022-09-13,42682937.0
2022-09-14,42661084.0
2022-09-15,42684913.0
2022-09-16,42793281.0
2022-09-17,42769781.0
2022-09-18,42782414.0
2022-09-19,42792627.0
2022-09-20,42724496.0
2022-09-21,42708629.0
2022-09-22,42744899.0
2022-09-23,42733630.0
2022-09-24,42760800.0
2022-09-25,42797065.0
2022-09-26,42733306.0
2022-09-27,42689663.0
2022-09-28,42700776.0
2022-09-29,42735635.0
2022-09-30,42749770.0
2022-10-01,42759262.0
2022-10-02,42731641.0
2022-10-03,42662771.0
2022-10-04,42646225.0
2022-10-05,42672642.0
2022-10-06,42690269.0
2022-10-07,42704862.0
2022-10-08,42766977.0
2022-10-09,42793328.0
2022-10-10,42753155.0
2022-10-11,42740781.0
2022-10-12,42778630.0
2022-10-13,42804174.0
2022-10-14,42824422.0
2022-10-15,42843484.0
2022-10-16,42884145.0
2022-10-17,42871574.0
2022-10-18,42899398.0
2022-10-19,42856861.0
2022-10-20,42853933.0
2022-10-21,42888941.0
2022-10-22,42926074.0
2022-10-23,42959043.0
2022-10-24,42938007.0
2022-10-25,43003200.0
2022-10-26,42905510.0
2022-10-27,42922715.0
2022-10-28,42941467.0
2022-10-29,43010120.0
2022-10-30,43026664.0
2022-10-31,42982708.0
2022-11-01,42953843.0
2022-11-02,43000564.0
2022-11-03,42993246.0
2022-11-04,43056267.0
2022-11-05,43036336.0
2022-11-06,43035533.0
2022-11-07,43045856.0
2022-11-08,42992158.0
2022-11-09,43023615.0
2022-11-10,43082301.0
2022-11-11,43179143.0
2022-11-12,43239776.0
2022-11-13,43311279.0
2022-11-14,43393328.0
2022-11-15,43505682.0
2022-11-16,43606230.0
2022-11-17,43717790.0
2022-11-18,43789081.0
2022-11-19,43620491.0
2022-11-20,43462641.0
2022-11-21,43425838.0
2022-11-22,43407923.0
2022-11-23,43400228.0
2022-11-24,43365665.0
2022-11-25,43348301.0
2022-11-26,43331953.0
2022-11-27,43292022.0
2022-11-28,43250245.0
2022-11-29,43224414.0
2022-11-30,43239141.0
2022-12-01,43217458.0
2022-12-02,43256128.0
2022-12-03,43260484.0
2022-12-04,43227069.0
2022-12-05,43183587.0
2022-12-06,43157198.0
2022-12-07,43137679.0
2022-12-08,43148438.0
2022-12-09,43175469.0
2022-12-10,43110272.0
2022-12-11,43146021.0
2022-12-12,43135332.0
2022-12-13,43154684.0
2022-12-14,43171871.0
2022-12-15,43223910.0
2022-12-16,43339672.0
2022-12-17,43324743.0
2022-12-18,43322216.0
2022-12-19,43238455.0
2022-12-20,43208650.0
2022-12-21,43190049.0
2022-12-22,43210243.0
2022-12-23,43289796.0
2022-12-24,43364707.0
2022-12-25,43346478.0
2022-12-26,43339036.0
2022-12-27,43325647.0
2022-12-28,43328862.0
2022-12-29,43327008.0
2022-12-30,43262271.0
2022-12-31,43291859.0
2023-01-01,43298671.0
2023-01-02,43262956.0
2023-01-03,43184575.0
2023-01-04,43178984.0
2023-01-05,43199793.0
2023-01-06,43225828.0
2023-01-07,43276397.0
2023-01-08,43314444.0
2023-01-09,43324410.0
2023-01-10,43135296.0
2023-01-11,43164789.0
2023-01-12,43133458.0
2023-01-13,43088832.0
2023-01-14,43123849.0
2023-01-15,43186351.0
2023-01-16,43159733.0
2023-01-17,43109994.0
2023-01-18,43119358.0
2023-01-19,43146556.0
2023-01-20,43228158.0
2023-01-21,43289753.0
2023-01-22,43288999.0
2023-01-23,43263495.0
2023-01-24,43270548.0
2023-01-25,43300647.0
2023-01-26,43329390.0
2023-01-27,43384293.0
2023-01-28,43417895.0
2023-01-29,43461516.0
2023-01-30,43452312.0
2023-01-31,43524604.0
2023-02-01,43509224.0
2023-02-02,43554968.0
2023-02-03,43633268.0
2023-02-04,43638796.0
2023-02-05,43682931.0
2023-02-06,43720508.0
2023-02-07,43793765.0
2023-02-08,43838387.0
2023-02-09,43904007.0
2023-02-10,44024692.0
2023-02-11,44092329.0
2023-02-12,44142955.0
2023-02-13,44146670.0
2023-02-14,44221918.0
2023-02-15,44256569.0
2023-02-16,44212935.0
2023-02-17,44183774.0
2023-02-18,44095630.0
2023-02-19,44007318.0
2023-02-20,43977753.0
2023-02-21,43908433.0
2023-02-22,43930474.0
2023-02-23,43830321.0
2023-02-24,43878914.0
2023-02-25,43979466.0
2023-02-26,43960607.0
2023-02-27,43931917.0
2023-02-28,44016374.0
2023-03-01,44108043.0
2023-03-02,44224573.0
2023-03-03,44298642.0
2023-03-04,44368411.0
2023-03-05,44270276.0
2023-03-06,44324827.0
2023-03-07,44340452.0
2023-03-08,44394226.0
2023-03-09,44482416.0
2023-03-10,44599316.0
2023-03-11,44660359.0
2023-03-12,44651855.0
2023-03-13,44703713.0
2023-03-14,44745446.0
2023-03-15,44808194.0
2023-03-16,44922641.0
2023-03-17,44961554.0
2023-03-18,44989715.0
2023-03-19,45044838.0
2023-03-20,45055700.0
2023-03-21,45078949.0
2023-03-22,45153637.0
2023-03-23,45232278.0
2023-03-24,45344032.0
2023-03-25,45377429.0
2023-03-26,45418927.0
2023-03-27,45342232.0
2023-03-28,45346457.0
2023-03-29,45391713.0
2023-03-30,45407799.0
2023-03-31,45436393.0
2023-04-01,45418758.0
2023-04-02,45347568.0
2023-04-03,45367295.0
2023-04-04,45379252.0
2023-04-05,45463848.0
2023-04-06,45513676.0
2023-04-07,45606748.0
2023-04-08,45695602.0
2023-04-09,45582678.0
2023-04-10,45562897.0
2023-04-11,45527776.0
2023-04-12,45501499.0
2023-04-13,45506737.0
2023-04-14,45539910.0
2023-04-15,45432135.0
2023-04-16,45425532.0
2023-04-17,45391038.0
2023-04-18,45206404.0
2023-04-19,45190748.0
2023-04-20,45210723.0
2023-04-21,45253936.0
2023-04-22,45253106.0
2023-04-23,45271905.0
2023-04-24,45185829.0
2023-04-25,45224045.0
2023-04-26,45316976.0
2023-04-27,45399864.0
2023-04-28,45490329.0
2023-04-29,45585258.0
2023-04-30,45686154.0
2023-05-01,45738930.0
2023-05-02,45835502.0
2023-05-03,45908196.0
2023-05-04,45980063.0
2023-05-05,46118640.0
2023-05-06,46246620.0
2023-05-07,46387262.0
2023-05-08,46493338.0
2023-05-09,46546495.0
2023-05-10,46607502.0
2023-05-11,46625123.0
2023-05-12,46685102.0
2023-05-13,46757673.0
2023-05-14,46724921.0
2023-05-15,46730184.0
2023-05-16,46788341.0
2023-05-17,46834196.0
2023-05-18,46889775.0
2023-05-19,46937674.0
2023-05-20,47001075.0
2023-05-21,46992102.0
2023-05-22,47012369.0
2023-05-23,47049360.0
2023-05-24,47056132.0
2023-05-25,47099858.0
2023-05-26,47161841.0
2023-05-27,47199787.0
2023-05-28,47225055.0
2023-05-29,47242592.0
2023-05-30,47265870.0
2023-05-31,47329323.0
2023-06-01,47367146.0
2023-06-02,47395810.0
2023-06-03,47416085.0
2023-06-04,47364589.0
2023-06-05,47378116.0
2023-06-06,47510633.0
2023-06-07,47559269.0
2023-06-08,47560990.0
2023-06-09,47504787.0
2023-06-10,47488172.0
2023-06-11,47421676.0
2023-06-12,47322998.0
2023-06-13,47334265.0
2023-06-14,47394582.0
2023-06-15,47436373.0
2023-06-16,47537524.0
2023-06-17,47581033.0
2023-06-18,47565618.0
2023-06-19,47515820.0
2023-06-20,47566853.0
2023-06-21,47637352.0
2023-06-22,47617418.0
2023-06-23,47664453.0
2023-06-24,47586463.0
2023-06-25,47528807.0
2023-06-26,47478000.0
2023-06-27,47489972.0
2023-06-28,47551531.0
2023-06-29,47562564.0
2023-06-30,47558689.0
2023-07-01,47518344.0
2023-07-02,47274907.0
2023-07-03,47244328.0
2023-07-04,47170873.0
2023-07-05,47194926.0
2023-07-06,47220830.0
2023-07-07,47233231.0
2023-07-08,47168928.0
2023-07-09,47156859.0
2023-07-10,47173702.0
2023-07-11,47185559.0
2023-07-12,47248825.0
2023-07-13,47339666.0
2023-07-14,47392285.0
2023-07-15,47455477.0
2023-07-16,47493541.0
2023-07-17,47515214.0
2023-07-18,47544195.0
2023-07-19,47596033.0
2023-07-20,47651785.0
2023-07-21,47725393.0
2023-07-22,47606742.0
2023-07-23,47633278.0
2023-07-24,47643147.0
2023-07-25,47706093.0
2023-07-26,47692390.0
2023-07-27,47736596.0
2023-07-28,47777230.0
2023-07-29,47849669.0
2023-07-30,47884430.0
2023-07-31,47911803.0
2023-08-01,47939608.0
2023-08-02,47837975.0
2023-08-03,47812402.0
2023-08-04,47840597.0
2023-08-05,47851435.0
2023-08-06,47883818.0
2023-08-07,47899853.0
2023-08-08,47920633.0
2023-08-09,47886283.0
2023-08-10,47985075.0
2023-08-11,48020035.0
2023-08-12,48045233.0
2023-08-13,48048213.0
2023-08-14,48035915.0
2023-08-15,48036878.0
2023-08-16,48012799.0
2023-08-17,48024476.0
2023-08-18,48138182.0
2023-08-19,48128912.0
2023-08-20,48118362.0
2023-08-21,48171774.0
2023-08-22,48129433.0
2023-08-23,48120058.0
2023-08-24,48073662.0
2023-08-25,48125402.0
2023-08-26,48226619.0
2023-08-27,48243818.0
2023-08-28,48274455.0
2023-08-29,48278139.0
2023-08-30,48351214.0
2023-08-31,48402694.0
2023-09-01,48446748.0
2023-09-02,48528526.0
2023-09-03,48606290.0
2023-09-04,48709978.0
2023-09-05,48830673.0
2023-09-06,48843766.0
2023-09-07,48881291.0
2023-09-08,48861508.0
2023-09-09,48950652.0
2023-09-10,49031644.0
2023-09-11,48886332.0
2023-09-12,48897101.0
2023-09-13,48914799.0
2023-09-14,48939887.0
2023-09-15,49021954.0
2023-09-16,49126964.0
2023-09-17,49217107.0
2023-09-18,49211937.0
2023-09-19,49191297.0
2023-09-20,49226913.0
2023-09-21,49178891.0
2023-09-22,49222895.0
2023-09-23,49283318.0
2023-09-24,49179157.0
2023-09-25,49009092.0
2023-09-26,48894106.0
2023-09-27,48702641.0
2023-09-28,48599929.0
2023-09-29,48564756.0
2023-09-30,48446015.0
2023-10-01,48392830.0
2023-10-02,48339557.0
2023-10-03,48192921.0
2023-10-04,48211060.0
2023-10-05,48231494.0
2023-10-06,48276271.0
2023-10-07,48284839.0
2023-10-08,48307782.0
2023-10-09,48183163.0
2023-10-10,48162430.0
2023-10-11,48186590.0
2023-10-12,48193436.0
2023-10-13,48216701.0
2023-10-14,48259215.0
2023-10-15,48301670.0
2023-10-16,48197513.0
2023-10-17,48190818.0
2023-10-18,48144141.0
2023-10-19,48157861.0
2023-10-20,48215128.0
2023-10-21,48252912.0
2023-10-22,48287211.0
2023-10-23,48171761.0
2023-10-24,48238248.0
2023-10-25,48258105.0
2023-10-26,48244374.0
2023-10-27,48272205.0
2023-10-28,48340419.0
2023-10-29,48369133.0
2023-10-30,48314661.0
2023-10-31,48323920.0
2023-11-01,48377353.0
2023-11-02,48437096.0
2023-11-03,48590899.0
2023-11-04,48759772.0
2023-11-05,48800741.0
2023-11-06,48799681.0
2023-11-07,48865325.0
2023-11-08,48995487.0
2023-11-09,49119546.0
2023-11-10,49157525.0
2023-11-11,49267000.0
2023-11-12,49413480.0
2023-11-13,49370183.0
2023-11-14,49428630.0
2023-11-15,49524703.0
2023-11-16,49668869.0
2023-11-17,49683228.0
2023-11-18,49794508.0
2023-11-19,49875027.0
2023-11-20,49857765.0
2023-11-21,49889329.0
2023-11-22,49977694.0
2023-11-23,50034894.0
2023-11-24,50013131.0
2023-11-25,50081266.0
2023-11-26,50140669.0
2023-11-27,50164360.0
2023-11-28,50142973.0
2023-11-29,50144139.0
2023-11-30,50156857.0
2023-12-01,50185021.0
2023-12-02,50298554.0
2023-12-03,50398071.0
2023-12-04,50402834.0
2023-12-05,50468296.0
2023-12-06,50525396.0
2023-12-07,50521410.0
2023-12-08,50532270.0
2023-12-09,50591761.0
2023-12-10,50641037.0
2023-12-11,50576983.0
2023-12-12,50631366.0
2023-12-13,50743021.0
2023-12-14,50854209.0
2023-12-15,50939460.0
2023-12-16,51050709.0
2023-12-17,51115819.0
2023-12-18,51125689.0
2023-12-19,51200921.0
2023-12-20,51282682.0
2023-12-21,51398499.0
2023-12-22,51410967.0
2023-12-23,51421328.0
2023-12-24,51452178.0
2023-12-25,51496158.0
2023-12-26,51528650.0
2023-12-27,51614096.0
2023-12-28,51595968.0
2023-12-29,51625933.0
2023-12-30,51669296.0
2023-12-31,51761417.0
2024-01-01,51751700.0
2024-01-02,51662671.0
2024-01-03,51626508.0
2024-01-04,51548299.0
2024-01-05,51616140.0
2024-01-06,51614686.0
2024-01-07,51620392.0
2024-01-08,51642331.0
2024-01-09,51591835.0
2024-01-10,51597280.0
2024-01-11,51604626.0
2024-01-12,51494804.0
2024-01-13,51622765.0
2024-01-14,51702189.0
2024-01-15,51683112.0
2024-01-16,51673004.0
2024-01-17,51721404.0
2024-01-18,51711827.0
2024-01-19,51754280.0
2024-01-20,51806688.0
2024-01-21,51867246.0
2024-01-22,51740101.0
2024-01-23,51714076.0
2024-01-24,51626506.0
2024-01-25,51368737.0
2024-01-26,51400536.0
2024-01-27,51365888.0
2024-01-28,51430361.0
2024-01-29,51379338.0
2024-01-30,51390768.0
2024-01-31,51365079.0
2024-02-01,51362346.0
2024-02-02,51397949.0
2024-02-03,51457300.0
2024-02-04,51453635.0
2024-02-05,51405990.0
2024-02-06,51343126.0
2024-02-07,51313518.0
2024-02-08,51297957.0
2024-02-09,51211843.0
2024-02-10,51162397.0
2024-02-11,51122675.0
2024-02-12,51056688.0
2024-02-13,51019464.0
2024-02-14,51051663.0
2024-02-15,51029360.0
2024-02-16,51050901.0
2024-02-17,51033247.0
2024-02-18,51049467.0
2024-02-19,51031791.0
2024-02-20,51041863.0
2024-02-21,51096152.0
2024-02-22,51152164.0
2024-02-23,51141802.0
2024-02-24,51131467.0
2024-02-25,51080325.0
2024-02-26,51087241.0
2024-02-27,51140487.0
2024-02-28,51216378.0
2024-02-29,51328388.0
2024-03-01,51358544.0
2024-03-02,51413509.0
2024-03-03,51455045.0
2024-03-04,51509771.0
2024-03-05,51439986.0
2024-03-06,51481964.0
2024-03-07,51467446.0
2024-03-08,51531207.0
2024-03-09,51537947.0
2024-03-10,51555365.0
2024-03-11,51405909.0
2024-03-12,51334851.0
2024-03-13,51231567.0
2024-03-14,51204575.0
2024-03-15,51276372.0
2024-03-16,51232434.0
2024-03-17,51216494.0
2024-03-18,51266357.0
2024-03-19,51281859.0
2024-03-20,51233490.0
2024-03-21,51279469.0
2024-03-22,51296286.0
2024-03-23,51250688.0
2024-03-24,51161303.0
2024-03-25,51133557.0
2024-03-26,51159611.0
2024-03-27,51193769.0
2024-03-28,51209713.0
2024-03-29,51262127.0
2024-03-30,51273771.0
2024-03-31,51343776.0
2024-04-01,51268163.0
2024-04-02,51244187.0
2024-04-03,51305866.0
2024-04-04,51237540.0
2024-04-05,51201497.0
2024-04-06,51201600.0
2024-04-07,51219492.0
2024-04-08,51263721.0
2024-04-09,51291503.0
2024-04-10,51402354.0
2024-04-11,51521972.0
2024-04-12,51617955.0
2024-04-13,51661683.0
2024-04-14,51704477.0
2024-04-15,51781428.0
2024-04-16,51818501.0
2024-04-17,51906739.0
2024-04-18,51981295.0
2024-04-19,52104060.0
2024-04-20,52193809.0
2024-04-21,52250950.0
2024-04-22,52289459.0
2024-04-23,52344718.0
2024-04-24,52351441.0
2024-04-25,52356477.0
2024-04-26,52435078.0
2024-04-27,52511677.0
2024-04-28,52513218.0
2024-04-29,52496304.0
2024-04-30,52533721.0
2024-05-01,52547253.0
2024-05-02,52526244.0
2024-05-03,52552259.0
2024-05-04,52614123.0
2024-05-05,52640312.0
2024-05-06,52648457.0
2024-05-07,52633358.0
2024-05-08,52638430.0
2024-05-09,52658405.0
2024-05-10,52710989.0
2024-05-11,52721703.0
2024-05-12,52690412.0
2024-05-13,52616680.0
2024-05-14,52595708.0
2024-05-15,52603513.0
2024-05-16,52612278.0
2024-05-17,52606134.0
2024-05-18,52577687.0
2024-05-19,52517211.0
2024-05-20,52505302.0
2024-05-21,52477649.0
2024-05-22,52457880.0
2024-05-23,52459438.0
2024-05-24,52479679.0
2024-05-25,52518661.0
2024-05-26,52551266.0
2024-05-27,52552798.0
2024-05-28,52529012.0
2024-05-29,52614543.0
2024-05-30,52675641.0
2024-05-31,52738753.0
2024-06-01,52805165.0
2024-06-02,52824877.0
2024-06-03,52830159.0
2024-06-04,52868355.0
2024-06-05,52931373.0
2024-06-06,52984585.0
2024-06-07,53058444.0
2024-06-08,53100973.0
2024-06-09,53132078.0
2024-06-10,53119750.0
2024-06-11,53102675.0
2024-06-12,53095347.0
2024-06-13,53137021.0
2024-06-14,53210454.0
2024-06-15,53201354.0
2024-06-16,53061542.0
2024-06-17,52949599.0
2024-06-18,52894830.0
2024-06-19,52903040.0
2024-06-20,52889104.0
2024-06-21,52893033.0
2024-06-22,52882407.0
2024-06-23,52871128.0
2024-06-24,52781705.0
2024-06-25,52750923.0
2024-06-26,52768058.0
2024-06-27,52746769.0
2024-06-28,52766794.0
2024-06-29,52755960.0
2024-06-30,52758169.0
2024-07-01,52759266.0
2024-07-02,52709280.0
2024-07-03,52661324.0
2024-07-04,52648166.0
2024-07-05,52670838.0
2024-07-06,52645938.0
2024-07-07,52632552.0
2024-07-08,52582778.0
2024-07-09,52523491.0
2024-07-10,52530791.0
2024-07-11,52549907.0
2024-07-12,52538614.0
2024-07-13,52554022.0
2024-07-14,52442900.0
2024-07-15,52380999.0
2024-07-16,52350924.0
2024-07-17,52318815.0
2024-07-18,52233834.0
2024-07-19,52227176.0
2024-07-20,52187080.0
2024-07-21,52181995.0
2024-07-22,52132552.0
2024-07-23,52161579.0
2024-07-24,52161481.0
2024-07-25,52187574.0
2024-07-26,52227694.0
2024-07-27,52249696.0
2024-07-28,52282666.0
2024-07-29,52270322.0
2024-07-30,52304090.0
2024-07-31,52304948.0
2024-08-01,52300899.0
2024-08-02,52293758.0
2024-08-03,52285088.0
2024-08-04,52276515.0
2024-08-05,52267255.0
2024-08-06,52248879.0
2024-08-07,52213170.0
2024-08-08,52242815.0
2024-08-09,52257409.0
2024-08-10,52272851.0
2024-08-11,52228260.0
2024-08-12,52163041.0
2024-08-13,52143236.0
2024-08-14,52177453.0
2024-08-15,52169815.0
2024-08-16,52192396.0
2024-08-17,52231613.0
2024-08-18,52278804.0
2024-08-19,52256901.0
2024-08-20,52300861.0
2024-08-21,52338511.0
2024-08-22,52357406.0
2024-08-23,52382451.0
2024-08-24,52420064.0
2024-08-25,52451576.0
2024-08-26,52426938.0
2024-08-27,52425116.0
2024-08-28,52394975.0
2024-08-29,52431440.0
2024-08-30,52383518.0
2024-08-31,52419095.0
2024-09-01,52420964.0
2024-09-02,52405064.0
2024-09-03,52435022.0
2024-09-04,52448088.0
2024-09-05,52469360.0
2024-09-06,52499707.0
2024-09-07,52531054.0
2024-09-08,52565130.0
2024-09-09,52505832.0
2024-09-10,52495456.0
2024-09-11,52522597.0
2024-09-12,52533655.0
2024-09-13,52496197.0
2024-09-14,52527996.0
2024-09-15,52522657.0
2024-09-16,52537037.0
2024-09-17,52499300.0
2024-09-18,52499066.0
2024-09-19,52506924.0
2024-09-20,52474133.0
2024-09-21,52504375.0
2024-09-22,52534295.0
2024-09-23,52470069.0
2024-09-24,52452289.0
2024-09-25,52461896.0
2024-09-26,52482321.0
2024-09-27,52512129.0
2024-09-28,52558162.0
2024-09-29,52545426.0
2024-09-30,52555131.0
2024-10-01,52543416.0
2024-10-02,52539753.0
2024-10-03,52556437.0
2024-10-04,52576561.0
2024-10-05,52647055.0
2024-10-06,52682427.0
2024-10-07,52688038.0
2024-10-08,52669588.0
2024-10-09,52695622.0
2024-10-10,52702136.0
2024-10-11,52684640.0
2024-10-12,52734428.0
2024-10-13,52736086.0
2024-10-14,52701049.0
2024-10-15,52641104.0
2024-10-16,52684731.0
2024-10-17,52674564.0
2024-10-18,52687842.0
2024-10-19,52694668.0
2024-10-20,52664181.0
2024-10-21,52647022.0
2024-10-22,52695245.0
2024-10-23,52670268.0
2024-10-24,52666371.0
2024-10-25,52636877.0
2024-10-26,52627434.0
2024-10-27,52620563.0
2024-10-28,52594955.0
2024-10-29,52587938.0
2024-10-30,52582781.0
2024-10-31,52563679.0
2024-11-01,52534655.0
2024-11-02,52554537.0
2024-11-03,52565942.0
2024-11-04,52502021.0
2024-11-05,52507892.0
2024-11-06,52498549.0
2024-11-07,52518554.0
2024-11-08,52526097.0
2024-11-09,52581433.0
2024-11-10,52601331.0
2024-11-11,52592017.0
2024-11-12,52601901.0
2024-11-13,52672267.0
2024-11-14,52695911.0
2024-11-15,52671158.0
2024-11-16,52667148.0
2024-11-17,52690635.0
2024-11-18,52669079.0
2024-11-19,52682852.0
2024-11-20,52725064.0
2024-11-21,52717429.0
2024-11-22,52757250.0
2024-11-23,52730726.0
2024-11-24,52694566.0
2024-11-25,52597057.0
2024-11-26,52603449.0
2024-11-27,52629721.0
2024-11-28,52687450.0
2024-11-29,52744884.0
2024-11-30,52746932.0
2024-12-01,52783756.0
2024-12-02,52729534.0
2024-12-03,52710712.0
2024-12-04,52696723.0
2024-12-05,52730910.0
2024-12-06,52730915.0
2024-12-07,52747871.0
2024-12-08,52666013.0
2024-12-09,52569735.0
2024-12-10,52525145.0
2024-12-11,52600142.0
2024-12-12,52643843.0
2024-12-13,52620916.0
2024-12-14,52661483.0
2024-12-15,52697656.0
2024-12-16,52667790.0
2024-12-17,52706597.0
2024-12-18,52674687.0
2024-12-19,52709630.0
2024-12-20,52738960.0
2024-12-21,52766431.0
2024-12-22,52726795.0
2024-12-23,52703197.0
2024-12-24,52705432.0
2024-12-25,52701328.0
2024-12-26,52676645.0
2024-12-27,52633138.0
2024-12-28,52655133.0
2024-12-29,52636443.0
2024-12-30,52572734.0
2024-12-31,52558596.0
2025-01-01,52553820.0
2025-01-02,52525524.0
2025-01-03,52552122.0
2025-01-04,52580380.0
2025-01-05,52585791.0
2025-01-06,52606892.0
2025-01-07,52615863.0
2025-01-08,52620887.0
2025-01-09,52632951.0
2025-01-10,52608770.0
2025-01-11,52643165.0
2025-01-12,52613585.0
2025-01-13,52609984.0
2025-01-14,52588978.0
2025-01-15,52609623.0
2025-01-16,52627090.0
2025-01-17,52637709.0
2025-01-18,52687841.0
2025-01-19,52730597.0
2025-01-20,52766586.0
2025-01-21,52696473.0
2025-01-22,52661692.0
2025-01-23,52638651.0
2025-01-24,52647940.0
2025-01-25,52676230.0
2025-01-26,52701717.0
2025-01-27,52659571.0
2025-01-28,52643016.0
2025-01-29,52643800.0
2025-01-30,52655413.0
2025-01-31,52697743.0
2025-02-01,52710613.0
2025-02-02,52656877.0
2025-02-03,52629977.0
2025-02-04,52579259.0
2025-02-05,52571723.0
2025-02-06,52574841.0
2025-02-07,52579334.0
2025-02-08,52609098.0
2025-02-09,52616786.0
2025-02-10,52548448.0
2025-02-11,52484634.0
2025-02-12,52487603.0
2025-02-13,52490607.0
2025-02-14,52512056.0
2025-02-15,52529571.0
2025-02-16,52549050.0
2025-02-17,52491811.0
2025-02-18,52424988.0
2025-02-19,52446447.0
2025-02-20,52471893.0
2025-02-21,52520212.0
2025-02-22,52553553.0
2025-02-23,52629844.0
2025-02-24,52626014.0
2025-02-25,52669179.0
2025-02-26,52690651.0
2025-02-27,52640107.0
2025-02-28,52604307.0
2025-03-01,52529041.0
2025-03-02,52552542.0
2025-03-03,52523601.0
2025-03-04,52568359.0
2025-03-05,52587731.0
2025-03-06,52589274.0
2025-03-07,52550695.0
2025-03-08,52597424.0
2025-03-09,52621977.0
2025-03-10,52628344.0
2025-03-11,52650567.0
2025-03-12,52686906.0
2025-03-13,52707786.0
2025-03-14,52710176.0
2025-03-15,52744523.0
2025-03-16,52718199.0
2025-03-17,52678147.0
2025-03-18,52694964.0
2025-03-19,52711902.0
2025-03-20,52702547.0
2025-03-21,52710560.0
2025-03-22,52740228.0
2025-03-23,52763140.0
2025-03-24,52736006.0
2025-03-25,52778990.0
2025-03-26,52788031.0
2025-03-27,52790745.0
2025-03-28,52770209.0
2025-03-29,52795550.0
2025-03-30,52804818.0
2025-03-31,52751018.0
2025-04-01,52718919.0
2025-04-02,52721958.0
2025-04-03,52720216.0
2025-04-04,52726949.0
2025-04-05,52725310.0
2025-04-06,52740396.0
2025-04-07,52743049.0
2025-04-08,52775069.0
2025-04-09,52808588.0
2025-04-10,52799514.0
2025-04-11,52813520.0
2025-04-12,52855532.0
2025-04-13,52872636.0
2025-04-14,52863795.0
2025-04-15,52858606.0
2025-04-16,52859070.0
2025-04-17,52854029.0
2025-04-18,52882094.0
2025-04-19,52898336.0
2025-04-20,52918621.0
2025-04-21,52924564.0
2025-04-22,52909053.0
2025-04-23,52966545.0
2025-04-24,52978931.0
2025-04-25,52960020.0
2025-04-26,53010922.0
2025-04-27,53025538.0
2025-04-28,52944064.0
2025-04-29,52994568.0
2025-04-30,53016944.0
2025-05-01,53038606.0
2025-05-02,52977369.0
2025-05-03,53014386.0
2025-05-04,53008781.0
2025-05-05,53023540.0
2025-05-06,53005669.0
2025-05-07,52968177.0
2025-05-08,52972046.0
2025-05-09,52980159.0
2025-05-10,53007468.0
2025-05-11,53031984.0
2025-05-12,53026584.0
2025-05-13,52981784.0
2025-05-14,52971217.0
2025-05-15,53013155.0
2025-05-16,52979162.0
2025-05-17,52937967.0
2025-05-18,52978686.0
2025-05-19,52988638.0
2025-05-20,53009341.0
2025-05-21,52993618.0
2025-05-22,52987897.0
2025-05-23,52963557.0
2025-05-24,52996222.0
2025-05-25,52988059.0
2025-05-26,52974802.0
2025-05-27,53020074.0
2025-05-28,53020948.0
2025-05-29,53049014.0
2025-05-30,53068323.0
2025-05-31,53085358.0
2025-06-01,53070418.0
2025-06-02,53035258.0
2025-06-03,52947908.0
2025-06-04,52952089.0
2025-06-05,52980337.0
2025-06-06,52967677.0
2025-06-07,53007887.0
2025-06-08,53019007.0
2025-06-09,52989464.0
2025-06-10,52960225.0
2025-06-11,52967894.0
2025-06-12,52979200.0
2025-06-13,52987631.0
2025-06-14,53008797.0
2025-06-15,53018935.0
2025-06-16,53030746.0
2025-06-17,53046208.0
2025-06-18,53067820.0
2025-06-19,53070549.0
2025-06-20,53077533.0
2025-06-21,53063021.0
2025-06-22,53063409.0
2025-06-23,53086853.0
2025-06-24,53051083.0
2025-06-25,53050530.0
2025-06-26,53060072.0
2025-06-27,53055812.0
2025-06-28,53045423.0
2025-06-29,53079289.0
2025-06-30,53073766.0
2025-07-01,53048849.0
2025-07-02,53052621.0
2025-07-03,53072958.0
2025-07-04,53106209.0
2025-07-05,53122351.0
2025-07-06,53121569.0
2025-07-07,53146673.0
2025-07-08,53090265.0
2025-07-09,53073267.0
2025-07-10,53078120.0
2025-07-11,53075952.0
2025-07-12,53091151.0
2025-07-13,53106230.0
2025-07-14,53118626.0
2025-07-15,53135465.0
2025-07-16,53187249.0
2025-07-17,53199009.0
2025-07-18,53220949.0
2025-07-19,53241053.0
2025-07-20,53236075.0
2025-07-21,53247137.0
2025-07-22,53272513.0
2025-07-23,53254823.0
2025-07-24,53275972.0
2025-07-25,53294968.0
2025-07-26,53318025.0
2025-07-27,53319769.0
2025-07-28,53323541.0
2025-07-29,53354969.0
2025-07-30,53377828.0
2025-07-31,53403704.0
2025-08-01,53418699.0
2025-08-02,53438547.0
2025-08-03,53445347.0
2025-08-04,53462389.0
2025-08-05,53457571.0
2025-08-06,53555632.0
2025-08-07,53581902.0
2025-08-08,53718881.0
2025-08-09,53767485.0
2025-08-10,53808821.0
2025-08-11,53814831.0
2025-08-12,53815666.0
2025-08-13,53849112.0
2025-08-14,53900543.0
2025-08-15,53948106.0
2025-08-16,53949668.0
2025-08-17,53964275.0
2025-08-18,53976024.0
2025-08-19,54005815.0
2025-08-20,54006755.0
2025-08-21,54025493.0
2025-08-22,54050123.0
2025-08-23,54039474.0
2025-08-24,54041926.0
2025-08-25,54061057.0
2025-08-26,54065725.0
2025-08-27,54078312.0
2025-08-28,54122696.0
2025-08-29,54166306.0
2025-08-30,54219520.0
2025-08-31,54240048.0
2025-09-01,54227987.0
2025-09-02,54241794.0
2025-09-03,54238499.0
2025-09-04,54230625.0
2025-09-05,54205787.0
2025-09-06,54245503.0
2025-09-07,54274459.0
2025-09-08,54257052.0
2025-09-09,54251807.0
2025-09-10,54287195.0
2025-09-11,54330048.0
2025-09-12,54362948.0
2025-09-13,54378675.0
2025-09-14,54419548.0
2025-09-15,54390130.0
2025-09-16,54381082.0
2025-09-17,54385294.0
2025-09-18,54396021.0
2025-09-19,54391059.0
2025-09-20,54464150.0
2025-09-21,54437760.0
2025-09-22,54397054.0
2025-09-23,54407893.0
2025-09-24,54395654.0
2025-09-25,54406676.0
2025-09-26,54437429.0
2025-09-27,54446159.0
2025-09-28,54433063.0
2025-09-29,54393464.0
2025-09-30,54397203.0
2025-10-01,54303645.0
2025-10-02,54313595.0
2025-10-03,54357001.0
2025-10-04,54344524.0
2025-10-05,54336967.0
2025-10-06,54354150.0
2025-10-07,54334423.0
2025-10-08,54331863.0
2025-10-09,54349498.0
2025-10-10,54416105.0
2025-10-11,54432059.0
2025-10-12,54391883.0
2025-10-13,54388492.0
2025-10-14,54397448.0
2025-10-15,54431472.0
2025-10-16,54448407.0
2025-10-17,54472948.0
2025-10-18,54520813.0
2025-10-19,54537955.0
2025-10-20,54541304.0
2025-10-21,54557079.0
2025-10-22,54558644.0
2025-10-23,54583565.0
2025-10-24,54605342.0
2025-10-25,54638448.0
2025-10-26,54668355.0
2025-10-27,54628343.0
2025-10-28,54636550.0
2025-10-29,54658257.0
2025-10-30,54685652.0
2025-10-31,54724637.0
2025-11-01,54736242.0
2025-11-02,54765676.0
2025-11-03,54757270.0
2025-11-04,54779937.0
2025-11-05,54788137.0
2025-11-06,54785719.0
2025-11-07,54804387.0
2025-11-08,54820352.0
2025-11-09,54847241.0
2025-11-10,54817844.0
2025-11-11,54801390.0
2025-11-12,54808369.0
2025-11-13,54830679.0
2025-11-14,54832219.0
2025-11-15,54761608.0
2025-11-16,54774868.0
2025-11-17,54773470.0
2025-11-18,54690839.0
2025-11-19,54669219.0
2025-11-20,54683480.0
2025-11-21,54702551.0
2025-11-22,54710611.0
2025-11-23,54718173.0
2025-11-24,54724870.0
2025-11-25,54732700.0
2025-11-26,54747468.0
2025-11-27,54770650.0
2025-11-28,54792889.0
2025-11-29,54812913.0
2025-11-30,54827076.0
2025-12-01,54820492.0
2025-12-02,54829901.0
2025-12-03,54842882.0
2025-12-04,54871637.0
2025-12-05,54886006.0
2025-12-06,54901517.0
2025-12-07,54927858.0
2025-12-08,54927179.0
2025-12-09,54924020.0
2025-12-10,54926933.0
2025-12-11,54960974.0
2025-12-12,54919255.0
2025-12-13,54949874.0
2025-12-14,54966715.0
2025-12-15,54972778.0
2025-12-16,54960293.0
2025-12-17,54969261.0
2025-12-18,54947353.0
2025-12-19,54955637.0
2025-12-20,54991811.0
2025-12-21,55013163.0
2025-12-22,55017882.0
2025-12-23,55037967.0
2025-12-24,55055713.0
2025-12-25,55079103.0
2025-12-26,55116960.0
2025-12-27,55151656.0
2025-12-28,55176477.0
2025-12-29,55185468.0
2025-12-30,55174019.0
2025-12-31,55204638.0
2026-01-01,55216937.0
2026-01-02,55231025.0
2026-01-03,55234955.0
2026-01-04,55242319.0
2026-01-05,55237752.0
2026-01-06,55241195.0
2026-01-07,55257466.0
2026-01-08,55282925.0
2026-01-09,55304528.0
2026-01-10,55324524.0
2026-01-11,55344478.0
2026-01-12,55340565.0
2026-01-13,55333399.0
2026-01-14,55309288.0
2026-01-15,55289494.0
2026-01-16,55301755.0
2026-01-17,55326039.0
2026-01-18,55347103.0
2026-01-19,55339798.0
2026-01-20,55340136.0
2026-01-21,55302534.0
2026-01-22,55330884.0
2026-01-23,55346750.0
2026-01-24,55363820.0
2026-01-25,55378045.0
2026-01-26,55364931.0
2026-01-27,55391378.0
2026-01-28,55405051.0
2026-01-29,55436127.0
2026-01-30,55466837.0
2026-01-31,55470051.0
2026-02-01,55487747.0
2026-02-02,55478173.0
2026-02-03,55486530.0
2026-02-04,55477325.0
2026-02-05,55502039.0
2026-02-06,55514551.0
2026-02-07,55534641.0
2026-02-08,55559705.0
2026-02-09,55526789.0
2026-02-10,55552496.0
2026-02-11,55554929.0
2026-02-12,55576940.0
2026-02-13,55599558.0
2026-02-14,55608262.0
2026-02-15,55631439.0
2026-02-16,55604996.0
2026-02-17,55616171.0
2026-02-18,55623597.0
2026-02-19,55653217.0
2026-02-20,55664942.0
2026-02-21,55664594.0
2026-02-22,55680635.0
2026-02-23,55636892.0
2026-02-24,55664995.0
2026-02-25,55680281.0
2026-02-26,55685506.0
2026-02-27,55717703.0
2026-02-28,55725740.0
2026-03-01,55733560.0
2026-03-02,55734147.0
2026-03-03,55739191.0
2026-03-04,55732762.0
2026-03-05,55747319.0
2026-03-06,55769047.0
2026-03-07,55799136.0
2026-03-08,55813011.0
2026-03-09,55827283.0
2026-03-10,55819167.0
2026-03-11,55838310.0
2026-03-12,55865010.0
2026-03-13,55888507.0
2026-03-14,55919749.0
2026-03-15,55930625.0
2026-03-16,55892772.0
2026-03-17,55862152.0
2026-03-18,55874497.0
2026-03-19,55903324.0
2026-03-20,55912800.0
2026-03-21,55939519.0
2026-03-22,55941962.0
2026-03-23,55946292.0
2026-03-24,55964969.0
2026-03-25,55974391.0
2026-03-26,56008685.0
2026-03-27,56040018.0
2026-03-28,56061083.0
2026-03-29,56080841.0
2026-03-30,56056417.0
2026-03-31,56075317.0
2026-04-01,56071617.0
2026-04-02,56079091.0
2026-04-03,56112009.0
2026-04-04,56130462.0
2026-04-05,56145644.0
2026-04-06,56138678.0
2026-04-07,56145884.0
2026-04-08,56152468.0
2026-04-09,56187403.0
2026-04-10,56201483.0
2026-04-11,56215362.0
2026-04-12,56223594.0
2026-04-13,56211257.0
2026-04-14,56203910.0
2026-04-15,56202974.0
2026-04-16,56222219.0
2026-04-17,56256128.0
2026-04-18,56280220.0
2026-04-19,56288322.0
2026-04-20,56285728.0
2026-04-21,56302688.0
2026-04-22,56308094.0
2026-04-23,56324471.0
2026-04-24,56330108.0
2026-04-25,56348889.0
2026-04-26,56369024.0
2026-04-27,56361110.0
2026-04-28,56356433.0
2026-04-29,56364595.0
2026-04-30,56381267.0
2026-05-01,56378018.0
2026-05-02,56381211.0
2026-05-03,56363582.0
2026-05-04,56327277.0
2026-05-05,56274966.0
2026-05-06,56222744.0
2026-05-07,56124642.0
2026-05-08,56113781.0
2026-05-09,56158391.0
2026-05-10,56180367.0
2026-05-11,56172724.0
2026-05-12,56176890.0
2026-05-13,56183263.0
2026-05-14,56214658.0
2026-05-15,56227596.0
2026-05-16,56242464.0
2026-05-17,56209861.0
2026-05-18,56205481.0
2026-05-19,56192654.0
2026-05-20,56191196.0
2026-05-21,56196298.0
2026-05-22,56226101.0
2026-05-23,56246975.0
2026-05-24,56268527.0
2026-05-25,56237232.0
2026-05-26,56221896.0
2026-05-27,56244512.0
2026-05-28,56263167.0
2026-05-29,56289999.0
2026-05-30,56309712.0
2026-05-31,56306681.0
2026-06-01,56280932.0
2026-06-02,56310598.0
2026-06-03,56336474.0
2026-06-04,56345247.0
2026-06-05,56382301.0
2026-06-06,56365111.0
2026-06-07,56376811.0
2026-06-08,56381725.0
2026-06-09,56402092.0
2026-06-10,56419588.0
2026-06-11,56458413.0
2026-06-12,56437447.0
2026-06-13,56462860.0
2026-06-14,56468303.0
2026-06-15,56463026.0
2026-06-16,56458131.0
2026-06-17,56469759.0
2026-06-18,56490001.0
2026-06-19,56514912.0
2026-06-20,56539986.0
2026-06-21,56517391.0
2026-06-22,56524581.0
2026-06-23,56526454.0
2026-06-24,56550520.0
2026-06-25,56575508.0
2026-06-26,56614412.0
2026-06-27,56624722.0
2026-06-28,56652782.0
2026-06-29,56659603.0
2026-06-30,56685000.0
2026-07-01,56661611.0
2026-07-02,56660765.0
2026-07-03,56669550.0
2026-07-04,56686110.0
2026-07-05,56704897.0
2026-07-06,56722380.0
2026-07-07,56718909.0
2026-07-08,56729738.0
2026-07-09,56742134.0
2026-07-10,56770839.0
2026-07-11,56787425.0
2026-07-12,56802149.0
2026-07-13,56786927.0
2026-07-14,56763679.0
2026-07-15,56779151.0
2026-07-16,56789029.0
2026-07-17,56817180.0
2026-07-18,56819199.0
2026-07-19,56816505.0
2026-07-20,56810282.0
2026-07-21,56801611.0
2026-07-22,56806414.0
2026-07-23,56806108.0
2026-07-24,56830157.0
