date,btc_price
2010-07-17,0.049510000000000005
2010-07-18,0.08584
2010-07-19,0.0808
2010-07-20,0.07473333333333332
2010-07-21,0.07921
2010-07-22,0.055945
2010-07-23,0.06228333333333334
2010-07-24,0.05454
2010-07-25,0.0505
2010-07-26,0.056
2010-07-27,0.05984444444444444
2010-07-28,0.0589
2010-07-29,0.06920000000000001
2010-07-30,0.06428333333333333
2010-07-31,0.06785
2010-08-01,0.0611
2010-08-02,0.06
2010-08-03,0.06
2010-08-04,0.05795
2010-08-05,0.061
2010-08-06,0.0621
2010-08-07,0.059
2010-08-08,0.0609
2010-08-09,0.071
2010-08-10,0.07
2010-08-11,0.067
2010-08-12,0.07
2010-08-13,0.0645
2010-08-14,0.067
2010-08-15,0.06529
2010-08-16,0.0655
2010-08-17,0.07
2010-08-18,0.068
2010-08-19,0.0667
2010-08-20,0.0655
2010-08-21,0.0664
2010-08-22,0.066
2010-08-23,0.06491
2010-08-24,0.065
2010-08-25,0.0648
2010-08-26,0.064
2010-08-27,0.065
2010-08-28,0.0646
2010-08-29,0.064
2010-08-30,0.06497
2010-08-31,0.06
2010-09-01,0.06230000000000002
2010-09-02,0.0631
2010-09-03,0.06085
2010-09-04,0.06238
2010-09-05,0.0616
2010-09-06,0.0616
2010-09-07,0.061505
2010-09-08,0.061495
2010-09-09,0.06111000000000001
2010-09-10,0.0618
2010-09-11,0.06366000000000001
2010-09-12,0.0615
2010-09-13,0.062179999999999985
2010-09-14,0.06199
2010-09-15,0.0604
2010-09-16,0.0618
2010-09-17,0.05938
2010-09-18,0.061
2010-09-19,0.0627
2010-09-20,0.0621
2010-09-21,0.06265
2010-09-22,0.062038
2010-09-23,0.06231
2010-09-24,0.0622
2010-09-25,0.06202000000000001
2010-09-26,0.06219
2010-09-27,0.0622
2010-09-28,0.061904999999999995
2010-09-29,0.06183
2010-09-30,0.0619
2010-10-01,0.06197
2010-10-02,0.0614
2010-10-03,0.06111000000000001
2010-10-04,0.06129
2010-10-05,0.0614
2010-10-06,0.06297666666666668
2010-10-07,0.067
2010-10-08,0.084925
2010-10-09,0.0938
2010-10-10,0.0965
2010-10-11,0.095
2010-10-12,0.0949
2010-10-13,0.105
2010-10-14,0.102
2010-10-15,0.105
2010-10-16,0.101
2010-10-17,0.102
2010-10-18,0.1024
2010-10-19,0.09715
2010-10-20,0.099
2010-10-21,0.107
2010-10-22,0.106
2010-10-23,0.104995
2010-10-24,0.11501
2010-10-25,0.132
2010-10-26,0.1503
2010-10-27,0.1877
2010-10-28,0.1731
2010-10-29,0.19
2010-10-30,0.1989
2010-10-31,0.1925
2010-11-01,0.1955
2010-11-02,0.1938
2010-11-03,0.1931
2010-11-04,0.23
2010-11-05,0.2639
2010-11-06,0.38
2010-11-07,0.34
2010-11-08,0.243
2010-11-09,0.21
2010-11-10,0.2362
2010-11-11,0.2231
2010-11-12,0.2682
2010-11-13,0.276
2010-11-14,0.27904
2010-11-15,0.2682
2010-11-16,0.225
2010-11-17,0.2473666666666667
2010-11-18,0.2678
2010-11-19,0.2752
2010-11-20,0.283955
2010-11-21,0.27675
2010-11-22,0.2843
2010-11-23,0.28295
2010-11-24,0.28299
2010-11-25,0.28
2010-11-26,0.2844
2010-11-27,0.283
2010-11-28,0.2710819672131145
2010-11-29,0.23305
2010-11-30,0.2082
2010-12-01,0.2275
2010-12-02,0.255
2010-12-03,0.25105
2010-12-04,0.206
2010-12-05,0.195
2010-12-06,0.204
2010-12-07,0.2366
2010-12-08,0.2388
2010-12-09,0.192105
2010-12-10,0.20385
2010-12-11,0.228
2010-12-12,0.22
2010-12-13,0.2299
2010-12-14,0.24669
2010-12-15,0.24
2010-12-16,0.24996
2010-12-17,0.24
2010-12-18,0.241
2010-12-19,0.2401
2010-12-20,0.267
2010-12-21,0.24
2010-12-22,0.25
2010-12-23,0.2487525
2010-12-24,0.248
2010-12-25,0.2499
2010-12-26,0.265
2010-12-27,0.265
2010-12-28,0.281
2010-12-29,0.2998
2010-12-30,0.3
2010-12-31,0.3
2011-01-01,0.3
2011-01-02,0.29997
2011-01-03,0.295
2011-01-04,0.29895
2011-01-05,0.29892
2011-01-06,0.298
2011-01-07,0.32
2011-01-08,0.3229
2011-01-09,0.323
2011-01-10,0.32659
2011-01-11,0.32659
2011-01-12,0.3188
2011-01-13,0.3176
2011-01-14,0.4
2011-01-15,0.386
2011-01-16,0.38679
2011-01-17,0.3495
2011-01-18,0.31299
2011-01-19,0.31299
2011-01-20,0.39
2011-01-21,0.419905
2011-01-22,0.44399
2011-01-23,0.4424
2011-01-24,0.4199
2011-01-25,0.41
2011-01-26,0.41367
2011-01-27,0.4212
2011-01-28,0.446
2011-01-29,0.439
2011-01-30,0.47985
2011-01-31,0.5501
2011-02-01,0.70773
2011-02-02,0.716
2011-02-03,0.69639
2011-02-04,0.8109999999999999
2011-02-05,0.90735
2011-02-06,0.8968
2011-02-07,0.89
2011-02-08,0.918
2011-02-09,1.084495
2011-02-10,0.9751549999999999
2011-02-11,1.070005
2011-02-12,1.0799
2011-02-13,1.05
2011-02-14,1.075336666666667
2011-02-15,1.05
2011-02-16,1.028624
2011-02-17,1.04
2011-02-18,0.8989
2011-02-19,0.94898
2011-02-20,0.85
2011-02-21,0.8345
2011-02-22,0.87023
2011-02-23,0.9
2011-02-24,0.993715
2011-02-25,0.9111
2011-02-26,0.958
2011-02-27,0.89
2011-02-28,0.8701
2011-03-01,0.92022
2011-03-02,0.9399
2011-03-03,0.93909
2011-03-04,0.9012
2011-03-05,0.9103
2011-03-06,0.8866299999999999
2011-03-07,0.88502
2011-03-08,0.8699899999999999
2011-03-09,0.86449
2011-03-10,0.9329
2011-03-11,0.88
2011-03-12,0.918
2011-03-13,0.89249
2011-03-14,0.8949
2011-03-15,0.8711200000000001
2011-03-16,0.8599899999999999
2011-03-17,0.82542
2011-03-18,0.81648
2011-03-19,0.765
2011-03-20,0.7410800000000001
2011-03-21,0.75897
2011-03-22,0.80901
2011-03-23,0.8497100000000001
2011-03-24,0.8668799999999999
2011-03-25,0.8837700000000001
2011-03-26,0.8552
2011-03-27,0.8275399999999999
2011-03-28,0.79898
2011-03-29,0.7925
2011-03-30,0.7897
2011-03-31,0.78461
2011-04-01,0.7741100000000001
2011-04-02,0.78199
2011-04-03,0.779
2011-04-04,0.68
2011-04-05,0.71
2011-04-06,0.74
2011-04-07,0.7538
2011-04-08,0.7499899999999999
2011-04-09,0.746584
2011-04-10,0.7369
2011-04-11,0.77
2011-04-12,0.86
2011-04-13,0.93115
2011-04-14,0.99936
2011-04-15,0.9869040000000002
2011-04-16,1.0499
2011-04-17,1.13057
2011-04-18,1.16199
2011-04-19,1.1965
2011-04-20,1.1421
2011-04-21,1.208
2011-04-22,1.40901
2011-04-23,1.665325
2011-04-24,1.63011
2011-04-25,1.57623
2011-04-26,1.7949
2011-04-27,1.9
2011-04-28,2.21059
2011-04-29,2.88
2011-04-30,3.5
2011-05-01,3.03311
2011-05-02,3.2
2011-05-03,3.3975
2011-05-04,3.40609
2011-05-05,3.333
2011-05-06,3.452
2011-05-07,3.641
2011-05-08,3.86585
2011-05-09,3.8
2011-05-10,5.805
2011-05-11,5.5
2011-05-12,6.363463333333333
2011-05-13,8.193999999999999
2011-05-14,7.026584285714287
2011-05-15,6.988455
2011-05-16,8.0
2011-05-17,7.20995
2011-05-18,6.8849912500000015
2011-05-19,6.88955
2011-05-20,5.590361666666666
2011-05-21,6.132744285714287
2011-05-22,6.736269999999999
2011-05-23,7.106383999999999
2011-05-24,7.42
2011-05-25,8.409413571428571
2011-05-26,8.77355
2011-05-27,8.5002
2011-05-28,8.3001
2011-05-29,8.4299
2011-05-30,8.800025000000002
2011-05-31,8.715455
2011-06-01,9.607497500000001
2011-06-02,10.64302
2011-06-03,14.31778571428571
2011-06-04,18.64759333333334
2011-06-05,16.675
2011-06-06,18.37141428571429
2011-06-07,23.39698837209302
2011-06-08,29.64085384615385
2011-06-09,28.9407
2011-06-10,23.86174117647059
2011-06-11,14.6512
2011-06-12,18.71959
2011-06-13,19.40927222222221
2011-06-14,19.32056428571429
2011-06-15,19.49
2011-06-16,17.363817999999995
2011-06-17,15.83406428571429
2011-06-18,16.87666666666667
2011-06-19,17.40546727249729
2011-06-20,17.4795582704942
2011-06-21,17.85048297278088
2011-06-22,17.90628711486523
2011-06-23,18.16839759701135
2011-06-24,18.58539605995971
2011-06-25,17.94327564231502
2011-06-26,16.36643857142857
2011-06-27,16.75006666666667
2011-06-28,16.9430025
2011-06-29,16.89983333333333
2011-06-30,16.153598125
2011-07-01,15.36332818181818
2011-07-02,15.4
2011-07-03,15.44039666666667
2011-07-04,13.820056
2011-07-05,12.886805625
2011-07-06,14.76707111111111
2011-07-07,14.77007846153846
2011-07-08,14.31377
2011-07-09,14.3775
2011-07-10,14.74739
2011-07-11,14.21099842105263
2011-07-12,14.01648166666667
2011-07-13,13.95429428571429
2011-07-14,13.997809
2011-07-15,13.81
2011-07-16,13.71904857142857
2011-07-17,13.167918750000005
2011-07-18,13.42307148148148
2011-07-19,13.84199375
2011-07-20,13.69313484848485
2011-07-21,13.612104
2011-07-22,13.69542
2011-07-23,13.68
2011-07-24,13.98001
2011-07-25,14.0026
2011-07-26,13.88117
2011-07-27,13.9076
2011-07-28,13.48190666666667
2011-07-29,13.51439636363637
2011-07-30,13.53281315789474
2011-07-31,13.37989333333333
2011-08-01,13.095602
2011-08-02,12.060019
2011-08-03,9.26005
2011-08-04,10.74366333333333
2011-08-05,9.7726675
2011-08-06,6.511275454545455
2011-08-07,8.166288292682923
2011-08-08,7.829854999999998
2011-08-09,9.74886068965517
2011-08-10,10.01468625
2011-08-11,9.45624
2011-08-12,9.460339999999999
2011-08-13,10.1233396551724
2011-08-14,10.74426461538462
2011-08-15,11.138136
2011-08-16,10.958955
2011-08-17,10.99306666666667
2011-08-18,10.84701769230769
2011-08-19,11.65
2011-08-20,11.450998
2011-08-21,11.323212
2011-08-22,10.94076473684211
2011-08-23,10.927407
2011-08-24,10.8506
2011-08-25,9.684139710144926
2011-08-26,8.179189444444445
2011-08-27,8.5902
2011-08-28,9.078464285714286
2011-08-29,8.96809375
2011-08-30,8.795466000000001
2011-08-31,8.22353625
2011-09-01,8.228883750000001
2011-09-02,8.62278
2011-09-03,8.479
2011-09-04,8.17871357142857
2011-09-05,7.629207142857145
2011-09-06,6.864676666666665
2011-09-07,7.186077777777778
2011-09-08,6.5331220000000005
2011-09-09,5.05558
2011-09-10,4.764342000000001
2011-09-11,5.914224166666667
2011-09-12,6.061434285714286
2011-09-13,5.8
2011-09-14,5.619543333333333
2011-09-15,4.805915714285715
2011-09-16,4.811
2011-09-17,4.7647
2011-09-18,5.238233333333334
2011-09-19,5.462770769230769
2011-09-20,6.114797272727272
2011-09-21,5.660935625
2011-09-22,5.473564
2011-09-23,5.557576363636364
2011-09-24,5.471526666666668
2011-09-25,5.331829999999999
2011-09-26,4.86916
2011-09-27,4.709366666666667
2011-09-28,4.7093475
2011-09-29,4.784622499999998
2011-09-30,5.149056666666667
2011-10-01,5.0181025
2011-10-02,5.02701
2011-10-03,5.02401
2011-10-04,4.96
2011-10-05,4.879936666666667
2011-10-06,4.734425
2011-10-07,4.2728
2011-10-08,4.00587
2011-10-09,4.10288
2011-10-10,4.086946666666667
2011-10-11,3.959153333333334
2011-10-12,4.15
2011-10-13,4.04615
2011-10-14,3.98794
2011-10-15,3.848035
2011-10-16,3.572374444444444
2011-10-17,2.554464
2011-10-18,2.409323333333333
2011-10-19,2.262255714285715
2011-10-20,2.348005
2011-10-21,2.562545
2011-10-22,3.138733333333333
2011-10-23,3.16469030083056
2011-10-24,2.538475833333333
2011-10-25,2.773611666666667
2011-10-26,2.77301
2011-10-27,3.040114210526316
2011-10-28,3.185198
2011-10-29,3.56826
2011-10-30,3.2624975
2011-10-31,3.243748333333333
2011-11-01,3.163762
2011-11-02,3.253693333333333
2011-11-03,3.1555
2011-11-04,3.05545
2011-11-05,2.972505
2011-11-06,2.959772
2011-11-07,3.006116666666667
2011-11-08,3.045683333333333
2011-11-09,2.948212857142857
2011-11-10,2.847718846153847
2011-11-11,3.073526923076924
2011-11-12,3.03099
2011-11-13,2.99599
2011-11-14,2.142239487179487
2011-11-15,2.324486197288458
2011-11-16,2.567874444444445
2011-11-17,2.25
2011-11-18,2.051027142857143
2011-11-19,2.1994325
2011-11-20,2.1998700000000007
2011-11-21,2.28936
2011-11-22,2.326955
2011-11-23,2.332055
2011-11-24,2.427627826086956
2011-11-25,2.493312857142857
2011-11-26,2.47003
2011-11-27,2.476975454545455
2011-11-28,2.547295294117647
2011-11-29,2.750195
2011-11-30,2.94431
2011-12-01,3.068399583333333
2011-12-02,3.110931538461538
2011-12-03,2.783709024390243
2011-12-04,2.828096666666667
2011-12-05,2.85107
2011-12-06,3.0335100000000006
2011-12-07,2.973728571428571
2011-12-08,2.988714000000001
2011-12-09,2.962285
2011-12-10,3.05437625
2011-12-11,3.25089125
2011-12-12,3.145873
2011-12-13,3.2499
2011-12-14,3.147667777777777
2011-12-15,3.201991666666667
2011-12-16,3.206595
2011-12-17,3.200023333333333
2011-12-18,3.192505
2011-12-19,3.523875
2011-12-20,3.981072424242424
2011-12-21,3.8821
2011-12-22,3.908236249999999
2011-12-23,3.94678
2011-12-24,3.94
2011-12-25,4.225
2011-12-26,4.011599411764705
2011-12-27,4.107745
2011-12-28,4.183901479291041
2011-12-29,4.166566666666666
2011-12-30,4.247842857142857
2011-12-31,4.721629090909091
2012-01-01,5.27839909090909
2012-01-02,5.21678
2012-01-03,4.883427777777778
2012-01-04,5.58749
2012-01-05,6.982924814814817
2012-01-06,6.696863333333334
2012-01-07,6.811656666666668
2012-01-08,7.13009076923077
2012-01-09,6.316294999999998
2012-01-10,6.449687599999999
2012-01-11,6.899966666666668
2012-01-12,6.797846666666668
2012-01-13,6.413502074303406
2012-01-14,6.750014999999999
2012-01-15,7.027560909090909
2012-01-16,6.648461904761903
2012-01-17,5.56730760869565
2012-01-18,5.9170500000000015
2012-01-19,6.354317142857147
2012-01-20,6.37286
2012-01-21,6.165864
2012-01-22,6.306594
2012-01-23,6.343111578947367
2012-01-24,6.267583333333334
2012-01-25,5.795209444444442
2012-01-26,5.335037058823528
2012-01-27,5.288307142857144
2012-01-28,5.630534444444443
2012-01-29,5.38777
2012-01-30,5.490466666666666
2012-01-31,5.495631428571429
2012-02-01,6.07439125
2012-02-02,6.100066666666666
2012-02-03,5.95465
2012-02-04,5.872845
2012-02-05,5.684396666666667
2012-02-06,5.48982
2012-02-07,5.633037777777778
2012-02-08,5.59998
2012-02-09,5.839615431034474
2012-02-10,5.9169264
2012-02-11,5.6005
2012-02-12,5.51468
2012-02-13,5.2851921875
2012-02-14,4.433381818181816
2012-02-15,4.271745454545455
2012-02-16,4.26945
2012-02-17,4.39621
2012-02-18,4.237289090909091
2012-02-19,4.3784025
2012-02-20,4.3729900000000015
2012-02-21,4.30254
2012-02-22,4.446645833333334
2012-02-23,5.019525199999999
2012-02-24,5.02920125
2012-02-25,4.780245454545454
2012-02-26,4.9259825
2012-02-27,4.959988
2012-02-28,4.862755
2012-02-29,4.860007083333335
2012-03-01,4.92133
2012-03-02,4.71674142857143
2012-03-03,4.617961428571427
2012-03-04,4.825593333333333
2012-03-05,4.978101428571429
2012-03-06,4.994195833333333
2012-03-07,4.922407499999999
2012-03-08,4.93016
2012-03-09,4.862108
2012-03-10,4.46
2012-03-11,4.882311538461538
2012-03-12,4.903366666666667
2012-03-13,5.274977999999999
2012-03-14,5.386665000000002
2012-03-15,5.197815
2012-03-16,5.34374
2012-03-17,5.180602500000001
2012-03-18,5.279683333333334
2012-03-19,4.694544
2012-03-20,4.837455833333332
2012-03-21,4.80403
2012-03-22,4.73014
2012-03-23,4.675243333333333
2012-03-24,4.66696
2012-03-25,4.5500099999999986
2012-03-26,4.621338333333333
2012-03-27,4.810291537920626
2012-03-28,4.8102475
2012-03-29,4.756541363636363
2012-03-30,4.8591425
2012-03-31,4.8943925
2012-04-01,4.820704999999998
2012-04-02,4.980836000000001
2012-04-03,4.952
2012-04-04,4.920066666666667
2012-04-05,4.919
2012-04-06,4.933392222222222
2012-04-07,4.681678461538461
2012-04-08,4.794499999999998
2012-04-09,4.850681428571427
2012-04-10,4.833646666666667
2012-04-11,4.928101666666668
2012-04-12,4.90060875
2012-04-13,4.936494705882354
2012-04-14,4.96381
2012-04-15,4.968925833333332
2012-04-16,4.94573
2012-04-17,4.974027142857142
2012-04-18,5.1133
2012-04-19,5.1059575000000015
2012-04-20,5.367622000000001
2012-04-21,5.2347825
2012-04-22,5.203516666666666
2012-04-23,4.999340139535231
2012-04-24,5.09822
2012-04-25,5.131819999999998
2012-04-26,5.097655
2012-04-27,5.104490196078428
2012-04-28,4.9793
2012-04-29,4.88741
2012-04-30,4.936656000000001
2012-05-01,4.99750857142857
2012-05-02,5.03139375
2012-05-03,5.100782499999999
2012-05-04,5.0675050000000015
2012-05-05,5.0766175
2012-05-06,5.04991
2012-05-07,5.073795
2012-05-08,5.04494
2012-05-09,4.98185
2012-05-10,4.863997236842108
2012-05-11,4.953752
2012-05-12,4.9461900000000005
2012-05-13,4.92996
2012-05-14,5.007936428571427
2012-05-15,5.03501
2012-05-16,5.052466666666667
2012-05-17,5.088458333333334
2012-05-18,5.11801
2012-05-19,5.109649999999998
2012-05-20,5.09002
2012-05-21,5.089795
2012-05-22,5.0830275
2012-05-23,5.132372500000002
2012-05-24,5.11904
2012-05-25,5.135513333333333
2012-05-26,5.103236666666667
2012-05-27,5.1044800000000015
2012-05-28,5.1358
2012-05-29,5.14997
2012-05-30,5.134995
2012-05-31,5.191893846153846
2012-06-01,5.257021428571427
2012-06-02,5.24898
2012-06-03,5.207307777777777
2012-06-04,5.259519999999999
2012-06-05,5.405879049485343
2012-06-06,5.461776666666666
2012-06-07,5.591628
2012-06-08,5.631736666666666
2012-06-09,5.55997
2012-06-10,5.46525
2012-06-11,5.581583333333334
2012-06-12,5.710013333333332
2012-06-13,5.920347499999999
2012-06-14,5.964776315789472
2012-06-15,6.532364516129032
2012-06-16,6.43582
2012-06-17,6.17805125
2012-06-18,6.294876808510639
2012-06-19,6.498756666666666
2012-06-20,6.671715000000003
2012-06-21,6.661514285714285
2012-06-22,6.5253525
2012-06-23,6.439432000000003
2012-06-24,6.350021666666668
2012-06-25,6.308441428571429
2012-06-26,6.4195
2012-06-27,6.622337272727273
2012-06-28,6.605946666666667
2012-06-29,6.651205555555554
2012-06-30,6.689967499999999
2012-07-01,6.628989999999999
2012-07-02,6.760060909090909
2012-07-03,6.449972
2012-07-04,6.5101
2012-07-05,6.658883333333333
2012-07-06,6.6287400000000005
2012-07-07,6.778427499999998
2012-07-08,6.79898
2012-07-09,6.9465625
2012-07-10,7.199859999999998
2012-07-11,7.167266666666667
2012-07-12,7.688739230769229
2012-07-13,7.646275
2012-07-14,7.544697999999999
2012-07-15,7.621010000000001
2012-07-16,8.478222222222222
2012-07-17,8.747044166666667
2012-07-18,9.087988571428571
2012-07-19,8.858418333333333
2012-07-20,8.538545
2012-07-21,8.84553
2012-07-22,8.433048
2012-07-23,8.444405714285713
2012-07-24,8.562244999999999
2012-07-25,8.801195
2012-07-26,8.890338181818182
2012-07-27,8.9
2012-07-28,8.853267500000001
2012-07-29,8.709648888888887
2012-07-30,9.085184444444444
2012-07-31,9.321236874999997
2012-08-01,9.504267500000001
2012-08-02,10.57356884615385
2012-08-03,10.8454475
2012-08-04,10.904964
2012-08-05,10.84474333333334
2012-08-06,10.841448
2012-08-07,10.95132852140858
2012-08-08,11.06151
2012-08-09,11.12716785714286
2012-08-10,11.36276714285714
2012-08-11,11.51378333333333
2012-08-12,11.62340818181818
2012-08-13,12.02189375
2012-08-14,12.185994
2012-08-15,13.24609681818182
2012-08-16,13.47628333333333
2012-08-17,11.67985068965518
2012-08-18,11.40391125
2012-08-19,7.920336249999999
2012-08-20,10.07315420286424
2012-08-21,9.906821111111112
2012-08-22,9.763395
2012-08-23,10.0999925
2012-08-24,10.61377777777778
2012-08-25,10.55583666666667
2012-08-26,10.556
2012-08-27,10.92872833333333
2012-08-28,10.86804333333333
2012-08-29,10.86630333333333
2012-08-30,10.772274
2012-08-31,10.12176
2012-09-01,9.97696
2012-09-02,10.20646
2012-09-03,10.52866666666667
2012-09-04,10.36613
2012-09-05,10.97652111111111
2012-09-06,11.18497
2012-09-07,11.00332333333333
2012-09-08,11.038995
2012-09-09,11.07332666666667
2012-09-10,11.12703333333333
2012-09-11,11.2258135
2012-09-12,11.3389225
2012-09-13,11.37300333333333
2012-09-14,11.7316
2012-09-15,11.682625
2012-09-16,11.86309055555555
2012-09-17,11.89708166666667
2012-09-18,12.29473333333333
2012-09-19,12.52199
2012-09-20,12.33712428571429
2012-09-21,12.34447285714286
2012-09-22,12.2159
2012-09-23,12.0983275
2012-09-24,12.09198
2012-09-25,12.134418
2012-09-26,12.33285857142857
2012-09-27,12.31759833333333
2012-09-28,12.28
2012-09-29,12.363095
2012-09-30,12.37475
2012-10-01,12.04782065401688
2012-10-02,12.69378166666666
2012-10-03,12.9395
2012-10-04,12.76666666666667
2012-10-05,12.7
2012-10-06,12.505
2012-10-07,11.815475
2012-10-08,11.75427833333333
2012-10-09,11.88388714285714
2012-10-10,12.09416666666666
2012-10-11,12.03
2012-10-12,11.92391666666667
2012-10-13,11.86547285714286
2012-10-14,11.72869923076923
2012-10-15,11.80146777777777
2012-10-16,11.81490142857143
2012-10-17,11.92377833333333
2012-10-18,11.91679777777777
2012-10-19,11.7654866292135
2012-10-20,11.70436789473684
2012-10-21,11.660545
2012-10-22,11.73233166666667
2012-10-23,11.7110025
2012-10-24,11.64999
2012-10-25,10.754429
2012-10-26,10.17753181818182
2012-10-27,10.32182785714286
2012-10-28,10.68099
2012-10-29,10.59333
2012-10-30,10.846225
2012-10-31,11.03884571428572
2012-11-01,10.58894469911407
2012-11-02,10.41566130434783
2012-11-03,10.6425
2012-11-04,10.82333666666667
2012-11-05,10.70515285714286
2012-11-06,10.831799
2012-11-07,10.87552333333334
2012-11-08,10.85576777777778
2012-11-09,10.81526315789474
2012-11-10,10.875084
2012-11-11,10.53394
2012-11-12,10.9172
2012-11-13,10.88167058823529
2012-11-14,10.94934
2012-11-15,11.12075038461539
2012-11-16,11.744632
2012-11-17,11.788837
2012-11-18,11.60669181818182
2012-11-19,11.76062
2012-11-20,11.66508
2012-11-21,11.69798266666666
2012-11-22,12.32543923076923
2012-11-23,12.33623153846154
2012-11-24,12.370765
2012-11-25,12.50539
2012-11-26,12.221585
2012-11-27,12.1873
2012-11-28,12.29601583333334
2012-11-29,12.45
2012-11-30,12.55498
2012-12-01,12.57893029770724
2012-12-02,12.4360175
2012-12-03,12.65431084439816
2012-12-04,13.41
2012-12-05,13.20133666666666
2012-12-06,13.35756000681997
2012-12-07,13.45586444444444
2012-12-08,13.5414715
2012-12-09,13.34824571428572
2012-12-10,13.46110384615385
2012-12-11,13.6053175862069
2012-12-12,13.64690821428571
2012-12-13,13.72851105263158
2012-12-14,13.6045425
2012-12-15,13.51053904761905
2012-12-16,13.39552857142857
2012-12-17,13.23335
2012-12-18,13.25036589147287
2012-12-19,13.53031333333333
2012-12-20,13.555235
2012-12-21,13.323996
2012-12-22,13.40247333333333
2012-12-23,13.335932
2012-12-24,13.1285
2012-12-25,13.37277
2012-12-26,13.456875
2012-12-27,13.34292454545455
2012-12-28,13.42032857142857
2012-12-29,13.34399
2012-12-30,13.45713
2012-12-31,13.512005
2013-01-01,13.22
2013-01-02,13.034
2013-01-03,13.19
2013-01-04,13.174
2013-01-05,13.15
2013-01-06,13.15
2013-01-07,13.2
2013-01-08,13.5
2013-01-09,13.58
2013-01-10,14.0
2013-01-11,14.0
2013-01-12,13.89
2013-01-13,13.64
2013-01-14,14.046
2013-01-15,14.214
2013-01-16,14.53
2013-01-17,15.34
2013-01-18,15.566
2013-01-19,15.38
2013-01-20,15.5
2013-01-21,16.588
2013-01-22,17.35
2013-01-23,17.5
2013-01-24,17.29
2013-01-25,17.49
2013-01-26,17.411405772
2013-01-27,17.6
2013-01-28,18.67
2013-01-29,19.35
2013-01-30,19.45
2013-01-31,20.46
2013-02-01,20.363142521
2013-02-02,19.821209783
2013-02-03,20.296
2013-02-04,20.3
2013-02-05,20.512
2013-02-06,20.91
2013-02-07,21.71
2013-02-08,22.400970678
2013-02-09,23.133565506
2013-02-10,23.66
2013-02-11,23.94
2013-02-12,25.466
2013-02-13,25.09
2013-02-14,27.4
2013-02-15,27.0
2013-02-16,27.5
2013-02-17,26.98
2013-02-18,26.920000000000005
2013-02-19,29.39
2013-02-20,30.031999999999993
2013-02-21,30.0
2013-02-22,30.4
2013-02-23,29.54
2013-02-24,29.78
2013-02-25,30.43
2013-02-26,31.1
2013-02-27,31.39377
2013-02-28,33.49101492460001
2013-03-01,34.552
2013-03-02,34.16
2013-03-03,34.33
2013-03-04,36.548158722
2013-03-05,40.95
2013-03-06,42.4250868578
2013-03-07,41.6804369272
2013-03-08,43.76
2013-03-09,46.0
2013-03-10,45.29
2013-03-11,48.25
2013-03-12,44.84
2013-03-13,46.99
2013-03-14,46.95
2013-03-15,47.056
2013-03-16,46.735095501
2013-03-17,47.08816512040001
2013-03-18,50.4324924394
2013-03-19,59.40999999999999
2013-03-20,64.45797156040001
2013-03-21,72.23
2013-03-22,69.9
2013-03-23,63.9
2013-03-24,70.388
2013-03-25,75.11
2013-03-26,79.81
2013-03-27,89.3
2013-03-28,88.976531972
2013-03-29,90.0
2013-03-30,92.2521875764
2013-03-31,96.1491459096
2013-04-01,104.706
2013-04-02,115.803181554
2013-04-03,132.54567795
2013-04-04,134.940324956
2013-04-05,141.78941639
2013-04-06,141.0
2013-04-07,164.969125
2013-04-08,185.21723709
2013-04-09,229.472352582
2013-04-10,160.082621718
2013-04-11,81.2033201272
2013-04-12,108.311396838
2013-04-13,92.8058935256
2013-04-14,91.11
2013-04-15,74.0
2013-04-16,67.9798189258
2013-04-17,89.88799999999999
2013-04-18,109.05463468
2013-04-19,117.869003528
2013-04-20,126.363163676
2013-04-21,117.612451752
2013-04-22,123.944
2013-04-23,137.034
2013-04-24,149.4
2013-04-25,141.892
2013-04-26,137.32
2013-04-27,128.749986266
2013-04-28,135.288855642
2013-04-29,143.295576554
2013-04-30,139.584
2013-05-01,116.75
2013-05-02,106.435208518
2013-05-03,97.959073549
2013-05-04,112.830658892
2013-05-05,116.829559784
2013-05-06,112.5799
2013-05-07,110.939616114
2013-05-08,113.50619419
2013-05-09,111.644
2013-05-10,117.882657834
2013-05-11,115.391
2013-05-12,114.5
2013-05-13,115.928315862
2013-05-14,107.062043602
2013-05-15,108.592633934
2013-05-16,113.320324916
2013-05-17,117.457163052
2013-05-18,118.4838
2013-05-19,116.38
2013-05-20,117.599041804
2013-05-21,117.348
2013-05-22,119.075521836
2013-05-23,123.835277444
2013-05-24,128.663917944
2013-05-25,128.88057261
2013-05-26,130.002080756
2013-05-27,126.247715494
2013-05-28,125.8736908
2013-05-29,130.251487222
2013-05-30,126.962
2013-05-31,127.881389512
2013-06-01,128.737533108
2013-06-02,122.34617757
2013-06-03,123.15253922
2013-06-04,120.321727896
2013-06-05,121.19039535
2013-06-06,118.811456904
2013-06-07,110.310020744
2013-06-08,109.120557016
2013-06-09,99.6530898088
2013-06-10,104.314550266
2013-06-11,107.362
2013-06-12,106.012161102
2013-06-13,102.075927028
2013-06-14,99.22391874860003
2013-06-15,99.701081323
2013-06-16,98.9963649952
2013-06-17,100.0
2013-06-18,104.21250556
2013-06-19,105.2384867
2013-06-20,102.995886484
2013-06-21,101.578550412
2013-06-22,100.0
2013-06-23,100.41
2013-06-24,99.1983071558
2013-06-25,97.8348793632
2013-06-26,98.5186222374
2013-06-27,96.83983022980001
2013-06-28,89.8270149586
2013-06-29,88.98
2013-06-30,89.48303703719998
2013-07-01,83.866379937
2013-07-02,87.92027565880001
2013-07-03,77.8700280454
2013-07-04,79.2388480802
2013-07-05,67.0842065048
2013-07-06,66.1934263416
2013-07-07,73.7175890654
2013-07-08,74.14869562359999
2013-07-09,75.0001833866
2013-07-10,86.0265657156
2013-07-11,87.6346673952
2013-07-12,90.17199152959999
2013-07-13,91.6386140104
2013-07-14,90.042
2013-07-15,93.77187021220001
2013-07-16,91.5859280438
2013-07-17,91.072269566
2013-07-18,85.16284213280001
2013-07-19,86.4897668956
2013-07-20,84.936084413
2013-07-21,85.85354587460002
2013-07-22,85.60135641320001
2013-07-23,86.88681211480001
2013-07-24,88.331511862
2013-07-25,90.12030622519998
2013-07-26,89.98675950980001
2013-07-27,88.16
2013-07-28,92.51399999999998
2013-07-29,93.39
2013-07-30,96.7757675278
2013-07-31,98.232
2013-08-01,96.578561074
2013-08-02,95.83013763459999
2013-08-03,95.55000000000001
2013-08-04,96.38
2013-08-05,97.80096671999999
2013-08-06,97.688
2013-08-07,97.06288436099999
2013-08-08,94.2685705668
2013-08-09,92.292406246
2013-08-10,93.51
2013-08-11,94.144
2013-08-12,95.3870275228
2013-08-13,97.82929394779998
2013-08-14,99.1806789844
2013-08-15,98.10729879179999
2013-08-16,98.25
2013-08-17,99.76486319799999
2013-08-18,99.3
2013-08-19,102.85
2013-08-20,104.803518056
2013-08-21,110.43
2013-08-22,109.543050212
2013-08-23,107.702320088
2013-08-24,109.050068334
2013-08-25,113.173148148
2013-08-26,111.826038408
2013-08-27,117.70984707
2013-08-28,117.942
2013-08-29,118.54657146
2013-08-30,124.854965116
2013-08-31,128.36893722
2013-09-01,130.668
2013-09-02,130.07072
2013-09-03,129.179367224
2013-09-04,122.179969596
2013-09-05,122.619851268
2013-09-06,117.215590382
2013-09-07,119.922
2013-09-08,118.34
2013-09-09,121.243895666
2013-09-10,122.066102166
2013-09-11,127.303568714
2013-09-12,126.657381216
2013-09-13,127.578944306
2013-09-14,124.49
2013-09-15,125.341818674
2013-09-16,126.144560294
2013-09-17,126.89807517
2013-09-18,127.050300348
2013-09-19,124.156
2013-09-20,122.981812394
2013-09-21,123.404
2013-09-22,123.155278954
2013-09-23,122.64674409
2013-09-24,123.772
2013-09-25,123.295411688
2013-09-26,124.840458308
2013-09-27,126.858838722
2013-09-28,126.760264032
2013-09-29,127.01
2013-09-30,126.25
2013-10-01,127.495375
2013-10-02,103.719813386
2013-10-03,117.57163172
2013-10-04,121.94
2013-10-05,121.25
2013-10-06,122.49
2013-10-07,123.58300198
2013-10-08,124.3537978
2013-10-09,125.9
2013-10-10,126.8
2013-10-11,127.4028133
2013-10-12,127.664017652
2013-10-13,132.546798864
2013-10-14,135.362913498
2013-10-15,144.037009566
2013-10-16,137.725951932
2013-10-17,143.925082672
2013-10-18,152.89
2013-10-19,166.0
2013-10-20,166.577402846
2013-10-21,180.042145454
2013-10-22,189.671875
2013-10-23,203.67647213
2013-10-24,194.205670468
2013-10-25,187.410139112
2013-10-26,179.56
2013-10-27,194.21404057
2013-10-28,196.157851632
2013-10-29,204.71721574
2013-10-30,198.241483734
2013-10-31,203.188263428
2013-11-01,202.66
2013-11-02,204.780666668
2013-11-03,209.976769052
2013-11-04,227.66147456
2013-11-05,242.853461094
2013-11-06,263.374069342
2013-11-07,290.837617048
2013-11-08,334.186408682
2013-11-09,334.87924823
2013-11-10,325.439078968
2013-11-11,343.799509856
2013-11-12,354.930332458
2013-11-13,394.190255216
2013-11-14,415.8571482
2013-11-15,413.605101372
2013-11-16,436.62648168
2013-11-17,474.850685404
2013-11-18,667.042706084
2013-11-19,540.536009962
2013-11-20,598.564391
2013-11-21,719.821885452
2013-11-22,796.079284704
2013-11-23,829.5318394279999
2013-11-24,804.06619701
2013-11-25,813.3048949680001
2013-11-26,916.060529778
2013-11-27,964.312489128
2013-11-28,1012.81292734
2013-11-29,1133.75527568
2013-11-30,1118.01540466
2013-12-01,953.1359506659999
2013-12-02,1041.96372376
2013-12-03,1054.16594214
2013-12-04,1134.39085984
2013-12-05,1026.00829634
2013-12-06,811.3518261880001
2013-12-07,693.824481394
2013-12-08,786.5764829899999
2013-12-09,897.73743765
2013-12-10,979.69510658
2013-12-11,877.395064578
2013-12-12,873.043849604
2013-12-13,885.3134358740001
2013-12-14,852.01974842
2013-12-15,861.894691022
2013-12-16,690.700953712
2013-12-17,675.8618964919999
2013-12-18,520.8357772840001
2013-12-19,684.727403898
2013-12-20,607.9770523139999
2013-12-21,597.4978388019999
2013-12-22,613.3973363260001
2013-12-23,657.355982328
2013-12-24,652.445016424
2013-12-25,679.4395154160001
2013-12-26,747.7618741939999
2013-12-27,723.730979262
2013-12-28,714.999117648
2013-12-29,728.090297256
2013-12-30,735.9660303120002
2013-12-31,731.9532930060001
2014-01-01,753.405480556
2014-01-02,784.280603894
2014-01-03,807.915916232
2014-01-04,828.7459845879999
2014-01-05,904.7600750739999
2014-01-06,917.382725522
2014-01-07,789.593524042
2014-01-08,822.864923038
2014-01-09,825.8665006040001
2014-01-10,854.445450584
2014-01-11,893.6831232820001
2014-01-12,843.286613774
2014-01-13,822.530427934
2014-01-14,815.996819406
2014-01-15,840.1151583520001
2014-01-16,814.4962523859999
2014-01-17,794.5266687980001
2014-01-18,811.37762176
2014-01-19,841.4564324119999
2014-01-20,826.696425026
2014-01-21,824.875769878
2014-01-22,818.534270204
2014-01-23,810.869203164
2014-01-24,779.3849452420001
2014-01-25,805.652675222
2014-01-26,814.847146534
2014-01-27,746.678657078
2014-01-28,785.9504199859999
2014-01-29,794.098192396
2014-01-30,799.5229998400001
2014-01-31,802.998525562
2014-02-01,813.159890274
2014-02-02,814.932732602
2014-02-03,808.5
2014-02-04,801.39173376
2014-02-05,780.917515036
2014-02-06,762.981093598
2014-02-07,708.3660443880001
2014-02-08,679.578138862
2014-02-09,687.314088924
2014-02-10,688.4182184199999
2014-02-11,675.110840662
2014-02-12,652.543163334
2014-02-13,605.83889448
2014-02-14,670.0066271759999
2014-02-15,655.269274756
2014-02-16,620.641121662
2014-02-17,632.4809440480001
2014-02-18,629.1273936299999
2014-02-19,624.838114922
2014-02-20,562.5895875420001
2014-02-21,581.290525096
2014-02-22,611.552214376
2014-02-23,608.198850544
2014-02-24,536.8594994299999
2014-02-25,536.2111523420001
2014-02-26,585.5174387139999
2014-02-27,583.057392048
2014-02-28,551.4270378320001
2014-03-01,566.7533114280001
2014-03-02,563.2946821140001
2014-03-03,676.820067156
2014-03-04,673.387906086
2014-03-05,670.1076203939999
2014-03-06,669.219942962
2014-03-07,632.308556588
2014-03-08,620.6247192339999
2014-03-09,638.418612898
2014-03-10,629.382
2014-03-11,635.03872797
2014-03-12,633.854888054
2014-03-13,641.6025862160001
2014-03-14,629.8350340720001
2014-03-15,637.415090218
2014-03-16,634.8101052919999
2014-03-17,622.84479101
2014-03-18,614.438939238
2014-03-19,611.19495134
2014-03-20,586.953250296
2014-03-21,570.012095636
2014-03-22,564.545464148
2014-03-23,559.690294744
2014-03-24,584.911571278
2014-03-25,583.845073968
2014-03-26,579.087233466
2014-03-27,472.14433733800007
2014-03-28,501.09610014200007
2014-03-29,491.9478371900001
2014-03-30,458.77462072399993
2014-03-31,457.023554568
2014-04-01,479.312290686
2014-04-02,439.626726544
2014-04-03,449.53955801
2014-04-04,451.900550232
2014-04-05,463.62556298400006
2014-04-06,457.883594364
2014-04-07,448.95518037
2014-04-08,453.33637542
2014-04-09,443.06191353799994
2014-04-10,363.851086082
2014-04-11,423.4131448
2014-04-12,423.368963092
2014-04-13,416.86460415399995
2014-04-14,459.098005824
2014-04-15,522.29491627
2014-04-16,527.687720992
2014-04-17,498.366678046
2014-04-18,482.26565610000006
2014-04-19,504.842390182
2014-04-20,500.39539343
2014-04-21,497.251879218
2014-04-22,489.99280993799994
2014-04-23,492.0000000000001
2014-04-24,502.220952572
2014-04-25,466.88685158400006
2014-04-26,461.045326
2014-04-27,434.374768044
2014-04-28,442.82037402
2014-04-29,448.0
2014-04-30,448.89941997000005
2014-05-01,460.701262044
2014-05-02,454.355623846
2014-05-03,439.87207680600005
2014-05-04,437.933060358
2014-05-05,433.0
2014-05-06,428.01
2014-05-07,440.92028681400006
2014-05-08,439.0813533279999
2014-05-09,451.468934602
2014-05-10,456.543988148
2014-05-11,439.14571258
2014-05-12,442.46349
2014-05-13,439.107218986
2014-05-14,445.754518832
2014-05-15,446.33672478999995
2014-05-16,447.269647738
2014-05-17,450.0057898
2014-05-18,446.898
2014-05-19,448.179080492
2014-05-20,489.19391193599995
2014-05-21,493.694430672
2014-05-22,529.49782271
2014-05-23,523.491528154
2014-05-24,528.214489126
2014-05-25,573.07334608
2014-05-26,583.558250216
2014-05-27,573.185524618
2014-05-28,580.266611644
2014-05-29,570.35
2014-05-30,621.18
2014-05-31,627.3743539159999
2014-06-01,629.8553311400001
2014-06-02,662.0855888839999
2014-06-03,669.938043516
2014-06-04,642.357380702
2014-06-05,661.48
2014-06-06,649.0938278240001
2014-06-07,657.122319458
2014-06-08,657.9504511279999
2014-06-09,648.3175507240001
2014-06-10,648.549935972
2014-06-11,622.5026906339999
2014-06-12,571.006454714
2014-06-13,591.983880914
2014-06-14,568.1956108239999
2014-06-15,590.40657709
2014-06-16,586.980456142
2014-06-17,606.443230048
2014-06-18,607.0
2014-06-19,593.11789317
2014-06-20,588.950932812
2014-06-21,589.036790108
2014-06-22,600.0404249320001
2014-06-23,588.193980926
2014-06-24,573.3281355759999
2014-06-25,560.4947890579999
2014-06-26,579.622750878
2014-06-27,599.929629306
2014-06-28,590.5955207659999
2014-06-29,599.89
2014-06-30,638.68650652
2014-07-01,639.157792748
2014-07-02,650.071232986
2014-07-03,646.6670635520001
2014-07-04,627.258726514
2014-07-05,630.747663504
2014-07-06,631.4238304700001
2014-07-07,622.774120722
2014-07-08,624.2982841780001
2014-07-09,621.8734082320001
2014-07-10,616.775924134
2014-07-11,634.129679252
2014-07-12,636.46644725
2014-07-13,630.5449909639999
2014-07-14,619.701223542
2014-07-15,623.5592835140001
2014-07-16,615.9106732139999
2014-07-17,623.7643585440001
2014-07-18,631.42881345
2014-07-19,629.726
2014-07-20,625.846605424
2014-07-21,621.830136434
2014-07-22,619.567647252
2014-07-23,619.926984708
2014-07-24,603.820880232
2014-07-25,602.8812411219999
2014-07-26,595.95700884
2014-07-27,591.9597686699999
2014-07-28,589.3779206380001
2014-07-29,585.1045461199999
2014-07-30,563.3470577280001
2014-07-31,582.037732788
2014-08-01,598.2
2014-08-02,589.306
2014-08-03,586.489508506
2014-08-04,588.479331236
2014-08-05,580.340990122
2014-08-06,582.416533308
2014-08-07,584.81249954
2014-08-08,588.78812401
2014-08-09,589.242055856
2014-08-10,590.785817632
2014-08-11,573.9565111500001
2014-08-12,567.831212848
2014-08-13,549.790349374
2014-08-14,507.387017804
2014-08-15,501.237741262
2014-08-16,522.748127092
2014-08-17,498.225640878
2014-08-18,473.215708716
2014-08-19,491.00693467
2014-08-20,518.0240521100001
2014-08-21,520.3913133
2014-08-22,514.794876152
2014-08-23,496.190259712
2014-08-24,507.644099696
2014-08-25,503.1851232
2014-08-26,513.621734654
2014-08-27,511.792230472
2014-08-28,506.538198958
2014-08-29,509.045533048
2014-08-30,501.001790512
2014-08-31,478.878867428
2014-09-01,475.346609474
2014-09-02,473.803368534
2014-09-03,474.544192728
2014-09-04,488.60745904
2014-09-05,477.642145722
2014-09-06,479.74170882
2014-09-07,476.11974577
2014-09-08,468.030480732
2014-09-09,473.375732486
2014-09-10,477.60737498399993
2014-09-11,477.41388296800005
2014-09-12,474.19739259
2014-09-13,477.127472342
2014-09-14,474.606315074
2014-09-15,469.57152418
2014-09-16,463.2017233959999
2014-09-17,452.3290782179999
2014-09-18,425.668635086
2014-09-19,395.737689734
2014-09-20,410.71515541
2014-09-21,400.465411766
2014-09-22,399.134149668
2014-09-23,439.4156581540001
2014-09-24,423.56804793
2014-09-25,409.347515356
2014-09-26,404.57418751600005
2014-09-27,400.686514188
2014-09-28,375.303150224
2014-09-29,373.990622608
2014-09-30,390.18710973
2014-10-01,383.94373517800005
2014-10-02,375.4928339
2014-10-03,357.362980336
2014-10-04,326.642468598
2014-10-05,323.055049424
2014-10-06,328.049174812
2014-10-07,334.404218494
2014-10-08,355.992247346
2014-10-09,364.556226584
2014-10-10,360.938671886
2014-10-11,362.43268194600006
2014-10-12,379.544233508
2014-10-13,392.325506156
2014-10-14,402.428572038
2014-10-15,394.094481952
2014-10-16,383.085283296
2014-10-17,383.060919656
2014-10-18,390.75379734
2014-10-19,388.575872572
2014-10-20,381.35682622
2014-10-21,385.846074676
2014-10-22,382.43631932
2014-10-23,356.566155236
2014-10-24,358.1904358080001
2014-10-25,348.157435614
2014-10-26,355.021491172
2014-10-27,350.983183486
2014-10-28,355.774005564
2014-10-29,335.093284832
2014-10-30,346.121529486
2014-10-31,337.813393346
2014-11-01,324.573484356
2014-11-02,324.36579329
2014-11-03,325.965872218
2014-11-04,330.077540744
2014-11-05,338.002215156
2014-11-06,349.912207048
2014-11-07,342.135011436
2014-11-08,345.74628679
2014-11-09,365.563844488
2014-11-10,365.870426192
2014-11-11,369.814967434
2014-11-12,424.36606007599994
2014-11-13,420.474808772
2014-11-14,399.500638838
2014-11-15,376.62900497399994
2014-11-16,389.797810122
2014-11-17,388.358
2014-11-18,375.089345896
2014-11-19,378.896020706
2014-11-20,356.462709068
2014-11-21,350.462287766
2014-11-22,353.31120368
2014-11-23,367.699086678
2014-11-24,375.8525662779999
2014-11-25,376.590034426
2014-11-26,367.557562668
2014-11-27,369.654274774
2014-11-28,376.849520466
2014-11-29,375.88472041
2014-11-30,376.68151586399995
2014-12-01,376.6290066889646
2014-12-02,379.0694120617126
2014-12-03,375.5560275468264
2014-12-04,369.19470388
2014-12-05,376.0
2014-12-06,375.017951538
2014-12-07,377.14578303
2014-12-08,361.6342622220001
2014-12-09,351.90854790399993
2014-12-10,346.959745012
2014-12-11,348.921944692
2014-12-12,352.869712602
2014-12-13,350.961507326
2014-12-14,357.141899984
2014-12-15,348.081860686
2014-12-16,328.90113902
2014-12-17,321.598493206
2014-12-18,312.281775888
2014-12-19,318.544134062
2014-12-20,331.49050168199994
2014-12-21,320.556787554
2014-12-22,331.997882986
2014-12-23,336.522172414
2014-12-24,322.522
2014-12-25,319.693281002
2014-12-26,329.312281216
2014-12-27,316.209387338
2014-12-28,317.59399999999994
2014-12-29,312.458500412
2014-12-30,311.43002015
2014-12-31,320.992712128
2015-01-01,314.025456318
2015-01-02,315.687160984
2015-01-03,283.00653515
2015-01-04,263.80788251599995
2015-01-05,276.8
2015-01-06,276.8
2015-01-07,276.8
2015-01-08,284.2775
2015-01-09,293.956460672
2015-01-10,275.178914552
2015-01-11,265.104599912
2015-01-12,267.0091753
2015-01-13,226.231510026946
2015-01-14,172.2093361644184
2015-01-15,210.2220540198215
2015-01-16,207.400753385583
2015-01-17,199.71335481
2015-01-18,211.933325656
2015-01-19,216.2135457394403
2015-01-20,211.21436810323
2015-01-21,227.3673392702163
2015-01-22,233.0832877620321
2015-01-23,233.6469371525773
2015-01-24,249.3475380569957
2015-01-25,254.566243127401
2015-01-26,274.3673394383924
2015-01-27,263.8566599952122
2015-01-28,235.5267381424277
2015-01-29,235.3780460643582
2015-01-30,228.4714563518461
2015-01-31,218.1833214083741
2015-02-01,227.6223232278307
2015-02-02,237.9709054988361
2015-02-03,227.6791825345782
2015-02-04,227.0801987965575
2015-02-05,216.8557746662674
2015-02-06,222.7839778729147
2015-02-07,229.0018570208491
2015-02-08,223.963671914962
2015-02-09,221.0042389553486
2015-02-10,220.600396870975
2015-02-11,219.7285161312376
2015-02-12,222.8289033731729
2015-02-13,236.805018850434
2015-02-14,257.0310272347365
2015-02-15,235.0457813202158
2015-02-16,234.5256899357253
2015-02-17,244.7022003916088
2015-02-18,237.4602610895538
2015-02-19,241.46005745043
2015-02-20,245.3421246869748
2015-02-21,245.5785541628726
2015-02-22,236.4572949646824
2015-02-23,239.2251327609445
2015-02-24,239.8410423225995
2015-02-25,238.1139375509444
2015-02-26,237.0798280600164
2015-02-27,253.8268818944111
2015-02-28,253.6915093847788
2015-03-01,258.7270505768632
2015-03-02,276.0928005162733
2015-03-03,282.4760880921546
2015-03-04,272.0490118612828
2015-03-05,275.7988366596072
2015-03-06,273.0491746904391
2015-03-07,276.8780976690693
2015-03-08,275.2790516535126
2015-03-09,288.2142061171248
2015-03-10,292.4491012592292
2015-03-11,296.5324948519402
2015-03-12,295.8481806574898
2015-03-13,285.6382567507711
2015-03-14,283.2459863615356
2015-03-15,287.2991907259144
2015-03-16,291.348141117591
2015-03-17,286.2368092015699
2015-03-18,258.1945290379023
2015-03-19,262.2621084126871
2015-03-20,263.0544217347894
2015-03-21,261.3618035693705
2015-03-22,268.2085121177197
2015-03-23,266.2329206344039
2015-03-24,245.6739071306352
2015-03-25,246.8942550731276
2015-03-26,249.5701946814968
2015-03-27,247.8728067688984
2015-03-28,253.4000507256818
2015-03-29,243.3137110161505
2015-03-30,248.427389420362
2015-03-31,244.5766420522283
2015-04-01,247.6330365765654
2015-04-02,253.9553864676677
2015-04-03,254.8868361384186
2015-04-04,253.9929262544148
2015-04-05,261.2126187518514
2015-04-06,256.4220730129188
2015-04-07,253.9894885279104
2015-04-08,245.8480735401531
2015-04-09,244.6159208857772
2015-04-10,236.5108547052522
2015-04-11,236.7724009157989
2015-04-12,236.4770977506117
2015-04-13,224.9765153296649
2015-04-14,219.3874862190542
2015-04-15,223.8348000035629
2015-04-16,227.870378726502
2015-04-17,223.0841719013738
2015-04-18,223.5865237125548
2015-04-19,223.5674472649544
2015-04-20,225.2184300872037
2015-04-21,235.5210246964758
2015-04-22,233.7009634608557
2015-04-23,236.1635368171317
2015-04-24,231.0205337248769
2015-04-25,226.5854799437586
2015-04-26,221.0537996048133
2015-04-27,227.4497711596847
2015-04-28,225.3984377539342
2015-04-29,225.6405442418366
2015-04-30,236.7031157499177
2015-05-01,232.7740205181823
2015-05-02,234.4547062686378
2015-05-03,239.8453986375642
2015-05-04,239.2673350149646
2015-05-05,236.2114911026119
2015-05-06,229.6557816853819
2015-05-07,237.4128309678438
2015-05-08,244.3376013238622
2015-05-09,242.6196451076135
2015-05-10,240.8437269086987
2015-05-11,241.6363056849018
2015-05-12,241.3522020526193
2015-05-13,236.3463168218998
2015-05-14,237.2065240952482
2015-05-15,237.8873972045111
2015-05-16,236.3927155273999
2015-05-17,236.6792552669973
2015-05-18,233.5907071813121
2015-05-19,231.9483393396152
2015-05-20,234.398195971144
2015-05-21,235.6038944467978
2015-05-22,239.8753072751549
2015-05-23,238.7335530263541
2015-05-24,240.2080085180499
2015-05-25,236.5916060477956
2015-05-26,236.2509942257422
2015-05-27,237.0397222817517
2015-05-28,237.1630962246936
2015-05-29,236.4593782502785
2015-05-30,233.4292178093473
2015-05-31,229.8704626582817
2015-06-01,223.5682104108801
2015-06-02,225.4970953656759
2015-06-03,225.5681818920027
2015-06-04,223.9354202304274
2015-06-05,224.5960938206426
2015-06-06,225.0604746896412
2015-06-07,223.5081692989427
2015-06-08,228.7738683609431
2015-06-09,229.0032607796115
2015-06-10,228.5646397876235
2015-06-11,229.321480226127
2015-06-12,229.3949082185111
2015-06-13,232.9901607483483
2015-06-14,232.2732607782773
2015-06-15,236.5940075448309
2015-06-16,250.8844311146613
2015-06-17,248.9102382222318
2015-06-18,248.9536229545178
2015-06-19,244.4347548506766
2015-06-20,246.0359477709545
2015-06-21,244.2264603457139
2015-06-22,246.9779718291997
2015-06-23,244.3608683250139
2015-06-24,240.1896323677801
2015-06-25,242.4657489591529
2015-06-26,242.9475698024666
2015-06-27,251.4917471260987
2015-06-28,248.8923275300042
2015-06-29,256.9158570092358
2015-06-30,263.2627227196955
2015-07-01,258.3393801002362
2015-07-02,254.7397570388532
2015-07-03,256.2885206258173
2015-07-04,260.3584808906693
2015-07-05,271.6396076486287
2015-07-06,269.0768488345606
2015-07-07,265.8951663337417
2015-07-08,270.6944467211694
2015-07-09,269.4970385701621
2015-07-10,285.9887145152709
2015-07-11,292.3726314342531
2015-07-12,312.0321590438759
2015-07-13,292.8213347492119
2015-07-14,287.3578299619224
2015-07-15,285.5353725027134
2015-07-16,278.4261692588851
2015-07-17,279.9105836013045
2015-07-18,276.9949239987578
2015-07-19,275.3879562178301
2015-07-20,279.7438688072363
2015-07-21,276.974196145464
2015-07-22,277.8679479951541
2015-07-23,277.2529752899414
2015-07-24,289.1761070018832
2015-07-25,289.168039705646
2015-07-26,293.1260382264218
2015-07-27,294.2216879969626
2015-07-28,295.1841944065804
2015-07-29,290.1760221635839
2015-07-30,288.1899783743672
2015-07-31,284.8233479578995
2015-08-01,281.5384731357942
2015-08-02,282.2863149249907
2015-08-03,280.8324962243669
2015-08-04,285.1789246642458
2015-08-05,281.7704602972489
2015-08-06,278.3535861876579
2015-08-07,279.4942602464934
2015-08-08,262.0541973260052
2015-08-09,267.5132894099445
2015-08-10,264.7917552982223
2015-08-11,271.7186639460532
2015-08-12,267.3464697064765
2015-08-13,264.5001511314618
2015-08-14,265.984485481529
2015-08-15,262.3268821607181
2015-08-16,258.4844012581912
2015-08-17,256.6478960910036
2015-08-18,222.3092882476017
2015-08-19,227.408090045077
2015-08-20,235.5313672199159
2015-08-21,233.0339053361679
2015-08-22,231.0864954707129
2015-08-23,228.8419084678968
2015-08-24,211.0402981201623
2015-08-25,223.1145210819216
2015-08-26,226.1075134092342
2015-08-27,225.5623705208731
2015-08-28,231.5200838783128
2015-08-29,230.1742717846294
2015-08-30,228.8670732204802
2015-08-31,230.5980910322655
2015-09-01,228.0608584854554
2015-09-02,229.3621245778932
2015-09-03,227.2399619313778
2015-09-04,231.2543033763256
2015-09-05,236.0671291026174
2015-09-06,240.6897683039839
2015-09-07,241.0214589079595
2015-09-08,244.2302820296694
2015-09-09,238.6469966938774
2015-09-10,238.656313717787
2015-09-11,240.7280350704555
2015-09-12,235.3864008403215
2015-09-13,230.2314716349509
2015-09-14,230.6668198733632
2015-09-15,230.1831192439984
2015-09-16,229.2495574632945
2015-09-17,232.7716151933546
2015-09-18,233.4560018542998
2015-09-19,231.7295349159685
2015-09-20,230.6853572068167
2015-09-21,226.6662632336626
2015-09-22,230.6106869026354
2015-09-23,229.8297851347052
2015-09-24,234.4753888262895
2015-09-25,235.2908548005521
2015-09-26,234.5934120623101
2015-09-27,233.1806843494688
2015-09-28,239.4748864357399
2015-09-29,237.0919832031651
2015-09-30,236.8536879670702
2015-10-01,237.8207562508808
2015-10-02,238.1753007304221
2015-10-03,239.5604013207664
2015-10-04,239.3348115393887
2015-10-05,240.7845359196166
2015-10-06,246.7720171676909
2015-10-07,243.3066364292659
2015-10-08,242.9524075126918
2015-10-09,244.4255139081272
2015-10-10,245.9098072068554
2015-10-11,248.9401930674468
2015-10-12,246.2061722131405
2015-10-13,250.0391563717686
2015-10-14,253.1220307936042
2015-10-15,254.6331816684201
2015-10-16,262.7845342954888
2015-10-17,272.5708393360872
2015-10-18,264.1076345503976
2015-10-19,264.3202634396505
2015-10-20,270.7099906978552
2015-10-21,268.2452290712203
2015-10-22,275.5590833282567
2015-10-23,278.6980507748621
2015-10-24,283.6091613210242
2015-10-25,284.262636006768
2015-10-26,286.8654745608623
2015-10-27,295.2009331241321
2015-10-28,304.8074503550594
2015-10-29,315.2108760789638
2015-10-30,328.9191848346569
2015-10-31,312.1089921373559
2015-11-01,328.4881524558023
2015-11-02,362.95298972072
2015-11-03,403.6076001552797
2015-11-04,408.4031631732805
2015-11-05,385.7126493514518
2015-11-06,374.4413924059714
2015-11-07,385.7626579058613
2015-11-08,372.8669537418693
2015-11-09,378.9505953652761
2015-11-10,335.7963671705303
2015-11-11,310.2309524422893
2015-11-12,338.6393034805578
2015-11-13,337.0562129246183
2015-11-14,333.439122539814
2015-11-15,320.3207315551851
2015-11-16,331.7085679802535
2015-11-17,336.2706450217252
2015-11-18,334.7224323078697
2015-11-19,326.571914685233
2015-11-20,321.8274720149738
2015-11-21,326.3387576784565
2015-11-22,323.8077719617589
2015-11-23,323.1121158774324
2015-11-24,320.2786544058803
2015-11-25,328.9570992918999
2015-11-26,352.9815835414223
2015-11-27,357.7679405226297
2015-11-28,356.5316287061623
2015-11-29,371.5606233970884
2015-11-30,376.9796965739912
2015-12-01,362.9135153696589
2015-12-02,359.3656530803401
2015-12-03,361.4880907867144
2015-12-04,363.6694300330024
2015-12-05,387.8975263902973
2015-12-06,387.6737772689671
2015-12-07,394.815817880082
2015-12-08,416.9436878043078
2015-12-09,417.5696303375327
2015-12-10,415.3993961685071
2015-12-11,453.1305854150825
2015-12-12,436.7529864638788
2015-12-13,433.3545154611923
2015-12-14,443.8590702689776
2015-12-15,463.9822589592027
2015-12-16,454.0652888456077
2015-12-17,455.8338169637597
2015-12-18,463.1291076307037
2015-12-19,461.4415972479065
2015-12-20,442.2988191819895
2015-12-21,437.2047325783519
2015-12-22,434.6732117942569
2015-12-23,442.4148208988461
2015-12-24,455.7401301606217
2015-12-25,455.8559151249195
2015-12-26,418.4736938530294
2015-12-27,422.2507205514291
2015-12-28,421.6523204183636
2015-12-29,432.9424291699053
2015-12-30,426.9732563835231
2015-12-31,430.2114326531538
2016-01-01,434.8839824640039
2016-01-02,434.9224203390912
2016-01-03,430.9997978270536
2016-01-04,433.9019913168721
2016-01-05,433.1665986957624
2016-01-06,429.9253492492494
2016-01-07,458.7099236879629
2016-01-08,454.0532833086
2016-01-09,449.6971827987915
2016-01-10,448.9536352689756
2016-01-11,448.6952497818272
2016-01-12,435.4855509076538
2016-01-13,432.6577823362845
2016-01-14,430.0250259843386
2016-01-15,362.4305504507852
2016-01-16,388.1881730585918
2016-01-17,379.148748639874
2016-01-18,384.928918248786
2016-01-19,376.7663108392438
2016-01-20,419.2252501717509
2016-01-21,409.2680990241474
2016-01-22,383.2949288145388
2016-01-23,386.9158595464536
2016-01-24,402.8010750231029
2016-01-25,391.1212623042642
2016-01-26,391.6668140869515
2016-01-27,394.4466804448489
2016-01-28,379.7505777031566
2016-01-29,378.6405195412309
2016-01-30,377.3488875787101
2016-01-31,367.9508595508954
2016-02-01,371.3705231941207
2016-02-02,372.9622692614403
2016-02-03,368.5349031979493
2016-02-04,388.0950286680333
2016-02-05,383.9341258581022
2016-02-06,375.2273870475876
2016-02-07,376.4286292236621
2016-02-08,371.2169424333619
2016-02-09,372.7623707800957
2016-02-10,378.951734213109
2016-02-11,378.1483816210742
2016-02-12,382.3920970165186
2016-02-13,390.6503666298814
2016-02-14,406.5740594276338
2016-02-15,398.8081586422428
2016-02-16,407.238241647739
2016-02-17,414.8979246844353
2016-02-18,421.1656956337262
2016-02-19,420.4435359033617
2016-02-20,434.6179274199626
2016-02-21,438.4724307298428
2016-02-22,437.4889589178774
2016-02-23,419.6102231848159
2016-02-24,423.851263269437
2016-02-25,423.5093989250703
2016-02-26,430.6719637219394
2016-02-27,432.1432341275273
2016-02-28,431.5065287388273
2016-02-29,436.4222492894298
2016-03-01,433.2277035606563
2016-03-02,420.1261526217783
2016-03-03,419.3115819895905
2016-03-04,407.2361243772178
2016-03-05,398.5024323916094
2016-03-06,404.6277893211019
2016-03-07,412.8005827105356
2016-03-08,411.4093473295935
2016-03-09,412.5996495317308
2016-03-10,415.9657358290411
2016-03-11,419.645316497456
2016-03-12,410.139940852359
2016-03-13,412.6153044677259
2016-03-14,415.0543529834467
2016-03-15,415.4742785335744
2016-03-16,416.2381856412929
2016-03-17,418.5086720041087
2016-03-18,409.2494736684257
2016-03-19,409.6114015305549
2016-03-20,411.6682983310387
2016-03-21,411.7585748667672
2016-03-22,416.5476187546334
2016-03-23,417.5388319534018
2016-03-24,412.6839146718868
2016-03-25,416.3595573150922
2016-03-26,416.9229832825687
2016-03-27,425.0114059718799
2016-03-28,422.6782895074445
2016-03-29,416.1195712728422
2016-03-30,413.0844050949869
2016-03-31,415.5563323266952
2016-04-01,417.1655761916554
2016-04-02,419.7207145718917
2016-04-03,419.825323991892
2016-04-04,419.362325459036
2016-04-05,422.2472808455297
2016-04-06,421.3123840663686
2016-04-07,421.1524932382466
2016-04-08,418.7008248021261
2016-04-09,419.1189017501917
2016-04-10,422.0637750410789
2016-04-11,423.4443541572169
2016-04-12,426.7720846890871
2016-04-13,424.9491271718547
2016-04-14,425.7382992612878
2016-04-15,430.4106286825848
2016-04-16,433.2765036183376
2016-04-17,428.9189224903261
2016-04-18,429.6255257114645
2016-04-19,436.6868552636164
2016-04-20,442.4563172565921
2016-04-21,451.6680756279053
2016-04-22,448.090233284983
2016-04-23,455.4868984701546
2016-04-24,462.2531786289896
2016-04-25,464.5798340098007
2016-04-26,469.6017137637834
2016-04-27,444.5981380115862
2016-04-28,451.7265497426921
2016-04-29,457.444408673028
2016-04-30,453.3580726385215
2016-05-01,454.3377402582147
2016-05-02,445.729278648282
2016-05-03,451.501854947788
2016-05-04,448.001937404669
2016-05-05,449.2282265593353
2016-05-06,460.9599712723831
2016-05-07,461.138059959326
2016-05-08,461.5625344457377
2016-05-09,463.8478179625745
2016-05-10,452.3892392408006
2016-05-11,454.4613929684439
2016-05-12,455.538562036927
2016-05-13,457.608346978269
2016-05-14,458.4449158675629
2016-05-15,460.9721197500823
2016-05-16,454.6210663380606
2016-05-17,453.8437384547908
2016-05-18,454.9559643049547
2016-05-19,438.5470537052079
2016-05-20,445.214454619642
2016-05-21,445.7950017281727
2016-05-22,441.1173717870022
2016-05-23,445.0955493236978
2016-05-24,445.7460073246161
2016-05-25,451.3402890773279
2016-05-26,454.0834910884801
2016-05-27,470.6678659296852
2016-05-28,523.4010670292037
2016-05-29,522.4012688892889
2016-05-30,531.7697241514386
2016-05-31,531.5451114534147
2016-06-01,534.929231166291
2016-06-02,538.0219157804956
2016-06-03,570.0249109843392
2016-06-04,574.1044870799856
2016-06-05,574.6507220672327
2016-06-06,585.2448605161708
2016-06-07,578.1194883937324
2016-06-08,583.0049348368627
2016-06-09,577.0760450769253
2016-06-10,579.8212995235086
2016-06-11,607.17430380675
2016-06-12,671.0887766935982
2016-06-13,705.2537025153345
2016-06-14,685.1158454197318
2016-06-15,697.4923346649625
2016-06-16,768.6542678135833
2016-06-17,752.9334092068809
2016-06-18,757.3416662071204
2016-06-19,767.4518264835016
2016-06-20,715.3350485677917
2016-06-21,667.217531653078
2016-06-22,597.5623930748819
2016-06-23,627.9657566291881
2016-06-24,667.5468611638372
2016-06-25,665.7125861193371
2016-06-26,633.8908753967772
2016-06-27,657.042473154401
2016-06-28,647.9137512329382
2016-06-29,637.0942855303231
2016-06-30,672.6324199351302
2016-07-01,677.7523138559045
2016-07-02,703.0031427888437
2016-07-03,661.439850366025
2016-07-04,681.3720236261811
2016-07-05,669.5220391628915
2016-07-06,677.0219670928782
2016-07-07,640.7836172202872
2016-07-08,665.8419667000638
2016-07-09,657.3184540890006
2016-07-10,651.3047799816928
2016-07-11,651.1524242489038
2016-07-12,665.2699931763912
2016-07-13,655.2105758522562
2016-07-14,660.2911244612783
2016-07-15,666.4306437343722
2016-07-16,663.3188356448769
2016-07-17,679.8341644292315
2016-07-18,675.0654188097517
2016-07-19,674.0658044287677
2016-07-20,667.3264934261225
2016-07-21,667.2942051820498
2016-07-22,653.2611166392969
2016-07-23,657.7541150361819
2016-07-24,660.8986520111177
2016-07-25,656.727918956488
2016-07-26,654.174462619276
2016-07-27,656.6374550331486
2016-07-28,654.8738329724555
2016-07-29,657.202841742762
2016-07-30,655.0710646480535
2016-07-31,626.6782449704231
2016-08-01,603.0714699772217
2016-08-02,541.1173090967804
2016-08-03,570.498084933119
2016-08-04,584.2871190374406
2016-08-05,578.7203581679671
2016-08-06,590.6386563792255
2016-08-07,594.2242426379976
2016-08-08,591.594596271462
2016-08-09,585.9862966427914
2016-08-10,593.309228099764
2016-08-11,586.8243344160251
2016-08-12,587.6670928265272
2016-08-13,585.6063890254981
2016-08-14,572.7941323513933
2016-08-15,567.4857481002539
2016-08-16,578.4633278459701
2016-08-17,573.999199368756
2016-08-18,573.6346051922998
2016-08-19,573.6856113314623
2016-08-20,580.6772171224967
2016-08-21,580.2640710660802
2016-08-22,584.5310006792232
2016-08-23,582.1403915731989
2016-08-24,578.8355713317429
2016-08-25,575.7225958239035
2016-08-26,578.7497338081189
2016-08-27,569.4518502062841
2016-08-28,575.0956449603555
2016-08-29,572.9005311004324
2016-08-30,575.264045416163
2016-08-31,571.1965360376626
2016-09-01,572.5561672481705
2016-09-02,575.0009111070633
2016-09-03,598.6908473034971
2016-09-04,611.4227799559515
2016-09-05,606.1033693815909
2016-09-06,610.3828471588885
2016-09-07,615.0585387829371
2016-09-08,627.3697008597358
2016-09-09,622.2820047345849
2016-09-10,623.2641908171909
2016-09-11,606.3234045793001
2016-09-12,607.3223156688099
2016-09-13,608.2890249240006
2016-09-14,608.7350306744854
2016-09-15,605.2743670751692
2016-09-16,607.7392757581945
2016-09-17,606.886534070155
2016-09-18,610.9444636865104
2016-09-19,608.5191535319566
2016-09-20,606.7807663856313
2016-09-21,596.5872229886088
2016-09-22,595.3638256212346
2016-09-23,601.5785021720683
2016-09-24,601.0346316912924
2016-09-25,600.5018579499821
2016-09-26,606.2001855573536
2016-09-27,604.6179169458967
2016-09-28,604.9065178321194
2016-09-29,605.8710149342171
2016-09-30,608.9129588326075
2016-10-01,615.4437866654439
2016-10-02,611.1847244226493
2016-10-03,612.7803428472209
2016-10-04,608.7535531170712
2016-10-05,611.7243118951259
2016-10-06,611.3559903041948
2016-10-07,617.7007337644986
2016-10-08,619.0011133410942
2016-10-09,615.6507746403641
2016-10-10,617.885270112388
2016-10-11,642.0432135326828
2016-10-12,635.7951243678986
2016-10-13,635.3288217408204
2016-10-14,638.0457908025508
2016-10-15,636.7173591554766
2016-10-16,640.4330294524818
2016-10-17,638.2363785568257
2016-10-18,635.2516741913081
2016-10-19,628.6662997535108
2016-10-20,628.7118242328036
2016-10-21,630.4802818461595
2016-10-22,652.4767975854163
2016-10-23,650.3057909224307
2016-10-24,648.7729777619805
2016-10-25,652.6148720913783
2016-10-26,674.1736532731238
2016-10-27,687.4780503021145
2016-10-28,688.4962938599248
2016-10-29,714.0132049999412
2016-10-30,697.5440979156243
2016-10-31,697.0695553784091
2016-11-01,729.7826819595628
2016-11-02,742.1366006752444
2016-11-03,687.9545124061295
2016-11-04,704.0639814357988
2016-11-05,705.4952687890394
2016-11-06,716.3226858760313
2016-11-07,703.0813011748169
2016-11-08,710.8930104497259
2016-11-09,721.2385791964598
2016-11-10,713.3071442331326
2016-11-11,716.6398744331848
2016-11-12,704.1206813292735
2016-11-13,702.3881415369592
2016-11-14,704.8674758914456
2016-11-15,712.2453422595772
2016-11-16,737.3415145062261
2016-11-17,730.3281411168742
2016-11-18,748.4639181660784
2016-11-19,750.7693031371174
2016-11-20,729.8329977409578
2016-11-21,736.549441363089
2016-11-22,748.0008385885615
2016-11-23,741.6163279205991
2016-11-24,737.6106062205533
2016-11-25,739.7574413834575
2016-11-26,732.8834415193076
2016-11-27,728.8590062573011
2016-11-28,729.9131589550252
2016-11-29,732.0910705749118
2016-11-30,742.370297121118
2016-12-01,753.1630525910048
2016-12-02,769.78817671816
2016-12-03,766.6808823682435
2016-12-04,765.0191934692918
2016-12-05,751.8443230070479
2016-12-06,759.5092488244851
2016-12-07,765.0274254944902
2016-12-08,767.1251344839858
2016-12-09,772.45075208349
2016-12-10,775.4348079091958
2016-12-11,769.3897794425235
2016-12-12,778.2982728836786
2016-12-13,777.1148524611921
2016-12-14,777.5387069475062
2016-12-15,776.1219368298958
2016-12-16,780.9259172614201
2016-12-17,788.9255361334598
2016-12-18,790.4343388020021
2016-12-19,790.9863472149785
2016-12-20,799.2034682736746
2016-12-21,833.3000276324859
2016-12-22,857.6320329591081
2016-12-23,916.2689181350572
2016-12-24,892.4642177832177
2016-12-25,894.8863982560963
2016-12-26,901.3421392502881
2016-12-27,927.8784235549241
2016-12-28,978.6706323804319
2016-12-29,970.5916246961866
2016-12-30,960.9125488129987
2016-12-31,967.7422560147834
2017-01-01,995.9339491996291
2017-01-02,1014.355144420801
2017-01-03,1024.435627421441
2017-01-04,1120.566580636243
2017-01-05,1002.922542921884
2017-01-06,893.5322212419582
2017-01-07,906.0237000544815
2017-01-08,920.0144439293053
2017-01-09,901.6846047662914
2017-01-10,905.3372890525112
2017-01-11,788.6627243239802
2017-01-12,810.6206346707453
2017-01-13,826.8820727986597
2017-01-14,824.4725280214013
2017-01-15,828.2438456915527
2017-01-16,832.2975703857504
2017-01-17,905.9891266982038
2017-01-18,887.4321969838854
2017-01-19,902.51327038944
2017-01-20,895.0778348690013
2017-01-21,923.9705284416652
2017-01-22,926.2267163651608
2017-01-23,918.1218197310366
2017-01-24,886.5455413735126
2017-01-25,897.3617133683149
2017-01-26,916.8285986586582
2017-01-27,921.5422094299513
2017-01-28,924.7673237596504
2017-01-29,915.1648754787748
2017-01-30,922.0738109942619
2017-01-31,968.8802576054234
2017-02-01,987.7523632206257
2017-02-02,1008.04242305061
2017-02-03,1017.479724841387
2017-02-04,1034.953911146029
2017-02-05,1015.650746724602
2017-02-06,1023.152401550871
2017-02-07,1053.850386120103
2017-02-08,1053.705061673372
2017-02-09,988.412932065044
2017-02-10,999.5649259922793
2017-02-11,1017.410831400074
2017-02-12,1007.674540036131
2017-02-13,1002.274294358687
2017-02-14,1013.060609674772
2017-02-15,1013.719220202971
2017-02-16,1035.58644301658
2017-02-17,1054.532335823232
2017-02-18,1061.95052098741
2017-02-19,1057.251224409141
2017-02-20,1086.269644280841
2017-02-21,1126.858935402983
2017-02-22,1129.850403173692
2017-02-23,1176.852176320272
2017-02-24,1185.038952072538
2017-02-25,1155.393085245597
2017-02-26,1183.806290863436
2017-02-27,1194.828374751376
2017-02-28,1195.836902016804
2017-03-01,1228.561442118559
2017-03-02,1265.857846915938
2017-03-03,1291.577003636065
2017-03-04,1267.352852001143
2017-03-05,1277.510506124228
2017-03-06,1283.684208460081
2017-03-07,1236.293847759474
2017-03-08,1150.023603683808
2017-03-09,1195.154169969166
2017-03-10,1112.086673841889
2017-03-11,1185.305844220053
2017-03-12,1235.771137534189
2017-03-13,1244.566361659132
2017-03-14,1247.763004282884
2017-03-15,1262.42062405524
2017-03-16,1176.960884173343
2017-03-17,1075.723257429855
2017-03-18,968.1089976755732
2017-03-19,1018.30455866016
2017-03-20,1043.65783759295
2017-03-21,1113.668596508832
2017-03-22,1037.24658460632
2017-03-23,1027.283029473309
2017-03-24,933.169753947826
2017-03-25,961.3879462046255
2017-03-26,969.017312400438
2017-03-27,1041.310289420054
2017-03-28,1045.47501467646
2017-03-29,1040.442818368358
2017-03-30,1037.753405327745
2017-03-31,1082.725042331115
2017-04-01,1090.400531648749
2017-04-02,1099.026133405456
2017-04-03,1151.159749476422
2017-04-04,1143.029203242978
2017-04-05,1133.062623394562
2017-04-06,1193.153771532398
2017-04-07,1193.313264071174
2017-04-08,1183.893505304807
2017-04-09,1209.336901236837
2017-04-10,1209.849983838371
2017-04-11,1221.53987427595
2017-04-12,1214.456797872803
2017-04-13,1174.836850815525
2017-04-14,1172.669190806978
2017-04-15,1177.715267093636
2017-04-16,1164.973382601873
2017-04-17,1189.537577254998
2017-04-18,1201.715848275224
2017-04-19,1210.483923212566
2017-04-20,1235.664937307126
2017-04-21,1249.056122572353
2017-04-22,1241.895176042916
2017-04-23,1250.347241837458
2017-04-24,1256.541700168651
2017-04-25,1278.641766463818
2017-04-26,1294.678049655029
2017-04-27,1346.685105614364
2017-04-28,1350.457649929348
2017-04-29,1354.40694700177
2017-04-30,1383.053902962396
2017-05-01,1425.248145829469
2017-05-02,1465.581042656152
2017-05-03,1526.420705611051
2017-05-04,1554.006848920395
2017-05-05,1526.227803591002
2017-05-06,1584.951413454613
2017-05-07,1597.205853177552
2017-05-08,1701.877046287607
2017-05-09,1719.596103326025
2017-05-10,1791.269232652858
2017-05-11,1834.836757898876
2017-05-12,1694.467110368721
2017-05-13,1787.725665865217
2017-05-14,1796.773092238691
2017-05-15,1724.769487350055
2017-05-16,1738.601302784398
2017-05-17,1803.977484692292
2017-05-18,1891.218919079206
2017-05-19,1966.160006119611
2017-05-20,2052.975727529383
2017-05-21,2052.550211569596
2017-05-22,2114.348395356873
2017-05-23,2268.056017841441
2017-05-24,2431.179175212533
2017-05-25,2331.346228080497
2017-05-26,2272.164905340909
2017-05-27,2078.632375146129
2017-05-28,2225.46457127283
2017-05-29,2286.206861001267
2017-05-30,2185.100505347191
2017-05-31,2298.220974587216
2017-06-01,2417.941273911206
2017-06-02,2479.561656538529
2017-06-03,2543.87232748924
2017-06-04,2521.845867583053
2017-06-05,2695.033418978846
2017-06-06,2873.796937493244
2017-06-07,2701.414089884494
2017-06-08,2803.297016793037
2017-06-09,2810.294160211089
2017-06-10,2919.927970786746
2017-06-11,2991.442658400016
2017-06-12,2656.178179493908
2017-06-13,2707.207587685784
2017-06-14,2443.774072635811
2017-06-15,2415.092620939786
2017-06-16,2485.221578415977
2017-06-17,2644.369429981151
2017-06-18,2512.428822086344
2017-06-19,2595.047554549299
2017-06-20,2734.934233111323
2017-06-21,2653.536153083557
2017-06-22,2693.67774038443
2017-06-23,2687.656424982445
2017-06-24,2568.592524115137
2017-06-25,2501.178869591282
2017-06-26,2419.828133648983
2017-06-27,2565.995575203356
2017-06-28,2554.221771827734
2017-06-29,2537.407710301787
2017-06-30,2460.92328207561
2017-07-01,2420.539465015463
2017-07-02,2508.711063594943
2017-07-03,2543.52055702578
2017-07-04,2603.975513520515
2017-07-05,2611.907633668788
2017-07-06,2601.191567469195
2017-07-07,2500.606800254712
2017-07-08,2559.290988506353
2017-07-09,2505.719367383316
2017-07-10,2337.692689997486
2017-07-11,2308.534903127508
2017-07-12,2386.67893468257
2017-07-13,2338.834599532397
2017-07-14,2218.068399573709
2017-07-15,1970.022414827582
2017-07-16,1914.31586135624
2017-07-17,2226.854370379189
2017-07-18,2304.677177796126
2017-07-19,2262.434201969978
2017-07-20,2836.444101337826
2017-07-21,2667.799092515772
2017-07-22,2828.288843932448
2017-07-23,2756.350766966808
2017-07-24,2761.003292649645
2017-07-25,2562.188789306519
2017-07-26,2524.004210431266
2017-07-27,2662.327736099671
2017-07-28,2784.931907527067
2017-07-29,2699.336779454042
2017-07-30,2733.69805187003
2017-07-31,2861.355117283544
2017-08-01,2731.115490495656
2017-08-02,2700.952019059181
2017-08-03,2787.864126953994
2017-08-04,2855.544813686132
2017-08-05,3246.889857691748
2017-08-06,3219.135514181415
2017-08-07,3394.12505196622
2017-08-08,3418.065716488047
2017-08-09,3341.931735918988
2017-08-10,3432.180554601751
2017-08-11,3651.952159554108
2017-08-12,3873.840277659997
2017-08-13,4055.430108217266
2017-08-14,4321.740878001602
2017-08-15,4158.369049307629
2017-08-16,4371.898571692489
2017-08-17,4278.874565142088
2017-08-18,4103.308186665855
2017-08-19,4136.02849752025
2017-08-20,4047.590707420681
2017-08-21,3993.496766113566
2017-08-22,4089.192688098602
2017-08-23,4128.20943627659
2017-08-24,4309.743233598728
2017-08-25,4357.504580234239
2017-08-26,4339.185326260464
2017-08-27,4343.614657649543
2017-08-28,4384.648048638078
2017-08-29,4591.973064787884
2017-08-30,4578.258041005562
2017-08-31,4739.821909609959
2017-09-01,4930.913963429657
2017-09-02,4635.549367004165
2017-09-03,4624.004128836177
2017-09-04,4340.747305561161
2017-09-05,4426.660414562876
2017-09-06,4610.80660274099
2017-09-07,4621.992816471082
2017-09-08,4341.4884613413
2017-09-09,4330.583758430806
2017-09-10,4250.088037251141
2017-09-11,4207.513611707119
2017-09-12,4157.663177008433
2017-09-13,3867.791509290842
2017-09-14,3240.896288121997
2017-09-15,3710.985860887212
2017-09-16,3711.866164171358
2017-09-17,3703.312456189187
2017-09-18,4094.554920867202
2017-09-19,3911.100032919042
2017-09-20,3869.989660597676
2017-09-21,3617.671060570714
2017-09-22,3615.913153607868
2017-09-23,3782.020549543152
2017-09-24,3668.265134146356
2017-09-25,3918.890667419078
2017-09-26,3886.102475667043
2017-09-27,4199.968330429268
2017-09-28,4187.576245896319
2017-09-29,4156.659983678401
2017-09-30,4335.467009689982
2017-10-01,4382.812284253591
2017-10-02,4391.750560395145
2017-10-03,4311.3560516755
2017-10-04,4215.182333536646
2017-10-05,4317.528621996602
2017-10-06,4362.980772637618
2017-10-07,4427.349482966946
2017-10-08,4599.584772520529
2017-10-09,4770.758812461939
2017-10-10,4742.204586062306
2017-10-11,4817.076001241959
2017-10-12,5421.25647434388
2017-10-13,5622.401537310861
2017-10-14,5806.274837910411
2017-10-15,5690.443312043671
2017-10-16,5751.401295318684
2017-10-17,5593.760390967677
2017-10-18,5574.307180341964
2017-10-19,5700.819182972686
2017-10-20,5997.446764076106
2017-10-21,6015.723555007538
2017-10-22,5998.832263653103
2017-10-23,5889.672058049323
2017-10-24,5518.766212981871
2017-10-25,5744.793686894785
2017-10-26,5890.7143073772
2017-10-27,5778.700983300991
2017-10-28,5752.944303324972
2017-10-29,6150.617275448098
2017-10-30,6122.688025941843
2017-10-31,6441.305029822151
2017-11-01,6764.760700771038
2017-11-02,7032.252143929542
2017-11-03,7188.673662192718
2017-11-04,7391.499520881289
2017-11-05,7390.662345444837
2017-11-06,6960.162148204395
2017-11-07,7123.997698968637
2017-11-08,7469.009869665808
2017-11-09,7135.421301008343
2017-11-10,6591.128675365988
2017-11-11,6361.587331249312
2017-11-12,5909.644789841172
2017-11-13,6525.636966247708
2017-11-14,6595.548438738197
2017-11-15,7282.068738937433
2017-11-16,7845.321979964913
2017-11-17,7691.520880306211
2017-11-18,7780.486552299189
2017-11-19,8033.553355586507
2017-11-20,8255.867353185347
2017-11-21,8096.860431860465
2017-11-22,8244.969536672328
2017-11-23,8035.893848871559
2017-11-24,8215.457903088754
2017-11-25,8771.863206570288
2017-11-26,9349.11993048534
2017-11-27,9754.449718834221
2017-11-28,9926.71193188782
2017-11-29,9863.795713366324
2017-11-30,9953.823255504512
2017-12-01,10862.86969266674
2017-12-02,10923.74123012628
2017-12-03,11285.97381723023
2017-12-04,11625.19067451165
2017-12-05,11703.70311755355
2017-12-06,13919.97843050211
2017-12-07,17144.11056177052
2017-12-08,16241.25417249681
2017-12-09,15065.91113930237
2017-12-10,15049.90218056812
2017-12-11,16779.83913993033
2017-12-12,17220.05994923002
2017-12-13,16525.09473503529
2017-12-14,16607.88271326896
2017-12-15,17644.19185482736
2017-12-16,19587.6137328711
2017-12-17,19179.66898447647
2017-12-18,19007.00933176908
2017-12-19,17737.66031894454
2017-12-20,16456.22842405836
2017-12-21,15651.94661039339
2017-12-22,14140.99019347346
2017-12-23,14800.69595756936
2017-12-24,14170.87779177988
2017-12-25,14073.40367072084
2017-12-26,15761.31696977296
2017-12-27,15382.49606050531
2017-12-28,14456.96887471309
2017-12-29,14487.22331825616
2017-12-30,12743.8168862644
2017-12-31,13896.63309740206
2018-01-01,13436.40113496533
2018-01-02,14732.45335579632
2018-01-03,15068.48685294771
2018-01-04,15150.04439344243
2018-01-05,16929.9935842188
2018-01-06,17094.07580827809
2018-01-07,16162.81327791261
2018-01-08,14998.25012703148
2018-01-09,14415.46602921756
2018-01-10,14850.28368464791
2018-01-11,13310.77662387521
2018-01-12,13797.82227939588
2018-01-13,14218.51800899828
2018-01-14,13655.24218104914
2018-01-15,13574.79773543828
2018-01-16,11467.38097828465
2018-01-17,11136.80873505817
2018-01-18,11289.21091140916
2018-01-19,11511.09835473365
2018-01-20,12763.77946239065
2018-01-21,11455.52639649574
2018-01-22,10781.26888136042
2018-01-23,10801.08313175065
2018-01-24,11354.22909940514
2018-01-25,11137.87860245984
2018-01-26,11091.21651042783
2018-01-27,11333.39787499116
2018-01-28,11597.08016486114
2018-01-29,11149.43121052625
2018-01-30,9937.726381160634
2018-01-31,10087.72419866941
2018-02-01,9014.026207241357
2018-02-02,8799.121910617683
2018-02-03,9208.45991916458
2018-02-04,8176.460615758353
2018-02-05,6891.934414416884
2018-02-06,7714.392057232828
2018-02-07,7575.611196702045
2018-02-08,8222.753649455703
2018-02-09,8677.910527452475
2018-02-10,8537.393208068006
2018-02-11,8073.293649217709
2018-02-12,8883.2563239916
2018-02-13,8519.186103813143
2018-02-14,9483.45790621643
2018-02-15,10063.90199802283
2018-02-16,10236.5
2018-02-17,11101.7
2018-02-18,10593.2
2018-02-19,11230.0
2018-02-20,11403.7
2018-02-21,10690.4
2018-02-22,10005.0
2018-02-23,10301.1
2018-02-24,9813.07
2018-02-25,9664.73
2018-02-26,10366.7
2018-02-27,10725.6
2018-02-28,10397.9
2018-03-01,10951.0
2018-03-02,11086.4
2018-03-03,11489.7
2018-03-04,11512.6
2018-03-05,11573.3
2018-03-06,10779.9
2018-03-07,9965.57
2018-03-08,9395.01
2018-03-09,9337.55
2018-03-10,8866.0
2018-03-11,9578.63
2018-03-12,9205.12
2018-03-13,9194.85
2018-03-14,8269.81
2018-03-15,8300.86
2018-03-16,8338.35
2018-03-17,7916.88
2018-03-18,8223.68
2018-03-19,8630.65
2018-03-20,8913.47
2018-03-21,8929.28
2018-03-22,8721.57
2018-03-23,8820.54
2018-03-24,8682.62
2018-03-25,8494.44
2018-03-26,8210.22
2018-03-27,7840.16
2018-03-28,7980.12
2018-03-29,7162.96
2018-03-30,6895.3
2018-03-31,6978.18
2018-04-01,6844.23
2018-04-02,7075.72
2018-04-03,7458.04
2018-04-04,6852.8
2018-04-05,6811.29
2018-04-06,6629.87
2018-04-07,6903.16
2018-04-08,7023.38
2018-04-09,6763.45
2018-04-10,6839.1
2018-04-11,6939.18
2018-04-12,7926.600582959641
2018-04-13,7858.320396825395
2018-04-14,7994.162746478875
2018-04-15,8355.635478723412
2018-04-16,8052.68
2018-04-17,7906.81
2018-04-18,8162.99
2018-04-19,8282.55
2018-04-20,8836.46
2018-04-21,8883.36
2018-04-22,8802.53
2018-04-23,8930.91
2018-04-24,9732.61
2018-04-25,8826.28
2018-04-26,9280.92
2018-04-27,9011.78
2018-04-28,9343.42
2018-04-29,9415.09
2018-04-30,9247.19
2018-05-01,9105.53
2018-05-02,9233.72
2018-05-03,9755.31
2018-05-04,9715.82
2018-05-05,9843.13
2018-05-06,9646.74
2018-05-07,9369.84
2018-05-08,9249.75
2018-05-09,9324.28
2018-05-10,9040.52
2018-05-11,8462.5
2018-05-12,8499.34
2018-05-13,8723.64
2018-05-14,8719.89
2018-05-15,8515.22
2018-05-16,8358.62
2018-05-17,8085.7
2018-05-18,8251.45
2018-05-19,8241.68
2018-05-20,8515.58
2018-05-21,8409.37
2018-05-22,8049.56
2018-05-23,7566.26
2018-05-24,7593.13
2018-05-25,7453.44
2018-05-26,7358.47
2018-05-27,7364.09
2018-05-28,7134.68
2018-05-29,7467.58
2018-05-30,7406.19
2018-05-31,7491.64
2018-06-01,7539.14
2018-06-02,7646.74
2018-06-03,7720.25
2018-06-04,7499.48
2018-06-05,7625.55
2018-06-06,7656.09
2018-06-07,7676.55
2018-06-08,7631.9
2018-06-09,7565.0
2018-06-10,6784.03
2018-06-11,6901.13
2018-06-12,6566.2
2018-06-13,6342.43
2018-06-14,6681.42
2018-06-15,6460.85
2018-06-16,6538.65
2018-06-17,6503.94
2018-06-18,6733.38
2018-06-19,6759.1
2018-06-20,6776.84
2018-06-21,6737.58
2018-06-22,6083.68
2018-06-23,6166.8
2018-06-24,6168.79
2018-06-25,6260.63
2018-06-26,6096.19
2018-06-27,6154.48
2018-06-28,5903.44
2018-06-29,6220.76
2018-06-30,6396.98
2018-07-01,6388.12
2018-07-02,6614.92
2018-07-03,6533.56
2018-07-04,6609.7
2018-07-05,6643.34
2018-07-06,6674.68
2018-07-07,6859.53
2018-07-08,6762.01
2018-07-09,6746.22
2018-07-10,6328.33
2018-07-11,6393.59
2018-07-12,6228.81
2018-07-13,6236.49
2018-07-14,6275.18
2018-07-15,6359.64
2018-07-16,6742.49
2018-07-17,7318.74
2018-07-18,7370.78
2018-07-19,7466.86
2018-07-20,7354.94
2018-07-21,7418.71
2018-07-22,7418.49
2018-07-23,7713.31
2018-07-24,8424.27
2018-07-25,8181.39
2018-07-26,7951.58
2018-07-27,8167.81
2018-07-28,8188.85
2018-07-29,8221.44
2018-07-30,8183.56562256
2018-07-31,7774.87303565
2018-08-01,7624.90741594
2018-08-02,7567.15160233
2018-08-03,7436.26183554
2018-08-04,7032.21316739
2018-08-05,7064.02626634
2018-08-06,6951.2803658
2018-08-07,6753.71764839
2018-08-08,6305.80304475
2018-08-09,6568.02168724
2018-08-10,6184.71178367
2018-08-11,6289.74605164
2018-08-12,6335.06058091
2018-08-13,6297.96664043
2018-08-14,6199.71276805
2018-08-15,6293.27724365
2018-08-16,6324.7423257
2018-08-17,6580.62933687
2018-08-18,6423.68691813
2018-08-19,6506.06881185
2018-08-20,6305.19259562
2018-08-21,6496.258447
2018-08-22,6376.83461362
2018-08-23,6534.87662447
2018-08-24,6717.68298629
2018-08-25,6769.94985511
2018-08-26,6715.64805358
2018-08-27,6881.56612007
2018-08-28,7096.27708292
2018-08-29,7046.07682983
2018-08-30,6981.57685708
2018-08-31,7036.75531489
2018-09-01,7193.41650052
2018-09-02,7269.10081969
2018-09-03,7264.79922436
2018-09-04,7362.7119946
2018-09-05,6818.83022958
2018-09-06,6538.48023324
2018-09-07,6463.22559639
2018-09-08,6223.43011665
2018-09-09,6303.80648503
2018-09-10,6329.69690852
2018-09-11,6324.59015192
2018-09-12,6360.69694706
2018-09-13,6521.23827161
2018-09-14,6512.70548453
2018-09-15,6544.13620369
2018-09-16,6514.52997091
2018-09-17,6281.19609296
2018-09-18,6369.18712761
2018-09-19,6394.89073566
2018-09-20,6523.44829872
2018-09-21,6734.95239431
2018-09-22,6722.22113413
2018-09-23,6707.26095584
2018-09-24,6595.41332528
2018-09-25,6444.41067269
2018-09-26,6498.32602721
2018-09-27,6680.71461176
2018-09-28,6642.0772968
2018-09-29,6601.9553879
2018-09-30,6627.99449465
2018-10-01,6587.61149413
2018-10-02,6556.09866089
2018-10-03,6502.59044747
2018-10-04,6576.20339269
2018-10-05,6622.48483682
2018-10-06,6589.05284411
2018-10-07,6602.94525849
2018-10-08,6652.22623715
2018-10-09,6640.64745929
2018-10-10,6585.17755768
2018-10-11,6249.09003203
2018-10-12,6273.19669603
2018-10-13,6289.0009018
2018-10-14,6292.23246896
2018-10-15,6605.26103468
2018-10-16,6600.67720695
2018-10-17,6546.16332001
2018-10-18,6474.64724903
2018-10-19,6466.010535
2018-10-20,6489.46975308
2018-10-21,6482.34812955
2018-10-22,6491.98212347
2018-10-23,6475.72971532
2018-10-24,6495.42836241
2018-10-25,6481.17082835
2018-10-26,6477.84565348
2018-10-27,6480.28670898
2018-10-28,6486.38627137
2018-10-29,6332.78870464
2018-10-30,6334.7409058
2018-10-31,6317.75009974
2018-11-01,6375.52621667
2018-11-02,6390.638615
2018-11-03,6361.25774213
2018-11-04,6376.12939278
2018-11-05,6427.46426537
2018-11-06,6455.27908945
2018-11-07,6520.93366356
2018-11-08,6457.20299168
2018-11-09,6387.24987785
2018-11-10,6407.74044747
2018-11-11,6408.83301083
2018-11-12,6373.10496784
2018-11-13,6357.23195512
2018-11-14,5722.33950975
2018-11-15,5645.59292107
2018-11-16,5574.75499615
2018-11-17,5554.80989136
2018-11-18,5622.02160278
2018-11-19,4875.14239003
2018-11-20,4415.07400339
2018-11-21,4602.16771504
2018-11-22,4368.73234691
2018-11-23,4346.01843265
2018-11-24,3883.35938868
2018-11-25,4015.13130391
2018-11-26,3775.08662841
2018-11-27,3813.57141959
2018-11-28,4260.82825547
2018-11-29,4274.74204089
2018-11-30,4016.44911794
2018-12-01,4215.68477834
2018-12-02,4138.38283552
2018-12-03,3892.75933911
2018-12-04,3996.74820738
2018-12-05,3753.99482663
2018-12-06,3521.10172384
2018-12-07,3419.93720035
2018-12-08,3476.11471452
2018-12-09,3616.21025798
2018-12-10,3505.47968254
2018-12-11,3423.51948812
2018-12-12,3481.23667359
2018-12-13,3312.00352486
2018-12-14,3242.19413359
2018-12-15,3237.05708474
2018-12-16,3255.22013802
2018-12-17,3545.35139009
2018-12-18,3695.4306338
2018-12-19,3747.42985778
2018-12-20,4132.2252904
2018-12-21,3894.39321098
2018-12-22,4012.16458122
2018-12-23,3998.52858546
2018-12-24,4080.47896096
2018-12-25,3815.49060966
2018-12-26,3855.93115879
2018-12-27,3659.30990152
2018-12-28,3926.3291364
2018-12-29,3827.77729964
2018-12-30,3867.27236149
2018-12-31,3741.29679518
2019-01-01,3840.95924899
2019-01-02,3943.28984335
2019-01-03,3836.55804793
2019-01-04,3858.23828002
2019-01-05,3841.06117029
2019-01-06,4076.20331956
2019-01-07,4024.46206645
2019-01-08,4033.55475363
2019-01-09,4035.71294082
2019-01-10,3679.79347408
2019-01-11,3686.21992857
2019-01-12,3660.89928219
2019-01-13,3552.00916983
2019-01-14,3706.05222041
2019-01-15,3629.3994895
2019-01-16,3656.46477524
2019-01-17,3679.8126213
2019-01-18,3653.6664613
2019-01-19,3729.0822985
2019-01-20,3602.94669388
2019-01-21,3577.02585978
2019-01-22,3605.04565371
2019-01-23,3585.12306636
2019-01-24,3605.01000288
2019-01-25,3602.06803677
2019-01-26,3601.75215591
2019-01-27,3586.69221638
2019-01-28,3472.33980503
2019-01-29,3447.03376969
2019-01-30,3485.3190571
2019-01-31,3457.19185903
2019-02-01,3488.65467674
2019-02-02,3526.76852089
2019-02-03,3461.49672071
2019-02-04,3456.78537352
2019-02-05,3460.72479577
2019-02-06,3412.83264537
2019-02-07,3400.6012536
2019-02-08,3661.6593387
2019-02-09,3671.81055872
2019-02-10,3684.24956988
2019-02-11,3648.09335231
2019-02-12,3653.99110555
2019-02-13,3631.34329385
2019-02-14,3616.36968624
2019-02-15,3623.22451873
2019-02-16,3631.0060736
2019-02-17,3677.11835448
2019-02-18,3915.15393
2019-02-19,3946.15354458
2019-02-20,3996.90234514
2019-02-21,3952.2103642
2019-02-22,4002.2913313
2019-02-23,4145.9880905
2019-02-24,3814.93757504
2019-02-25,3884.93555836
2019-02-26,3857.56107734
2019-02-27,3851.0235527
2019-02-28,3855.67378101
2019-03-01,3861.87069318
2019-03-02,3867.57418178
2019-03-03,3845.59431118
2019-03-04,3761.00685915
2019-03-05,3894.06747372
2019-03-06,3905.40722269
2019-03-07,3911.06208338
2019-03-08,3898.25616475
2019-03-09,3960.96525724
2019-03-10,3953.83492806
2019-03-11,3906.12986299
2019-03-12,3911.29620526
2019-03-13,3906.54189115
2019-03-14,3913.51736755
2019-03-15,3958.66898443
2019-03-16,4048.90849948
2019-03-17,4028.84888287
2019-03-18,4034.67408291
2019-03-19,4070.48878613
2019-03-20,4086.37824344
2019-03-21,4031.48944687
2019-03-22,4023.91043451
2019-03-23,4036.5766927
2019-03-24,4018.86969869
2019-03-25,3963.78397879
2019-03-26,3985.08080287
2019-03-27,4086.67786266
2019-03-28,4069.10714977
2019-03-29,4098.37454059
2019-03-30,4096.91963725
2019-03-31,4104.234233128829
2019-04-01,4157.46569937
2019-04-02,4886.74969679
2019-04-03,4971.30774104
2019-04-04,4922.79878778
2019-04-05,5036.79302365
2019-04-06,5062.79376134
2019-04-07,5198.89699014
2019-04-08,5289.91798137
2019-04-09,5204.95837847
2019-04-10,5325.08155529
2019-04-11,5064.48767243
2019-04-12,5088.84997329
2019-04-13,5096.58656276
2019-04-14,5167.32198286
2019-04-15,5066.18715458
2019-04-16,5237.59520905
2019-04-17,5251.66380021
2019-04-18,5299.16459453
2019-04-19,5305.45513705
2019-04-20,5337.37851834
2019-04-21,5314.5314532
2019-04-22,5399.71139699
2019-04-23,5571.97722679
2019-04-24,5464.86664182
2019-04-25,5210.59362141
2019-04-26,5280.61484521
2019-04-27,5266.45814395
2019-04-28,5285.13900822
2019-04-29,5248.20427091
2019-04-30,5350.03250117
2019-05-01,5401.02963619
2019-05-02,5505.28367176
2019-05-03,5768.28940693
2019-05-04,5829.93903031
2019-05-05,5790.99875859
2019-05-06,5750.26065528
2019-05-07,5843.49506628
2019-05-08,5983.76061268
2019-05-09,6174.13234808
2019-05-10,6379.29211794
2019-05-11,7212.29317912
2019-05-12,6972.37152291
2019-05-13,7807.13438133
2019-05-14,7994.41615632
2019-05-15,8205.16749484
2019-05-16,7883.39290525
2019-05-17,7332.33362812
2019-05-18,7272.8703646
2019-05-19,8197.08154991
2019-05-20,7977.28172834
2019-05-21,7964.08716828
2019-05-22,7684.84214611
2019-05-23,7881.84672105
2019-05-24,7987.37156583
2019-05-25,8052.54385907
2019-05-26,8674.07240318
2019-05-27,8802.75819975
2019-05-28,8719.9617362
2019-05-29,8658.62021569
2019-05-30,8313.21305379
2019-05-31,8584.03749936
2019-06-01,8567.49579932
2019-06-02,8744.99858488
2019-06-03,8214.54501611
2019-06-04,7694.79046347
2019-06-05,7820.49742937
2019-06-06,7823.96826187
2019-06-07,8042.62455272
2019-06-08,7941.75919036
2019-06-09,7686.70517038
2019-06-10,7994.91667422
2019-06-11,7923.19557195
2019-06-12,8139.61233897
2019-06-13,8226.39499438
2019-06-14,8690.3978563
2019-06-15,8839.69426128
2019-06-16,8993.51985508
2019-06-17,9323.18877291
2019-06-18,9070.351716
2019-06-19,9276.77182364
2019-06-20,9527.85336616
2019-06-21,10118.5985274
2019-06-22,10694.29348
2019-06-23,10842.5148341
2019-06-24,11006.9875879
2019-06-25,11784.6041669
2019-06-26,13003.3251831
2019-06-27,11151.3707985
2019-06-28,12392.3293102
2019-06-29,11958.9651413
2019-06-30,10817.5692473
2019-07-01,10590.7580719
2019-07-02,10810.4966905
2019-07-03,11953.3879742
2019-07-04,11212.6101976
2019-07-05,10984.1057812
2019-07-06,11209.2110757
2019-07-07,11451.3503881
2019-07-08,12285.7323738
2019-07-09,12560.6272457
2019-07-10,12152.5890505
2019-07-11,11345.7367321
2019-07-12,11816.4282932
2019-07-13,11373.0446962
2019-07-14,10258.343575
2019-07-15,10902.4940933
2019-07-16,9493.31755974
2019-07-17,9694.45068639
2019-07-18,10663.3319664
2019-07-19,10533.9668428
2019-07-20,10770.4048064
2019-07-21,10598.6005555
2019-07-22,10339.5348432
2019-07-23,9900.10969969
2019-07-24,9821.99302633
2019-07-25,9912.80914244
2019-07-26,9872.51472048
2019-07-27,9457.60326361
2019-07-28,9555.36758424
2019-07-29,9521.49191299
2019-07-30,9604.74200395
2019-07-31,10085.6277491
2019-08-01,10399.6694229
2019-08-02,10518.1746772
2019-08-03,10821.7265103
2019-08-04,10970.1842157
2019-08-05,11805.6537253
2019-08-06,11478.1693461
2019-08-07,11941.9683406
2019-08-08,11966.407405
2019-08-09,11862.93676
2019-08-10,11354.0242177
2019-08-11,11523.5793784
2019-08-12,11382.6159562
2019-08-13,10895.8304358
2019-08-14,10038.4217089
2019-08-15,10311.545429
2019-08-16,10374.3393471
2019-08-17,10231.7438454
2019-08-18,10345.8103795
2019-08-19,10916.0538702
2019-08-20,10763.2326304
2019-08-21,10138.049355
2019-08-22,10131.0561021
2019-08-23,10407.965329
2019-08-24,10159.9605385
2019-08-25,10138.517665
2019-08-26,10372.8263035
2019-08-27,10185.4998997
2019-08-28,9756.78570735
2019-08-29,9510.20054413
2019-08-30,9598.17364826
2019-08-31,9630.59319616
2019-09-01,9757.97031807
2019-09-02,10346.7607927
2019-09-03,10623.5401172
2019-09-04,10594.4933536
2019-09-05,10575.533284
2019-09-06,10353.3025592
2019-09-07,10517.254784
2019-09-08,10441.275979
2019-09-09,10334.9741628
2019-09-10,10115.9757913
2019-09-11,10178.3718893
2019-09-12,10410.1268031
2019-09-13,10360.5472773
2019-09-14,10358.0491621
2019-09-15,10347.7129074
2019-09-16,10276.7935649
2019-09-17,10241.2721545
2019-09-18,10198.2484072
2019-09-19,10266.4149694
2019-09-20,10181.6413094
2019-09-21,10019.7169101
2019-09-22,10070.3921064
2019-09-23,9729.32376435
2019-09-24,8620.56642733
2019-09-25,8486.99297206
2019-09-26,8118.96756783
2019-09-27,8251.84555744
2019-09-28,8245.91515478
2019-09-29,8104.18567564
2019-09-30,8293.86774062
2019-10-01,8343.2766814
2019-10-02,8393.04164486
2019-10-03,8259.99197863
2019-10-04,8205.93924121
2019-10-05,8151.50052921
2019-10-06,7988.15595888
2019-10-07,8245.622933
2019-10-08,8228.7831528
2019-10-09,8595.73981722
2019-10-10,8583.1788414
2019-10-11,8321.11873109
2019-10-12,8342.69554698
2019-10-13,8323.08261224
2019-10-14,8371.9891356
2019-10-15,8208.03348086
2019-10-16,8057.29564754
2019-10-17,8102.95289694
2019-10-18,7977.41883564
2019-10-19,7990.31255402
2019-10-20,8218.07286805
2019-10-21,8236.27737182
2019-10-22,8080.61566695
2019-10-23,7506.16004227
2019-10-24,7497.31006854
2019-10-25,8656.17219802
2019-10-26,9248.60509745
2019-10-27,9559.52904735
2019-10-28,9266.54148344
2019-10-29,9429.56422378
2019-10-30,9209.14008588
2019-10-31,9190.15935841
2019-11-01,9260.4172551
2019-11-02,9324.92966758
2019-11-03,9235.20529549
2019-11-04,9414.27063268
2019-11-05,9348.12927384
2019-11-06,9357.01438149
2019-11-07,9267.47944726
2019-11-08,8816.95087372
2019-11-09,8814.88268835
2019-11-10,9058.22603921
2019-11-11,8756.31731395
2019-11-12,8812.71866317
2019-11-13,8817.26151868
2019-11-14,8710.28507816
2019-11-15,8491.55733354
2019-11-16,8546.7319707
2019-11-17,8572.18503827
2019-11-18,8311.81088865
2019-11-19,8203.93739828
2019-11-20,8027.77939437
2019-11-21,7640.63676782
2019-11-22,7304.96236288
2019-11-23,7384.69785526
2019-11-24,7046.14174647
2019-11-25,7150.12871408
2019-11-26,7223.03582563
2019-11-27,7539.34651048
2019-11-28,7465.22589107
2019-11-29,7762.17959453
2019-11-30,7567.97497695
2019-12-01,7425.85766438
2019-12-02,7325.33487256
2019-12-03,7323.81210021
2019-12-04,7260.10003443
2019-12-05,7447.6673282
2019-12-06,7544.37903416
2019-12-07,7552.29963464
2019-12-08,7566.18173083
2019-12-09,7401.01158117
2019-12-10,7274.46261839
2019-12-11,7218.25648469
2019-12-12,7244.48940003
2019-12-13,7267.35915452
2019-12-14,7130.35799572
2019-12-15,7157.82998088
2019-12-16,6930.50585768
2019-12-17,6611.51046846
2019-12-18,7270.46966975
2019-12-19,7204.0210376
2019-12-20,7217.26972298
2019-12-21,7189.90636821
2019-12-22,7512.80063541
2019-12-23,7355.16830714
2019-12-24,7309.21393158
2019-12-25,7280.45240018
2019-12-26,7240.0270056
2019-12-27,7295.60723294
2019-12-28,7319.89084853
2019-12-29,7419.17941527
2019-12-30,7300.67426507
2019-12-31,7197.52710917
2020-01-01,7199.66110087
2020-01-02,6985.65902257
2020-01-03,7347.59737791
2020-01-04,7415.20244546
2020-01-05,7410.81254092
2020-01-06,7770.52843473
2020-01-07,8166.96310003
2020-01-08,8082.95054727
2020-01-09,7880.28824913
2020-01-10,8164.65571526
2020-01-11,8029.64210795
2020-01-12,8185.64036985
2020-01-13,8148.31886082
2020-01-14,8827.76442606
2020-01-15,8807.01027532
2020-01-16,8723.78576573
2020-01-17,8929.0376776
2020-01-18,8942.80890321
2020-01-19,8706.24512993
2020-01-20,8657.64293942
2020-01-21,8745.89478833
2020-01-22,8680.87604222
2020-01-23,8406.5160678
2020-01-24,8445.43428152
2020-01-25,8367.84777344
2020-01-26,8596.82983316
2020-01-27,8909.81917753
2020-01-28,9358.59031703
2020-01-29,9316.62950445
2020-01-30,9508.9935947
2020-01-31,9350.52936518
2020-02-01,9392.87536841
2020-02-02,9344.36529292
2020-02-03,9293.52108908
2020-02-04,9180.9629665
2020-02-05,9613.42428895
2020-02-06,9729.80223149
2020-02-07,9790.33384641
2020-02-08,9866.50724373
2020-02-09,10119.1248203
2020-02-10,9865.59260896
2020-02-11,10205.1323621
2020-02-12,10322.7164894
2020-02-13,10205.6192109
2020-02-14,10300.0506266
2020-02-15,9891.83650918
2020-02-16,9943.25998095
2020-02-17,9686.04920977
2020-02-18,10147.0726363
2020-02-19,9635.05008713
2020-02-20,9618.25906453
2020-02-21,9690.95528682
2020-02-22,9660.91488832
2020-02-23,9920.86796684
2020-02-24,9645.39833042
2020-02-25,9346.53346695
2020-02-26,8824.33122732
2020-02-27,8786.87893969
2020-02-28,8689.11524591
2020-02-29,8615.22772355
2020-03-01,8563.41168611
2020-03-02,8865.83955705
2020-03-03,8792.35171065
2020-03-04,8742.61166128
2020-03-05,9077.87946386
2020-03-06,9120.74845437
2020-03-07,8909.75828069
2020-03-08,8110.25607808
2020-03-09,7916.62214092
2020-03-10,7915.61754792
2020-03-11,7912.81530473
2020-03-12,4860.35383012
2020-03-13,5547.0651614
2020-03-14,5195.85517452
2020-03-15,5391.06024919
2020-03-16,5014.86830377
2020-03-17,5237.76209482
2020-03-18,5237.91386092
2020-03-19,6193.29577035
2020-03-20,6186.21871982
2020-03-21,6172.9672775
2020-03-22,5833.51061024
2020-03-23,6431.81003808
2020-03-24,6732.65221467
2020-03-25,6677.07432527
2020-03-26,6718.96731486
2020-03-27,6470.89335934
2020-03-28,6241.56512496
2020-03-29,5929.677884
2020-03-30,6447.72579951
2020-03-31,6443.31405026
2020-04-01,6589.24919192
2020-04-02,6795.04299179
2020-04-03,6736.36381431
2020-04-04,6858.69700969
2020-04-05,6794.47452422
2020-04-06,7248.72410192
2020-04-07,7172.87828873
2020-04-08,7335.36979909
2020-04-09,7301.01277516
2020-04-10,6862.78799691
2020-04-11,6852.50192071
2020-04-12,6998.39400574
2020-04-13,6845.09526906
2020-04-14,6841.27304616
2020-04-15,6643.97961617
2020-04-16,7106.09484684
2020-04-17,7098.68627482
2020-04-18,7259.90292944
2020-04-19,7191.11311495
2020-04-20,6882.34018581
2020-04-21,6878.03773926
2020-04-22,7118.68335661
2020-04-23,7430.16504043
2020-04-24,7549.13338764
2020-04-25,7569.23791751
2020-04-26,7680.48287014
2020-04-27,7794.71391216
2020-04-28,7807.29683833
2020-04-29,8801.03776688
2020-04-30,8657.1939924
2020-05-01,8855.32022959
2020-05-02,8985.17081572
2020-05-03,8898.12241256
2020-05-04,8915.36266471
2020-05-05,8987.61019034
2020-05-06,9253.07620782
2020-05-07,9982.3230001
2020-05-08,9854.15920563
2020-05-09,9590.06333149
2020-05-10,8761.29974684
2020-05-11,8599.78194656
2020-05-12,8800.72972155
2020-05-13,9274.85620315
2020-05-14,9742.73285277
2020-05-15,9324.74955892
2020-05-16,9378.12485501
2020-05-17,9670.02672308
2020-05-18,9729.46527585
2020-05-19,9723.31137903
2020-05-20,9522.46761378
2020-05-21,9083.12738671
2020-05-22,9182.63979906
2020-05-23,9212.38362171
2020-05-24,8792.95744169
2020-05-25,8910.14065013
2020-05-26,8830.00836771
2020-05-27,9178.8408253
2020-05-28,9521.7710264
2020-05-29,9440.88143521
2020-05-30,9696.80790406
2020-05-31,9452.45408509
2020-06-01,10170.4099128
2020-06-02,9532.18934947
2020-06-03,9646.2557319
2020-06-04,9803.70548499
2020-06-05,9667.02313814
2020-06-06,9650.37975164
2020-06-07,9759.69521099
2020-06-08,9770.65850938
2020-06-09,9795.64961547
2020-06-10,9870.78990303
2020-06-11,9324.47584156
2020-06-12,9481.74838924
2020-06-13,9474.74192302
2020-06-14,9386.78789214
2020-06-15,9454.15015829
2020-06-16,9540.67651404
2020-06-17,9483.15268772
2020-06-18,9412.43597382
2020-06-19,9277.04516149
2020-06-20,9335.17939289
2020-06-21,9301.37004446
2020-06-22,9649.2555242
2020-06-23,9628.69403752
2020-06-24,9308.97002161
2020-06-25,9265.12255402
2020-06-26,9165.46400925
2020-06-27,9050.08021288
2020-06-28,9155.73195906
2020-06-29,9200.43803941
2020-06-30,9138.25078146
2020-07-01,9228.16289438
2020-07-02,9123.41015432
2020-07-03,9087.30391103
2020-07-04,9116.09384322
2020-07-05,9075.62293143
2020-07-06,9294.80678854
2020-07-07,9254.80043974
2020-07-08,9425.36948916
2020-07-09,9294.76603547
2020-07-10,9278.8078672
2020-07-11,9240.34632654
2020-07-12,9276.49985018
2020-07-13,9243.61385509
2020-07-14,9243.21341642
2020-07-15,9192.83736784
2020-07-16,9137.21825621
2020-07-17,9149.9429538
2020-07-18,9158.56462749
2020-07-19,9185.45240342
2020-07-20,9177.86448262
2020-07-21,9374.78345925
2020-07-22,9525.36344997
2020-07-23,9579.97977007
2020-07-24,9537.79707625
2020-07-25,9677.11349729
2020-07-26,9906.34519401
2020-07-27,11023.434646
2020-07-28,10909.9046958
2020-07-29,11098.4100908
2020-07-30,11121.1587554
2020-07-31,11332.4012834
2020-08-01,11766.9595624
2020-08-02,11059.3145305
2020-08-03,11245.5240356
2020-08-04,11207.6483786
2020-08-05,11751.6655847
2020-08-06,11785.14051
2020-08-07,11595.3530615
2020-08-08,11745.8403294
2020-08-09,11672.4786076
2020-08-10,11872.1227256
2020-08-11,11412.1825511
2020-08-12,11576.8771692
2020-08-13,11796.3961941
2020-08-14,11772.9732991
2020-08-15,11864.5063121
2020-08-16,11895.1527133
2020-08-17,12250.136396
2020-08-18,11988.7456259
2020-08-19,11758.8645702
2020-08-20,11881.7212215
2020-08-21,11581.8887181
2020-08-22,11689.4073895
2020-08-23,11667.8605615
2020-08-24,11778.4188516
2020-08-25,11375.0539617
2020-08-26,11487.5574841
2020-08-27,11322.8535935
2020-08-28,11539.83493
2020-08-29,11512.5428548
2020-08-30,11711.5398306
2020-08-31,11685.3448054
2020-09-01,11968.9674207
2020-09-02,11418.0179849
2020-09-03,10238.457762
2020-09-04,10511.8138807
2020-09-05,10169.567221
2020-09-06,10280.3517032
2020-09-07,10369.5637386
2020-09-08,10131.5166457
2020-09-09,10242.3477803
2020-09-10,10363.1390401
2020-09-11,10400.9146854
2020-09-12,10442.1706031
2020-09-13,10323.7557975
2020-09-14,10680.8374328
2020-09-15,10796.9509861
2020-09-16,10974.9048915
2020-09-17,10948.9899152
2020-09-18,10944.5858045
2020-09-19,11094.3462761
2020-09-20,10938.2712894
2020-09-21,10462.2596185
2020-09-22,10538.4603213
2020-09-23,10225.8639271
2020-09-24,10745.5486217
2020-09-25,10702.290491
2020-09-26,10754.4375117
2020-09-27,10774.4267558
2020-09-28,10721.3270409
2020-09-29,10848.8304873
2020-09-30,10787.6178668
2020-10-01,10623.3301247
2020-10-02,10575.97266521037
2020-10-03,10549.32889960946
2020-10-04,10668.42729191736
2020-10-05,10793.33942750969
2020-10-06,10604.37297665522
2020-10-07,10669.0028923093
2020-10-08,10915.61117034957
2020-10-09,11064.45759244393
2020-10-10,11296.36142820948
2020-10-11,11384.21012067399
2020-10-12,11555.35238261704
2020-10-13,11425.899400698
2020-10-14,11429.53052594957
2020-10-15,11495.13625034574
2020-10-16,11322.12210025333
2020-10-17,11357.5076994191
2020-10-18,11483.34744704636
2020-10-19,11742.05646406841
2020-10-20,11916.33447451582
2020-10-21,12823.72161301116
2020-10-22,12965.93891096706
2020-10-23,12928.42229289331
2020-10-24,13112.51830889281
2020-10-25,13025.15272617129
2020-10-26,13072.25343050888
2020-10-27,13638.61347118853
2020-10-28,13274.1015514869
2020-10-29,13449.31077317203
2020-10-30,13567.7510904727
2020-10-31,13779.02694551096
2020-11-01,13712.17922675368
2020-11-02,13558.75956750429
2020-11-03,13914.80692119946
2020-11-04,14127.43450143256
2020-11-05,15556.66067421953
2020-11-06,15552.78942623676
2020-11-07,14849.09233206949
2020-11-08,15486.12876624259
2020-11-09,15336.7385976552
2020-11-10,15289.79446632406
2020-11-11,15693.90687345292
2020-11-12,16281.41451196556
2020-11-13,16311.51332263924
2020-11-14,16075.45273387358
2020-11-15,15962.09895156044
2020-11-16,16709.61228387944
2020-11-17,17667.38159343438
2020-11-18,17812.23323674995
2020-11-19,17797.55269185706
2020-11-20,18624.91273703337
2020-11-21,18681.88473987622
2020-11-22,18406.83639385749
2020-11-23,18340.95092402201
2020-11-24,19081.11380920774
2020-11-25,18764.47654404935
2020-11-26,17106.29070146959
2020-11-27,17096.72453306322
2020-11-28,17714.06058599701
2020-11-29,18147.63645981038
2020-11-30,19689.81054499716
2020-12-01,18863.78086086128
2020-12-02,19196.43703916478
2020-12-03,19437.08165850093
2020-12-04,18756.34087671559
2020-12-05,19137.37064029718
2020-12-06,19331.0579199583
2020-12-07,19198.32218907732
2020-12-08,18327.6948175764
2020-12-09,18564.90436624645
2020-12-10,18272.71624356105
2020-12-11,18079.31213320718
2020-12-12,18799.9244382663
2020-12-13,19148.69345627125
2020-12-14,19246.47838730268
2020-12-15,19423.81741657513
2020-12-16,21344.96128124707
2020-12-17,22790.80653827637
2020-12-18,23078.7639555841
2020-12-19,23851.24251407598
2020-12-20,23549.78112336685
2020-12-21,22875.45569973097
2020-12-22,23758.9336281691
2020-12-23,23279.54929310205
2020-12-24,23764.75340487314
2020-12-25,24688.21152033385
2020-12-26,26440.24870020325
2020-12-27,26388.14945567211
2020-12-28,27098.95275392842
2020-12-29,27324.98810643425
2020-12-30,28827.00797357982
2020-12-31,28988.64249353102
2021-01-01,29354.31049268014
2021-01-02,32031.61971248076
2021-01-03,32939.05747168379
2021-01-04,31930.83940605436
2021-01-05,34070.20033180983
2021-01-06,36850.14715350343
2021-01-07,39241.93637401782
2021-01-08,40771.75946402795
2021-01-09,40388.87363752308
2021-01-10,38474.29606929845
2021-01-11,35603.36377377936
2021-01-12,33879.45142976907
2021-01-13,37320.8081008498
2021-01-14,39192.56322801528
2021-01-15,36732.76292548016
2021-01-16,36206.74341671461
2021-01-17,35774.02336857131
2021-01-18,36642.53189467641
2021-01-19,36072.63455672601
2021-01-20,35553.55080964629
2021-01-21,30818.59900858709
2021-01-22,33004.72333004043
2021-01-23,32057.57127381432
2021-01-24,32293.27014680785
2021-01-25,32368.11499830086
2021-01-26,32571.32168576441
2021-01-27,30438.36700420939
2021-01-28,33459.35125206922
2021-01-29,34318.52819983214
2021-01-30,34258.12290596416
2021-01-31,33108.29665129587
2021-02-01,33543.85974350085
2021-02-02,35524.11995227321
2021-02-03,37451.36747291632
2021-02-04,36924.74200585988
2021-02-05,38123.15354014715
2021-02-06,39271.99676818323
2021-02-07,38904.21414938871
2021-02-08,45981.86458968448
2021-02-09,46506.13480907743
2021-02-10,44886.38109967962
2021-02-11,47812.53533389692
2021-02-12,47482.86135240913
2021-02-13,47067.93913526244
2021-02-14,48747.45244155483
2021-02-15,47984.95475367906
2021-02-16,49175.90051592181
2021-02-17,52138.04498768492
2021-02-18,51649.57543629381
2021-02-19,55776.18881251338
2021-02-20,56134.54415202914
2021-02-21,57487.03807408455
2021-02-22,54092.68879988714
2021-02-23,48548.9572135791
2021-02-24,49652.01003172871
2021-02-25,47209.54406873052
2021-02-26,46243.95205410501
2021-02-27,46319.69639361084
2021-02-28,45119.12569768188
2021-03-01,49768.16035012147
2021-03-02,48401.73297852487
2021-03-03,50698.56833524798
2021-03-04,48515.77021377724
2021-03-05,48915.78959456871
2021-03-06,48905.87987030982
2021-03-07,51282.11369865597
2021-03-08,52307.86071318317
2021-03-09,54696.82182220556
2021-03-10,56128.767227455
2021-03-11,57800.36671419076
2021-03-12,57372.32951283427
2021-03-13,61217.05087989561
2021-03-14,59728.59392893374
2021-03-15,55813.8936028549
2021-03-16,56488.62247040071
2021-03-17,58748.92354285633
2021-03-18,57887.8812431903
2021-03-19,58374.2068639123
2021-03-20,58443.52143446477
2021-03-21,57521.45671319987
2021-03-22,54608.25914921329
2021-03-23,54888.85537030697
2021-03-24,52774.26369049241
2021-03-25,51704.16192519879
2021-03-26,55137.31372577932
2021-03-27,56067.94554847475
2021-03-28,55991.20119647779
2021-03-29,57769.14012066299
2021-03-30,58937.63888681427
2021-03-31,58954.49700814972
2021-04-01,59118.97407768802
2021-04-02,59392.14948112517
2021-04-03,57642.97095819078
2021-04-04,58752.80659415484
2021-04-05,58898.76589833386
2021-04-06,58243.4539402529
2021-04-07,56219.39629880624
2021-04-08,58321.10713544663
2021-04-09,58245.00300108353
2021-04-10,59793.23541009381
2021-04-11,60226.42360963432
2021-04-12,59915.46446523154
2021-04-13,63603.70817233695
2021-04-14,62922.21318022908
2021-04-15,63285.56727067338
2021-04-16,61611.99680584272
2021-04-17,60803.84653163625
2021-04-18,56163.10540327714
2021-04-19,55657.83923174755
2021-04-20,56379.21247716248
2021-04-21,53861.43695947574
2021-04-22,51826.89354372698
2021-04-23,51027.73332786174
2021-04-24,50020.15342145914
2021-04-25,49039.86234149808
2021-04-26,54006.25201262605
2021-04-27,54981.4799948714
2021-04-28,54793.39452980505
2021-04-29,53558.66206906318
2021-04-30,57775.27815155285
2021-05-01,57811.51752759393
2021-05-02,56613.20264847865
2021-05-03,57200.29122289164
2021-05-04,53333.53775274298
2021-05-05,57424.0059481338
2021-05-06,56485.70129694616
2021-05-07,57369.55799873567
2021-05-08,58766.58487466966
2021-05-09,58218.56607679752
2021-05-10,55824.86166666395
2021-05-11,56714.08891023225
2021-05-12,49916.49449913513
2021-05-13,49729.30250032533
2021-05-14,49873.68639240858
2021-05-15,46803.83052248364
2021-05-16,46406.33154419618
2021-05-17,43382.14785916692
2021-05-18,42985.8430963998
2021-05-19,37151.95393552557
2021-05-20,40512.11108015661
2021-05-21,37273.44235496146
2021-05-22,37645.72214685647
2021-05-23,34888.67831280685
2021-05-24,38669.0184494052
2021-05-25,38211.78552190482
2021-05-26,39266.35535111086
2021-05-27,38530.1395731867
2021-05-28,35690.74355653414
2021-05-29,34613.06385325806
2021-05-30,35639.98145456368
2021-05-31,37317.27679738992
2021-06-01,36642.32959185035
2021-06-02,37659.80709526973
2021-06-03,39173.79329215054
2021-06-04,36975.00656850563
2021-06-05,35533.74658759773
2021-06-06,35797.42238993168
2021-06-07,33577.69422523351
2021-06-08,33452.00225490226
2021-06-09,37290.99177617837
2021-06-10,36744.73930845569
2021-06-11,37242.88691336585
2021-06-12,35512.90011452891
2021-06-13,39019.88742092465
2021-06-14,40536.09618670314
2021-06-15,40239.18806272076
2021-06-16,38287.52592409714
2021-06-17,38109.19708064974
2021-06-18,35713.84377788781
2021-06-19,35668.6958768699
2021-06-20,35704.62085788758
2021-06-21,31586.75452699881
2021-06-22,32477.42113099032
2021-06-23,33652.92415463683
2021-06-24,34629.99104463987
2021-06-25,31670.67254437127
2021-06-26,31982.57003176423
2021-06-27,34607.2889731348
2021-06-28,34408.64609236688
2021-06-29,35900.15433447891
2021-06-30,35024.60682878848
2021-07-01,33568.58643061468
2021-07-02,33933.60148407786
2021-07-03,34674.53246619413
2021-07-04,35285.09656628057
2021-07-05,33821.80911722237
2021-07-06,34158.92122381347
2021-07-07,33850.91409077919
2021-07-08,32847.39678991275
2021-07-09,33878.23686193274
2021-07-10,33517.87334009401
2021-07-11,34242.67250669811
2021-07-12,33186.37684498091
2021-07-13,32616.02091102822
2021-07-14,32808.31518654271
2021-07-15,31671.44305370926
2021-07-16,31426.89947869541
2021-07-17,31548.92295761331
2021-07-18,31814.34827840592
2021-07-19,30834.36839023318
2021-07-20,29783.01141710609
2021-07-21,32131.63548688293
2021-07-22,32328.20983804997
2021-07-23,33498.82249818557
2021-07-24,34265.55624474202
2021-07-25,35242.6443568511
2021-07-26,37401.18874998933
2021-07-27,39315.13225492145
2021-07-28,40021.27288558416
2021-07-29,40037.52162230717
2021-07-30,42080.75491077187
2021-07-31,41692.75732333602
2021-08-01,40135.33200074718
2021-08-02,39183.67244883457
2021-08-03,38160.716653116
2021-08-04,39799.3037652714
2021-08-05,40854.59972073638
2021-08-06,42826.8312632613
2021-08-07,44689.86095932558
2021-08-08,43785.48181939978
2021-08-09,46284.97398221619
2021-08-10,45594.07627236636
2021-08-11,45593.63593070519
2021-08-12,44428.28846680644
2021-08-13,47831.97604291269
2021-08-14,47096.94566198037
2021-08-15,47064.63037062539
2021-08-16,46004.4840786022
2021-08-17,44695.35761921304
2021-08-18,44801.18871714413
2021-08-19,46717.57874520378
2021-08-20,49339.17603687802
2021-08-21,48905.49058554897
2021-08-22,49321.65404941213
2021-08-23,49546.14770728906
2021-08-24,47756.00188106575
2021-08-25,48961.76778660005
2021-08-26,46940.70765177846
2021-08-27,49024.03094495386
2021-08-28,48883.29014045116
2021-08-29,48947.25897031926
2021-08-30,47093.88091858282
2021-08-31,47238.2268323822
2021-09-01,48763.85643533685
2021-09-02,49341.85380462775
2021-09-03,50011.34681209545
2021-09-04,49951.92415055585
2021-09-05,51741.55077722714
2021-09-06,52610.5411520828
2021-09-07,46795.20910754369
2021-09-08,46039.08212736113
2021-09-09,46377.168738477
2021-09-10,44888.12370523385
2021-09-11,45147.44035889953
2021-09-12,46082.23150321188
2021-09-13,45004.70197422119
2021-09-14,47031.16732364414
2021-09-15,48143.03744946416
2021-09-16,47799.18503883096
2021-09-17,47204.66266010661
2021-09-18,48234.21547366776
2021-09-19,47257.2870422188
2021-09-20,42907.06576745588
2021-09-21,40633.9343353387
2021-09-22,43569.17620056878
2021-09-23,44890.04746964758
2021-09-24,42796.24321532524
2021-09-25,42746.97922403371
2021-09-26,43247.45687646524
2021-09-27,42248.01771773999
2021-09-28,41032.26192917951
2021-09-29,41538.28298801785
2021-09-30,43750.87179862452
2021-10-01,48118.17770595206
2021-10-02,47756.25428303739
2021-10-03,48220.65303746762
2021-10-04,49080.66909231698
2021-10-05,51559.36204422297
2021-10-06,55431.02700201357
2021-10-07,53776.5428709291
2021-10-08,53884.29053319184
2021-10-09,55068.64354562132
2021-10-10,54675.0932153114
2021-10-11,57434.24099023865
2021-10-12,56064.76997697855
2021-10-13,57377.79917693812
2021-10-14,57354.32086331414
2021-10-15,61571.0949052185
2021-10-16,60890.14283083667
2021-10-17,61640.37510539247
2021-10-18,61975.54697314697
2021-10-19,64238.27110780218
2021-10-20,65996.5661678894
2021-10-21,62385.16707125176
2021-10-22,60703.42954102141
2021-10-23,61342.90825481901
2021-10-24,60881.94756487189
2021-10-25,62967.41302302343
2021-10-26,60449.35530260795
2021-10-27,58639.68046139201
2021-10-28,60572.27124397584
2021-10-29,62234.03101143028
2021-10-30,61735.37066984471
2021-10-31,61366.99988156578
2021-11-01,61058.22626537975
2021-11-02,63176.57178531976
2021-11-03,62999.12240391118
2021-11-04,61434.63281689667
2021-11-05,61121.31052072735
2021-11-06,61493.6638971142
2021-11-07,63252.42476178271
2021-11-08,67589.00657928495
2021-11-09,66945.69883396852
2021-11-10,64818.21602921305
2021-11-11,64816.13453056888
2021-11-12,64282.43806050831
2021-11-13,64468.22210883111
2021-11-14,65342.41990215841
2021-11-15,63743.39995948908
2021-11-16,60312.90235584779
2021-11-17,60357.17150473297
2021-11-18,56875.86578270761
2021-11-19,58130.9984471752
2021-11-20,59767.49239601791
2021-11-21,58653.93706354738
2021-11-22,56345.42134223849
2021-11-23,57599.53623491967
2021-11-24,57185.98638486394
2021-11-25,58927.89068783003
2021-11-26,53761.70172458773
2021-11-27,54542.06360428747
2021-11-28,57201.70801545579
2021-11-29,57816.06529203574
2021-11-30,56915.51221084483
2021-12-01,57182.67601379536
2021-12-02,56448.44868071566
2021-12-03,53765.79648309126
2021-12-04,48962.92099327251
2021-12-05,49174.90290806071
2021-12-06,50492.43559639025
2021-12-07,50592.08849795078
2021-12-08,50521.23639994827
2021-12-09,47911.07640427689
2021-12-10,47262.23744299545
2021-12-11,49354.08716867792
2021-12-12,50118.92095928406
2021-12-13,46762.48252805616
2021-12-14,48413.70564738807
2021-12-15,48819.84934723139
2021-12-16,47695.28039490217
2021-12-17,46326.91959569937
2021-12-18,46962.91334059254
2021-12-19,46791.89605595487
2021-12-20,46853.71063454527
2021-12-21,48957.19391098451
2021-12-22,48646.43337566828
2021-12-23,50770.61418965044
2021-12-24,50864.32895235118
2021-12-25,50649.92614866225
2021-12-26,50806.44217533187
2021-12-27,50610.95680294029
2021-12-28,47669.74037207713
2021-12-29,46407.59548964292
2021-12-30,47188.3205500879
2021-12-31,46328.94313808985
2022-01-01,47620.42381093365
2022-01-02,47344.84340974344
2022-01-03,46467.61579525452
2022-01-04,45926.76178657015
2022-01-05,43589.35568307198
2022-01-06,43154.45522485052
2022-01-07,41564.23901043853
2022-01-08,41744.05783198559
2022-01-09,41910.51226779031
2022-01-10,41820.01786922383
2022-01-11,42721.69548372346
2022-01-12,43935.64398491228
2022-01-13,42596.12337643765
2022-01-14,43101.3359962645
2022-01-15,43198.86986181189
2022-01-16,43122.78741443146
2022-01-17,42235.18484870354
2022-01-18,42372.55327339866
2022-01-19,41731.94792084117
2022-01-20,40706.93154831686
2022-01-21,36440.26576859994
2022-01-22,35036.94473620009
2022-01-23,36254.87985724281
2022-01-24,36656.19382217229
2022-01-25,36946.23828321742
2022-01-26,36851.36987997062
2022-01-27,37148.32227908923
2022-01-28,37789.47882001971
2022-01-29,38137.47269687042
2022-01-30,37936.32877743922
2022-01-31,38455.68966345568
2022-02-01,38784.50229870542
2022-02-02,36924.10239441575
2022-02-03,37018.587002679
2022-02-04,41516.07281915828
2022-02-05,41421.47643291107
2022-02-06,42411.10429027431
2022-02-07,43921.9643782471
2022-02-08,44110.31669060641
2022-02-09,44347.12092966353
2022-02-10,43548.07188870807
2022-02-11,42407.68766214749
2022-02-12,42198.75143160234
2022-02-13,42242.10014713128
2022-02-14,42601.71507211516
2022-02-15,44600.78417382148
2022-02-16,43980.5145592428
2022-02-17,40548.83984706811
2022-02-18,40031.59053805617
2022-02-19,40127.36921662781
2022-02-20,38460.39121721854
2022-02-21,37012.56063944516
2022-02-22,38314.64973454055
2022-02-23,37311.62561221598
2022-02-24,38305.92776288476
2022-02-25,39216.70043785011
2022-02-26,39048.12227487686
2022-02-27,37721.43341561039
2022-02-28,43204.6016302955
2022-03-01,44348.19642695179
2022-03-02,43936.40971009198
2022-03-03,42459.60376590904
2022-03-04,39146.88446939763
2022-03-05,39416.46268753545
2022-03-06,38423.61893605605
2022-03-07,38018.6495049252
2022-03-08,38726.30210218777
2022-03-09,41977.383461872
2022-03-10,39455.23191872265
2022-03-11,38811.49634111457
2022-03-12,38934.94356289726
2022-03-13,37835.34056652247
2022-03-14,39618.09329122494
2022-03-15,39322.5484924003
2022-03-16,41144.92683386696
2022-03-17,40948.66565644693
2022-03-18,41819.07160191575
2022-03-19,42189.93851884893
2022-03-20,41245.0600499595
2022-03-21,41080.71049313168
2022-03-22,42356.04358663603
2022-03-23,42893.50667956705
2022-03-24,43957.60834926645
2022-03-25,44383.25712701017
2022-03-26,44521.22390547208
2022-03-27,46823.671757069
2022-03-28,47063.11400761026
2022-03-29,47488.16707625618
2022-03-30,47098.9030284521
2022-03-31,45558.26359492149
2022-04-01,46259.21355292148
2022-04-02,45892.87697835152
2022-04-03,46440.88788145864
2022-04-04,46617.08557999999
2022-04-05,45581.29363685984
2022-04-06,43200.53145483199
2022-04-07,43526.58280559332
2022-04-08,42307.70715376531
2022-04-09,42772.67059905884
2022-04-10,42268.73303419667
2022-04-11,39506.75336961831
2022-04-12,40168.55633082426
2022-04-13,41161.49873770926
2022-04-14,39919.97210059123
2022-04-15,40546.2846225431
2022-04-16,40424.48329332248
2022-04-17,39722.81541401445
2022-04-18,40830.99198417304
2022-04-19,41502.28247948957
2022-04-20,41374.37820120313
2022-04-21,40527.36408353853
2022-04-22,39740.3198538771
2022-04-23,39486.7287113245
2022-04-24,39485.89575200251
2022-04-25,40480.77421078146
2022-04-26,38069.26542510226
2022-04-27,39240.46981342193
2022-04-28,39755.269132457
2022-04-29,38600.15334653246
2022-04-30,37716.88447570866
2022-05-01,38480.58352646219
2022-05-02,38531.46871877286
2022-05-03,37751.4458161084
2022-05-04,39693.11146084015
2022-05-05,36566.4164944455
2022-05-06,36054.16012090228
2022-05-07,35542.9084065901
2022-05-08,33987.64136065116
2022-05-09,30384.57981640246
2022-05-10,31007.75508938427
2022-05-11,28900.18388178579
2022-05-12,29100.43245834184
2022-05-13,29260.8571277443
2022-05-14,30100.30606294746
2022-05-15,31300.55613075116
2022-05-16,29872.99547424493
2022-05-17,30440.96499625081
2022-05-18,28762.38396425611
2022-05-19,30339.66218330541
2022-05-20,29214.74441852466
2022-05-21,29423.89719012491
2022-05-22,30340.59826685322
2022-05-23,29113.47749826257
2022-05-24,29659.86374083428
2022-05-25,29571.57167099086
2022-05-26,29337.4801846482
2022-05-27,28607.08077466117
2022-05-28,29030.56117400178
2022-05-29,29424.7278790451
2022-05-30,31703.03605518777
2022-05-31,31835.10508304175
2022-06-01,29791.51781043883
2022-06-02,30467.90705585703
2022-06-03,29715.661422085
2022-06-04,29828.90089798301
2022-06-05,29902.22584888818
2022-06-06,31372.19093676752
2022-06-07,31164.90110932494
2022-06-08,30217.64285592475
2022-06-09,30112.46852410158
2022-06-10,29082.15002814943
2022-06-11,28359.07886799501
2022-06-12,26773.58838093147
2022-06-13,22499.37992826603
2022-06-14,22202.80373035947
2022-06-15,22567.6262041357
2022-06-16,20368.60276529441
2022-06-17,20468.64471273297
2022-06-18,19021.81903778902
2022-06-19,20526.50952900035
2022-06-20,20642.6700827313
2022-06-21,20722.60293959921
2022-06-22,19984.71687302687
2022-06-23,21080.30984958121
2022-06-24,21266.22773041428
2022-06-25,21481.2629610279
2022-06-26,21037.04513372802
2022-06-27,20739.18434332764
2022-06-28,20281.26508995309
2022-06-29,20089.31869066755
2022-06-30,19763.69527743655
2022-07-01,19329.32352434707
2022-07-02,19241.92810316329
2022-07-03,19298.57515533535
2022-07-04,20251.36945377348
2022-07-05,20176.55887183611
2022-07-06,20561.93632614287
2022-07-07,21645.87168703984
2022-07-08,21822.08777640048
2022-07-09,21588.65287199158
2022-07-10,20856.26441334757
2022-07-11,19991.53678385885
2022-07-12,19321.7059522949
2022-07-13,20196.93071745471
2022-07-14,20573.82480735228
2022-07-15,20828.23129932541
2022-07-16,21196.97353100614
2022-07-17,20824.42194398994
2022-07-18,22390.39982950296
2022-07-19,23396.61551824711
2022-07-20,23318.16045887756
2022-07-21,23157.53631216513
2022-07-22,22716.5636261223
2022-07-23,22479.52293380086
2022-07-24,22625.68026228186
2022-07-25,21387.86660153215
2022-07-26,21214.41225492688
2022-07-27,22905.32014678014
2022-07-28,23839.51203387143
2022-07-29,23813.7935056561
2022-07-30,23657.61728929146
2022-07-31,23341.20784573373
2022-08-01,23318.6741289877
2022-08-02,22981.6406318257
2022-08-03,22852.6944017391
2022-08-04,22640.39558914817
2022-08-05,23248.45392631285
2022-08-06,22968.07600894878
2022-08-07,23172.96796898749
2022-08-08,23801.34975110676
2022-08-09,23173.13837155635
2022-08-10,23933.80191269062
2022-08-11,23958.28242853316
2022-08-12,24404.61607193963
2022-08-13,24431.26867136331
2022-08-14,24325.84052361464
2022-08-15,24147.30782454935
2022-08-16,23892.48443959054
2022-08-17,23318.94433545507
2022-08-18,23217.33129464767
2022-08-19,20882.65070671227
2022-08-20,21169.07667228611
2022-08-21,21541.5318333653
2022-08-22,21371.39526322777
2022-08-23,21526.16649593973
2022-08-24,21399.62537870256
2022-08-25,21604.06456706159
2022-08-26,20233.20529085848
2022-08-27,20059.36945905672
2022-08-28,19649.71918625514
2022-08-29,20284.9006810602
2022-08-30,19790.32794893107
2022-08-31,20044.00764301093
2022-09-01,20114.41140390231
2022-09-02,19945.95174226373
2022-09-03,19815.04954111164
2022-09-04,19978.80665989846
2022-09-05,19832.6172729017
2022-09-06,18849.67535559762
2022-09-07,19290.03820388412
2022-09-08,19328.26113063674
2022-09-09,21366.23149989915
2022-09-10,21678.07543481021
2022-09-11,21766.32741685076
2022-09-12,22334.58242338902
2022-09-13,20189.69895637143
2022-09-14,20253.94603854933
2022-09-15,19713.19853098287
2022-09-16,19755.1304994057
2022-09-17,20132.06302599754
2022-09-18,19415.1877230739
2022-09-19,19562.55262957902
2022-09-20,18883.71862287062
2022-09-21,18536.02712991483
2022-09-22,19419.03998908868
2022-09-23,19305.21772159943
2022-09-24,18945.01435750802
2022-09-25,18794.86126168576
2022-09-26,19204.7216214916
2022-09-27,19114.07327902847
2022-09-28,19429.81411802824
2022-09-29,19542.47799144738
2022-09-30,19451.41117805185
2022-10-01,19309.76142393459
2022-10-02,19047.29313787495
2022-10-03,19623.38425108983
2022-10-04,20336.30525179335
2022-10-05,20166.13187675746
2022-10-06,19952.0789059054
2022-10-07,19545.95094878133
2022-10-08,19412.58427765209
2022-10-09,19443.80179746376
2022-10-10,19141.06149373096
2022-10-11,19049.86325794629
2022-10-12,19157.54076584634
2022-10-13,19385.41126719684
2022-10-14,19186.28234402792
2022-10-15,19066.5776282421
2022-10-16,19266.88958376658
2022-10-17,19552.72550516263
2022-10-18,19338.52277100677
2022-10-19,19137.39519191045
2022-10-20,19050.92296687311
2022-10-21,19175.57794353255
2022-10-22,19207.51324720861
2022-10-23,19569.5004918108
2022-10-24,19342.95049774379
2022-10-25,20100.35960450696
2022-10-26,20777.23787450953
2022-10-27,20285.27588211338
2022-10-28,20601.85881769543
2022-10-29,20817.57063369631
2022-10-30,20632.63217707936
2022-10-31,20499.21976983443
2022-11-01,20481.88036857486
2022-11-02,20162.89323579758
2022-11-03,20204.7645080719
2022-11-04,21149.02755206109
2022-11-05,21276.10157116562
2022-11-06,20932.95670949809
2022-11-07,20593.7267584047
2022-11-08,18534.268954304
2022-11-09,15863.34444205385
2022-11-10,17571.8455991075
2022-11-11,17008.58460348133
2022-11-12,16798.10588757484
2022-11-13,16346.55940891597
2022-11-14,16634.91511669231
2022-11-15,16867.77875304613
2022-11-16,16663.07851199409
2022-11-17,16686.21577138809
2022-11-18,16695.35176719695
2022-11-19,16717.71030266081
2022-11-20,16287.91532750632
2022-11-21,15797.53061608478
2022-11-22,16178.88370174295
2022-11-23,16622.30737577288
2022-11-24,16589.3319620691
2022-11-25,16526.63231999331
2022-11-26,16470.60789995506
2022-11-27,16449.99694972861
2022-11-28,16221.6197474809
2022-11-29,16447.88398785202
2022-11-30,17178.3154069279
2022-12-01,16962.98640422879
2022-12-02,17076.29878343368
2022-12-03,16915.71010462824
2022-12-04,17137.59716060989
2022-12-05,16974.70958980297
2022-12-06,17085.27598767951
2022-12-07,16850.77251561913
2022-12-08,17243.51750174018
2022-12-09,17137.65917190948
2022-12-10,17124.01547782022
2022-12-11,17102.83939520771
2022-12-12,17211.81401739092
2022-12-13,17783.96009298625
2022-12-14,17827.32389348616
2022-12-15,17371.06238164728
2022-12-16,16626.23633964829
2022-12-17,16800.22994630168
2022-12-18,16777.87594692499
2022-12-19,16450.95417642902
2022-12-20,16899.81654278975
2022-12-21,16810.93135394189
2022-12-22,16829.60538346308
2022-12-23,16795.7521963342
2022-12-24,16850.4640968049
2022-12-25,16838.62022532492
2022-12-26,16892.58308915505
2022-12-27,16711.68712786828
2022-12-28,16547.56686959622
2022-12-29,16633.730496622
2022-12-30,16605.92243616084
2022-12-31,16553.3369865751
2023-01-01,16620.81992668045
2023-01-02,16693.93000909738
2023-01-03,16682.71588530938
2023-01-04,16865.15975485146
2023-01-05,16841.82159552425
2023-01-06,16961.05741131378
2023-01-07,16950.88823598947
2023-01-08,17057.22445791902
2023-01-09,17190.709689133
2023-01-10,17437.10715036113
2023-01-11,17915.65251524473
2023-01-12,18869.85717579625
2023-01-13,19865.27358276288
2023-01-14,21020.72155064192
2023-01-15,20873.35288034264
2023-01-16,21171.40010863327
2023-01-17,21187.13555809042
2023-01-18,20722.71808503464
2023-01-19,21067.802828203
2023-01-20,22664.23598547725
2023-01-21,22795.68253480524
2023-01-22,22715.78094798751
2023-01-23,22954.11086357812
2023-01-24,22625.99589750262
2023-01-25,23149.5513940547
2023-01-26,23023.9445728568
2023-01-27,23071.79899019377
2023-01-28,23015.4616798857
2023-01-29,23773.98594064732
2023-01-30,22813.37972271359
2023-01-31,23137.16102895742
2023-02-01,23711.52762911039
2023-02-02,23494.43638863784
2023-02-03,23459.95358794078
2023-02-04,23318.74799503082
2023-02-05,22965.07223063778
2023-02-06,22768.97177385608
2023-02-07,23273.98433606989
2023-02-08,22945.94560661217
2023-02-09,21835.07047435141
2023-02-10,21641.69281260423
2023-02-11,21871.61507233411
2023-02-12,21768.02495146313
2023-02-13,21816.4969923938
2023-02-14,22226.89579602301
2023-02-15,24295.78232684403
2023-02-16,23657.25069921491
2023-02-17,24577.91654753797
2023-02-18,24636.18265689734
2023-02-19,24359.16346911711
2023-02-20,24801.82540365762
2023-02-21,24412.77667630742
2023-02-22,24190.5007953479
2023-02-23,23946.33665424777
2023-02-24,23203.82540474613
2023-02-25,23169.27307984902
2023-02-26,23540.45127202073
2023-02-27,23519.86397926934
2023-02-28,23159.35380370014
2023-03-01,23652.74977377617
2023-03-02,23479.32188706886
2023-03-03,22359.21720968828
2023-03-04,22347.3439242321
2023-03-05,22442.47453889879
2023-03-06,22428.67639351834
2023-03-07,22221.3132269194
2023-03-08,21723.27683125901
2023-03-09,20370.74661110651
2023-03-10,20176.78764593187
2023-03-11,20663.89719135908
2023-03-12,22123.74222694521
2023-03-13,24156.6678970693
2023-03-14,24781.78527959265
2023-03-15,24377.29401042848
2023-03-16,25050.14926064994
2023-03-17,27399.95185264894
2023-03-18,26954.36559830305
2023-03-19,28101.0152763422
2023-03-20,27716.68596411194
2023-03-21,28151.32512080517
2023-03-22,27328.39763095542
2023-03-23,28335.16207234992
2023-03-24,27446.94255390742
2023-03-25,27488.80245509843
2023-03-26,28013.82772329264
2023-03-27,27158.49930246268
2023-03-28,27270.26293297231
2023-03-29,28349.63275109303
2023-03-30,28021.21038833241
2023-03-31,28479.22871890285
2023-04-01,28473.56837782141
2023-04-02,28194.10223188515
2023-04-03,27767.63785170151
2023-04-04,28167.69740394302
2023-04-05,28173.73629160068
2023-04-06,28041.19753100738
2023-04-07,27924.68058882831
2023-04-08,27942.76766562881
2023-04-09,28340.41685378081
2023-04-10,29628.54437551461
2023-04-11,30254.02196748199
2023-04-12,29887.19995878138
2023-04-13,30391.67389550116
2023-04-14,30476.95173862477
2023-04-15,30311.34545163514
2023-04-16,30307.75652211508
2023-04-17,29459.37964860508
2023-04-18,30374.50558723556
2023-04-19,28787.57627508887
2023-04-20,28262.49409094244
2023-04-21,27284.58168883573
2023-04-22,27809.96300881529
2023-04-23,27598.75970866302
2023-04-24,27524.76702056722
2023-04-25,28336.03796961655
2023-04-26,28377.97807700921
2023-04-27,29474.46553214314
2023-04-28,29357.33431409007
2023-04-29,29231.58657788497
2023-04-30,29325.8399426098
2023-05-01,28095.04191635984
2023-05-02,28648.36885813592
2023-05-03,29007.54588628134
2023-05-04,28844.32301675311
2023-05-05,29524.6092600713
2023-05-06,28917.36078743418
2023-05-07,28441.36803832379
2023-05-08,27716.36726269018
2023-05-09,27652.94662982515
2023-05-10,27611.85812654764
2023-05-11,27002.49300017274
2023-05-12,26817.23547695011
2023-05-13,26803.49366293415
2023-05-14,26916.44227547248
2023-05-15,27197.15359281155
2023-05-16,27028.62151135606
2023-05-17,27402.01958000473
2023-05-18,26834.61274945016
2023-05-19,26876.99632127679
2023-05-20,27123.23025846794
2023-05-21,26754.83317210366
2023-05-22,26854.9458192556
2023-05-23,27222.4248683509
2023-05-24,26342.00651909018
2023-05-25,26477.09720314349
2023-05-26,26719.11654816123
2023-05-27,26868.22841128472
2023-05-28,28107.05501166292
2023-05-29,27753.18340888466
2023-05-30,27705.13798975791
2023-05-31,27228.56880459527
2023-06-01,26816.71302774029
2023-06-02,27247.55068467457
2023-06-03,27066.7495139147
2023-06-04,27100.67253528046
2023-06-05,25770.95710203052
2023-06-06,27208.73040348234
2023-06-07,26354.28000498941
2023-06-08,26518.6520246485
2023-06-09,26488.60896191271
2023-06-10,25862.00639084437
2023-06-11,25917.19773445739
2023-06-12,25898.42298195509
2023-06-13,25897.15358555879
2023-06-14,25122.96256006423
2023-06-15,25565.91341673084
2023-06-16,26322.86396612967
2023-06-17,26517.59454906464
2023-06-18,26325.89018102006
2023-06-19,26783.24719694408
2023-06-20,28363.13502831423
2023-06-21,30038.51970923906
2023-06-22,29915.44030512156
2023-06-23,30622.93364729128
2023-06-24,30542.42425169211
2023-06-25,30464.37684424918
2023-06-26,30286.01992715319
2023-06-27,30725.45435348434
2023-06-28,30091.63975684257
2023-06-29,30458.25082527999
2023-06-30,30490.79151531946
2023-07-01,30586.16260938864
2023-07-02,30622.23699723014
2023-07-03,31152.71345099531
2023-07-04,30791.35432550258
2023-07-05,30501.97771282834
2023-07-06,29995.78929501398
2023-07-07,30321.16437340287
2023-07-08,30270.04712374244
2023-07-09,30177.56142635597
2023-07-10,30399.56762526174
2023-07-11,30625.232132438
2023-07-12,30386.18488430355
2023-07-13,31454.38545802463
2023-07-14,30326.14148399727
2023-07-15,30291.10855315059
2023-07-16,30232.86594220607
2023-07-17,30160.64713176639
2023-07-18,29854.16162945489
2023-07-19,29928.06263377925
2023-07-20,29795.75093290666
2023-07-21,29918.0622451605
2023-07-22,29748.92599076748
2023-07-23,30058.58125631577
2023-07-24,29181.39279934082
2023-07-25,29242.27007183238
2023-07-26,29339.2283738779
2023-07-27,29204.35022211155
2023-07-28,29320.93634848643
2023-07-29,29359.27268081067
2023-07-30,29275.10910622398
2023-07-31,29229.67662831248
2023-08-01,29668.57811396836
2023-08-02,29150.17820039857
2023-08-03,29175.81635558996
2023-08-04,29074.55254832058
2023-08-05,29045.61625423037
2023-08-06,29042.04802116779
2023-08-07,29179.45487282829
2023-08-08,29763.23971857171
2023-08-09,29578.60473505506
2023-08-10,29437.84263844986
2023-08-11,29401.40285882531
2023-08-12,29416.3209521918
2023-08-13,29283.43307637891
2023-08-14,29412.6629632129
2023-08-15,29168.93931028942
2023-08-16,28716.95567567704
2023-08-17,26641.14901758327
2023-08-18,26047.65570185701
2023-08-19,26087.66815137932
2023-08-20,26188.29401505773
2023-08-21,26119.6865997804
2023-08-22,26023.45848899661
2023-08-23,26424.42588526704
2023-08-24,26139.04009454925
2023-08-25,26051.02769627825
2023-08-26,26006.67153642289
2023-08-27,26087.22522408733
2023-08-28,26108.55827478897
2023-08-29,27722.85715062194
2023-08-30,27293.23
2023-08-31,25945.73
2023-09-01,25814.87
2023-09-02,25863.56
2023-09-03,25980.68
2023-09-04,25818.42
2023-09-05,25790.87
2023-09-06,25764.75
2023-09-07,26243.42
2023-09-08,25905.91
2023-09-09,25905.11
2023-09-10,25837.9
2023-09-11,25157.81
2023-09-12,25831.33
2023-09-13,26224.1
2023-09-14,26540.5
2023-09-15,26605.16
2023-09-16,26558.55
2023-09-17,26532.55
2023-09-18,26756.58
2023-09-19,27206.39
2023-09-20,27122.19
2023-09-21,26570.15
2023-09-22,26574.67
2023-09-23,26588.38
2023-09-24,26244.16
2023-09-25,26300.35
2023-09-26,26219.82
2023-09-27,26368.56
2023-09-28,27024.04
2023-09-29,26905.28
2023-09-30,26965.67
2023-10-01,27995.91
2023-10-02,27586.83
2023-10-03,27411.88
2023-10-04,27785.22
2023-10-05,27418.13
2023-10-06,27935.26
2023-10-07,27952.0
2023-10-08,27919.09
2023-10-09,27581.72
2023-10-10,27411.7
2023-10-11,26862.18
2023-10-12,26771.76
2023-10-13,26867.7
2023-10-14,26855.37
2023-10-15,27146.6
2023-10-16,28470.97
2023-10-17,28402.12
2023-10-18,28314.22
2023-10-19,28704.19
2023-10-20,29654.0
2023-10-21,29902.83
2023-10-22,29994.38
2023-10-23,32853.11
2023-10-24,33904.58
2023-10-25,34501.63
2023-10-26,34188.67
2023-10-27,33864.89
2023-10-28,34086.52
2023-10-29,34527.86
2023-10-30,34484.86
2023-10-31,34592.04
2023-11-01,35408.35
2023-11-02,34944.71
2023-11-03,34726.63
2023-11-04,35016.42
2023-11-05,35002.75
2023-11-06,35037.7
2023-11-07,35421.87
2023-11-08,35660.77
2023-11-09,36700.58
2023-11-10,37285.48
2023-11-11,37140.64
2023-11-12,37080.91
2023-11-13,36483.82
2023-11-14,35527.99
2023-11-15,37838.55
2023-11-16,36204.6
2023-11-17,36533.64
2023-11-18,36553.29
2023-11-19,37393.04
2023-11-20,37413.25
2023-11-21,35805.31
2023-11-22,37350.59
2023-11-23,37299.05
2023-11-24,37707.04
2023-11-25,37790.29
2023-11-26,37471.01
2023-11-27,37254.03
2023-11-28,37816.25
2023-11-29,37845.38
2023-11-30,37730.61
2023-12-01,38686.09
2023-12-02,39456.53
2023-12-03,40012.46
2023-12-04,41989.88
2023-12-05,44163.59
2023-12-06,43751.84
2023-12-07,43263.91
2023-12-08,44151.61
2023-12-09,43696.46
2023-12-10,43771.48
2023-12-11,41249.86
2023-12-12,41513.44
2023-12-13,42898.17
2023-12-14,43033.05
2023-12-15,41935.72
2023-12-16,42268.38
2023-12-17,41390.37
2023-12-18,42645.09
2023-12-19,42284.02
2023-12-20,43651.03
2023-12-21,43858.4
2023-12-22,43964.66
2023-12-23,43704.84
2023-12-24,42961.63
2023-12-25,43614.13
2023-12-26,42534.38
2023-12-27,43411.69
2023-12-28,42596.91
2023-12-29,42065.43
2023-12-30,42157.1
2023-12-31,42268.01
2024-01-01,43996.25
2024-01-02,44953.0
2024-01-03,42850.4
2024-01-04,44143.2
2024-01-05,44169.75
2024-01-06,43965.24
2024-01-07,43898.61
2024-01-08,46937.54
2024-01-09,46191.67
2024-01-10,46634.14
2024-01-11,46342.64
2024-01-12,42848.72
2024-01-13,42842.58
2024-01-14,41687.04
2024-01-15,42537.38
2024-01-16,43153.51
2024-01-17,42779.0
2024-01-18,41299.54
2024-01-19,41684.94
2024-01-20,41743.42
2024-01-21,41575.57
2024-01-22,39551.91
2024-01-23,39865.17
2024-01-24,40110.35
2024-01-25,39911.4
2024-01-26,41816.84
2024-01-27,42106.16
2024-01-28,42045.32
2024-01-29,43288.16
2024-01-30,42952.49
2024-01-31,42623.78
2024-02-01,43065.44
2024-02-02,43173.21
2024-02-03,43017.93
2024-02-04,42577.4
2024-02-05,42709.95
2024-02-06,43112.58
2024-02-07,44347.8
2024-02-08,45305.25
2024-02-09,47089.55
2024-02-10,47775.07
2024-02-11,48254.92
2024-02-12,49942.8
2024-02-13,49739.18
2024-02-14,51779.22
2024-02-15,51876.56
2024-02-16,52132.86
2024-02-17,51663.26
2024-02-18,52111.48
2024-02-19,51760.49
2024-02-20,52250.77
2024-02-21,51863.83
2024-02-22,51307.06
2024-02-23,50743.2
2024-02-24,51538.89
2024-02-25,51745.11
2024-02-26,54488.36
2024-02-27,57052.78
2024-02-28,62429.59
2024-02-29,61190.47
2024-03-01,62457.34
2024-03-02,62008.6
2024-03-03,63115.74
2024-03-04,67802.09
2024-03-05,63834.89
2024-03-06,66216.28
2024-03-07,66909.73
2024-03-08,68215.55
2024-03-09,68313.65
2024-03-10,68949.39
2024-03-11,72113.78
2024-03-12,71455.18
2024-03-13,73075.03
2024-03-14,71462.51
2024-03-15,69425.39
2024-03-16,65365.65
2024-03-17,68401.15
2024-03-18,67647.03
2024-03-19,62000.02
2024-03-20,67683.36
2024-03-21,65489.55
2024-03-22,63617.27
2024-03-23,64054.26
2024-03-24,67141.18
2024-03-25,69844.16
2024-03-26,70023.82
2024-03-27,69516.34
2024-03-28,70749.75
2024-03-29,69829.92
2024-03-30,69695.32
2024-03-31,71302.1
2024-04-01,69692.9
2024-04-02,65449.23
2024-04-03,66003.61
2024-04-04,68400.57
2024-04-05,67860.65
2024-04-06,68868.49
2024-04-07,69303.18
2024-04-08,71628.54
2024-04-09,69171.29
2024-04-10,70600.71
2024-04-11,70083.4
2024-04-12,67188.91
2024-04-13,64060.79
2024-04-14,65793.61
2024-04-15,63396.91
2024-04-16,63786.21
2024-04-17,61309.93
2024-04-18,63457.44
2024-04-19,63827.46
2024-04-20,64914.22
2024-04-21,64907.78
2024-04-22,66844.98
2024-04-23,66381.87
2024-04-24,64269.6
2024-04-25,64500.1
2024-04-26,63783.6
2024-04-27,63471.17
2024-04-28,63130.24
2024-04-29,63891.86
2024-04-30,60748.29
2024-05-01,58349.01
2024-05-02,59155.49
2024-05-03,62848.97
2024-05-04,63800.27
2024-05-05,64043.75
2024-05-06,63182.6
2024-05-07,62299.44
2024-05-08,61189.32
2024-05-09,63059.76
2024-05-10,60891.24
2024-05-11,60844.0
2024-05-12,61480.24
2024-05-13,62898.95
2024-05-14,61603.95
2024-05-15,66255.76
2024-05-16,65249.3
2024-05-17,67016.95
2024-05-18,66946.5
2024-05-19,66330.81
2024-05-20,71492.21
2024-05-21,70134.86
2024-05-22,69103.02
2024-05-23,67915.85
2024-05-24,68530.64
2024-05-25,69309.14
2024-05-26,68493.26
2024-05-27,69367.81
2024-05-28,68350.17
2024-05-29,67546.95
2024-05-30,68344.96
2024-05-31,67469.93
2024-06-01,67726.34
2024-06-02,67728.68
2024-06-03,68800.67
2024-06-04,70548.94
2024-06-05,71134.58
2024-06-06,70777.0
2024-06-07,69287.65
2024-06-08,69303.75
2024-06-09,69654.06
2024-06-10,69498.9
2024-06-11,67296.31
2024-06-12,68262.18
2024-06-13,66760.69
2024-06-14,66014.26
2024-06-15,66182.71
2024-06-16,66631.85
2024-06-17,66487.28
2024-06-18,65145.47
2024-06-19,64932.51
2024-06-20,64840.74
2024-06-21,64118.4
2024-06-22,64245.62
2024-06-23,63128.83
2024-06-24,60240.39
2024-06-25,61795.78
2024-06-26,60822.94
2024-06-27,61603.39
2024-06-28,60313.22
2024-06-29,60864.33
2024-06-30,62708.95
2024-07-01,62820.68
2024-07-02,62026.75
2024-07-03,60177.34
2024-07-04,57070.01
2024-07-05,56600.85
2024-07-06,58298.8
2024-07-07,55883.29
2024-07-08,56693.19
2024-07-09,58034.75
2024-07-10,57750.74
2024-07-11,57360.93
2024-07-12,57919.18
2024-07-13,59250.81
2024-07-14,60800.0
2024-07-15,64803.05
2024-07-16,65088.48
2024-07-17,64112.13
2024-07-18,63939.09
2024-07-19,66748.11
2024-07-20,67203.18
2024-07-21,68170.13
2024-07-22,67532.09
2024-07-23,65959.68
2024-07-24,65368.77
2024-07-25,65816.44
2024-07-26,67948.41
2024-07-27,67850.31
2024-07-28,68273.97
2024-07-29,66744.63
2024-07-30,66176.2
2024-07-31,64589.28
2024-08-01,65302.5
2024-08-02,61402.91
2024-08-03,60672.51
2024-08-04,58133.77
2024-08-05,53977.2
2024-08-06,56052.02
2024-08-07,55084.44
2024-08-08,61745.2
2024-08-09,60840.31
2024-08-10,60944.09
2024-08-11,58703.49
2024-08-12,59355.44
2024-08-13,60611.71
2024-08-14,58776.22
2024-08-15,57545.15
2024-08-16,58886.73
2024-08-17,59491.22
2024-08-18,58426.6
2024-08-19,59472.81
2024-08-20,59031.36
2024-08-21,61192.22
2024-08-22,60390.49
2024-08-23,64114.59
2024-08-24,64188.67
2024-08-25,64282.9
2024-08-26,62852.44
2024-08-27,59395.99
2024-08-28,59023.63
2024-08-29,59347.32
2024-08-30,59104.21
2024-08-31,58959.35
2024-09-01,57321.06
2024-09-02,59137.64
2024-09-03,57479.87
2024-09-04,58000.52
2024-09-05,56177.78
2024-09-06,53932.45
2024-09-07,54165.51
2024-09-08,54861.88
2024-09-09,57072.77
2024-09-10,57645.6
2024-09-11,57338.88
2024-09-12,58140.93
2024-09-13,60583.63
2024-09-14,60015.27
2024-09-15,59102.72
2024-09-16,58212.56
2024-09-17,60332.34
2024-09-18,61804.73
2024-09-19,62953.0
2024-09-20,63225.22
2024-09-21,63395.99
2024-09-22,63597.8
2024-09-23,63325.3
2024-09-24,64283.49
2024-09-25,63148.87
2024-09-26,65162.52
2024-09-27,65811.25
2024-09-28,65882.89
2024-09-29,65611.14
2024-09-30,63338.09
2024-10-01,60778.35
2024-10-02,60620.93
2024-10-03,60730.92
2024-10-04,62082.93
2024-10-05,62072.76
2024-10-06,62818.65
2024-10-07,62258.89
2024-10-08,62121.23
2024-10-09,60584.45
2024-10-10,60269.44
2024-10-11,62523.63
2024-10-12,63213.15
2024-10-13,62822.37
2024-10-14,66095.56
2024-10-15,67098.8
2024-10-16,67622.95
2024-10-17,67391.18
2024-10-18,68425.22
2024-10-19,68356.39
2024-10-20,69014.0
2024-10-21,67342.03
2024-10-22,67383.22
2024-10-23,66608.66
2024-10-24,68176.33
2024-10-25,66566.83
2024-10-26,67025.22
2024-10-27,67982.44
2024-10-28,69933.11
2024-10-29,72724.35
2024-10-30,72345.79
2024-10-31,70202.19
2024-11-01,69452.82
2024-11-02,69343.34
2024-11-03,68732.33
2024-11-04,67823.26
2024-11-05,69360.88
2024-11-06,75667.86
2024-11-07,75975.15
2024-11-08,76556.14
2024-11-09,76750.0
2024-11-10,80486.97
2024-11-11,88762.52
2024-11-12,87923.4
2024-11-13,90568.35
2024-11-14,87322.49
2024-11-15,91091.42
2024-11-16,90619.11
2024-11-17,89889.48
2024-11-18,90504.95
2024-11-19,92452.32
2024-11-20,94408.91
2024-11-21,98500.74
2024-11-22,99009.98
2024-11-23,97750.85
2024-11-24,98064.12
2024-11-25,92901.96
2024-11-26,91925.45
2024-11-27,95942.83
2024-11-28,95666.95
2024-11-29,97485.79
2024-11-30,96441.26
2024-12-01,97310.0
2024-12-02,95846.4
2024-12-03,96053.08
2024-12-04,98763.66
2024-12-05,97022.76
2024-12-06,99954.89
2024-12-07,99897.66
2024-12-08,101223.47
2024-12-09,97293.01
2024-12-10,96692.89
2024-12-11,101258.86
2024-12-12,100025.26
2024-12-13,101426.82
2024-12-14,101369.87
2024-12-15,104541.59
2024-12-16,106150.0
2024-12-17,106119.33
2024-12-18,100138.23
2024-12-19,97410.76
2024-12-20,97756.45
2024-12-21,97248.96
2024-12-22,95117.26
2024-12-23,94718.38
2024-12-24,98661.3
2024-12-25,99309.4
2024-12-26,95692.14
2024-12-27,94145.68
2024-12-28,95125.72
2024-12-29,93530.04
2024-12-30,92623.87
2024-12-31,93361.05
2025-01-01,94384.77
2025-01-02,96896.53
2025-01-03,98201.89
2025-01-04,98209.75
2025-01-05,98309.0
2025-01-06,102280.39
2025-01-07,96911.72
2025-01-08,95050.6
2025-01-09,92509.55
2025-01-10,94706.92
2025-01-11,94572.82
2025-01-12,94508.43
2025-01-13,94515.16
2025-01-14,96534.97
2025-01-15,100514.7
2025-01-16,99981.46
2025-01-17,104125.83
2025-01-18,104435.02
2025-01-19,101081.26
2025-01-20,102055.73
2025-01-21,106159.82
2025-01-22,103624.0
2025-01-23,103964.62
2025-01-24,104861.5
2025-01-25,104810.98
2025-01-26,102684.72
2025-01-27,102066.02
2025-01-28,101333.26
2025-01-29,103743.2
2025-01-30,104763.88
2025-01-31,102410.07
2025-02-01,100611.09
2025-02-02,97610.21
2025-02-03,101413.72
2025-02-04,97807.04
2025-02-05,96584.46
2025-02-06,96587.97
2025-02-07,96541.23
2025-02-08,96476.25
2025-02-09,96477.88
2025-02-10,97452.9
2025-02-11,95772.51
2025-02-12,97864.25
2025-02-13,96701.35
2025-02-14,97507.31
2025-02-15,97570.38
2025-02-16,96060.51
2025-02-17,95781.8
2025-02-18,95588.13
2025-02-19,96638.87
2025-02-20,98319.46
2025-02-21,96146.54
2025-02-22,96542.74
2025-02-23,96260.01
2025-02-24,91577.39
2025-02-25,88536.42
2025-02-26,84199.61
2025-02-27,84646.85
2025-02-28,84318.13
2025-03-01,85977.74
2025-03-02,94349.01
2025-03-03,86057.39
2025-03-04,87216.7
2025-03-05,90631.91
2025-03-06,89933.95
2025-03-07,86674.61
2025-03-08,86158.91
2025-03-09,80650.47
2025-03-10,78514.42
2025-03-11,82850.96
2025-03-12,83694.7
2025-03-13,81037.36
2025-03-14,83959.47
2025-03-15,84369.25
2025-03-16,82556.09
2025-03-17,83994.79
2025-03-18,82710.78
2025-03-19,86958.12
2025-03-20,84154.81
2025-03-21,84044.41
2025-03-22,83842.01
2025-03-23,86020.7
2025-03-24,87480.45
2025-03-25,87526.81
2025-03-26,86942.69
2025-03-27,87230.16
2025-03-28,84384.75
2025-03-29,82583.81
2025-03-30,82371.17
2025-03-31,82533.09
2025-04-01,85167.56
2025-04-02,82482.33
2025-04-03,83117.98
2025-04-04,83807.8
2025-04-05,83481.75
2025-04-06,78374.71
2025-04-07,79117.16
2025-04-08,76225.5
2025-04-09,82539.89
2025-04-10,79542.94
2025-04-11,83375.38
2025-04-12,85295.8
2025-04-13,83717.12
2025-04-14,84606.67
2025-04-15,83607.45
2025-04-16,84037.49
2025-04-17,84976.86
2025-04-18,84466.05
2025-04-19,85073.65
2025-04-20,85230.17
2025-04-21,87555.35
2025-04-22,93460.14
2025-04-23,93727.46
2025-04-24,93988.03
2025-04-25,94695.25
2025-04-26,94691.73
2025-04-27,93784.58
2025-04-28,95024.02
2025-04-29,94254.94
2025-04-30,94168.91
2025-05-01,96594.39
2025-05-02,96904.83
2025-05-03,95870.89
2025-05-04,94266.67
2025-05-05,94743.79
2025-05-06,96895.59
2025-05-07,97097.16
2025-05-08,103230.2
2025-05-09,102989.47
2025-05-10,104780.01
2025-05-11,104131.53
2025-05-12,102803.56
2025-05-13,104120.95
2025-05-14,103525.72
2025-05-15,103795.32
2025-05-16,103479.19
2025-05-17,103174.52
2025-05-18,106480.18
2025-05-19,105645.96
2025-05-20,106881.14
2025-05-21,109691.43
2025-05-22,111685.35
2025-05-23,107252.85
2025-05-24,107786.17
2025-05-25,109093.56
2025-05-26,109483.68
2025-05-27,108949.37
2025-05-28,107821.86
2025-05-29,105618.04
2025-05-30,103998.18
2025-05-31,104661.25
2025-06-01,105669.83
2025-06-02,105904.26
2025-06-03,105420.77
2025-06-04,104753.38
2025-06-05,101577.3
2025-06-06,104385.02
2025-06-07,105619.75
2025-06-08,105763.36
2025-06-09,110319.81
2025-06-10,110275.14
2025-06-11,108696.27
2025-06-12,105691.07
2025-06-13,106105.42
2025-06-14,105465.43
2025-06-15,105594.16
2025-06-16,106868.76
2025-06-17,104604.71
2025-06-18,104934.68
2025-06-19,104690.52
2025-06-20,103285.76
2025-06-21,102214.97
2025-06-22,100973.22
2025-06-23,105422.08
2025-06-24,106093.99
2025-06-25,107400.18
2025-06-26,107006.54
2025-06-27,107110.78
2025-06-28,107362.7
2025-06-29,108447.11
2025-06-30,107203.27
2025-07-01,105711.78
2025-07-02,108900.02
2025-07-03,109642.63
2025-07-04,108021.49
2025-07-05,108263.5
2025-07-06,109243.29
2025-07-07,108257.24
2025-07-08,108953.58
2025-07-09,111285.91
2025-07-10,116028.3
2025-07-11,117582.17
2025-07-12,117477.61
2025-07-13,119138.78
2025-07-14,119863.72
2025-07-15,117782.53
2025-07-16,118681.68
2025-07-17,119281.25
2025-07-18,118017.2
2025-07-19,117914.17
2025-07-20,117349.0
2025-07-21,117448.9
2025-07-22,120017.16
2025-07-23,118810.44
2025-07-24,118339.79
2025-07-25,117650.23
2025-07-26,117977.4
2025-07-27,119474.22
2025-07-28,118054.94
2025-07-29,117933.4
2025-07-30,117830.15
2025-07-31,115760.42
2025-08-01,113247.15
2025-08-02,112534.82
2025-08-03,114253.77
2025-08-04,115051.21
2025-08-05,114141.19
2025-08-06,115031.09
2025-08-07,117516.8
2025-08-08,116683.46
2025-08-09,116506.26
2025-08-10,119309.37
2025-08-11,118689.13
2025-08-12,120065.3
2025-08-13,123369.99
2025-08-14,118393.86
2025-08-15,117413.34
2025-08-16,117455.69
2025-08-17,117462.43
2025-08-18,116295.22
2025-08-19,112901.15
2025-08-20,114276.0
2025-08-21,112469.7
2025-08-22,116891.56
2025-08-23,115371.75
2025-08-24,113476.88
2025-08-25,110120.45
2025-08-26,111761.54
2025-08-27,111253.22
2025-08-28,112556.41
2025-08-29,108351.31
2025-08-30,108833.9
2025-08-31,108214.4
2025-09-01,109240.55
2025-09-02,111217.58
2025-09-03,111723.76
2025-09-04,110729.96
2025-09-05,110670.02
2025-09-06,110212.6
2025-09-07,111121.38
2025-09-08,112072.58
2025-09-09,111504.71
2025-09-10,113983.98
2025-09-11,115537.93
2025-09-12,116094.02
2025-09-13,115968.33
2025-09-14,115358.81
2025-09-15,115377.56
2025-09-16,116854.04
2025-09-17,116498.35
2025-09-18,117144.8
2025-09-19,115687.56
2025-09-20,115752.36
2025-09-21,115272.03
2025-09-22,112736.59
2025-09-23,112011.56
2025-09-24,113336.04
2025-09-25,109042.56
2025-09-26,109686.49
2025-09-27,109680.52
2025-09-28,112205.53
2025-09-29,114292.13
2025-09-30,114126.56
2025-10-01,118600.27
2025-10-02,120608.01
2025-10-03,122329.09
2025-10-04,122458.56
2025-10-05,123490.19
2025-10-06,124771.07
2025-10-07,121431.48
2025-10-08,123329.82
2025-10-09,121714.48
2025-10-10,112860.36
2025-10-11,110768.89
2025-10-12,115082.01
2025-10-13,115240.1
2025-10-14,113083.26
2025-10-15,110793.52
2025-10-16,108178.4
2025-10-17,106468.9
2025-10-18,107192.49
2025-10-19,108651.85
2025-10-20,110555.98
2025-10-21,108336.88
2025-10-22,107586.55
2025-10-23,110116.03
2025-10-24,111033.77
2025-10-25,111656.9
2025-10-26,114568.05
2025-10-27,114087.06
2025-10-28,112889.83
2025-10-29,110037.29
2025-10-30,108308.03
2025-10-31,109553.05
2025-11-01,110052.25
2025-11-02,110530.37
2025-11-03,106573.41
2025-11-04,101476.0
2025-11-05,103883.66
2025-11-06,101256.0
2025-11-07,103323.03
2025-11-08,102277.47
2025-11-09,104712.67
2025-11-10,105979.39
2025-11-11,102982.31
2025-11-12,101653.13
2025-11-13,99374.45
2025-11-14,94480.49
2025-11-15,95541.32
2025-11-16,94187.74
2025-11-17,92100.02
2025-11-18,92983.88
2025-11-19,91472.95
2025-11-20,86543.38
2025-11-21,85055.37
2025-11-22,84684.0
2025-11-23,86801.24
2025-11-24,88262.63
2025-11-25,87329.11
2025-11-26,90489.21
2025-11-27,91314.33
2025-11-28,90909.23
2025-11-29,90824.4
2025-11-30,90314.02
2025-12-01,86317.01
2025-12-02,91360.01
2025-12-03,93473.48
2025-12-04,92126.0
2025-12-05,89302.01
2025-12-06,89228.0
2025-12-07,90428.56
2025-12-08,90639.41
2025-12-09,92709.08
2025-12-10,92016.38
2025-12-11,92527.03
2025-12-12,90266.27
2025-12-13,90249.98
2025-12-14,88212.11
2025-12-15,86407.61
2025-12-16,87772.0
2025-12-17,86173.94
2025-12-18,85460.0
2025-12-19,88092.65
2025-12-20,88348.48
2025-12-21,88694.0
2025-12-22,88480.01
2025-12-23,87419.87
2025-12-24,87609.63
2025-12-25,87201.4
2025-12-26,87298.33
2025-12-27,87873.6
2025-12-28,87888.98
2025-12-29,87146.0
2025-12-30,88388.16
2025-12-31,87491.28
2026-01-01,88740.05
2026-01-02,89966.64
2026-01-03,90598.02
2026-01-04,91435.37
2026-01-05,93870.06
2026-01-06,93661.0
2026-01-07,91250.99
2026-01-08,91018.21
2026-01-09,90515.13
2026-01-10,90395.24
2026-01-11,90874.0
2026-01-12,91199.5
2026-01-13,95418.01
2026-01-14,96934.01
2026-01-15,95575.54
2026-01-16,95532.05
2026-01-17,95088.79
2026-01-18,93556.09
2026-01-19,92557.37
2026-01-20,88265.82
2026-01-21,89387.14
2026-01-22,89460.02
2026-01-23,89485.27
2026-01-24,89082.17
2026-01-25,86576.0
2026-01-26,88216.38
2026-01-27,89119.15
2026-01-28,89162.02
2026-01-29,84561.55
2026-01-30,84091.07
2026-01-31,78621.01
2026-02-01,76914.76
2026-02-02,78695.57
2026-02-03,75657.41
2026-02-04,72997.52
2026-02-05,62867.63
2026-02-06,70286.45
2026-02-07,69279.0
2026-02-08,70259.5
2026-02-09,70125.46
2026-02-10,68769.17
2026-02-11,67024.77
2026-02-12,66109.95
2026-02-13,68854.0
2026-02-14,69753.44
2026-02-15,68767.38
2026-02-16,68837.83
2026-02-17,67452.14
2026-02-18,66407.98
2026-02-19,66948.01
2026-02-20,68005.14
2026-02-21,67966.32
2026-02-22,67608.5
2026-02-23,64636.02
2026-02-24,64088.04
2026-02-25,67996.28
2026-02-26,67479.01
2026-02-27,65853.93
2026-02-28,66983.95
2026-03-01,65751.09
2026-03-02,68800.01
2026-03-03,68287.91
2026-03-04,72691.92
2026-03-05,70896.33
2026-03-06,68107.36
2026-03-07,67269.12
2026-03-08,65978.82
2026-03-09,68422.04
2026-03-10,69930.01
2026-03-11,70232.67
2026-03-12,70468.67
2026-03-13,70885.93
2026-03-14,71210.56
2026-03-15,72856.93
2026-03-16,74831.72
2026-03-17,73920.92
2026-03-18,71232.25
2026-03-19,69908.22
2026-03-20,70509.61
2026-03-21,68757.4
2026-03-22,67866.76
2026-03-23,70974.07
2026-03-24,70553.39
2026-03-25,71323.39
2026-03-26,68793.56
2026-03-27,66325.42
2026-03-28,66322.15
2026-03-29,66007.96
2026-03-30,66680.22
2026-03-31,68166.61
2026-04-01,68096.56
2026-04-02,66922.39
2026-04-03,66949.12
2026-04-04,67273.93
2026-04-05,69147.17
2026-04-06,68819.54
2026-04-07,71930.62
2026-04-08,71064.02
2026-04-09,71778.53
2026-04-10,72982.69
2026-04-11,73077.44
2026-04-12,70768.08
2026-04-13,74474.68
2026-04-14,74163.0
2026-04-15,74837.98
2026-04-16,75188.97
2026-04-17,77082.0
2026-04-18,75730.02
2026-04-19,73856.36
2026-04-20,75852.1
2026-04-21,76390.9
2026-04-22,78241.3
2026-04-23,78265.11
2026-04-24,77458.65
2026-04-25,77638.99
2026-04-26,78668.92
2026-04-27,77372.15
2026-04-28,76340.96
2026-04-29,75823.09
2026-04-30,76322.09
2026-05-01,78227.01
2026-05-02,78367.86
2026-05-03,78508.71
2026-05-04,79820.01
2026-05-05,80907.73
2026-05-06,81443.9
2026-05-07,79996.3
2026-05-08,80192.22
2026-05-09,80653.48
2026-05-10,82341.56
2026-05-11,81715.08
2026-05-12,80483.76
2026-05-13,79291.36
2026-05-14,81084.52
2026-05-15,79058.52
2026-05-16,78141.0
2026-05-17,77429.86
2026-05-18,76944.27
2026-05-19,76760.01
2026-05-20,77488.0
2026-05-21,77547.26
2026-05-22,75420.51
2026-05-23,76646.04
2026-05-24,76988.55
2026-05-25,77246.2
2026-05-26,75820.99
2026-05-27,74328.56
2026-05-28,73525.13
2026-05-29,73369.49
2026-05-30,73794.01
2026-05-31,73537.83
2026-06-01,71305.57
2026-06-02,66671.29
2026-06-03,64142.39
2026-06-04,63762.06
2026-06-05,61123.65
2026-06-06,60826.87
2026-06-07,63263.61
2026-06-08,63067.68
2026-06-09,61689.49
2026-06-10,61474.01
2026-06-11,63517.99
2026-06-12,63538.0
2026-06-13,64394.5
2026-06-14,65708.47
2026-06-15,66256.48
2026-06-16,65642.99
2026-06-17,64424.29
2026-06-18,62882.52
2026-06-19,63491.61
2026-06-20,64229.68
2026-06-21,63279.6
2026-06-22,63947.81
2026-06-23,62651.71
2026-06-24,60978.68
2026-06-25,59718.79
2026-06-26,60018.14
2026-06-27,59970.79
2026-06-28,59399.82
2026-06-29,60145.1
2026-06-30,58545.95
2026-07-01,59964.55
2026-07-02,61487.83
2026-07-03,62525.99
2026-07-04,63086.34
2026-07-05,63586.6
2026-07-06,63984.71
2026-07-07,63288.56
2026-07-08,62267.3
2026-07-09,63172.94
2026-07-10,64100.71
2026-07-11,63778.72
2026-07-12,63696.37
2026-07-13,62254.33
2026-07-14,64988.81
2026-07-15,64720.02
2026-07-16,63789.26
2026-07-17,63917.47
2026-07-18,64814.43
2026-07-19,64664.64
2026-07-20,65191.06
2026-07-21,66540.21
2026-07-22,66092.05
2026-07-23,65070.09
2026-07-24,64104.64
