date,coin_days_destroyed
2010-01-01,155.7471064814815
2010-01-04,434320.6688038194
2010-01-12,483458.9074074075
2010-01-13,2053.062152777778
2010-01-14,5815.157060185184
2010-01-15,766.8196643518519
2010-01-16,1253.511238425926
2010-01-18,231.9704861111111
2010-01-21,162.228587962963
2010-01-22,237.9201388888889
2010-01-23,51.72165509259259
2010-01-24,58.51157407407408
2010-01-25,9122.611689814816
2010-01-26,895.626261574074
2010-01-27,1038.927662037037
2010-01-28,1112.66724537037
2010-01-29,1333.953125
2010-01-30,16530.32581018519
2010-01-31,1214.446759259259
2010-02-01,1368.90625
2010-02-02,1802.958912037037
2010-02-03,562.7326388888889
2010-02-04,3937.653223379629
2010-02-05,193470.5792824072
2010-02-06,6423.974537037037
2010-02-07,1025.236377314815
2010-02-08,193555.2066550926
2010-02-09,1275604.835648146
2010-02-10,853241.5653935182
2010-02-11,14534.31539351851
2010-02-12,14459.97395833334
2010-02-13,36281.83222222223
2010-02-14,8166.595231944447
2010-02-15,23303.32451666667
2010-02-16,2245.379455324075
2010-02-17,176705.8099744213
2010-02-18,9796.021504629629
2010-02-19,198.7402658564815
2010-02-20,1257.663194444445
2010-02-21,24390.92025775464
2010-02-22,196287.8518518518
2010-02-23,42.47974537037037
2010-02-24,121526.5532407407
2010-02-25,48458.49652777777
2010-02-26,48109.72048611111
2010-02-27,2022.940439814815
2010-02-28,80893.94791666669
2010-03-01,5835.684027777777
2010-03-02,5684.484953703705
2010-03-03,44781.7950462963
2010-03-04,1094322.418402778
2010-03-05,2120.857638888889
2010-03-06,73700.19653946758
2010-03-07,32086.68576388889
2010-03-08,385236.8878754633
2010-03-09,32117.2199074074
2010-03-10,19133.34432870371
2010-03-11,63136.37847222222
2010-03-12,1697.532986111111
2010-03-13,30081.05208333334
2010-03-14,3886.30613425926
2010-03-15,889.020787037037
2010-03-16,98508.71681712964
2010-03-17,74022.28530092593
2010-03-18,39575.50671296296
2010-03-19,61174.29668981481
2010-03-20,59441.26556712962
2010-03-21,759.6991087962962
2010-03-22,9635.15914351852
2010-03-23,135867.1213077546
2010-03-24,9635.54861111111
2010-03-25,208707.2694791667
2010-03-26,14971.41550925926
2010-03-27,18614.296875
2010-03-28,62780.01620370371
2010-03-29,15360.15625
2010-03-30,3725.861111111111
2010-03-31,7054.608771990739
2010-04-01,3961.519675925926
2010-04-02,2501.402199074074
2010-04-03,6849.543489351853
2010-04-04,41873.91550925926
2010-04-05,207100.7956342592
2010-04-06,209243.0977777777
2010-04-07,285746.2876414351
2010-04-08,36695.92389814815
2010-04-09,198265.1575027778
2010-04-10,761699.2144349536
2010-04-11,267250.1985665509
2010-04-12,155195.2304562501
2010-04-13,3394.116608796296
2010-04-14,29265.22188865742
2010-04-15,8985456.913580906
2010-04-16,459858.5092123842
2010-04-17,13829.07575138889
2010-04-18,60347.07413553243
2010-04-19,169851.404577662
2010-04-20,340992.1206662037
2010-04-21,72531.83965046296
2010-04-22,117273.8589835648
2010-04-23,4288.774893055554
2010-04-24,118302.1637594907
2010-04-25,322261.3620590279
2010-04-26,206731.6547255786
2010-04-27,16058.4031630787
2010-04-28,58123.97057789352
2010-04-29,7550.963708680557
2010-04-30,1294608.997086921
2010-05-01,11700.23924537037
2010-05-02,5784.454050925928
2010-05-03,45654.20520833333
2010-05-04,193607.0215706019
2010-05-05,283741.7558083332
2010-05-06,390834.9938434028
2010-05-07,303519.6699413194
2010-05-08,282996.7652236113
2010-05-09,113514.8575820602
2010-05-10,99969.38870370369
2010-05-11,5352.521544212963
2010-05-12,305866.0185471064
2010-05-13,94765.34980208334
2010-05-14,172596.9617247686
2010-05-15,22160.03022719907
2010-05-16,9225.70318101852
2010-05-17,298483.5423986111
2010-05-18,45019.25087847222
2010-05-19,135816.1719876158
2010-05-20,6591.025275
2010-05-21,378183.6975418981
2010-05-22,428777.674934375
2010-05-23,32780.44869907408
2010-05-24,13506.32099537037
2010-05-25,13571.97164351852
2010-05-26,206601.1649259259
2010-05-27,117897.079625
2010-05-28,2982459.533300578
2010-05-29,227138.0317581019
2010-05-30,39687.04723495372
2010-05-31,33100.72378472224
2010-06-01,146060.5632958333
2010-06-02,89613.9650724537
2010-06-03,83749.15468113424
2010-06-04,756232.0772471068
2010-06-05,15125.15249074074
2010-06-06,26315.86677175926
2010-06-07,703607.5944344905
2010-06-08,122461.5434027778
2010-06-09,1330273.765107986
2010-06-10,388317.3925900463
2010-06-11,181721.1141474536
2010-06-12,34668.72680138889
2010-06-13,57868.99459826388
2010-06-14,681348.5159648149
2010-06-15,128251.9177546297
2010-06-16,258956.0551766204
2010-06-17,675753.3098673609
2010-06-18,79792.58666828704
2010-06-19,1504449.46978044
2010-06-20,130656.8099145834
2010-06-21,9727.290023379632
2010-06-22,72467.42109606482
2010-06-23,270327.3350694445
2010-06-24,495372.7297165508
2010-06-25,325390.4720138889
2010-06-26,284781.0043298611
2010-06-27,10053.62430555556
2010-06-28,86100.02624189816
2010-06-29,600818.4345564813
2010-06-30,1320187.207514699
2010-07-01,75846.35060219908
2010-07-02,667753.0374962962
2010-07-03,114661.3651388889
2010-07-04,378192.9165798612
2010-07-05,404371.4832460647
2010-07-06,51392.34732060185
2010-07-07,643662.4051297456
2010-07-08,211570.7368215277
2010-07-09,11971.95893518518
2010-07-10,145222.4443729167
2010-07-11,263865.340372338
2010-07-12,2599182.225699303
2010-07-13,259539.3176096065
2010-07-14,340783.3297126155
2010-07-15,3151103.798659026
2010-07-16,287899.8190530093
2010-07-17,574967.3383893517
2010-07-18,1692913.690196065
2010-07-19,447356.1167446759
2010-07-20,90581.27659745372
2010-07-21,896695.6791787036
2010-07-22,270927.8509447916
2010-07-23,347782.8726292823
2010-07-24,2596813.249145024
2010-07-25,664891.5644822917
2010-07-26,5093997.576132509
2010-07-27,1549266.605266436
2010-07-28,281085.6758231481
2010-07-29,68182.3960939815
2010-07-30,119612.5028987269
2010-07-31,495954.8152940971
2010-08-01,736577.6311238422
2010-08-02,103238.2834041667
2010-08-03,367078.9565674769
2010-08-04,826105.0067609949
2010-08-05,145182.4333609953
2010-08-06,289827.7078898147
2010-08-07,1028990.73025544
2010-08-08,512071.9103523148
2010-08-09,671842.65850081
2010-08-10,500797.2789096065
2010-08-11,309473.7529594908
2010-08-12,63177.48404074075
2010-08-13,406084.03223206
2010-08-14,45541.67993611111
2010-08-15,154419.1831335648
2010-08-16,453348.5090439814
2010-08-17,165923.7910721065
2010-08-18,518934.7041023149
2010-08-19,103069.4112221065
2010-08-20,114130.8000100694
2010-08-21,484765.6232550927
2010-08-22,512537.4755056712
2010-08-23,50252.54241712964
2010-08-24,137237.2458371528
2010-08-25,48910.62229293981
2010-08-26,50964.11364224537
2010-08-27,472908.7762293981
2010-08-28,65881.9912957395
2010-08-29,87953.46098321759
2010-08-30,95110.3985159785
2010-08-31,1024619.386501738
2010-09-01,300110.4724194778
2010-09-02,139702.2170307756
2010-09-03,434800.7838947917
2010-09-04,114442.3927363426
2010-09-05,2232365.05896632
2010-09-06,379047.7023381951
2010-09-07,326473.2222537036
2010-09-08,98229.78317408309
2010-09-09,962060.0235948463
2010-09-10,43005.28038280165
2010-09-11,95922.2380744213
2010-09-12,369866.082066641
2010-09-13,528332.917904301
2010-09-14,187087.5803614583
2010-09-15,805943.8358344757
2010-09-16,893234.3354637729
2010-09-17,10098698.59021794
2010-09-18,320951.1596346065
2010-09-19,245996.7187132334
2010-09-20,369070.1943621528
2010-09-21,131528.2430037979
2010-09-22,329826.0423730324
2010-09-23,933676.5419484951
2010-09-24,96387.28295856479
2010-09-25,376561.2020082177
2010-09-26,146018.7815775463
2010-09-27,3199318.362675925
2010-09-28,19180035.2660872
2010-09-29,839803.3548253477
2010-09-30,437017.6566083334
2010-10-01,7810695.227119591
2010-10-02,11241848.69469454
2010-10-03,346449.8403514852
2010-10-04,1596530.625057925
2010-10-05,6542295.006159924
2010-10-06,423593.9206414141
2010-10-07,771559.150820949
2010-10-08,1966636.0913397
2010-10-09,1428747.350653935
2010-10-10,1183754.289524653
2010-10-11,533748.745700769
2010-10-12,392659.5258391205
2010-10-13,3918422.602925
2010-10-14,895310.1174884259
2010-10-15,1826192.526969444
2010-10-16,4054634.169469455
2010-10-17,247107.1810719908
2010-10-18,178290.9151324074
2010-10-19,306096.8205628472
2010-10-20,376433.4088465277
2010-10-21,1375548.118151003
2010-10-22,276404.301569676
2010-10-23,667515.3645702546
2010-10-24,1277594.645733565
2010-10-25,667153.1551958333
2010-10-26,515444.8906011573
2010-10-27,1142355.103620949
2010-10-28,2977623.634318403
2010-10-29,483660.5039204861
2010-10-30,578705.3174126158
2010-10-31,547478.99278125
2010-11-01,541385.6019703706
2010-11-02,783142.1453730323
2010-11-03,314226.2290078704
2010-11-04,2217693.891775154
2010-11-05,1345116.712184144
2010-11-06,6681816.825079282
2010-11-07,396466.8308969908
2010-11-08,6369683.153177426
2010-11-09,796149.2160724534
2010-11-10,156484.8762981482
2010-11-11,137950.9680916667
2010-11-12,84635.70326215279
2010-11-13,603587.6884567123
2010-11-14,1054242.07280081
2010-11-15,9174228.483411228
2010-11-16,503216.5353863427
2010-11-17,210678.6540741898
2010-11-18,248991.7799809645
2010-11-19,1006378.911057176
2010-11-20,724796.5754127316
2010-11-21,220346.7282454861
2010-11-22,207346.1316181713
2010-11-23,793463.5029517357
2010-11-24,901035.3255221063
2010-11-25,1278533.905564236
2010-11-26,1211665.181206019
2010-11-27,567420.8000991901
2010-11-28,182082.3154395835
2010-11-29,271722.2150451389
2010-11-30,1102714.873239468
2010-12-01,495243.3485065973
2010-12-02,2241034.008422686
2010-12-03,216760.2117347222
2010-12-04,584115.7015679944
2010-12-05,472289.8093518519
2010-12-06,3744927.396037112
2010-12-07,2100435.588172406
2010-12-08,168804.2205033568
2010-12-09,456374.8606955292
2010-12-10,563305.0056143518
2010-12-11,791090.187627346
2010-12-12,205156.2238838465
2010-12-13,1644298.549430009
2010-12-14,131380.2632973895
2010-12-15,829984.2355317572
2010-12-16,219146.3699026171
2010-12-17,113458.6053534213
2010-12-18,579569.9035186771
2010-12-19,733360.5674442037
2010-12-20,3126579.304736526
2010-12-21,7974655.028429653
2010-12-22,210084.9415536603
2010-12-23,226595.0925246527
2010-12-24,205012.3034104754
2010-12-25,453373.5560116668
2010-12-26,376767.2793484255
2010-12-27,1297094.535464073
2010-12-28,350402.7457341935
2010-12-29,1506117.297823518
2010-12-30,477292.9470588017
2010-12-31,585431.4605044659
2011-01-01,118666.8437220416
2011-01-02,1469863.093867751
2011-01-03,532790.29341312
2011-01-04,133619.1989538601
2011-01-05,351778.6610614221
2011-01-06,537014.8633931278
2011-01-07,613064.394140073
2011-01-08,884666.0812555552
2011-01-09,386254.2763519707
2011-01-10,2064278.162169909
2011-01-11,9101737.213242207
2011-01-12,275739.8592807097
2011-01-13,2216776.281388441
2011-01-14,1410380.835760492
2011-01-15,270224.0600416155
2011-01-16,1776900.765876922
2011-01-17,718078.4165219414
2011-01-18,818363.4389744381
2011-01-19,3771322.840374757
2011-01-20,618661.2184616616
2011-01-21,612959.9892175628
2011-01-22,711948.4934858541
2011-01-23,2239381.938556001
2011-01-24,1555813.131399051
2011-01-25,435098.5931123258
2011-01-26,3091889.701607986
2011-01-27,29651878.08065296
2011-01-28,1658237.524695139
2011-01-29,2974154.581729857
2011-01-30,451173.2918526543
2011-01-31,2116575.902670558
2011-02-01,1643225.176602646
2011-02-02,1894288.411039604
2011-02-03,653051.2420697387
2011-02-04,981066.1593293647
2011-02-05,637012.0506742673
2011-02-06,1866740.466483447
2011-02-07,4828258.367875336
2011-02-08,367015.2593635424
2011-02-09,2046037.319901294
2011-02-10,984803.9461457934
2011-02-11,2592324.640964971
2011-02-12,579765.7771158086
2011-02-13,538034.4798349058
2011-02-14,7802094.222211672
2011-02-15,556034.4075724402
2011-02-16,425352.5060147749
2011-02-17,270731.6132946726
2011-02-18,1040999.308123819
2011-02-19,607772.0329487268
2011-02-20,903841.0351086807
2011-02-21,553941.7438980326
2011-02-22,962621.7382682916
2011-02-23,392352.9030396685
2011-02-24,1435748.920514304
2011-02-25,665448.3908418684
2011-02-26,4315577.834439067
2011-02-27,2455561.078136588
2011-02-28,1577842.475467061
2011-03-01,20050844.5370434
2011-03-02,817502.1925572369
2011-03-03,280568.6123657446
2011-03-04,930097.1459100478
2011-03-05,1366925.07208655
2011-03-06,234002.4513623254
2011-03-07,313822.6080473703
2011-03-08,940685.1785742239
2011-03-09,133634.0636358499
2011-03-10,382868.06712337
2011-03-11,673338.9911033699
2011-03-12,1858915.997930758
2011-03-13,867176.9104739998
2011-03-14,3344991.112272402
2011-03-15,1394562.727539791
2011-03-16,5558007.432608874
2011-03-17,1254091.148468511
2011-03-18,380615.1124788573
2011-03-19,376730.4469173956
2011-03-20,201472.5602543685
2011-03-21,1108804.362040378
2011-03-22,748875.5732626956
2011-03-23,1483263.278978993
2011-03-24,3630052.722831405
2011-03-25,414416.1596735274
2011-03-26,3124900.934355691
2011-03-27,1546173.455005235
2011-03-28,689847.134712967
2011-03-29,386257.8265992347
2011-03-30,335125.1627557973
2011-03-31,515150.3877874998
2011-04-01,480180.5607230171
2011-04-02,253693.9122314059
2011-04-03,277654.5408829272
2011-04-04,3101663.465772357
2011-04-05,2204996.176234368
2011-04-06,889458.7354220405
2011-04-07,634825.4040240349
2011-04-08,1055640.028256698
2011-04-09,215577.6695120822
2011-04-10,244612.4195016398
2011-04-11,485311.859412456
2011-04-12,1619413.300158239
2011-04-13,1492287.506330472
2011-04-14,1133425.365304385
2011-04-15,2939981.466104018
2011-04-16,2703667.103340055
2011-04-17,802436.0202197925
2011-04-18,2960356.4116757
2011-04-19,1835988.524561519
2011-04-20,1371112.858647121
2011-04-21,832636.6207277293
2011-04-22,2878718.639995906
2011-04-23,4547554.973348943
2011-04-24,1793595.052964927
2011-04-25,2013774.225020261
2011-04-26,1697521.793296417
2011-04-27,2139226.867208355
2011-04-28,3628268.182913666
2011-04-29,27491948.22629594
2011-04-30,3629602.855140748
2011-05-01,2456167.075691875
2011-05-02,2651926.632292187
2011-05-03,3853682.710298892
2011-05-04,9058473.293646231
2011-05-05,1345705.479606292
2011-05-06,4031443.812146787
2011-05-07,1694090.755460376
2011-05-08,2915027.08917485
2011-05-09,1850254.495963516
2011-05-10,4245492.967506467
2011-05-11,5808562.605040436
2011-05-12,10312234.90235496
2011-05-13,7713855.406409768
2011-05-14,4080828.711377413
2011-05-15,2987539.02076146
2011-05-16,14614932.22252172
2011-05-17,1907446.833197315
2011-05-18,2170005.432731385
2011-05-19,5373105.936218024
2011-05-20,2987541.924508711
2011-05-21,4012969.991376271
2011-05-22,1277156.366895912
2011-05-23,1613605.611242678
2011-05-24,3686667.013530624
2011-05-25,2479901.203997624
2011-05-26,2014747.269750383
2011-05-27,2798138.371053881
2011-05-28,1567523.755673635
2011-05-29,876355.732893502
2011-05-30,2901681.677960971
2011-05-31,1995659.488415485
2011-06-01,1843619.629666259
2011-06-02,12683566.28277561
2011-06-03,16300489.17258188
2011-06-04,2640581.120465212
2011-06-05,9300500.760674609
2011-06-06,10379207.01437325
2011-06-07,4442648.64222102
2011-06-08,22160532.41855094
2011-06-09,10682904.34357547
2011-06-10,15127681.52291589
2011-06-11,18537447.37681421
2011-06-12,12028951.79863431
2011-06-13,15939757.92990444
2011-06-14,52413656.26602376
2011-06-15,21754307.1427494
2011-06-16,20030425.63140056
2011-06-17,7660537.048088071
2011-06-18,1615513.883635758
2011-06-19,18526649.22888846
2011-06-20,2561634.894524907
2011-06-21,2275754.137311511
2011-06-22,748912.6552365995
2011-06-23,2523442.447229096
2011-06-24,3041655.886092771
2011-06-25,1101974.002608544
2011-06-26,6669370.446977709
2011-06-27,13038996.7885676
2011-06-28,8427359.529929806
2011-06-29,2825745.854379438
2011-06-30,2458623.156211071
2011-07-01,1603689.9475144
2011-07-02,892204.8804419633
2011-07-03,1262126.95099364
2011-07-04,1244505.626109527
2011-07-05,5841837.253121118
2011-07-06,1274183.680350964
2011-07-07,1115668.096009854
2011-07-08,1259025.395788805
2011-07-09,569300.4151594018
2011-07-10,5011481.806954397
2011-07-11,2313660.54830938
2011-07-12,990879.5861248225
2011-07-13,711975.6794903971
2011-07-14,1012598.997426448
2011-07-15,700539.5142302403
2011-07-16,504449.4660247777
2011-07-17,1156621.731328109
2011-07-18,13255714.5455882
2011-07-19,1782705.581844314
2011-07-20,4741687.79762811
2011-07-21,366529.6149955084
2011-07-22,607045.3030810367
2011-07-23,430777.5015437462
2011-07-24,812149.4499239387
2011-07-25,973686.6839379737
2011-07-26,700702.0675724242
2011-07-27,744197.653428961
2011-07-28,1622644.161823143
2011-07-29,959221.6429175005
2011-07-30,1670423.193645549
2011-07-31,1790242.477367832
2011-08-01,1463098.852916111
2011-08-02,1491920.546607472
2011-08-03,2181885.161998926
2011-08-04,2667674.36028262
2011-08-05,1987291.635367079
2011-08-06,2938792.924066893
2011-08-07,1854763.140610633
2011-08-08,3050238.252950609
2011-08-09,599930.8266658373
2011-08-10,847535.0915162594
2011-08-11,950310.0575255028
2011-08-12,402146.4397804292
2011-08-13,1020271.605670143
2011-08-14,709187.0621059185
2011-08-15,1190459.480823393
2011-08-16,796328.5641846311
2011-08-17,922338.8093140826
2011-08-18,1215039.856440439
2011-08-19,863060.6941296346
2011-08-20,900788.8722726606
2011-08-21,408447.3376118745
2011-08-22,961356.7583757034
2011-08-23,583240.4573681909
2011-08-24,801458.8457091564
2011-08-25,13712020.34616389
2011-08-26,6126520.690391893
2011-08-27,22720930.17351348
2011-08-28,1267270.067775501
2011-08-29,3108797.871967603
2011-08-30,403997.2038764004
2011-08-31,531636.8481401305
2011-09-01,565338.1586713606
2011-09-02,2273555.703309917
2011-09-03,454337.4138857487
2011-09-04,596288.4613475534
2011-09-05,2742399.796725991
2011-09-06,2882071.40310169
2011-09-07,3039512.960196582
2011-09-08,2617347.59061878
2011-09-09,6909304.599437288
2011-09-10,425536.3547098041
2011-09-11,10899054.36212068
2011-09-12,2087971.797035274
2011-09-13,6495728.642777018
2011-09-14,3635541.657454059
2011-09-15,457190.9485433212
2011-09-16,1477604.324284811
2011-09-17,1475953.760858072
2011-09-18,415728.0559651099
2011-09-19,765995.3488380241
2011-09-20,2099398.742671517
2011-09-21,558710.6269069174
2011-09-22,666459.7330160063
2011-09-23,1655933.679402315
2011-09-24,221827.7785530286
2011-09-25,2740124.567024911
2011-09-26,568109.7450133937
2011-09-27,1592439.010512803
2011-09-28,699919.9470863328
2011-09-29,239698.3458864959
2011-09-30,1445581.131701281
2011-10-01,1399473.301523048
2011-10-02,813081.6194834784
2011-10-03,502874.1482297357
2011-10-04,937851.1986678703
2011-10-05,602057.9537248862
2011-10-06,8343930.601571637
2011-10-07,1224268.779865485
2011-10-08,548997.738557735
2011-10-09,2255319.921389503
2011-10-10,1090739.59623576
2011-10-11,1519851.79357225
2011-10-12,1438596.058999236
2011-10-13,737697.3305492891
2011-10-14,1292700.034794474
2011-10-15,794191.7182283071
2011-10-16,2203941.044195591
2011-10-17,6899839.356781076
2011-10-18,3006437.999692079
2011-10-19,3119635.295027148
2011-10-20,527975.0272834587
2011-10-21,656259.4496113202
2011-10-22,2975862.962249652
2011-10-23,751139.0518325245
2011-10-24,431607.3756266228
2011-10-25,457054.6452341419
2011-10-26,1569455.217272545
2011-10-27,2197593.732646033
2011-10-28,740286.1274037592
2011-10-29,789068.210634406
2011-10-30,2210615.250369995
2011-10-31,407926.007762082
2011-11-01,2213391.427177043
2011-11-02,366123.152861683
2011-11-03,3660220.453502633
2011-11-04,2650815.358460804
2011-11-05,394920.6879181355
2011-11-06,259130.4998477517
2011-11-07,801629.0532411779
2011-11-08,1152293.314234221
2011-11-09,16454088.13808689
2011-11-10,4733364.129715286
2011-11-11,943823.8182470687
2011-11-12,4090490.396170756
2011-11-13,565396.5807458027
2011-11-14,4456173.08077508
2011-11-15,4205291.113542093
2011-11-16,52330807.46890295
2011-11-17,6703786.937644118
2011-11-18,3650229.913056584
2011-11-19,1203247.929287976
2011-11-20,3644846.465845919
2011-11-21,3660724.020267101
2011-11-22,5624280.25610542
2011-11-23,1386936.117179856
2011-11-24,6648485.626457745
2011-11-25,1912700.824320781
2011-11-26,3739708.967989838
2011-11-27,1027149.861842081
2011-11-28,8525084.696735937
2011-11-29,5851113.467896647
2011-11-30,4868964.344115872
2011-12-01,3124605.905769122
2011-12-02,1198820.580479251
2011-12-03,1131484.115419927
2011-12-04,4563855.246669636
2011-12-05,3008591.034894131
2011-12-06,1377840.844123429
2011-12-07,3857193.00614776
2011-12-08,5480760.923562094
2011-12-09,820756.7135243135
2011-12-10,892787.8888758072
2011-12-11,6252152.463977615
2011-12-12,1040406.270494737
2011-12-13,851017.5453497189
2011-12-14,1602220.334490706
2011-12-15,1288930.843235849
2011-12-16,2881005.806816037
2011-12-17,744003.6200306356
2011-12-18,626126.2006100692
2011-12-19,6975400.48018983
2011-12-20,6274065.614208891
2011-12-21,1176924.28579438
2011-12-22,1113269.954404612
2011-12-23,1002253.479987163
2011-12-24,1589192.641591601
2011-12-25,1720705.887920145
2011-12-26,2177768.646259822
2011-12-27,763946.8138480941
2011-12-28,2634091.39703991
2011-12-29,1828359.901276439
2011-12-30,1252222.719179839
2011-12-31,1091682.400845011
2012-01-01,7208931.246074618
2012-01-02,3407328.018892555
2012-01-03,2041965.80870039
2012-01-04,1833191.00229348
2012-01-05,4129492.599397419
2012-01-06,2617847.970850136
2012-01-07,2111378.166087446
2012-01-08,2666072.889963388
2012-01-09,2948003.774008628
2012-01-10,4251464.160337071
2012-01-11,1395352.879686688
2012-01-12,10164749.7899109
2012-01-13,2526299.470783332
2012-01-14,1903116.725708353
2012-01-15,2284347.319664092
2012-01-16,1963865.00121402
2012-01-17,3507427.476281016
2012-01-18,2247936.342042434
2012-01-19,2970710.043003393
2012-01-20,1580320.875745052
2012-01-21,1093269.715768875
2012-01-22,952302.3171537862
2012-01-23,1113703.233051068
2012-01-24,1636337.31843663
2012-01-25,2007460.233218299
2012-01-26,3368112.223753241
2012-01-27,1684887.54817089
2012-01-28,2031040.42826809
2012-01-29,1623277.562864915
2012-01-30,1259028.845761426
2012-01-31,1812219.064565125
2012-02-01,2152989.899443191
2012-02-02,1636364.778109364
2012-02-03,1318063.383336793
2012-02-04,1939870.206274697
2012-02-05,1125852.79698812
2012-02-06,1855766.614431469
2012-02-07,1665959.906761945
2012-02-08,1209754.762965263
2012-02-09,780154.7501474852
2012-02-10,2234816.886815104
2012-02-11,13430002.73123986
2012-02-12,1415061.220103018
2012-02-13,12513328.12339003
2012-02-14,18509346.70919903
2012-02-15,1760706.691975329
2012-02-16,2537545.453456443
2012-02-17,1173464.793743295
2012-02-18,2612781.927740769
2012-02-19,954240.7236613207
2012-02-20,1315291.040070444
2012-02-21,1238213.343332281
2012-02-22,1762959.107621722
2012-02-23,1692714.163175654
2012-02-24,3133598.928082018
2012-02-25,1452884.506573125
2012-02-26,1072076.76204373
2012-02-27,1364119.302960656
2012-02-28,1600624.422439441
2012-02-29,6242950.65566248
2012-03-01,2297316.385096654
2012-03-02,2366735.910633875
2012-03-03,2940688.102262046
2012-03-04,2075270.217724618
2012-03-05,1422971.513363679
2012-03-06,1296046.997645487
2012-03-07,1305806.819440592
2012-03-08,1869145.744191968
2012-03-09,1658818.558230781
2012-03-10,1863377.867267321
2012-03-11,2020108.615830105
2012-03-12,1212840.966162261
2012-03-13,2079652.424433704
2012-03-14,2697155.80226065
2012-03-15,1375576.277284372
2012-03-16,4356704.49512572
2012-03-17,1496646.686080793
2012-03-18,4204100.282772923
2012-03-19,1886476.52259868
2012-03-20,2067816.739207338
2012-03-21,3061123.249774685
2012-03-22,1571343.377679424
2012-03-23,4337386.273282759
2012-03-24,1775171.821161664
2012-03-25,1447813.264253541
2012-03-26,1474728.342996148
2012-03-27,1802870.30850659
2012-03-28,1565042.002457468
2012-03-29,1702085.437302946
2012-03-30,15695935.19264341
2012-03-31,1142814.769648462
2012-04-01,1086048.427265338
2012-04-02,1491362.467364782
2012-04-03,4863565.749131043
2012-04-04,3358217.941232441
2012-04-05,2199789.767078258
2012-04-06,3317333.97400485
2012-04-07,1661357.717321665
2012-04-08,863317.408965675
2012-04-09,5302239.954706193
2012-04-10,1512524.018154242
2012-04-11,5808490.927710488
2012-04-12,5394826.945360022
2012-04-13,2457791.932666227
2012-04-14,1496600.212151322
2012-04-15,2895354.68540957
2012-04-16,3268819.203053664
2012-04-17,1778991.364538278
2012-04-18,2475249.063707968
2012-04-19,2028557.925622352
2012-04-20,2808476.690566033
2012-04-21,1618058.737303963
2012-04-22,2865792.975171502
2012-04-23,2074616.134353003
2012-04-24,2428966.395395204
2012-04-25,20592886.38405028
2012-04-26,2545345.072641171
2012-04-27,1166027.005592884
2012-04-28,1233192.610254632
2012-04-29,953843.6263887373
2012-04-30,4437061.424762649
2012-05-01,2528634.089724366
2012-05-02,1565776.274974046
2012-05-03,1750951.443337586
2012-05-04,2581746.193840276
2012-05-05,1202797.985398917
2012-05-06,7044117.732787851
2012-05-07,1642531.379119062
2012-05-08,2216585.549940364
2012-05-09,2499829.097970074
2012-05-10,2705172.596433615
2012-05-11,2521205.042822994
2012-05-12,15787954.31826473
2012-05-13,3070377.791171821
2012-05-14,6927861.820190514
2012-05-15,3108981.800487411
2012-05-16,3114553.09809322
2012-05-17,5440932.62243015
2012-05-18,2763403.899416266
2012-05-19,3526576.822746778
2012-05-20,4030429.772840225
2012-05-21,3748847.882326338
2012-05-22,4658003.288608518
2012-05-23,2668548.035345875
2012-05-24,2998244.495744517
2012-05-25,1441578.120210215
2012-05-26,3166488.254809226
2012-05-27,2321793.87848608
2012-05-28,2101851.615060333
2012-05-29,2024200.93948135
2012-05-30,1642477.175571481
2012-05-31,14627022.3634449
2012-06-01,1984526.67938683
2012-06-02,1525724.264279435
2012-06-03,1926794.446851595
2012-06-04,5250275.589584243
2012-06-05,2174416.848866868
2012-06-06,3085696.298212128
2012-06-07,1864922.917438533
2012-06-08,1949581.728684235
2012-06-09,1269653.73825478
2012-06-10,968526.0954902057
2012-06-11,2303610.744422382
2012-06-12,3946506.718475774
2012-06-13,1685164.68972709
2012-06-14,2115106.020853965
2012-06-15,2095494.383207842
2012-06-16,2182405.539187009
2012-06-17,2535137.279702559
2012-06-18,2122955.582506029
2012-06-19,2767483.408865239
2012-06-20,6873375.930309243
2012-06-21,1476133.837771797
2012-06-22,2911437.516969442
2012-06-23,1609415.72957053
2012-06-24,6652219.889889715
2012-06-25,2372471.42601968
2012-06-26,3180776.270541705
2012-06-27,2035972.586414522
2012-06-28,1767055.356153063
2012-06-29,1522973.040418149
2012-06-30,1838716.113982469
2012-07-01,1193259.555091438
2012-07-02,2231455.003990843
2012-07-03,2199092.702872205
2012-07-04,3269771.104571599
2012-07-05,1438305.273629139
2012-07-06,2826594.661918694
2012-07-07,5254344.842397038
2012-07-08,2777144.439673923
2012-07-09,3084272.789095965
2012-07-10,20759452.07925278
2012-07-11,4565720.952799807
2012-07-12,1362253.596736778
2012-07-13,4419128.076115699
2012-07-14,15673903.31872129
2012-07-15,1696631.253241589
2012-07-16,4569730.962715061
2012-07-17,16021377.86044497
2012-07-18,4264821.282015509
2012-07-19,3764834.810759092
2012-07-20,3346214.40595107
2012-07-21,3112405.108186115
2012-07-22,1961385.870571252
2012-07-23,3098879.559344378
2012-07-24,2032583.867652073
2012-07-25,2578780.099382637
2012-07-26,3258588.671049073
2012-07-27,2483019.699845438
2012-07-28,2544545.015120353
2012-07-29,2916123.130173886
2012-07-30,2210999.924642596
2012-07-31,3645524.503985418
2012-08-01,2912371.570157608
2012-08-02,4628534.580068014
2012-08-03,3700904.061060889
2012-08-04,4277516.347746023
2012-08-05,2920118.839893754
2012-08-06,2799579.456285738
2012-08-07,3698203.287919907
2012-08-08,7079014.633312639
2012-08-09,2378647.352616435
2012-08-10,2441744.966478684
2012-08-11,1692465.925334924
2012-08-12,1730299.178920811
2012-08-13,2701382.810702018
2012-08-14,3733655.895566063
2012-08-15,4050084.537859498
2012-08-16,4192839.671721425
2012-08-17,15591922.19054214
2012-08-18,8072490.055559053
2012-08-19,20657502.88581025
2012-08-20,5889751.739888947
2012-08-21,3377176.701659126
2012-08-22,5210600.364616313
2012-08-23,4490559.503629603
2012-08-24,1361562.907462369
2012-08-25,1633899.443436248
2012-08-26,1885256.996121328
2012-08-27,14749080.66808427
2012-08-28,6328202.667831618
2012-08-29,1901853.85769635
2012-08-30,1569908.265846543
2012-08-31,21270094.95207177
2012-09-01,1387317.850555788
2012-09-02,2232029.925978597
2012-09-03,1472745.194902882
2012-09-04,2539960.793764541
2012-09-05,1466456.575388953
2012-09-06,3248058.20843928
2012-09-07,1787291.18467414
2012-09-08,1642295.041044687
2012-09-09,3551002.523886635
2012-09-10,21630963.92898198
2012-09-11,1144496.211458875
2012-09-12,2596580.755456125
2012-09-13,1823581.960248069
2012-09-14,1602417.077709091
2012-09-15,3585899.818403614
2012-09-16,2033473.983360442
2012-09-17,8205105.472511303
2012-09-18,10213049.69804641
2012-09-19,3792241.10361791
2012-09-20,6838049.053668795
2012-09-21,5899490.102159735
2012-09-22,4224097.18887712
2012-09-23,1934014.901901212
2012-09-24,6382937.648223159
2012-09-25,4848821.880962997
2012-09-26,3024101.49498271
2012-09-27,3144363.820333547
2012-09-28,10989313.86918357
2012-09-29,2964856.281280546
2012-09-30,2086688.191316025
2012-10-01,2822247.592421655
2012-10-02,3055364.162408574
2012-10-03,8008720.171959297
2012-10-04,4252287.015365909
2012-10-05,2065800.322074439
2012-10-06,1403032.63810367
2012-10-07,1615051.053940944
2012-10-08,11157528.45763719
2012-10-09,2226506.776009354
2012-10-10,3660604.06999201
2012-10-11,2458170.801482076
2012-10-12,3166177.73297776
2012-10-13,1174475.386782116
2012-10-14,7637516.481788194
2012-10-15,3092553.713162809
2012-10-16,3313683.547900451
2012-10-17,11298500.46068659
2012-10-18,3667443.298283577
2012-10-19,3087525.825538923
2012-10-20,1983455.920644617
2012-10-21,5955159.366795063
2012-10-22,1668463.618819976
2012-10-23,2885862.395293901
2012-10-24,2775098.52761534
2012-10-25,8339080.137404824
2012-10-26,7274386.276848699
2012-10-27,1804062.644710428
2012-10-28,1162509.646002963
2012-10-29,2223288.239609198
2012-10-30,4851140.36694999
2012-10-31,2791453.68163319
2012-11-01,4311567.375416858
2012-11-02,2190659.067364825
2012-11-03,1358067.994442242
2012-11-04,3639016.858427917
2012-11-05,2973000.101854579
2012-11-06,1851221.309040015
2012-11-07,5085840.298851969
2012-11-08,1797320.249276593
2012-11-09,2818818.495842305
2012-11-10,1539518.433059712
2012-11-11,3449729.455427883
2012-11-12,4253985.967915926
2012-11-13,4520939.419688927
2012-11-14,3069325.381269485
2012-11-15,2927798.131139391
2012-11-16,6419836.862405519
2012-11-17,3466171.720225316
2012-11-18,2058000.677853407
2012-11-19,3773473.053033196
2012-11-20,2398496.045637773
2012-11-21,2911918.350349346
2012-11-22,2429712.495444225
2012-11-23,3581394.270937476
2012-11-24,1676238.108464075
2012-11-25,3849751.685349802
2012-11-26,5235327.629948558
2012-11-27,3627216.411712374
2012-11-28,3167480.987528713
2012-11-29,2292759.638846658
2012-11-30,4736526.461237866
2012-12-01,2539833.149611682
2012-12-02,1591670.811618757
2012-12-03,3567906.383201105
2012-12-04,21563009.76129773
2012-12-05,4316674.426924696
2012-12-06,2161698.977342901
2012-12-07,9541246.72465691
2012-12-08,1418646.63708807
2012-12-09,3775533.526446099
2012-12-10,5022967.767108426
2012-12-11,3787720.898175878
2012-12-12,5801302.475202062
2012-12-13,9484701.93975696
2012-12-14,3548097.415758905
2012-12-15,1811197.427299097
2012-12-16,2739882.643170204
2012-12-17,2051695.606357054
2012-12-18,3700542.325900997
2012-12-19,3998395.725577407
2012-12-20,5845194.741853883
2012-12-21,3761822.131707448
2012-12-22,1674036.195305894
2012-12-23,1628422.3330338
2012-12-24,2009596.67165581
2012-12-25,1332991.249095011
2012-12-26,1567213.422323382
2012-12-27,1535077.746310061
2012-12-28,2420201.642408494
2012-12-29,2246243.934631095
2012-12-30,2354354.25367841
2012-12-31,12161800.3665441
2013-01-01,2200210.531724003
2013-01-02,2482020.254272598
2013-01-03,2742071.681420289
2013-01-04,5072189.915455087
2013-01-05,2112821.103191496
2013-01-06,1406261.546243189
2013-01-07,2131051.98443995
2013-01-08,5836493.887301841
2013-01-09,4291144.087539754
2013-01-10,4814560.120140864
2013-01-11,3347666.407936578
2013-01-12,1831844.408020967
2013-01-13,4293551.059842709
2013-01-14,2616355.505495383
2013-01-15,3991124.869036415
2013-01-16,3878504.74938777
2013-01-17,5344636.592954455
2013-01-18,4316440.901585213
2013-01-19,2590425.186506057
2013-01-20,2658614.721527147
2013-01-21,6429147.623116705
2013-01-22,12650060.98519691
2013-01-23,3921565.887202924
2013-01-24,9436239.556098966
2013-01-25,5840236.535867693
2013-01-26,5330696.106134824
2013-01-27,12489943.46187137
2013-01-28,5498795.232065391
2013-01-29,14135362.20325598
2013-01-30,16350545.95274829
2013-01-31,9852179.406497708
2013-02-01,29863042.88540787
2013-02-02,10953138.76943647
2013-02-03,3679138.341519625
2013-02-04,8856988.749157328
2013-02-05,7512733.001264887
2013-02-06,4116872.748173936
2013-02-07,5430084.792812772
2013-02-08,8496356.245513475
2013-02-09,10849740.73371236
2013-02-10,3088420.416738557
2013-02-11,5457846.163159514
2013-02-12,5345003.590110986
2013-02-13,7473845.300866019
2013-02-14,7216193.169433967
2013-02-15,22518232.48115329
2013-02-16,6011616.350967653
2013-02-17,5847553.738283897
2013-02-18,6753005.15243247
2013-02-19,6463669.353871465
2013-02-20,9586729.82649317
2013-02-21,3811037.553577248
2013-02-22,5478747.044381337
2013-02-23,5067412.502709913
2013-02-24,5750823.815838022
2013-02-25,32592034.54959325
2013-02-26,7310548.058235704
2013-02-27,2504356.312496029
2013-02-28,22570008.78670568
2013-03-01,6355313.688873469
2013-03-02,4023174.966092973
2013-03-03,3849901.688843293
2013-03-04,4398985.643934774
2013-03-05,11851492.05522952
2013-03-06,21916682.48416881
2013-03-07,13147464.6394166
2013-03-08,3846431.259987016
2013-03-09,10075401.75136149
2013-03-10,3364187.948006399
2013-03-11,6501529.894998546
2013-03-12,8071562.668579276
2013-03-13,7597875.275979971
2013-03-14,6535277.609264947
2013-03-15,7231031.903603356
2013-03-16,3727061.441327024
2013-03-17,5399068.476145479
2013-03-18,3786951.680053992
2013-03-19,9036995.888038896
2013-03-20,7618293.544632806
2013-03-21,14129099.54262787
2013-03-22,14779001.99842859
2013-03-23,9228214.400550216
2013-03-24,9461473.228275178
2013-03-25,12794685.01561162
2013-03-26,9184473.460627742
2013-03-27,10271266.70404881
2013-03-28,10067562.77399245
2013-03-29,8436590.46819203
2013-03-30,15857680.39261664
2013-03-31,3206426.275554889
2013-04-01,25186951.21062848
2013-04-02,12274813.23175916
2013-04-03,35716484.93150503
2013-04-04,11043485.91666415
2013-04-05,33955789.88786607
2013-04-06,11583380.18778661
2013-04-07,11938416.64748214
2013-04-08,18535245.50021346
2013-04-09,49699894.70195911
2013-04-10,35980488.74199899
2013-04-11,22544462.94069238
2013-04-12,12748818.23206286
2013-04-13,10205984.79945583
2013-04-14,9339614.69331808
2013-04-15,10226578.86370219
2013-04-16,24491990.90987655
2013-04-17,9157648.778929329
2013-04-18,3705544.435320775
2013-04-19,5180904.676998386
2013-04-20,5254718.013759661
2013-04-21,9618168.374691447
2013-04-22,5561583.014320241
2013-04-23,11014383.29061048
2013-04-24,12307113.89330005
2013-04-25,7609638.576144918
2013-04-26,3115506.988499845
2013-04-27,6692603.0109197
2013-04-28,3299652.706561302
2013-04-29,5522082.588680341
2013-04-30,3758528.975922097
2013-05-01,9770188.232153162
2013-05-02,5382347.039177949
2013-05-03,15068805.68591095
2013-05-04,2246445.651687916
2013-05-05,4855644.400213138
2013-05-06,2800975.068004915
2013-05-07,4314033.0028175
2013-05-08,2588723.843708638
2013-05-09,3850545.092161804
2013-05-10,5857373.090333708
2013-05-11,6425929.552235215
2013-05-12,2146554.656574346
2013-05-13,2351588.380607078
2013-05-14,4139497.09729968
2013-05-15,6911256.242330905
2013-05-16,2718932.098474585
2013-05-17,2756616.097649845
2013-05-18,6550810.269630562
2013-05-19,1610656.60730377
2013-05-20,2262050.177744883
2013-05-21,2255576.923090201
2013-05-22,2603235.312321752
2013-05-23,2441943.965174681
2013-05-24,2966751.980262513
2013-05-25,14561508.21971052
2013-05-26,937585.0754825776
2013-05-27,2961093.147393272
2013-05-28,2932194.338969483
2013-05-29,5246092.442043607
2013-05-30,4386174.032675511
2013-05-31,8022668.795033236
2013-06-01,2435478.077765172
2013-06-02,3427960.636150557
2013-06-03,3127354.619966721
2013-06-04,5837568.776743055
2013-06-05,10066656.29426983
2013-06-06,9735298.356303088
2013-06-07,5640910.931247709
2013-06-08,2561518.29786639
2013-06-09,8796454.818728609
2013-06-10,1814279.383908703
2013-06-11,6042240.622763052
2013-06-12,1620406.359478231
2013-06-13,2105668.547130248
2013-06-14,6288081.144110147
2013-06-15,2541381.393558716
2013-06-16,2955033.033774489
2013-06-17,1327421.652244902
2013-06-18,1937015.038668833
2013-06-19,2894494.145758224
2013-06-20,2077785.267615275
2013-06-21,1619851.613896958
2013-06-22,1895149.66870801
2013-06-23,2080223.059950499
2013-06-24,3518538.424306723
2013-06-25,6124723.210470922
2013-06-26,3201332.50436273
2013-06-27,3961451.08764561
2013-06-28,5767514.388029153
2013-06-29,6832934.823691166
2013-06-30,3623912.007400686
2013-07-01,15379785.18678126
2013-07-02,6410414.99567262
2013-07-03,9962927.263439294
2013-07-04,3563511.651858035
2013-07-05,8105774.376191832
2013-07-06,3013627.691318989
2013-07-07,2545429.763442848
2013-07-08,2476053.440193506
2013-07-09,2453693.888806491
2013-07-10,8287878.766410077
2013-07-11,3291384.203728207
2013-07-12,6637612.560693623
2013-07-13,5320501.874060657
2013-07-14,1560823.481265843
2013-07-15,2341070.828099445
2013-07-16,2910497.02784395
2013-07-17,4004959.522920015
2013-07-18,2977807.271115187
2013-07-19,2366023.024928566
2013-07-20,2929052.21079595
2013-07-21,2737263.415410904
2013-07-22,3593963.276097545
2013-07-23,2776917.867958101
2013-07-24,2297709.197240132
2013-07-25,3766031.03486979
2013-07-26,2481878.975684684
2013-07-27,1653910.672244506
2013-07-28,3337206.123285143
2013-07-29,5383668.480085442
2013-07-30,5483174.594618448
2013-07-31,5796474.429050229
2013-08-01,3319773.999652175
2013-08-02,11192252.66701984
2013-08-03,25593551.49416958
2013-08-04,1817782.752260663
2013-08-05,4627253.682012893
2013-08-06,2267134.228854146
2013-08-07,3418959.268607088
2013-08-08,4018027.730173149
2013-08-09,2402339.166077392
2013-08-10,3237017.397019155
2013-08-11,3240514.826316698
2013-08-12,3943068.444254499
2013-08-13,24597652.39366772
2013-08-14,4718659.811360406
2013-08-15,7007698.266212635
2013-08-16,5150449.520837692
2013-08-17,2704322.055331342
2013-08-18,2079563.036040353
2013-08-19,3633144.790811956
2013-08-20,5450694.763512853
2013-08-21,4222683.149865591
2013-08-22,2553248.535877992
2013-08-23,3769599.956262234
2013-08-24,1334537.82033372
2013-08-25,1730906.15068103
2013-08-26,2831634.364379483
2013-08-27,3011252.668883997
2013-08-28,3418066.275654534
2013-08-29,10568437.2055635
2013-08-30,4153695.683504687
2013-08-31,4901523.882291468
2013-09-01,3727989.58758891
2013-09-02,4309109.270220738
2013-09-03,7085701.136598881
2013-09-04,3481813.39505754
2013-09-05,2415749.792469361
2013-09-06,2499027.171067391
2013-09-07,3073667.564877982
2013-09-08,1451729.671472902
2013-09-09,9773619.783819675
2013-09-10,2381508.261013887
2013-09-11,4392520.286360428
2013-09-12,6836499.131549225
2013-09-13,2295654.968482732
2013-09-14,6090092.158575704
2013-09-15,2253746.301906233
2013-09-16,3231160.652847088
2013-09-17,2417482.96947874
2013-09-18,6753936.891506037
2013-09-19,11035240.9707149
2013-09-20,1778979.608213534
2013-09-21,3658339.503326287
2013-09-22,3719211.96467823
2013-09-23,2373143.867199144
2013-09-24,3888254.005254915
2013-09-25,4707227.758324822
2013-09-26,2313448.897243879
2013-09-27,2170633.800822911
2013-09-28,1699159.862967659
2013-09-29,2859399.948844071
2013-09-30,3986563.975524592
2013-10-01,3745631.885617694
2013-10-02,9959398.915743489
2013-10-03,3719395.936892306
2013-10-04,1683015.948157643
2013-10-05,3222908.579369025
2013-10-06,2539561.990522108
2013-10-07,19198592.40573192
2013-10-08,2061229.997253411
2013-10-09,7223514.993183737
2013-10-10,3347881.789240717
2013-10-11,2927714.907077598
2013-10-12,1790425.242084789
2013-10-13,3161443.496570347
2013-10-14,3665857.324910971
2013-10-15,4072899.16700642
2013-10-16,14039845.29020784
2013-10-17,4313525.590514134
2013-10-18,4430091.253276831
2013-10-19,6968253.204372114
2013-10-20,5834509.17919087
2013-10-21,40424391.25638917
2013-10-22,18769795.41741075
2013-10-23,19308095.11134554
2013-10-24,6866999.059302345
2013-10-25,56267209.04009428
2013-10-26,4410486.801003433
2013-10-27,5434498.767413009
2013-10-28,3099670.908812707
2013-10-29,7840052.341067727
2013-10-30,3150333.208260605
2013-10-31,6873259.763021054
2013-11-01,5476168.130844546
2013-11-02,2779342.361056258
2013-11-03,4537474.621663511
2013-11-04,16556402.10952736
2013-11-05,13045578.08268478
2013-11-06,8339791.166461745
2013-11-07,20581563.70215677
2013-11-08,14031129.9572626
2013-11-09,12502875.32640044
2013-11-10,11966683.94468169
2013-11-11,12187890.07636917
2013-11-12,13631892.015294
2013-11-13,16091106.92176131
2013-11-14,22948050.02756291
2013-11-15,15766658.73857573
2013-11-16,12560859.49735519
2013-11-17,18781904.37945646
2013-11-18,22111669.75823709
2013-11-19,25221053.40390345
2013-11-20,24954302.16124681
2013-11-21,10493667.65999882
2013-11-22,15718508.51740189
2013-11-23,15436220.28170726
2013-11-24,9516499.851279214
2013-11-25,40517354.85788281
2013-11-26,45866309.18685719
2013-11-27,26296750.71398207
2013-11-28,23028221.76165837
2013-11-29,17177262.57823934
2013-11-30,8557196.141203355
2013-12-01,9423066.376626374
2013-12-02,11290006.25949631
2013-12-03,8020143.028248243
2013-12-04,6751067.695614972
2013-12-05,8959249.545639653
2013-12-06,7957657.604383996
2013-12-07,9433996.953018386
2013-12-08,3248736.091940651
2013-12-09,3688906.758765528
2013-12-10,4550457.9902351
2013-12-11,7688873.223895711
2013-12-12,3307184.600711252
2013-12-13,5014610.142880213
2013-12-14,5884143.601152842
2013-12-15,5750789.835866064
2013-12-16,14151615.17687302
2013-12-17,5254802.680351882
2013-12-18,19985279.33197101
2013-12-19,4848834.273020205
2013-12-20,12017996.6772117
2013-12-21,125912123.6245847
2013-12-22,3739313.23922499
2013-12-23,3038125.200367962
2013-12-24,6050357.682972216
2013-12-25,28612403.67627228
2013-12-26,2704173.644228499
2013-12-27,10314862.26082737
2013-12-28,1030081.168758024
2013-12-29,2882826.279267782
2013-12-30,2238516.166759553
2013-12-31,2416139.186485849
2014-01-01,2058979.425738832
2014-01-02,4028927.177386408
2014-01-03,4159198.738953215
2014-01-04,11937515.61046558
2014-01-05,7750133.612174695
2014-01-06,3742402.304476926
2014-01-07,4368059.02564274
2014-01-08,7815459.061642002
2014-01-09,2765201.834969957
2014-01-10,2235488.061824545
2014-01-11,14304026.09038329
2014-01-12,5568221.783460775
2014-01-13,3056268.586480874
2014-01-14,8306659.095477487
2014-01-15,4984858.95128797
2014-01-16,5107682.507296038
2014-01-17,2726429.952945181
2014-01-18,2044053.208805459
2014-01-19,5531993.474302185
2014-01-20,3412245.99947594
2014-01-21,3459593.338734492
2014-01-22,5530554.942387613
2014-01-23,2290488.340801281
2014-01-24,5247945.179532885
2014-01-25,3706752.362718614
2014-01-26,1734764.652627795
2014-01-27,5159058.919266229
2014-01-28,2874367.096721409
2014-01-29,4348157.720807889
2014-01-30,3874042.569268645
2014-01-31,2006216.988927372
2014-02-01,4595995.553800641
2014-02-02,2561547.163157586
2014-02-03,1749585.780923349
2014-02-04,4392999.209840195
2014-02-05,143572272.0924751
2014-02-06,8645504.596982352
2014-02-07,5524957.423820845
2014-02-08,2957050.957107129
2014-02-09,3319787.430464088
2014-02-10,5707505.53023386
2014-02-11,4949065.088528791
2014-02-12,5695795.940140998
2014-02-13,2974173.302764242
2014-02-14,3991552.514364014
2014-02-15,2701208.171352512
2014-02-16,4158481.073925389
2014-02-17,2230144.755949174
2014-02-18,8544054.814622965
2014-02-19,2485801.031829758
2014-02-20,6279067.006167331
2014-02-21,3400584.468294654
2014-02-22,1500527.001572628
2014-02-23,3366253.290764373
2014-02-24,6584115.538644945
2014-02-25,13202280.64511354
2014-02-26,2767287.507989496
2014-02-27,3158945.369321176
2014-02-28,11192280.33563014
2014-03-01,12218823.95743039
2014-03-02,4977090.386385292
2014-03-03,7586266.725661674
2014-03-04,5016206.254946748
2014-03-05,6974563.877661324
2014-03-06,3944990.104223965
2014-03-07,172916809.7294087
2014-03-08,3604638.164574731
2014-03-09,102563788.2463077
2014-03-10,15477756.56765714
2014-03-11,5834629.548496876
2014-03-12,7357926.92708099
2014-03-13,3864129.863949965
2014-03-14,2312704.425689647
2014-03-15,1849452.249058315
2014-03-16,2157429.171830884
2014-03-17,2994847.90892719
2014-03-18,5797196.571869547
2014-03-19,6485198.310400261
2014-03-20,6535328.021060308
2014-03-21,14831725.98179916
2014-03-22,5168159.257620747
2014-03-23,1742061.792879186
2014-03-24,3895369.045385876
2014-03-25,4276411.199292039
2014-03-26,2853473.153719842
2014-03-27,6169301.993466803
2014-03-28,6001094.731081806
2014-03-29,2579827.269599666
2014-03-30,4150656.770514576
2014-03-31,3747905.648867415
2014-04-01,2702106.096932117
2014-04-02,2577546.072649441
2014-04-03,13683866.05213233
2014-04-04,1533678.132222506
2014-04-05,11413242.97474089
2014-04-06,7862900.843009926
2014-04-07,1953896.988943148
2014-04-08,1515897.488202421
2014-04-09,9816834.887599433
2014-04-10,8105675.086758515
2014-04-11,5227917.349783753
2014-04-12,1092091.25175668
2014-04-13,1578251.614320655
2014-04-14,3040242.598072838
2014-04-15,3719777.214958701
2014-04-16,17959390.35198691
2014-04-17,5788338.681951054
2014-04-18,2660096.249830989
2014-04-19,1032656.235397258
2014-04-20,2677036.433838304
2014-04-21,1860677.418190303
2014-04-22,3339205.985258119
2014-04-23,5577143.472671902
2014-04-24,3098305.258813024
2014-04-25,2406160.329372732
2014-04-26,1403062.594425813
2014-04-27,1672485.219402469
2014-04-28,2837654.758339228
2014-04-29,3751990.49944065
2014-04-30,1954436.834454898
2014-05-01,1967029.532821478
2014-05-02,2197565.597056194
2014-05-03,1050075.557794433
2014-05-04,1319505.044982173
2014-05-05,3072673.007136463
2014-05-06,2263345.406437145
2014-05-07,2845973.482799689
2014-05-08,2181794.060218098
2014-05-09,1463113.274116375
2014-05-10,1571235.739340122
2014-05-11,1662994.235169255
2014-05-12,1673886.348983624
2014-05-13,1470037.888807068
2014-05-14,7440889.251789702
2014-05-15,2284650.365900335
2014-05-16,1639815.504949904
2014-05-17,1118002.247349288
2014-05-18,2046615.804619487
2014-05-19,2492864.197837842
2014-05-20,3236562.644944795
2014-05-21,2888364.308019615
2014-05-22,3351406.189334359
2014-05-23,2839210.255398881
2014-05-24,11503643.92930888
2014-05-25,6700503.969832659
2014-05-26,4204157.974118496
2014-05-27,29369872.9748014
2014-05-28,3146618.021615011
2014-05-29,2458978.291384306
2014-05-30,5384610.098980835
2014-05-31,5815269.98090657
2014-06-01,4528830.812027006
2014-06-02,4395425.992455409
2014-06-03,3594832.242639958
2014-06-04,3992681.830842035
2014-06-05,2928065.465769514
2014-06-06,3570626.404168373
2014-06-07,2050606.036410364
2014-06-08,2532958.372206749
2014-06-09,6014677.5992346
2014-06-10,10904889.36202995
2014-06-11,13162445.20176003
2014-06-12,50666713.2962761
2014-06-13,4349629.861853631
2014-06-14,1584272.479975085
2014-06-15,1184243.396647328
2014-06-16,3549703.628624151
2014-06-17,2254598.788072575
2014-06-18,2460987.965543883
2014-06-19,2774222.922612107
2014-06-20,2128725.574128488
2014-06-21,1693406.004431348
2014-06-22,2124792.820922383
2014-06-23,4501851.549057977
2014-06-24,7773153.987513636
2014-06-25,1777472.442050808
2014-06-26,4172256.536271766
2014-06-27,2407291.195815587
2014-06-28,1132137.830645339
2014-06-29,13706186.10786511
2014-06-30,5434406.291882734
2014-07-01,4722841.807943285
2014-07-02,6058706.855572743
2014-07-03,5550047.992395493
2014-07-04,1901411.953139122
2014-07-05,2156388.708021886
2014-07-06,1586565.875405677
2014-07-07,2467756.073741623
2014-07-08,1137821.486526369
2014-07-09,6522537.589301214
2014-07-10,3096157.457591068
2014-07-11,1466543.028589213
2014-07-12,2111007.81205366
2014-07-13,1365987.931968353
2014-07-14,1979056.22184431
2014-07-15,2324843.119371566
2014-07-16,1806129.1164531
2014-07-17,3287903.39096858
2014-07-18,3062437.238607945
2014-07-19,3982518.70759979
2014-07-20,2729053.539910336
2014-07-21,5659391.078453602
2014-07-22,2937233.954456217
2014-07-23,7349015.504590096
2014-07-24,4526859.025903844
2014-07-25,2880512.630205692
2014-07-26,1849529.315980071
2014-07-27,2713939.328727204
2014-07-28,5044020.625972992
2014-07-29,3732021.017139378
2014-07-30,4355679.359916611
2014-07-31,3327304.283705217
2014-08-01,7707948.068075404
2014-08-02,2743172.299124876
2014-08-03,2074802.918101385
2014-08-04,7182503.571940128
2014-08-05,25722572.77731574
2014-08-06,4285730.871575675
2014-08-07,3983534.110320057
2014-08-08,2224401.896575145
2014-08-09,2565562.736345225
2014-08-10,2263819.624595272
2014-08-11,2505959.992260606
2014-08-12,3319034.04372359
2014-08-13,4347437.396246905
2014-08-14,3507439.845085187
2014-08-15,4393182.51785475
2014-08-16,2713484.561542643
2014-08-17,3350082.77356058
2014-08-18,6213282.415493976
2014-08-19,3223191.438276567
2014-08-20,2890534.08869795
2014-08-21,8106808.235803293
2014-08-22,4600776.252005989
2014-08-23,8372516.209900611
2014-08-24,1841469.419939862
2014-08-25,6561536.407229604
2014-08-26,3604083.398446929
2014-08-27,2622841.531296405
2014-08-28,11782318.349714
2014-08-29,10048098.88645905
2014-08-30,2652491.299775446
2014-08-31,3451134.210213687
2014-09-01,5983732.06533065
2014-09-02,4001420.095256309
2014-09-03,3405723.507383765
2014-09-04,5102122.188142715
2014-09-05,5825269.082134727
2014-09-06,9295387.330145003
2014-09-07,3970651.51977082
2014-09-08,2159061.982954313
2014-09-09,10179549.4607712
2014-09-10,4904706.480315373
2014-09-11,3530250.831496407
2014-09-12,4056143.441384171
2014-09-13,1714196.205980763
2014-09-14,1933769.444993696
2014-09-15,5584826.424505086
2014-09-16,2455897.057727479
2014-09-17,4086064.255763811
2014-09-18,6574056.616409361
2014-09-19,5546292.515418632
2014-09-20,13910873.45111679
2014-09-21,4375568.620714615
2014-09-22,1911085.782848623
2014-09-23,4273223.053876632
2014-09-24,2439961.758919768
2014-09-25,2645443.660914097
2014-09-26,5216885.031809501
2014-09-27,1721293.513283219
2014-09-28,4979575.227276791
2014-09-29,8356117.7298675
2014-09-30,5058857.061221004
2014-10-01,4022519.258860311
2014-10-02,4182717.209315835
2014-10-03,8488598.960307598
2014-10-04,6571508.601849029
2014-10-05,23495307.93737799
2014-10-06,12417297.98862471
2014-10-07,5522841.243510448
2014-10-08,7408410.048041538
2014-10-09,4069505.765269138
2014-10-10,8276920.993263935
2014-10-11,1431209.304023522
2014-10-12,6459013.262637141
2014-10-13,5880841.152842679
2014-10-14,3954001.827136972
2014-10-15,8275339.625197029
2014-10-16,3170763.117178042
2014-10-17,4645727.461525091
2014-10-18,1404498.201091298
2014-10-19,2241877.423857866
2014-10-20,2194714.349689883
2014-10-21,1729900.867006924
2014-10-22,5089053.855236962
2014-10-23,4977345.390229729
2014-10-24,6534506.710396581
2014-10-25,2110688.20979128
2014-10-26,1269785.533822008
2014-10-27,3473569.519714143
2014-10-28,3001518.879272328
2014-10-29,3638292.556077716
2014-10-30,3261698.910007481
2014-10-31,4183091.568538522
2014-11-01,4553841.507753553
2014-11-02,2249336.628987368
2014-11-03,2864427.685466284
2014-11-04,4935216.433923974
2014-11-05,4099109.193273809
2014-11-06,5215697.244990613
2014-11-07,14682442.12301872
2014-11-08,5607256.263206476
2014-11-09,5874740.668347058
2014-11-10,3578650.97871341
2014-11-11,3863314.665979198
2014-11-12,5729322.009815357
2014-11-13,8308977.586406575
2014-11-14,4601725.112671738
2014-11-15,2004656.868890636
2014-11-16,1991899.424382848
2014-11-17,3834350.473907876
2014-11-18,3184424.04850808
2014-11-19,5286905.328700555
2014-11-20,5197397.033140894
2014-11-21,2467603.180387828
2014-11-22,1498528.519007839
2014-11-23,1331230.955908517
2014-11-24,2634496.821838046
2014-11-25,3388167.869635962
2014-11-26,4299924.81034549
2014-11-27,1920279.721928659
2014-11-28,53217511.46643628
2014-11-29,3035730.991407027
2014-11-30,2668740.802760175
2014-12-01,5044761.699942387
2014-12-02,6726183.742144652
2014-12-03,3644917.610192745
2014-12-04,18216296.50872165
2014-12-05,2657977.979046684
2014-12-06,1835907.962792377
2014-12-07,4089022.855116214
2014-12-08,29363736.96541084
2014-12-09,23738779.62008359
2014-12-10,5135513.037656223
2014-12-11,3586203.982038975
2014-12-12,3115523.590656812
2014-12-13,2080572.184631342
2014-12-14,1909248.728199262
2014-12-15,3370662.815547723
2014-12-16,3203272.88020882
2014-12-17,3285694.907730901
2014-12-18,4995431.969963401
2014-12-19,4062492.256243095
2014-12-20,3037731.804980385
2014-12-21,5664039.790601078
2014-12-22,3416065.94775568
2014-12-23,4088073.275102802
2014-12-24,26987749.98479399
2014-12-25,1457311.532585052
2014-12-26,1758908.87641811
2014-12-27,1349125.300718554
2014-12-28,1040726.758422436
2014-12-29,4748781.215813826
2014-12-30,32972636.88578411
2014-12-31,8673700.628297623
2015-01-01,1074882.66911621
2015-01-02,2357114.038108278
2015-01-03,5079086.923263265
2015-01-04,6741773.382507852
2015-01-05,5754626.556597584
2015-01-06,18606881.78470908
2015-01-07,6374565.015471998
2015-01-08,11987206.46884206
2015-01-09,6982877.600841453
2015-01-10,3748307.94753549
2015-01-11,6552025.910739793
2015-01-12,4219513.790906951
2015-01-13,13242448.55837727
2015-01-14,14502225.11390603
2015-01-15,12111605.06139212
2015-01-16,4698192.708853172
2015-01-17,2370102.676802393
2015-01-18,3534391.707620122
2015-01-19,2058371.573655912
2015-01-20,2657397.627647312
2015-01-21,15908827.11432545
2015-01-22,2185168.458743104
2015-01-23,1929525.830173221
2015-01-24,3666219.762465946
2015-01-25,1418464.775683554
2015-01-26,18810100.85214288
2015-01-27,3084448.196601981
2015-01-28,3893012.386611861
2015-01-29,3737940.647661642
2015-01-30,2453996.945605145
2015-01-31,3255922.283254891
2015-02-01,1952216.487520095
2015-02-02,4242888.498482823
2015-02-03,4196114.740338204
2015-02-04,6952571.286199299
2015-02-05,2672821.262679512
2015-02-06,2591134.930247193
2015-02-07,2002747.939563476
2015-02-08,1484390.228096376
2015-02-09,4418864.227165631
2015-02-10,2298438.016287397
2015-02-11,3536664.472094223
2015-02-12,2555435.837030028
2015-02-13,4497488.00049384
2015-02-14,3309507.892148276
2015-02-15,3433459.977191616
2015-02-16,2447084.485845597
2015-02-17,2466945.092858246
2015-02-18,2080569.256853214
2015-02-19,9979761.943898974
2015-02-20,28522529.65338852
2015-02-21,1311259.99943835
2015-02-22,1623418.04721753
2015-02-23,4530880.281699494
2015-02-24,2775109.046607076
2015-02-25,8013785.237174512
2015-02-26,1977355.235230376
2015-02-27,3728496.024638604
2015-02-28,6718190.531331117
2015-03-01,18414790.73973366
2015-03-02,3571245.004110464
2015-03-03,12878408.24206917
2015-03-04,9240200.342430998
2015-03-05,11065797.84589815
2015-03-06,8191040.388273476
2015-03-07,13231358.01462395
2015-03-08,9260354.920209086
2015-03-09,11689911.6665178
2015-03-10,24760702.19368171
2015-03-11,5359958.212238827
2015-03-12,11058421.33919132
2015-03-13,7253748.447697257
2015-03-14,1635306.017609726
2015-03-15,1951426.584126266
2015-03-16,5804773.883303945
2015-03-17,2757720.319873456
2015-03-18,6140580.160785759
2015-03-19,4949838.645449228
2015-03-20,2540915.512398323
2015-03-21,3993465.461108087
2015-03-22,1784304.712341119
2015-03-23,3257509.901127683
2015-03-24,2889621.954974392
2015-03-25,4955771.453809829
2015-03-26,2973622.698602016
2015-03-27,3949027.714398959
2015-03-28,1991186.770758215
2015-03-29,1161831.765895427
2015-03-30,3036755.19432614
2015-03-31,2262653.614465083
2015-04-01,9939672.212697845
2015-04-02,13748274.96652521
2015-04-03,3311874.834444364
2015-04-04,1870750.366409261
2015-04-05,1736636.505055717
2015-04-06,2378139.095457953
2015-04-07,2491460.101322458
2015-04-08,3772368.356350897
2015-04-09,4701364.455980169
2015-04-10,11435041.18476777
2015-04-11,1366869.950542726
2015-04-12,3440497.640083202
2015-04-13,4402030.101355744
2015-04-14,3068048.699992603
2015-04-15,15944962.75391619
2015-04-16,2209430.722770241
2015-04-17,2592248.590725296
2015-04-18,1096757.140897783
2015-04-19,1030530.66288656
2015-04-20,2791341.840042867
2015-04-21,4573434.200494987
2015-04-22,2601915.986710305
2015-04-23,53682866.64118204
2015-04-24,2308740.494463211
2015-04-25,3530290.965215127
2015-04-26,1984617.211021058
2015-04-27,5242336.328971524
2015-04-28,3298228.597044261
2015-04-29,2753144.328417416
2015-04-30,2141572.126055698
2015-05-01,2391109.128748941
2015-05-02,1155559.102314605
2015-05-03,3888398.501334246
2015-05-04,2831419.498901581
2015-05-05,3292751.443800297
2015-05-06,2599140.431062842
2015-05-07,2203137.78769808
2015-05-08,2870165.673328449
2015-05-09,2328942.322580144
2015-05-10,1652326.537089485
2015-05-11,6742027.855517055
2015-05-12,3717893.381851731
2015-05-13,2524718.474890404
2015-05-14,3520673.287793434
2015-05-15,2720099.313124617
2015-05-16,1760506.420338036
2015-05-17,1387013.799448887
2015-05-18,2786567.240476071
2015-05-19,4573709.719707035
2015-05-20,2692192.90383223
2015-05-21,1880629.482791382
2015-05-22,8547170.749854
2015-05-23,2349979.270770483
2015-05-24,1504047.064080765
2015-05-25,3413992.189668462
2015-05-26,2987888.396201874
2015-05-27,4207044.302576507
2015-05-28,4909509.693098638
2015-05-29,3901327.34173888
2015-05-30,13924564.3792204
2015-05-31,3543083.105107082
2015-06-01,6522873.115418618
2015-06-02,4439437.56771297
2015-06-03,3606442.348241073
2015-06-04,3333060.698040021
2015-06-05,2230386.982792312
2015-06-06,1213271.365624598
2015-06-07,3598144.55170123
2015-06-08,2664979.060705686
2015-06-09,2410039.396711922
2015-06-10,4977061.221913633
2015-06-11,4060655.832957209
2015-06-12,8315681.52728718
2015-06-13,3459705.63142562
2015-06-14,3241711.355854692
2015-06-15,3576226.022674327
2015-06-16,7329409.051401086
2015-06-17,8091277.565347777
2015-06-18,2826495.243620851
2015-06-19,9346872.74894083
2015-06-20,11043391.73945444
2015-06-21,5607143.9312103
2015-06-22,2973673.875526262
2015-06-23,4318451.444895108
2015-06-24,4086532.823891589
2015-06-25,3257682.373722553
2015-06-26,3193501.004153508
2015-06-27,3119027.559973967
2015-06-28,1851626.963816665
2015-06-29,4534822.614306902
2015-06-30,5497684.171846725
2015-07-01,3528688.72447135
2015-07-02,4434503.349457108
2015-07-03,7641246.629089244
2015-07-04,1419005.231904564
2015-07-05,5458697.027040136
2015-07-06,9619250.719384125
2015-07-07,8794831.483238086
2015-07-08,13004026.4366972
2015-07-09,7548606.676686263
2015-07-10,7523593.829695207
2015-07-11,5896784.175244585
2015-07-12,9214820.39644173
2015-07-13,3428180.112158395
2015-07-14,3199108.529310016
2015-07-15,3538747.348349681
2015-07-16,3982315.008100999
2015-07-17,8249395.007219549
2015-07-18,2680664.145680517
2015-07-19,1928557.634885502
2015-07-20,7139413.383700272
2015-07-21,3952690.036738083
2015-07-22,2419668.297546935
2015-07-23,2623155.756920578
2015-07-24,2758867.322852033
2015-07-25,5038499.340137635
2015-07-26,2870491.225641757
2015-07-27,3942922.081470825
2015-07-28,3825504.055480122
2015-07-29,3605542.995445034
2015-07-30,3683914.491162907
2015-07-31,4494791.770404871
2015-08-01,1734053.478488292
2015-08-02,2186980.659831353
2015-08-03,2856818.144127623
2015-08-04,4870296.393754232
2015-08-05,3273723.228961223
2015-08-06,2850283.157986344
2015-08-07,2463461.89072337
2015-08-08,8009642.076210205
2015-08-09,45921500.87523874
2015-08-10,2533049.553764581
2015-08-11,4077247.207777697
2015-08-12,3384983.398519492
2015-08-13,4104323.462928896
2015-08-14,7062894.350398289
2015-08-15,3597070.878691284
2015-08-16,4688425.32319387
2015-08-17,5010908.346317427
2015-08-18,4314804.100829777
2015-08-19,9072038.535004284
2015-08-20,5687114.803814815
2015-08-21,4123629.928235174
2015-08-22,5170571.935946298
2015-08-23,10096552.39357822
2015-08-24,21893901.69709989
2015-08-25,28359574.12126438
2015-08-26,17008350.06414314
2015-08-27,6948944.841836321
2015-08-28,3888750.306810714
2015-08-29,3691381.932861581
2015-08-30,5030413.328906211
2015-08-31,3750780.128777889
2015-09-01,4694635.695583066
2015-09-02,5780441.320241007
2015-09-03,7218794.339052156
2015-09-04,2683836.405671965
2015-09-05,2470232.927970358
2015-09-06,3861352.198035122
2015-09-07,2095240.254818345
2015-09-08,3871415.920997628
2015-09-09,7776762.514008558
2015-09-10,13812042.30989969
2015-09-11,2438544.42307259
2015-09-12,1288864.666777663
2015-09-13,1688500.126021809
2015-09-14,2249157.515815378
2015-09-15,4225587.261256953
2015-09-16,3426716.695503951
2015-09-17,2777467.855601036
2015-09-18,2169601.836963414
2015-09-19,2456559.258137786
2015-09-20,2464414.408489382
2015-09-21,11821289.66315031
2015-09-22,4174762.53242215
2015-09-23,8360692.046556257
2015-09-24,2378161.238018068
2015-09-25,3176779.809236335
2015-09-26,2514275.982756024
2015-09-27,1403910.898157737
2015-09-28,5675660.451989033
2015-09-29,2470349.874417541
2015-09-30,4613124.303081661
2015-10-01,5150127.275484479
2015-10-02,2287765.732664106
2015-10-03,3220216.949796583
2015-10-04,2674852.971557324
2015-10-05,3841649.46194768
2015-10-06,3857762.85331188
2015-10-07,13607731.7338099
2015-10-08,5078513.441800673
2015-10-09,2409693.901100912
2015-10-10,3130037.294024609
2015-10-11,2425147.3489374
2015-10-12,10121131.817377
2015-10-13,5161416.052486709
2015-10-14,10265261.48527481
2015-10-15,5310127.637199573
2015-10-16,4112593.529060012
2015-10-17,4175427.374571331
2015-10-18,2572016.827458924
2015-10-19,5199846.792524224
2015-10-20,6217571.760762767
2015-10-21,5494516.729542468
2015-10-22,5940226.188983971
2015-10-23,3644413.348942814
2015-10-24,1973367.012340281
2015-10-25,4736766.891293372
2015-10-26,4043595.651364123
2015-10-27,5762458.487307179
2015-10-28,41007338.88091565
2015-10-29,8931592.585213602
2015-10-30,14991737.60160807
2015-10-31,15196283.2774163
2015-11-01,14061466.58563678
2015-11-02,6245454.588538042
2015-11-03,25462826.41906602
2015-11-04,25412402.16264316
2015-11-05,13604826.39724705
2015-11-06,5604278.536199356
2015-11-07,26896745.05207263
2015-11-08,6324193.083770891
2015-11-09,19577093.35397584
2015-11-10,13056031.63962492
2015-11-11,9184208.169030914
2015-11-12,4557774.351827333
2015-11-13,16324422.8223776
2015-11-14,5443927.519183108
2015-11-15,3392963.087815036
2015-11-16,3931910.571246983
2015-11-17,9617521.324341435
2015-11-18,3152153.085955464
2015-11-19,5571881.362917174
2015-11-20,4110443.287480885
2015-11-21,3250145.34885314
2015-11-22,6187162.662874376
2015-11-23,2772127.504873836
2015-11-24,4066380.006046528
2015-11-25,2855861.724774371
2015-11-26,4434698.349391474
2015-11-27,9390534.766161406
2015-11-28,2852392.763337211
2015-11-29,2100084.674376048
2015-11-30,5447628.297507289
2015-12-01,5520737.85487108
2015-12-02,8372031.323759568
2015-12-03,5245585.637362489
2015-12-04,5954532.381888862
2015-12-05,6600847.733378034
2015-12-06,10905019.35362728
2015-12-07,5501884.044927031
2015-12-08,3738680.927068588
2015-12-09,18981558.30009346
2015-12-10,5574636.146443103
2015-12-11,9156097.307512097
2015-12-12,5644563.801984543
2015-12-13,6277109.162619806
2015-12-14,23094073.51002656
2015-12-15,7045580.954548378
2015-12-16,4634121.609838656
2015-12-17,4277502.053691778
2015-12-18,3799045.081391046
2015-12-19,14397706.48545336
2015-12-20,3136105.025012701
2015-12-21,6041269.873648635
2015-12-22,5456266.613126196
2015-12-23,6207025.570972072
2015-12-24,7119539.745119284
2015-12-25,12927496.52799898
2015-12-26,3741037.547535989
2015-12-27,3144858.035079851
2015-12-28,3688099.795156612
2015-12-29,2912486.714883629
2015-12-30,2973814.196891116
2015-12-31,3808829.364548185
2016-01-01,1734516.492278634
2016-01-02,1894188.277169346
2016-01-03,3807911.658144396
2016-01-04,3561119.396215177
2016-01-05,4981324.938497099
2016-01-06,3992880.400703839
2016-01-07,43716045.86730573
2016-01-08,13069888.50824899
2016-01-09,2437160.158326407
2016-01-10,11321060.85506598
2016-01-11,6382794.589438128
2016-01-12,4245252.84025549
2016-01-13,11884884.99053726
2016-01-14,2566447.171115532
2016-01-15,16632079.84916875
2016-01-16,8101778.173759211
2016-01-17,3631466.540227555
2016-01-18,4162065.343015768
2016-01-19,8023592.733984102
2016-01-20,5948312.756067296
2016-01-21,7359378.826542199
2016-01-22,40947028.45510047
2016-01-23,25182601.84095833
2016-01-24,5784480.908814021
2016-01-25,15429251.30149246
2016-01-26,10418294.48242466
2016-01-27,6285434.418577919
2016-01-28,9905994.046326144
2016-01-29,6056579.453613793
2016-01-30,9240130.97893865
2016-01-31,4939266.631945747
2016-02-01,13509532.56036001
2016-02-02,4259391.588624194
2016-02-03,3837867.264113168
2016-02-04,7390321.88713914
2016-02-05,6182283.638843326
2016-02-06,5318178.982172696
2016-02-07,4650824.721381766
2016-02-08,3787323.672029784
2016-02-09,7175768.470667498
2016-02-10,6831358.610061011
2016-02-11,11720826.23462679
2016-02-12,5392882.552332037
2016-02-13,4748370.445569408
2016-02-14,4277926.35140436
2016-02-15,13260923.33930333
2016-02-16,10612723.16478834
2016-02-17,8878588.65802122
2016-02-18,3555346.257003061
2016-02-19,10050507.86290067
2016-02-20,6003528.097487493
2016-02-21,4745942.445157753
2016-02-22,6234492.533988819
2016-02-23,5056784.725944952
2016-02-24,9791434.313423544
2016-02-25,9953878.44947558
2016-02-26,5715651.819668582
2016-02-27,4083112.152021831
2016-02-28,10678031.63912033
2016-02-29,13283535.71251012
2016-03-01,39397849.55967231
2016-03-02,10187683.73631295
2016-03-03,15220050.5446874
2016-03-04,9831597.80921395
2016-03-05,29604250.14324507
2016-03-06,9219327.914948568
2016-03-07,13836178.96256266
2016-03-08,10354132.39275699
2016-03-09,13179168.49626039
2016-03-10,13352685.64929388
2016-03-11,7469960.530921064
2016-03-12,6538428.176787572
2016-03-13,8642082.824168103
2016-03-14,10973751.32082408
2016-03-15,8929047.109369453
2016-03-16,8144506.18822147
2016-03-17,7675934.661876467
2016-03-18,6996569.766568886
2016-03-19,5152930.667953791
2016-03-20,4010225.356185477
2016-03-21,13962789.70092163
2016-03-22,9419060.060625438
2016-03-23,3735695.290287176
2016-03-24,5726514.613467974
2016-03-25,9397181.000243815
2016-03-26,7092035.633582197
2016-03-27,4132241.611744143
2016-03-28,7593576.814094577
2016-03-29,5852833.706917781
2016-03-30,7447649.254820621
2016-03-31,9432236.0497741
2016-04-01,6923873.926268824
2016-04-02,4622210.415420776
2016-04-03,5959593.257857216
2016-04-04,4338853.304414732
2016-04-05,6250773.401973508
2016-04-06,9648708.239902323
2016-04-07,22735316.06699602
2016-04-08,5170317.703731022
2016-04-09,2784725.302064442
2016-04-10,12933484.76649541
2016-04-11,6475514.116537077
2016-04-12,9608361.601200752
2016-04-13,4223836.794642327
2016-04-14,4046251.134428675
2016-04-15,4202095.958274968
2016-04-16,5493066.765686749
2016-04-17,3368705.176023206
2016-04-18,4394586.822360753
2016-04-19,4388501.41091282
2016-04-20,6274373.415618819
2016-04-21,4287615.694776038
2016-04-22,6791637.62524169
2016-04-23,4081710.688172916
2016-04-24,6646851.833236254
2016-04-25,13583079.19181733
2016-04-26,7145089.701826608
2016-04-27,5601105.984553375
2016-04-28,7103056.063461835
2016-04-29,6099598.528083742
2016-04-30,3473051.442924177
2016-05-01,5705304.325153219
2016-05-02,3570126.798180541
2016-05-03,2812387.857492649
2016-05-04,6312316.691039284
2016-05-05,3374345.202711986
2016-05-06,6270382.821220233
2016-05-07,10119082.55387322
2016-05-08,3374675.340878438
2016-05-09,5751256.005846425
2016-05-10,8915366.13191106
2016-05-11,7913352.601438793
2016-05-12,5394119.454843393
2016-05-13,4528796.370540368
2016-05-14,8893945.248319905
2016-05-15,2545211.424107981
2016-05-16,8050966.389843502
2016-05-17,50301185.79000242
2016-05-18,8811377.349790217
2016-05-19,12010062.09006667
2016-05-20,11704389.25683633
2016-05-21,4177084.650089005
2016-05-22,4804291.972235573
2016-05-23,6276009.160997117
2016-05-24,4900551.068582062
2016-05-25,8238417.065803176
2016-05-26,6274190.833062617
2016-05-27,34658738.10628175
2016-05-28,10390172.34354326
2016-05-29,13078793.89375567
2016-05-30,7692754.367445393
2016-05-31,9851277.066169051
2016-06-01,9357325.81473122
2016-06-02,18393093.04716702
2016-06-03,5181301.143783118
2016-06-04,3932823.086440482
2016-06-05,6433331.459018006
2016-06-06,11121648.94530512
2016-06-07,11553411.06820296
2016-06-08,5674761.9551846
2016-06-09,6423561.961743697
2016-06-10,7163206.970397383
2016-06-11,6406576.10592006
2016-06-12,27332467.97967369
2016-06-13,16796601.56268556
2016-06-14,16999884.85582398
2016-06-15,18794554.03220207
2016-06-16,21848715.096513
2016-06-17,9594513.926830268
2016-06-18,7293993.754942644
2016-06-19,5367234.564177589
2016-06-20,12663408.60835458
2016-06-21,13559703.18026074
2016-06-22,8181575.553628192
2016-06-23,5616531.944104982
2016-06-24,5884637.337043512
2016-06-25,16629667.33010142
2016-06-26,3654918.316840515
2016-06-27,6638074.834952851
2016-06-28,3668440.649655313
2016-06-29,3670260.176769957
2016-06-30,17946750.2284436
2016-07-01,4520424.941477936
2016-07-02,5355305.65202432
2016-07-03,3038427.700547903
2016-07-04,3657824.407947047
2016-07-05,8840682.477534197
2016-07-06,5157473.567501438
2016-07-07,6838108.462084488
2016-07-08,9206730.982608503
2016-07-09,13309639.30019068
2016-07-10,11857168.6907035
2016-07-11,14160028.85390848
2016-07-12,3737815.297784267
2016-07-13,3727993.040066238
2016-07-14,3303004.510202707
2016-07-15,2995035.219463729
2016-07-16,2404358.924401847
2016-07-17,5983923.303479421
2016-07-18,3614532.89067447
2016-07-19,10024984.50291871
2016-07-20,4891770.476289259
2016-07-21,3004961.580974364
2016-07-22,5222075.655371871
2016-07-23,3627629.481290724
2016-07-24,7043145.774283511
2016-07-25,5907248.910526309
2016-07-26,4660888.029136215
2016-07-27,5653100.985112739
2016-07-28,4759313.329330641
2016-07-29,5583423.455947492
2016-07-30,5178802.655276778
2016-07-31,4421351.66393527
2016-08-01,4330872.318561963
2016-08-02,14087763.84489094
2016-08-03,7397188.547712941
2016-08-04,18315499.38447224
2016-08-05,4486451.81334144
2016-08-06,4075601.26058252
2016-08-07,6923580.084536884
2016-08-08,4069789.413814411
2016-08-09,3520200.48639131
2016-08-10,5281104.347225174
2016-08-11,3088130.815597107
2016-08-12,2956419.363183457
2016-08-13,2760841.141289305
2016-08-14,4057137.958646629
2016-08-15,2560216.133883466
2016-08-16,8441421.96189577
2016-08-17,4423968.626137783
2016-08-18,4479794.002651902
2016-08-19,7926581.927095209
2016-08-20,23457865.12958263
2016-08-21,3169206.065175672
2016-08-22,3594888.590150926
2016-08-23,3995707.338160739
2016-08-24,4305813.205634325
2016-08-25,21744770.25341628
2016-08-26,5345117.313822051
2016-08-27,2065626.308156166
2016-08-28,2781550.957352343
2016-08-29,5722751.915448718
2016-08-30,10849298.89584287
2016-08-31,12949054.92322932
2016-09-01,4889487.798620195
2016-09-02,3249487.267998342
2016-09-03,3380655.959167071
2016-09-04,4900749.170032701
2016-09-05,3438696.059629478
2016-09-06,4965753.136112804
2016-09-07,3751073.738899846
2016-09-08,7315701.29106776
2016-09-09,5069754.243726414
2016-09-10,3850127.365450572
2016-09-11,5887005.34426504
2016-09-12,3825241.790697149
2016-09-13,14742451.18421743
2016-09-14,5333961.526090775
2016-09-15,4069744.16709254
2016-09-16,6408703.103585604
2016-09-17,3758202.894538288
2016-09-18,3526165.76927644
2016-09-19,4804595.541803078
2016-09-20,12419507.28790564
2016-09-21,5902152.998116835
2016-09-22,3116172.128273967
2016-09-23,3844888.881081022
2016-09-24,12209429.0104311
2016-09-25,10945550.47728806
2016-09-26,4607589.173793877
2016-09-27,6468338.371268606
2016-09-28,4118254.326846016
2016-09-29,3803795.718966244
2016-09-30,3315276.491120608
2016-10-01,2746097.689004661
2016-10-02,2372955.001592292
2016-10-03,7941562.46813511
2016-10-04,12775278.62243619
2016-10-05,4674916.142430004
2016-10-06,4510423.071432699
2016-10-07,3789448.422328142
2016-10-08,4244522.655403818
2016-10-09,2582258.382658037
2016-10-10,5080797.766538166
2016-10-11,9075497.663872855
2016-10-12,12068238.28873549
2016-10-13,5918578.600650819
2016-10-14,4595288.73166198
2016-10-15,3146752.827443485
2016-10-16,3565019.391829641
2016-10-17,17407226.18132145
2016-10-18,12161485.79247783
2016-10-19,5923342.898149258
2016-10-20,6208407.160057134
2016-10-21,13665776.41905101
2016-10-22,4824580.654830415
2016-10-23,4325481.61916206
2016-10-24,13923474.14276657
2016-10-25,7894009.575748793
2016-10-26,10431554.56997753
2016-10-27,10515795.31792148
2016-10-28,6133823.258460791
2016-10-29,7033709.491235897
2016-10-30,4078139.340151581
2016-10-31,6993972.393416236
2016-11-01,6658890.073715783
2016-11-02,5755781.358385594
2016-11-03,6924347.744240474
2016-11-04,5319603.97598963
2016-11-05,3195195.069163974
2016-11-06,3517860.729736401
2016-11-07,4682152.196005005
2016-11-08,12825168.11913078
2016-11-09,8887314.58589741
2016-11-10,10651036.39091579
2016-11-11,7979475.371659824
2016-11-12,3335414.708564362
2016-11-13,3208519.647993033
2016-11-14,8309218.966952881
2016-11-15,7282787.403977897
2016-11-16,18212715.37322751
2016-11-17,14076269.80049105
2016-11-18,8530697.188305328
2016-11-19,4586929.094537945
2016-11-20,4465511.036058254
2016-11-21,7535196.001923311
2016-11-22,18526358.02830679
2016-11-23,7037499.81938508
2016-11-24,36611086.73252651
2016-11-25,5205820.039299989
2016-11-26,7847909.411241512
2016-11-27,5126592.776152904
2016-11-28,7628452.314191292
2016-11-29,6442818.042562092
2016-11-30,7471041.836559635
2016-12-01,8919005.865439989
2016-12-02,10329746.25233844
2016-12-03,42021466.07155618
2016-12-04,3049260.4301781
2016-12-05,9401625.649239112
2016-12-06,5321976.195726401
2016-12-07,6422166.138810615
2016-12-08,11413025.50609946
2016-12-09,4678983.693661495
2016-12-10,9296715.681223085
2016-12-11,5012749.96376651
2016-12-12,6140904.200518658
2016-12-13,11478187.70616828
2016-12-14,7619012.354315897
2016-12-15,8384226.509736282
2016-12-16,10608128.6720058
2016-12-17,7367396.500781344
2016-12-18,12179108.44720623
2016-12-19,4989993.498483883
2016-12-20,10510810.2101062
2016-12-21,29905380.35489237
2016-12-22,23978636.03501432
2016-12-23,19685461.4473556
2016-12-24,9707025.232901424
2016-12-25,7456048.600381585
2016-12-26,6086823.208523571
2016-12-27,10560708.60649121
2016-12-28,25050501.76367475
2016-12-29,20473321.01403805
2016-12-30,12230691.24081155
2016-12-31,4985387.648483696
2017-01-01,7669853.502810756
2017-01-02,16587346.06597224
2017-01-03,11966699.77993981
2017-01-04,21028958.87443239
2017-01-05,47444501.07797115
2017-01-06,17203914.56662329
2017-01-07,8355999.988776783
2017-01-08,8082064.39508854
2017-01-09,9909628.39750862
2017-01-10,8159431.455292235
2017-01-11,18372144.83119045
2017-01-12,8599557.140814047
2017-01-13,9508717.222291626
2017-01-14,3226419.436048103
2017-01-15,5678123.584587726
2017-01-16,5645383.947450679
2017-01-17,8176858.420344198
2017-01-18,5311001.214410838
2017-01-19,3989926.909776548
2017-01-20,4289955.919066864
2017-01-21,4809632.091624774
2017-01-22,6203013.39048961
2017-01-23,5563415.429945761
2017-01-24,10607019.54650418
2017-01-25,9058254.6951248
2017-01-26,6629112.214907044
2017-01-27,5767342.139328199
2017-01-28,3112759.797592917
2017-01-29,31377718.4080784
2017-01-30,3951655.067109479
2017-01-31,7615646.827921764
2017-02-01,5931666.36296703
2017-02-02,7607142.51523306
2017-02-03,19694572.96597265
2017-02-04,6349730.48920106
2017-02-05,7104427.522730882
2017-02-06,12442911.04904231
2017-02-07,17875347.26522089
2017-02-08,6349623.394206658
2017-02-09,14375389.48084192
2017-02-10,12856810.33842717
2017-02-11,2789916.297338211
2017-02-12,5514100.057389309
2017-02-13,8832165.703353198
2017-02-14,6664683.346579423
2017-02-15,3431018.082548801
2017-02-16,4799520.996702241
2017-02-17,12182505.84697531
2017-02-18,5787863.867997696
2017-02-19,6560597.025627363
2017-02-20,5216907.107920429
2017-02-21,10626356.27753968
2017-02-22,15630179.10443092
2017-02-23,9761681.056668904
2017-02-24,33765797.09741993
2017-02-25,5481307.170459745
2017-02-26,3774435.42279013
2017-02-27,7390341.83149241
2017-02-28,6183689.267316066
2017-03-01,8579492.082030144
2017-03-02,11253036.07247514
2017-03-03,28357773.45653132
2017-03-04,6658703.931728069
2017-03-05,6423389.996198216
2017-03-06,11030440.10714262
2017-03-07,11826562.48176121
2017-03-08,13199308.53585904
2017-03-09,11100260.44303281
2017-03-10,16135803.5747785
2017-03-11,7881593.324197393
2017-03-12,5841479.669702693
2017-03-13,24678138.94461248
2017-03-14,7265036.549544132
2017-03-15,12006305.43245728
2017-03-16,18226625.63241922
2017-03-17,24021318.30046462
2017-03-18,31350804.32434156
2017-03-19,17661949.45011642
2017-03-20,10952509.87262159
2017-03-21,15012034.85266633
2017-03-22,18572190.45463897
2017-03-23,9008513.461173078
2017-03-24,91973543.34988262
2017-03-25,30696586.84535577
2017-03-26,22082611.80312651
2017-03-27,12553482.81310809
2017-03-28,12839837.2343235
2017-03-29,9581789.388994914
2017-03-30,11126618.66403033
2017-03-31,14389232.76187113
2017-04-01,11132909.98130961
2017-04-02,10909508.37102614
2017-04-03,9661909.595544932
2017-04-04,5727616.166603816
2017-04-05,9266812.855536275
2017-04-06,7952452.272449763
2017-04-07,20565709.096697
2017-04-08,6677878.46220304
2017-04-09,5073967.74738154
2017-04-10,8277692.53550214
2017-04-11,6539323.557191336
2017-04-12,15745964.41552544
2017-04-13,4664357.004304052
2017-04-14,16134666.16575272
2017-04-15,4528168.101260556
2017-04-16,3620849.807638702
2017-04-17,10762741.27976233
2017-04-18,9654351.241106637
2017-04-19,7599090.832256597
2017-04-20,6410454.88415914
2017-04-21,5034033.243598452
2017-04-22,3563393.646428158
2017-04-23,5147315.547145748
2017-04-24,10898170.44340918
2017-04-25,8955003.42633083
2017-04-26,8168950.105256877
2017-04-27,6259937.655505974
2017-04-28,26430022.78746795
2017-04-29,8455163.755739136
2017-04-30,13811977.47528507
2017-05-01,34221257.40972909
2017-05-02,19714876.87544952
2017-05-03,11013152.68576734
2017-05-04,18076018.17743221
2017-05-05,30989368.43981789
2017-05-06,7409637.355043438
2017-05-07,7765082.396089539
2017-05-08,17348091.35242802
2017-05-09,24305587.02693501
2017-05-10,11022354.66332342
2017-05-11,36104394.85004807
2017-05-12,12682433.1756808
2017-05-13,8533295.678703519
2017-05-14,5153907.69817906
2017-05-15,13143594.62867245
2017-05-16,8312802.335607344
2017-05-17,19104114.13195262
2017-05-18,8514899.406056054
2017-05-19,17976596.67852324
2017-05-20,11782399.72203916
2017-05-21,11429854.41755775
2017-05-22,31047419.85720343
2017-05-23,25758700.06759368
2017-05-24,37273497.01648308
2017-05-25,58005537.73940618
2017-05-26,18768595.34300512
2017-05-27,14323906.19982926
2017-05-28,11892682.13464513
2017-05-29,10578842.71655181
2017-05-30,16919320.96745814
2017-05-31,30871506.0127646
2017-06-01,17753974.27308716
2017-06-02,9169940.114158735
2017-06-03,8788791.489113221
2017-06-04,11935853.94535464
2017-06-05,13238542.81865251
2017-06-06,14800790.85776146
2017-06-07,10033699.92041283
2017-06-08,12132060.02846542
2017-06-09,17299067.68151805
2017-06-10,39095903.93291888
2017-06-11,11700872.64686421
2017-06-12,70722815.95448604
2017-06-13,77493375.02342622
2017-06-14,19287666.95885394
2017-06-15,15869329.24090285
2017-06-16,27235322.94066164
2017-06-17,6845924.222907801
2017-06-18,22459044.12478326
2017-06-19,15259100.72771416
2017-06-20,16187755.630022
2017-06-21,10712656.31090727
2017-06-22,14597124.31748542
2017-06-23,8530375.077782206
2017-06-24,9731437.870274317
2017-06-25,6566116.282615081
2017-06-26,9398240.77798351
2017-06-27,9306426.519290946
2017-06-28,13754723.31155256
2017-06-29,10089945.29741899
2017-06-30,17462057.69035013
2017-07-01,7936222.904073709
2017-07-02,11035876.63382768
2017-07-03,17134755.27456837
2017-07-04,11066043.44263035
2017-07-05,20609822.89233722
2017-07-06,9459901.156874225
2017-07-07,13615377.53445917
2017-07-08,7988255.840875067
2017-07-09,9495934.240836764
2017-07-10,7506021.300116546
2017-07-11,11675377.27476018
2017-07-12,8263370.563738561
2017-07-13,10768044.98660448
2017-07-14,13631039.16582062
2017-07-15,8706982.447122185
2017-07-16,7840118.236828526
2017-07-17,29641566.3405158
2017-07-18,9794941.22966297
2017-07-19,10122899.52273083
2017-07-20,13801680.97181579
2017-07-21,10780167.10232022
2017-07-22,8846246.225123664
2017-07-23,6044401.089618207
2017-07-24,14138848.41901963
2017-07-25,90203606.21549854
2017-07-26,11350496.99390412
2017-07-27,24338134.04506568
2017-07-28,61503051.51011562
2017-07-29,115279027.9575752
2017-07-30,58930857.87491005
2017-07-31,200770260.6048387
2017-08-01,33915580.20540014
2017-08-02,37971466.82249629
2017-08-03,51589388.19737807
2017-08-04,99821035.22781584
2017-08-05,57867780.30142883
2017-08-06,64882810.73659775
2017-08-07,31765954.26965327
2017-08-08,39489495.9954752
2017-08-09,29084311.85888014
2017-08-10,16155450.90423151
2017-08-11,15671733.40227359
2017-08-12,23689090.3452817
2017-08-13,22520986.83947002
2017-08-14,18044201.52966905
2017-08-15,16222046.5423467
2017-08-16,12993341.78502855
2017-08-17,20424322.16466443
2017-08-18,26650067.48118824
2017-08-19,29658243.26586636
2017-08-20,35980185.00872529
2017-08-21,15773138.47546597
2017-08-22,26785075.20325115
2017-08-23,30697022.62624872
2017-08-24,14092621.47492832
2017-08-25,14394759.20361055
2017-08-26,13414801.60413783
2017-08-27,13884074.3912136
2017-08-28,12427623.98935752
2017-08-29,27904102.60203098
2017-08-30,21254243.09768289
2017-08-31,20946171.80865336
2017-09-01,18123849.63320481
2017-09-02,13686553.84001169
2017-09-03,14709055.08452987
2017-09-04,18767535.04215236
2017-09-05,12118727.56878955
2017-09-06,13830253.39832347
2017-09-07,15012341.97611976
2017-09-08,7023532.454858398
2017-09-09,7285309.776014293
2017-09-10,10396491.73432069
2017-09-11,11583841.36165584
2017-09-12,8099683.693854598
2017-09-13,12460423.1103131
2017-09-14,14680304.6121366
2017-09-15,26397212.57900434
2017-09-16,11740587.39023278
2017-09-17,7854331.690453323
2017-09-18,7162800.731526553
2017-09-19,10032697.40566402
2017-09-20,9002411.658913113
2017-09-21,11587725.00477728
2017-09-22,19125538.05802346
2017-09-23,5778925.784991363
2017-09-24,3770440.744893157
2017-09-25,89208551.06999497
2017-09-26,21245529.35436452
2017-09-27,7914043.422923966
2017-09-28,10758758.96157237
2017-09-29,8732274.355515549
2017-09-30,15393079.50877736
2017-10-01,9514147.087108195
2017-10-02,18428486.6269318
2017-10-03,11158820.58136142
2017-10-04,8372999.782590186
2017-10-05,46149588.01829582
2017-10-06,10831433.59039411
2017-10-07,10480917.36765846
2017-10-08,21393763.0980624
2017-10-09,28125609.43732872
2017-10-10,14737565.52204222
2017-10-11,8319527.701802484
2017-10-12,13235491.53442383
2017-10-13,25839694.99025913
2017-10-14,10243903.1388044
2017-10-15,23280782.49814672
2017-10-16,35446862.94645237
2017-10-17,18160081.44288721
2017-10-18,10461933.28295899
2017-10-19,38465977.43974389
2017-10-20,10090185.62886118
2017-10-21,7986093.607535559
2017-10-22,25117976.69566306
2017-10-23,31271189.19524139
2017-10-24,19591894.0428817
2017-10-25,22984673.97731825
2017-10-26,8281054.61134155
2017-10-27,8992419.036981288
2017-10-28,5818041.281013144
2017-10-29,10332486.44631959
2017-10-30,12920808.71632859
2017-10-31,13126368.26138804
2017-11-01,36226774.99330158
2017-11-02,18808023.1958839
2017-11-03,19208350.12712298
2017-11-04,10004772.86891165
2017-11-05,38371573.21031649
2017-11-06,9245588.029931411
2017-11-07,17582854.45993272
2017-11-08,16908990.11078594
2017-11-09,15332716.73767258
2017-11-10,24458344.39920951
2017-11-11,39678359.78451357
2017-11-12,186327935.8333124
2017-11-13,33208731.47744426
2017-11-14,19826624.60653721
2017-11-15,19496812.46909805
2017-11-16,35643575.14794593
2017-11-17,25368819.61727947
2017-11-18,14777071.55910592
2017-11-19,11571787.37006855
2017-11-20,31428391.85006681
2017-11-21,18492664.10062929
2017-11-22,9623668.69738288
2017-11-23,12124411.77129428
2017-11-24,25931016.3012547
2017-11-25,18133564.92368843
2017-11-26,24826620.59814191
2017-11-27,19158685.2570584
2017-11-28,25554681.86956614
2017-11-29,25269784.17426205
2017-11-30,16313794.29482314
2017-12-01,18148970.09169119
2017-12-02,15486685.67887964
2017-12-03,13493173.97153619
2017-12-04,15595179.28065645
2017-12-05,15378061.71941367
2017-12-06,21905287.31195231
2017-12-07,87497043.38245738
2017-12-08,34290201.86001267
2017-12-09,16118888.34713836
2017-12-10,19435873.98909815
2017-12-11,15936900.64273561
2017-12-12,42324910.53436129
2017-12-13,21590140.72221945
2017-12-14,17379854.78188004
2017-12-15,20169390.57734067
2017-12-16,11121657.63630987
2017-12-17,42081248.99899478
2017-12-18,16163498.29884585
2017-12-19,14535149.93001601
2017-12-20,48257377.96789976
2017-12-21,13400649.37170161
2017-12-22,29780744.45401208
2017-12-23,16521772.81791701
2017-12-24,13585848.30236091
2017-12-25,10750417.35151476
2017-12-26,16169255.54526133
2017-12-27,19102113.05176777
2017-12-28,10741602.62067484
2017-12-29,16947559.98138482
2017-12-30,27179477.18872822
2017-12-31,25143283.0712826
2018-01-01,9793263.938895525
2018-01-02,23364697.60521971
2018-01-03,12050197.87160033
2018-01-04,14435982.27111443
2018-01-05,25612780.49885836
2018-01-06,14919521.04332875
2018-01-07,89474815.40150648
2018-01-08,8567112.319879873
2018-01-09,12455066.16551896
2018-01-10,11236288.22178908
2018-01-11,19754399.32881646
2018-01-12,20908685.12712643
2018-01-13,10122228.18726627
2018-01-14,10943843.2815543
2018-01-15,7509997.433636069
2018-01-16,17728824.51875126
2018-01-17,26766633.57234574
2018-01-18,8505465.042197894
2018-01-19,11279617.14685448
2018-01-20,8958317.039989777
2018-01-21,8160367.867863585
2018-01-22,16152437.6960876
2018-01-23,11170050.30495819
2018-01-24,8207808.79668384
2018-01-25,9251743.463156134
2018-01-26,16572905.39949291
2018-01-27,7129097.430005643
2018-01-28,17786142.59957729
2018-01-29,8153431.47671837
2018-01-30,9664072.40848181
2018-01-31,14678685.69524345
2018-02-01,22555466.5628689
2018-02-02,15170398.0881928
2018-02-03,8266530.578302052
2018-02-04,93975791.04839562
2018-02-05,39095496.21422286
2018-02-06,35769862.51952361
2018-02-07,9854363.628920434
2018-02-08,28737218.69182335
2018-02-09,5532274.926737782
2018-02-10,5724089.281340299
2018-02-11,9167687.12197106
2018-02-12,8624068.578293348
2018-02-13,4702562.993571528
2018-02-14,6168298.23247549
2018-02-15,10485941.64689971
2018-02-16,7645429.435052596
2018-02-17,3369521.971690026
2018-02-18,6790158.682517177
2018-02-19,4369460.023121031
2018-02-20,10567091.66574633
2018-02-21,6523857.775494205
2018-02-22,75283000.05982448
2018-02-23,7523594.973276795
2018-02-24,6064833.282829181
2018-02-25,4406670.002357426
2018-02-26,4691542.624351203
2018-02-27,6211635.815349448
2018-02-28,16095197.4006575
2018-03-01,8237502.708389061
2018-03-02,5135109.852942543
2018-03-03,5388398.152037485
2018-03-04,4725428.873727818
2018-03-05,7814436.558611377
2018-03-06,5755883.362105568
2018-03-07,5914119.592808314
2018-03-08,4127279.57087821
2018-03-09,10582054.99288239
2018-03-10,4258672.150279114
2018-03-11,7439536.07444913
2018-03-12,5174134.357100341
2018-03-13,6816605.721847745
2018-03-14,4891231.184892349
2018-03-15,6760414.516169467
2018-03-16,7648686.352015353
2018-03-17,5141619.203835443
2018-03-18,5695960.013274516
2018-03-19,5320413.54595528
2018-03-20,3792524.282106673
2018-03-21,5511674.501616469
2018-03-22,5600866.878932816
2018-03-23,3298572.860281139
2018-03-24,4891262.301877704
2018-03-25,4950539.847696008
2018-03-26,6052977.273366611
2018-03-27,4284463.23439449
2018-03-28,4258309.286436367
2018-03-29,8541193.636223817
2018-03-30,6563353.800324884
2018-03-31,4706191.489252388
2018-04-01,5336095.725742964
2018-04-02,3502620.499281722
2018-04-03,5725454.941675563
2018-04-04,3741114.187223105
2018-04-05,5432398.54882238
2018-04-06,4113631.536791517
2018-04-07,5094262.266359144
2018-04-08,5638075.500159764
2018-04-09,4457038.684574152
2018-04-10,5416441.332770319
2018-04-11,12645019.21077454
2018-04-12,10244671.15072428
2018-04-13,9215504.277130883
2018-04-14,4640176.272551293
2018-04-15,4380698.754776866
2018-04-16,4938801.540019659
2018-04-17,6896121.586091037
2018-04-18,10308452.95253428
2018-04-19,51999168.09592056
2018-04-20,15607108.80054659
2018-04-21,11575226.06999627
2018-04-22,6737686.766801881
2018-04-23,11911061.12329174
2018-04-24,9279419.057230152
2018-04-25,9340790.99348597
2018-04-26,27978133.38449322
2018-04-27,4417571.484606545
2018-04-28,2919947.793075746
2018-04-29,4595730.444095978
2018-04-30,7134243.767223944
2018-05-01,3206497.980191867
2018-05-02,18730698.13176225
2018-05-03,5222024.486117424
2018-05-04,6602819.992210258
2018-05-05,4808273.525648333
2018-05-06,4693378.182198026
2018-05-07,3922751.138426567
2018-05-08,4113685.438456692
2018-05-09,6469066.500420049
2018-05-10,15348089.88104843
2018-05-11,6632690.828941025
2018-05-12,3022235.862237743
2018-05-13,3417297.307787494
2018-05-14,40685193.0658793
2018-05-15,6037225.486503711
2018-05-16,6119233.96625539
2018-05-17,52268939.80047656
2018-05-18,4798678.868934076
2018-05-19,3990521.91288918
2018-05-20,4174451.090954524
2018-05-21,4910949.426821278
2018-05-22,4519956.967942087
2018-05-23,8237113.220600126
2018-05-24,11162930.00354317
2018-05-25,3428597.536041944
2018-05-26,1835846.776785091
2018-05-27,2658689.216119159
2018-05-28,4855690.167111982
2018-05-29,3700432.541839631
2018-05-30,6049194.819762068
2018-05-31,3356039.95406278
2018-06-01,4140906.028290891
2018-06-02,2334804.825510981
2018-06-03,3447085.190868541
2018-06-04,5620425.925698555
2018-06-05,4290225.56077446
2018-06-06,6074939.785007644
2018-06-07,3264557.820212682
2018-06-08,5460516.426221843
2018-06-09,3052988.423024944
2018-06-10,4805050.913363424
2018-06-11,5270557.79915216
2018-06-12,3685135.55933013
2018-06-13,9558944.396536235
2018-06-14,3370339.89948668
2018-06-15,3237753.544684417
2018-06-16,1668183.419152356
2018-06-17,2544590.975910521
2018-06-18,4085555.766031495
2018-06-19,2771391.736213897
2018-06-20,3790429.142588207
2018-06-21,14028179.38722089
2018-06-22,3890986.805584709
2018-06-23,3037651.706964076
2018-06-24,6329832.033281613
2018-06-25,3906567.894060234
2018-06-26,5067676.864419364
2018-06-27,14129317.95525291
2018-06-28,6641777.719505059
2018-06-29,3831069.999564937
2018-06-30,3275066.937917958
2018-07-01,10448215.62965676
2018-07-02,5699707.105068685
2018-07-03,5541214.05198188
2018-07-04,6276086.112796414
2018-07-05,2898281.62862267
2018-07-06,5712768.354540986
2018-07-07,2655742.780385064
2018-07-08,5820997.228165794
2018-07-09,4205980.598886564
2018-07-10,5270640.938621301
2018-07-11,5265714.510941636
2018-07-12,3965075.023538055
2018-07-13,7108440.717324336
2018-07-14,1949662.326077644
2018-07-15,3005414.650590434
2018-07-16,6008541.167525685
2018-07-17,4340176.796629198
2018-07-18,5828317.069224335
2018-07-19,6352426.347966679
2018-07-20,4499014.434145931
2018-07-21,6960909.63624932
2018-07-22,4162119.954125552
2018-07-23,6157016.115722247
2018-07-24,6320234.730879504
2018-07-25,6022372.483825983
2018-07-26,3963887.675590228
2018-07-27,3386169.866892995
2018-07-28,3225079.281441691
2018-07-29,6965071.481917634
2018-07-30,4226363.480455407
2018-07-31,4015019.44323726
2018-08-01,3228192.750532556
2018-08-02,5595655.347969587
2018-08-03,3762284.788931843
2018-08-04,5051735.664829161
2018-08-05,3061939.225798477
2018-08-06,6701673.206184624
2018-08-07,3208363.913669582
2018-08-08,5268252.164934391
2018-08-09,9412556.919508414
2018-08-10,7801170.327383288
2018-08-11,4768504.041130105
2018-08-12,1885067.811686592
2018-08-13,16195165.00897903
2018-08-14,8650711.163406365
2018-08-15,8518206.84864518
2018-08-16,12893079.01565675
2018-08-17,16407001.10304249
2018-08-18,1607869.212768787
2018-08-19,11400966.87013502
2018-08-20,9899199.070739502
2018-08-21,15215507.18312428
2018-08-22,17614335.67821116
2018-08-23,18389272.17592314
2018-08-24,4961218.546543569
2018-08-25,21991130.74106542
2018-08-26,12249320.49236546
2018-08-27,21620268.60444802
2018-08-28,15086850.48588798
2018-08-29,21410092.86077245
2018-08-30,17041933.9251809
2018-08-31,4585024.432573328
2018-09-01,2794682.430629961
2018-09-02,3167507.707146317
2018-09-03,3798377.550445818
2018-09-04,4213045.721112415
2018-09-05,4842837.884001738
2018-09-06,6627932.893541423
2018-09-07,3989272.16364525
2018-09-08,2530031.968172038
2018-09-09,4402321.479985151
2018-09-10,7591881.192741803
2018-09-11,8635894.473625287
2018-09-12,5899219.129554268
2018-09-13,25302234.29258034
2018-09-14,3202662.057321047
2018-09-15,2708609.27624457
2018-09-16,2583080.482930358
2018-09-17,4641728.336363184
2018-09-18,3409852.291420366
2018-09-19,4069276.453966458
2018-09-20,5756674.49113147
2018-09-21,9303402.569529412
2018-09-22,3119741.319685653
2018-09-23,3189890.746186298
2018-09-24,3890223.636000128
2018-09-25,11149917.27486871
2018-09-26,3651346.910026139
2018-09-27,4062601.631269538
2018-09-28,11565647.53236568
2018-09-29,3285597.057707629
2018-09-30,5359118.874879486
2018-10-01,6607122.15507115
2018-10-02,8330286.479754829
2018-10-03,4993943.297661331
2018-10-04,4627563.455648838
2018-10-05,3231249.675957282
2018-10-06,4220066.125706537
2018-10-07,2099452.107709137
2018-10-08,6646037.299346741
2018-10-09,7030535.176029588
2018-10-10,8741903.383431144
2018-10-11,11024309.52250796
2018-10-12,4869557.66398367
2018-10-13,3968085.171229445
2018-10-14,4114905.961813313
2018-10-15,12168087.93723821
2018-10-16,10166648.18827258
2018-10-17,5545595.825657696
2018-10-18,4840292.962783393
2018-10-19,12033383.84194986
2018-10-20,16659672.1718243
2018-10-21,3139879.561878878
2018-10-22,6646459.131983521
2018-10-23,5941270.153786561
2018-10-24,3981390.120379107
2018-10-25,4722787.65816952
2018-10-26,9476112.716983618
2018-10-27,2400026.620855649
2018-10-28,2928925.541944302
2018-10-29,4104766.665206827
2018-10-30,3496313.030418498
2018-10-31,7856378.378472622
2018-11-01,5660439.591186012
2018-11-02,7499020.112067441
2018-11-03,2088475.491431185
2018-11-04,4027718.45721345
2018-11-05,4802354.234915799
2018-11-06,4899773.076351228
2018-11-07,6650364.418498092
2018-11-08,4662725.504002608
2018-11-09,6665355.719497796
2018-11-10,3598682.787898812
2018-11-11,2814195.036589071
2018-11-12,6536152.961258844
2018-11-13,8053653.237011858
2018-11-14,15183054.63417095
2018-11-15,44375713.83469138
2018-11-16,8190400.20044579
2018-11-17,3595120.302143102
2018-11-18,3293940.176248463
2018-11-19,13098405.72999073
2018-11-20,19896773.57845009
2018-11-21,6242099.543830643
2018-11-22,7980899.064740827
2018-11-23,6809471.971443557
2018-11-24,9157391.56750361
2018-11-25,10006961.63927457
2018-11-26,8855688.03824928
2018-11-27,11429825.79854803
2018-11-28,15934454.39670029
2018-11-29,45120422.85164243
2018-11-30,105670017.5327005
2018-12-01,60076860.65124034
2018-12-02,2661421.227776532
2018-12-03,146264019.4581044
2018-12-04,397454113.8166888
2018-12-05,61341362.24859598
2018-12-06,51287328.05255917
2018-12-07,12415547.58570601
2018-12-08,5052382.739024331
2018-12-09,2706683.677170044
2018-12-10,8846088.813759591
2018-12-11,16406211.023002
2018-12-12,5960081.898828498
2018-12-13,7699420.534585199
2018-12-14,7169569.25495685
2018-12-15,3836739.710889881
2018-12-16,4019694.101601542
2018-12-17,4915225.970459056
2018-12-18,15215742.31541431
2018-12-19,13255374.55600077
2018-12-20,6617591.06326534
2018-12-21,8255317.983492232
2018-12-22,2551175.44790193
2018-12-23,3788908.154836168
2018-12-24,6668940.812909101
2018-12-25,2982116.112848614
2018-12-26,2971015.881036412
2018-12-27,6721921.283662162
2018-12-28,8216770.231298381
2018-12-29,13183076.30299122
2018-12-30,4488476.794001735
2018-12-31,5513898.305130732
2019-01-01,3377844.177850862
2019-01-02,3549497.631206234
2019-01-03,5298494.903006198
2019-01-04,3886776.71047608
2019-01-05,2270973.390153966
2019-01-06,3688635.497473135
2019-01-07,10752639.24392598
2019-01-08,6015157.528462891
2019-01-09,5031647.378201641
2019-01-10,15845181.53846918
2019-01-11,56442407.37617703
2019-01-12,2730731.420407751
2019-01-13,5199823.638845018
2019-01-14,29153465.58891244
2019-01-15,148910524.5845855
2019-01-16,27354997.37441524
2019-01-17,5687933.058503585
2019-01-18,3227952.757003377
2019-01-19,3700460.264830012
2019-01-20,2076769.663631365
2019-01-21,12654291.78349146
2019-01-22,7729035.026100714
2019-01-23,3291537.881956388
2019-01-24,3259073.039740497
2019-01-25,2980887.605827974
2019-01-26,2889527.726891851
2019-01-27,2727156.122091692
2019-01-28,6437614.001156095
2019-01-29,6218304.123849874
2019-01-30,17940129.7717886
2019-01-31,5301569.57965946
2019-02-01,5226742.22238581
2019-02-02,2542768.247398761
2019-02-03,2642670.634929777
2019-02-04,5009658.778166992
2019-02-05,5205169.238566225
2019-02-06,11499193.86008446
2019-02-07,5744275.904990331
2019-02-08,4663958.661454826
2019-02-09,4649583.414891727
2019-02-10,2395400.597959166
2019-02-11,6062292.369092783
2019-02-12,5989981.823337938
2019-02-13,13414234.92871244
2019-02-14,4812056.945127687
2019-02-15,4373750.264150603
2019-02-16,5391361.816521689
2019-02-17,2698043.921293465
2019-02-18,6418734.925877578
2019-02-19,8734259.590646865
2019-02-20,23188590.58412138
2019-02-21,11651432.67894496
2019-02-22,6229277.136726859
2019-02-23,7360939.93718436
2019-02-24,4531990.669043162
2019-02-25,8249881.46574485
2019-02-26,6568145.530661611
2019-02-27,3512670.156506061
2019-02-28,55190767.8796917
2019-03-01,4836755.476481644
2019-03-02,12398097.87790027
2019-03-03,1903272.802783104
2019-03-04,7620476.835263824
2019-03-05,6578499.202235734
2019-03-06,4095760.706669882
2019-03-07,5078947.798976043
2019-03-08,7138200.132363723
2019-03-09,2100423.034050728
2019-03-10,7399384.247421524
2019-03-11,5070077.585515799
2019-03-12,8392141.403421573
2019-03-13,5476252.216788858
2019-03-14,5194285.060617241
2019-03-15,7358223.993000099
2019-03-16,8499648.777269451
2019-03-17,3777501.414136141
2019-03-18,6002858.447349108
2019-03-19,6855854.318582183
2019-03-20,6275259.246721595
2019-03-21,11653822.59410133
2019-03-22,4430128.503153693
2019-03-23,2845841.088842331
2019-03-24,2603849.996869954
2019-03-25,4668905.519665276
2019-03-26,10745030.29802317
2019-03-27,4776188.052854632
2019-03-28,3663570.151943278
2019-03-29,17113619.65698393
2019-03-30,2290488.318772613
2019-03-31,6016620.114464953
2019-04-01,4998508.350758017
2019-04-02,20282809.64885276
2019-04-03,15312441.38560743
2019-04-04,6120914.759222524
2019-04-05,13324833.81909568
2019-04-06,3268405.917499237
2019-04-07,3673731.117302482
2019-04-08,9304242.807976456
2019-04-09,5030246.266609457
2019-04-10,10421760.40402278
2019-04-11,6926211.823006202
2019-04-12,10474985.29393566
2019-04-13,5850181.130975964
2019-04-14,22402711.06707076
2019-04-15,4324560.309356194
2019-04-16,4400968.716703994
2019-04-17,10492806.40961462
2019-04-18,5580751.607114417
2019-04-19,14069923.61644755
2019-04-20,3677503.359901737
2019-04-21,4439525.055465586
2019-04-22,11487297.11707212
2019-04-23,6544773.419531797
2019-04-24,23593031.32940505
2019-04-25,6106315.313415261
2019-04-26,14735596.9924073
2019-04-27,4572144.592603667
2019-04-28,3740348.003568574
2019-04-29,11128639.37341008
2019-04-30,3628986.012100706
2019-05-01,28737795.24372508
2019-05-02,5683119.011728507
2019-05-03,5324141.06240952
2019-05-04,4099295.086164974
2019-05-05,4261844.82739354
2019-05-06,8835795.106134007
2019-05-07,11617871.32452134
2019-05-08,7561166.410944452
2019-05-09,12710854.19628468
2019-05-10,17954538.66945047
2019-05-11,14151280.40507933
2019-05-12,8970440.01369793
2019-05-13,20167322.03128029
2019-05-14,43089691.47997028
2019-05-15,19870179.85263558
2019-05-16,11610699.33885699
2019-05-17,5753001.599502924
2019-05-18,4749597.167865838
2019-05-19,7047215.076394583
2019-05-20,13167312.98990229
2019-05-21,11710447.20086613
2019-05-22,14395566.32572977
2019-05-23,6888667.314416199
2019-05-24,6369784.426703548
2019-05-25,7407215.287484695
2019-05-26,6476069.69568046
2019-05-27,9194896.396158084
2019-05-28,9161462.121762931
2019-05-29,38176254.19589871
2019-05-30,5323836.901612763
2019-05-31,7631975.064308713
2019-06-01,4309746.794875536
2019-06-02,3968783.259949925
2019-06-03,22962864.72429376
2019-06-04,29644185.45800173
2019-06-05,33626745.6536453
2019-06-06,7725662.540550612
2019-06-07,4618561.956542899
2019-06-08,3441834.489086162
2019-06-09,6630505.064821571
2019-06-10,11949532.97505027
2019-06-11,6955082.02808116
2019-06-12,7920681.201834704
2019-06-13,4066078.64242357
2019-06-14,26809193.10286836
2019-06-15,3691662.122605965
2019-06-16,8309193.967771267
2019-06-17,9405265.568762505
2019-06-18,7276883.246702419
2019-06-19,17876781.5794373
2019-06-20,6259169.321412588
2019-06-21,13273866.16135323
2019-06-22,13835776.52073513
2019-06-23,7903009.85891372
2019-06-24,10486885.50588964
2019-06-25,18281980.36703265
2019-06-26,30126240.12430473
2019-06-27,22887169.99545211
2019-06-28,29958728.2396994
2019-06-29,9048518.341525663
2019-06-30,33572604.85601354
2019-07-01,6300601.408720497
2019-07-02,10982795.63365678
2019-07-03,11138604.2148793
2019-07-04,19066443.35318469
2019-07-05,9887528.873856494
2019-07-06,2372438.306283328
2019-07-07,3615068.058896126
2019-07-08,9104603.524662878
2019-07-09,9800507.00498533
2019-07-10,15950516.13025806
2019-07-11,13412971.52891003
2019-07-12,8208713.717352069
2019-07-13,3691754.540168379
2019-07-14,4431095.26605099
2019-07-15,6178832.957474985
2019-07-16,9068877.343173178
2019-07-17,21854920.79350432
2019-07-18,12030619.91343299
2019-07-19,17398386.11322424
2019-07-20,10188005.4498592
2019-07-21,5992731.913888994
2019-07-22,4862415.514017154
2019-07-23,3706949.892243068
2019-07-24,47047245.14947239
2019-07-25,9682114.551439209
2019-07-26,6714403.761312882
2019-07-27,4373060.093412247
2019-07-28,1958569.880444974
2019-07-29,262289369.157187
2019-07-30,6147383.0544553
2019-07-31,4398529.754742771
2019-08-01,8609423.801065603
2019-08-02,4054940.231525075
2019-08-03,2237553.244260989
2019-08-04,7647766.284810037
2019-08-05,30991896.64386643
2019-08-06,20558068.41674094
2019-08-07,10413832.59953925
2019-08-08,10971116.14077603
2019-08-09,4212901.223841471
2019-08-10,4457889.099982786
2019-08-11,6917911.0403645
2019-08-12,5259167.365480843
2019-08-13,9868911.657581417
2019-08-14,9282441.28320067
2019-08-15,3985943.242441
2019-08-16,4337656.871266577
2019-08-17,2775173.583943667
2019-08-18,2025539.150163195
2019-08-19,7108024.356355931
2019-08-20,6626705.513349243
2019-08-21,5906198.728785167
2019-08-22,3646216.318344063
2019-08-23,17155651.14358315
2019-08-24,2895671.673990128
2019-08-25,4760752.959593172
2019-08-26,5664818.713028814
2019-08-27,11723303.88903938
2019-08-28,5171951.79590506
2019-08-29,4811778.1635131
2019-08-30,3424823.430980042
2019-08-31,2093333.370208749
2019-09-01,3375496.651031916
2019-09-02,5397351.692146248
2019-09-03,6730391.614245229
2019-09-04,7616219.877628053
2019-09-05,9247271.04026331
2019-09-06,89994530.17295045
2019-09-07,2997542.060415132
2019-09-08,3082052.662949032
2019-09-09,7604735.96545021
2019-09-10,3864283.809662042
2019-09-11,18562463.58227139
2019-09-12,6515333.506922714
2019-09-13,4513306.935430514
2019-09-14,3225170.787645655
2019-09-15,4670475.813949102
2019-09-16,3826532.056051563
2019-09-17,6797614.435334221
2019-09-18,14583612.95997062
2019-09-19,4385089.785596135
2019-09-20,5940099.234382793
2019-09-21,3478675.288910071
2019-09-22,1499340.315351411
2019-09-23,5964781.232708524
2019-09-24,33129759.3082907
2019-09-25,10417744.78971302
2019-09-26,10368476.64827227
2019-09-27,7303492.457726602
2019-09-28,5022088.276791916
2019-09-29,3105500.324664407
2019-09-30,7184899.086926656
2019-10-01,4033721.536069311
2019-10-02,3373811.33228239
2019-10-03,3710274.307305821
2019-10-04,4184976.508256891
2019-10-05,1987782.409474732
2019-10-06,2225701.866683721
2019-10-07,7063258.458814088
2019-10-08,11684188.27626952
2019-10-09,3283304.232675209
2019-10-10,3753312.994742774
2019-10-11,5386676.109631493
2019-10-12,3179286.006975551
2019-10-13,1330571.768952388
2019-10-14,77893809.2555286
2019-10-15,14855760.28903909
2019-10-16,6162820.760963703
2019-10-17,8044267.431934626
2019-10-18,9785879.432200668
2019-10-19,2667346.912756096
2019-10-20,3523018.313759753
2019-10-21,34615867.05176237
2019-10-22,3759036.593159294
2019-10-23,5855396.760791372
2019-10-24,9556356.50997822
2019-10-25,12789273.65040474
2019-10-26,7853413.729631081
2019-10-27,4954082.549875379
2019-10-28,13977946.75165351
2019-10-29,10499378.43363079
2019-10-30,4957458.790664994
2019-10-31,13568401.59018837
2019-11-01,36288583.84559845
2019-11-02,4712619.456235203
2019-11-03,3819310.094123462
2019-11-04,4867601.665248916
2019-11-05,32186001.57316502
2019-11-06,20751963.89399096
2019-11-07,10707185.25725767
2019-11-08,5237482.624570147
2019-11-09,2395835.307717023
2019-11-10,1715494.554410499
2019-11-11,5380786.121561009
2019-11-12,5522934.717011774
2019-11-13,36930541.45255061
2019-11-14,3931834.500168324
2019-11-15,7775576.80845887
2019-11-16,1535118.284689006
2019-11-17,1973011.103776399
2019-11-18,14568393.92053733
2019-11-19,5770295.745058194
2019-11-20,4392367.155737544
2019-11-21,8612827.780159317
2019-11-22,24555343.77270616
2019-11-23,13775910.33112499
2019-11-24,23989382.83148301
2019-11-25,13020890.37188076
2019-11-26,8973647.308871757
2019-11-27,11623708.5971262
2019-11-28,2719256.750249873
2019-11-29,4552429.648056864
2019-11-30,7455594.448557161
2019-12-01,3133328.291980481
2019-12-02,6373199.031438105
2019-12-03,7497428.505707665
2019-12-04,10282366.61237496
2019-12-05,4699842.133726483
2019-12-06,7221865.740669277
2019-12-07,1875925.912618123
2019-12-08,2206995.442516902
2019-12-09,4609735.441725804
2019-12-10,3732625.434956124
2019-12-11,7240527.108280553
2019-12-12,5562134.729258571
2019-12-13,4499834.736541346
2019-12-14,3801467.416540465
2019-12-15,4081404.823733318
2019-12-16,5883352.294709569
2019-12-17,7614152.115599805
2019-12-18,14877779.16179088
2019-12-19,7271061.263868008
2019-12-20,23677534.31626063
2019-12-21,3469033.546595584
2019-12-22,3016506.180595433
2019-12-23,6091284.767171389
2019-12-24,6681678.609320291
2019-12-25,14165497.57630094
2019-12-26,15624061.14363653
2019-12-27,5437878.514345503
2019-12-28,3711681.390600395
2019-12-29,3240695.112843179
2019-12-30,10881871.55284693
2019-12-31,5168724.207285538
2020-01-01,2099992.24471384
2020-01-02,7275513.948471495
2020-01-03,4224373.190172466
2020-01-04,5062268.833939216
2020-01-05,2980655.057248825
2020-01-06,4882169.869021765
2020-01-07,6451396.958379617
2020-01-08,6212822.464043108
2020-01-09,8505421.919361658
2020-01-10,6442143.569340076
2020-01-11,2185270.609555025
2020-01-12,3388736.557587876
2020-01-13,5025502.339368897
2020-01-14,21954440.84354495
2020-01-15,13786636.6546871
2020-01-16,12191283.1415518
2020-01-17,4230075.258644408
2020-01-18,3485404.176874186
2020-01-19,5350119.925909161
2020-01-20,4135633.884846969
2020-01-21,5524875.3317306
2020-01-22,6508728.529092503
2020-01-23,12798277.11205431
2020-01-24,14151253.0171171
2020-01-25,4085306.834364132
2020-01-26,3393825.739606465
2020-01-27,5045759.65666162
2020-01-28,5808378.476662988
2020-01-29,19262367.74425884
2020-01-30,6451256.589188125
2020-01-31,13099903.84020901
2020-02-01,3788752.713690593
2020-02-02,10788597.21355633
2020-02-03,59974536.26553354
2020-02-04,7719865.276251053
2020-02-05,6437214.056945733
2020-02-06,23704593.89437533
2020-02-07,56510638.94001999
2020-02-08,10232845.49351835
2020-02-09,7650443.284797649
2020-02-10,29655051.01781182
2020-02-11,9178335.027959602
2020-02-12,6806541.398449039
2020-02-13,11740768.27817038
2020-02-14,6592889.771858839
2020-02-15,6076617.765175999
2020-02-16,3336702.649645473
2020-02-17,4808885.017040085
2020-02-18,8028276.155824843
2020-02-19,12932245.66016161
2020-02-20,16044742.11555971
2020-02-21,6753948.583865451
2020-02-22,3138502.663536747
2020-02-23,4258815.047124854
2020-02-24,4494167.120727055
2020-02-25,22666128.19466205
2020-02-26,6990226.649732642
2020-02-27,5165148.849414638
2020-02-28,8492511.013890838
2020-02-29,5800347.401888611
2020-03-01,5616984.44273785
2020-03-02,15938932.68075716
2020-03-03,19979596.1853332
2020-03-04,7619103.925819379
2020-03-05,8874077.95667422
2020-03-06,6065907.384576229
2020-03-07,2678881.76923445
2020-03-08,4238937.978191297
2020-03-09,17225930.87885362
2020-03-10,9604968.738106374
2020-03-11,37621940.82219348
2020-03-12,38131984.1435582
2020-03-13,33384643.78553804
2020-03-14,14780488.24589418
2020-03-15,7079812.508099386
2020-03-16,16367521.16210346
2020-03-17,17153266.08453647
2020-03-18,5153028.366690068
2020-03-19,8795322.193202252
2020-03-20,7004341.600914261
2020-03-21,3476998.125697894
2020-03-22,4396616.771283101
2020-03-23,8070016.430361073
2020-03-24,5746270.391363301
2020-03-25,12002913.39371577
2020-03-26,7846767.95553958
2020-03-27,7457332.347934288
2020-03-28,3613280.932470608
2020-03-29,5580188.2212819
2020-03-30,5944535.502541088
2020-03-31,4690389.098692715
2020-04-01,7889461.021775483
2020-04-02,6355552.071613227
2020-04-03,3427863.69029572
2020-04-04,3283220.166399215
2020-04-05,2300058.799396926
2020-04-06,5022909.951357136
2020-04-07,10130234.24989483
2020-04-08,4092744.086633271
2020-04-09,7585625.83279112
2020-04-10,12456398.8367192
2020-04-11,2350456.133333719
2020-04-12,1686964.55597038
2020-04-13,4100111.518162177
2020-04-14,3752944.715752186
2020-04-15,5043427.750484512
2020-04-16,7847481.731589872
2020-04-17,6026815.490096884
2020-04-18,2539424.480100974
2020-04-19,5847445.219071127
2020-04-20,5385688.022389023
2020-04-21,4758461.660065052
2020-04-22,5989407.265122626
2020-04-23,8680880.002739713
2020-04-24,5453363.49274182
2020-04-25,4196722.410161337
2020-04-26,4508557.351224901
2020-04-27,7805919.356896678
2020-04-28,4320712.571590002
2020-04-29,22756544.52441299
2020-04-30,11840490.24192687
2020-05-01,5838952.235212798
2020-05-02,2963470.41111085
2020-05-03,5954184.721720686
2020-05-04,4544424.639883741
2020-05-05,5479899.519847736
2020-05-06,14739062.61151312
2020-05-07,26226182.41230443
2020-05-08,16996197.76026428
2020-05-09,9522116.432078777
2020-05-10,6105763.623037154
2020-05-11,13315708.74140264
2020-05-12,4994758.627590987
2020-05-13,5409819.835526578
2020-05-14,6895285.600454903
2020-05-15,7758498.920216108
2020-05-16,5413742.202334422
2020-05-17,3397833.39731122
2020-05-18,7097603.197265042
2020-05-19,4387567.426948602
2020-05-20,6346139.049399029
2020-05-21,8443478.67300114
2020-05-22,5247390.415534444
2020-05-23,3775199.128380555
2020-05-24,2929555.334078498
2020-05-25,3935184.067474272
2020-05-26,4927954.561755773
2020-05-27,5148237.740584388
2020-05-28,7823758.207626428
2020-05-29,7464712.680023006
2020-05-30,4008450.94431413
2020-05-31,8085020.241931533
2020-06-01,22590182.62443329
2020-06-02,10252846.80951655
2020-06-03,5869973.670607828
2020-06-04,6442077.846995552
2020-06-05,5498279.919848488
2020-06-06,6577198.757376464
2020-06-07,5198635.014076891
2020-06-08,15096188.69312526
2020-06-09,6381808.934075157
2020-06-10,7489958.596874963
2020-06-11,5506568.873631589
2020-06-12,3757584.118342456
2020-06-13,2675503.441834527
2020-06-14,3906469.690488234
2020-06-15,6323874.655602391
2020-06-16,5782905.463145329
2020-06-17,4334532.270739662
2020-06-18,13744865.38726678
2020-06-19,4948661.952146014
2020-06-20,4173704.01443242
2020-06-21,4805867.486858629
2020-06-22,7628107.121298181
2020-06-23,9674257.536776144
2020-06-24,18464232.63468995
2020-06-25,4132198.054521672
2020-06-26,15346792.2222861
2020-06-27,5778049.549255903
2020-06-28,7908114.369172098
2020-06-29,6596228.81012824
2020-06-30,11993267.98188015
2020-07-01,5969924.687791698
2020-07-02,4310861.616977674
2020-07-03,5032083.268327821
2020-07-04,2620909.118390091
2020-07-05,1942414.4133525
2020-07-06,5558829.067752341
2020-07-07,8466969.16555243
2020-07-08,14693801.87819347
2020-07-09,5447945.72265958
2020-07-10,5319935.863249235
2020-07-11,2639448.360104687
2020-07-12,3397357.168258385
2020-07-13,6506186.264500548
2020-07-14,13855581.03329929
2020-07-15,14945421.52148972
2020-07-16,4187082.960107562
2020-07-17,5433761.630101566
2020-07-18,3324912.446138305
2020-07-19,4111312.807123691
2020-07-20,3393697.507114294
2020-07-21,8579988.916648151
2020-07-22,11505584.12967599
2020-07-23,8428460.09388296
2020-07-24,6043009.298317985
2020-07-25,5012570.150484196
2020-07-26,5893120.242382239
2020-07-27,15377925.33182515
2020-07-28,23152263.60387494
2020-07-29,10256712.00837543
2020-07-30,11964416.85518079
2020-07-31,15014335.87068954
2020-08-01,7226246.434680643
2020-08-02,8939055.69916068
2020-08-03,17374246.13918658
2020-08-04,9130233.4744924
2020-08-05,12957966.70969449
2020-08-06,15047400.19894244
2020-08-07,15403239.66725509
2020-08-08,7041256.461304703
2020-08-09,7782096.608933629
2020-08-10,6531846.980522761
2020-08-11,17191596.85046647
2020-08-12,12792946.46502973
2020-08-13,6853830.09635236
2020-08-14,10278239.27271187
2020-08-15,6134458.824708334
2020-08-16,5652107.912812338
2020-08-17,18684092.90381373
2020-08-18,6344697.764951287
2020-08-19,7399076.114910132
2020-08-20,8226321.690384693
2020-08-21,14621874.93201275
2020-08-22,3949331.665290411
2020-08-23,3992414.429620672
2020-08-24,6087108.372160034
2020-08-25,9582567.355222942
2020-08-26,11409079.90861567
2020-08-27,5950380.617276017
2020-08-28,13237584.98057669
2020-08-29,4873885.641154531
2020-08-30,5348305.824845809
2020-08-31,11626816.97598581
2020-09-01,18945574.19100973
2020-09-02,11236263.85190535
2020-09-03,13771881.46725218
2020-09-04,15489017.69008608
2020-09-05,7057307.580869155
2020-09-06,6363473.720880269
2020-09-07,6028466.389348999
2020-09-08,5378950.608715374
2020-09-09,8159210.981252133
2020-09-10,8203632.697132172
2020-09-11,8608519.43340562
2020-09-12,5930229.967925236
2020-09-13,3519190.703537468
2020-09-14,6441073.413923229
2020-09-15,7315551.501116181
2020-09-16,15405405.06430968
2020-09-17,9267666.892016185
2020-09-18,11167006.58329028
2020-09-19,10713869.57827331
2020-09-20,9124928.574600626
2020-09-21,6814793.205561001
2020-09-22,10068979.42428221
2020-09-23,6542076.567510333
2020-09-24,14457654.81901081
2020-09-25,10834125.99550796
2020-09-26,6421341.721833997
2020-09-27,6359046.671641611
2020-09-28,5507392.835340069
2020-09-29,19889013.93270646
2020-09-30,12693368.54331346
2020-10-01,6084229.251099179
2020-10-02,9541330.659385167
2020-10-03,2947994.42059903
2020-10-04,4047162.188069961
2020-10-05,5617224.297334871
2020-10-06,6064775.762264567
2020-10-07,12329734.8034362
2020-10-08,9079679.612650225
2020-10-09,10007350.91387686
2020-10-10,4049636.900001683
2020-10-11,6211995.330773732
2020-10-12,10862951.0554778
2020-10-13,4792916.14826292
2020-10-14,12474269.17668081
2020-10-15,9798421.570819262
2020-10-16,5067055.819933898
2020-10-17,2631206.335771958
2020-10-18,3194597.442113217
2020-10-19,30773213.95649538
2020-10-20,9568365.80861833
2020-10-21,11279039.00428974
2020-10-22,34102140.80552659
2020-10-23,56659083.79656145
2020-10-24,13946553.25100089
2020-10-25,7425421.412132514
2020-10-26,6096726.98636305
2020-10-27,14189925.38240507
2020-10-28,14715660.75118552
2020-10-29,14815343.52667234
2020-10-30,7893296.264938276
2020-10-31,8098754.075856346
2020-11-01,10780220.14531205
2020-11-02,22873066.78256334
2020-11-03,170491003.8761327
2020-11-04,13119363.15820774
2020-11-05,30328474.03219134
2020-11-06,19463345.32575215
2020-11-07,12423291.05032539
2020-11-08,16246253.90938426
2020-11-09,14360440.26325016
2020-11-10,10533551.18757304
2020-11-11,14708058.09870476
2020-11-12,19027405.92856577
2020-11-13,17361561.88529184
2020-11-14,11218233.06546107
2020-11-15,7040784.623332955
2020-11-16,12137740.65148806
2020-11-17,21142046.29987469
2020-11-18,29110207.47891542
2020-11-19,14730894.21730746
2020-11-20,32029784.28446779
2020-11-21,19578462.6606778
2020-11-22,10088800.79362266
2020-11-23,11841548.88130257
2020-11-24,26382117.362315
2020-11-25,14314333.93700575
2020-11-26,42520153.1687805
2020-11-27,23164237.20543321
2020-11-28,6299002.403424134
2020-11-29,9151499.580119325
2020-11-30,25838787.17763329
2020-12-01,24363096.5614241
2020-12-02,18886000.36792388
2020-12-03,20488119.34439072
2020-12-04,16625121.45259985
2020-12-05,6812637.427439683
2020-12-06,7915999.832628364
2020-12-07,15937381.26206201
2020-12-08,15992135.98774544
2020-12-09,14455722.75529836
2020-12-10,17053243.39643016
2020-12-11,33388670.80406217
2020-12-12,20185681.22047668
2020-12-13,34726411.92588819
2020-12-14,13918781.27134317
2020-12-15,15671419.04959038
2020-12-16,26505916.67741495
2020-12-17,28206730.34259236
2020-12-18,33074186.44296034
2020-12-19,15431765.02321302
2020-12-20,23949473.58290681
2020-12-21,16987046.3738058
2020-12-22,43871875.70954709
2020-12-23,29266084.14251649
2020-12-24,17899156.9467527
2020-12-25,6959947.917360228
2020-12-26,14808207.90989863
2020-12-27,24050287.98122193
2020-12-28,61251148.35556705
2020-12-29,24714784.89662764
2020-12-30,15280441.11780216
2020-12-31,19113095.20950819
2021-01-01,24065892.60209601
2021-01-02,56594157.44135283
2021-01-03,36223317.90244812
2021-01-04,55583396.95277429
2021-01-05,21966936.3375492
2021-01-06,25092781.41670825
2021-01-07,39159760.86888834
2021-01-08,32513918.04723625
2021-01-09,28198936.42708565
2021-01-10,21950668.07012821
2021-01-11,25352845.4750055
2021-01-12,15580191.17078761
2021-01-13,15462037.80763772
2021-01-14,15458190.50994489
2021-01-15,18541493.82447866
2021-01-16,10524779.82986592
2021-01-17,9630898.080698146
2021-01-18,13661126.80524279
2021-01-19,13618599.00126847
2021-01-20,10320875.85526824
2021-01-21,10435011.49068296
2021-01-22,11546596.40040764
2021-01-23,6178299.079170167
2021-01-24,5458476.781731205
2021-01-25,10196018.0165564
2021-01-26,7744458.383392019
2021-01-27,38881046.98188317
2021-01-28,13587617.74894256
2021-01-29,18093496.90074582
2021-01-30,10226700.74930069
2021-01-31,19193183.98778069
2021-02-01,7478540.852707174
2021-02-02,8419889.800210133
2021-02-03,10725563.25685881
2021-02-04,15685555.39628482
2021-02-05,19844901.29384006
2021-02-06,10045615.59850491
2021-02-07,26335001.71079696
2021-02-08,18374109.90653383
2021-02-09,26190395.83375579
2021-02-10,16654541.74264283
2021-02-11,13559891.16107566
2021-02-12,15281930.71918328
2021-02-13,7545379.295627627
2021-02-14,10319951.73775131
2021-02-15,14239170.76712801
2021-02-16,15603351.92678699
2021-02-17,16242962.64602368
2021-02-18,20753655.39536179
2021-02-19,23361280.26094636
2021-02-20,20950198.63125252
2021-02-21,14319958.69033518
2021-02-22,15012155.12409573
2021-02-23,33724880.86902977
2021-02-24,31537870.82476788
2021-02-25,18223877.731923
2021-02-26,20296346.90505806
2021-02-27,10253281.44660887
2021-02-28,10804508.50625826
2021-03-01,8239012.416193961
2021-03-02,18218680.94862236
2021-03-03,7898348.931263796
2021-03-04,10276198.12378025
2021-03-05,16751601.10297241
2021-03-06,6867784.49571781
2021-03-07,4761499.803689783
2021-03-08,22537882.83232056
2021-03-09,9557054.086774956
2021-03-10,9939443.364699036
2021-03-11,38460812.98964749
2021-03-12,17501960.54981162
2021-03-13,10363885.30455397
2021-03-14,19336029.1696577
2021-03-15,10852767.0294733
2021-03-16,16876720.26533014
2021-03-17,13892349.11760767
2021-03-18,7028139.771795252
2021-03-19,6618247.574617086
2021-03-20,13304865.90024878
2021-03-21,7197562.837447139
2021-03-22,13892430.68910383
2021-03-23,21555112.12920016
2021-03-24,10805668.83871949
2021-03-25,24362907.8424931
2021-03-26,11430053.93309986
2021-03-27,12646520.09386046
2021-03-28,7867997.769930643
2021-03-29,7092364.590404124
2021-03-30,11109935.50902617
2021-03-31,14882789.21843451
2021-04-01,27904673.09365384
2021-04-02,21413273.11621848
2021-04-03,4616910.316901437
2021-04-04,5596357.479529225
2021-04-05,8096739.887221953
2021-04-06,38365982.53577343
2021-04-07,8844509.367166633
2021-04-08,9672087.101313569
2021-04-09,10577410.67320079
2021-04-10,10666075.6374964
2021-04-11,15552581.91591325
2021-04-12,18725892.33819211
2021-04-13,15074517.91212856
2021-04-14,34269224.06964503
2021-04-15,25474826.9251697
2021-04-16,7157517.602134957
2021-04-17,9776674.026071414
2021-04-18,32841896.84556333
2021-04-19,5291967.249426304
2021-04-20,14406186.28693294
2021-04-21,7945274.089500697
2021-04-22,12998066.02854568
2021-04-23,17544709.56370837
2021-04-24,22047195.94130686
2021-04-25,13811259.93505904
2021-04-26,13001896.43953039
2021-04-27,25338754.59600882
2021-04-28,10893989.53833406
2021-04-29,15839908.73535884
2021-04-30,20385151.65570435
2021-05-01,6136840.678403088
2021-05-02,7084905.070603043
2021-05-03,12181889.30889136
2021-05-04,12300966.82856251
2021-05-05,10001505.41832127
2021-05-06,10390743.38866811
2021-05-07,25007680.05920358
2021-05-08,7185171.844671912
2021-05-09,10328974.43889588
2021-05-10,10902706.72509119
2021-05-11,9794075.318873757
2021-05-12,20157400.50408172
2021-05-13,20711019.91882173
2021-05-14,10729036.11282431
2021-05-15,7861765.430553826
2021-05-16,9565410.268583616
2021-05-17,9851120.395602664
2021-05-18,13284815.17286566
2021-05-19,30404268.78189803
2021-05-20,18868844.85387187
2021-05-21,14053664.32596621
2021-05-22,5966285.732493671
2021-05-23,13912925.02227296
2021-05-24,27872494.4709965
2021-05-25,10202800.18081467
2021-05-26,10247273.04463417
2021-05-27,4710570.899179427
2021-05-28,5215410.19443828
2021-05-29,3099225.657342584
2021-05-30,21859395.48386469
2021-05-31,3672222.177104907
2021-06-01,25156035.50439177
2021-06-02,8293996.236545856
2021-06-03,17189721.96990819
2021-06-04,4945955.490736427
2021-06-05,3252891.746019335
2021-06-06,4774000.889549706
2021-06-07,8324552.161279068
2021-06-08,11720637.43626801
2021-06-09,7875988.091779622
2021-06-10,10328717.55816526
2021-06-11,12772275.35073821
2021-06-12,2392992.101365611
2021-06-13,4426554.184204309
2021-06-14,6524453.144976497
2021-06-15,7482197.251326296
2021-06-16,4973972.325464644
2021-06-17,4913292.409620667
2021-06-18,4682765.729607335
2021-06-19,2363421.807759025
2021-06-20,3270261.203590673
2021-06-21,7587519.404547039
2021-06-22,7685325.267696634
2021-06-23,13211366.7595739
2021-06-24,9583682.435482899
2021-06-25,20380540.37830642
2021-06-26,2740511.72038796
2021-06-27,4181833.385611468
2021-06-28,4954335.980353813
2021-06-29,3834188.339597933
2021-06-30,4366948.383427913
2021-07-01,6143873.048535836
2021-07-02,10108621.31826752
2021-07-03,2490923.743258603
2021-07-04,3814874.843023257
2021-07-05,5015326.264849924
2021-07-06,4143425.335988163
2021-07-07,6675705.348666285
2021-07-08,4660957.789322121
2021-07-09,6337489.69656643
2021-07-10,2237596.773958601
2021-07-11,3120797.438959427
2021-07-12,13277421.54256689
2021-07-13,4000011.247279348
2021-07-14,5328946.755768299
2021-07-15,6736946.218179165
2021-07-16,5739725.161520397
2021-07-17,79413209.28172024
2021-07-18,3252057.601046845
2021-07-19,5862205.441889652
2021-07-20,9457626.117367951
2021-07-21,5717721.536520262
2021-07-22,6032754.314184023
2021-07-23,6107249.31100813
2021-07-24,2068273.901103509
2021-07-25,3028738.431886826
2021-07-26,23001859.16627111
2021-07-27,22840512.11818217
2021-07-28,34665459.03455569
2021-07-29,148348097.4192187
2021-07-30,5367742.960246763
2021-07-31,3769213.295020966
2021-08-01,2677712.130329372
2021-08-02,4406171.931936396
2021-08-03,3818874.514017575
2021-08-04,3527681.318514334
2021-08-05,3595914.489327294
2021-08-06,7967095.424717872
2021-08-07,3975642.314939403
2021-08-08,6134663.922937385
2021-08-09,5786739.610976826
2021-08-10,4042614.942983718
2021-08-11,6165319.824588196
2021-08-12,4490274.017246597
2021-08-13,4828406.908218736
2021-08-14,14415961.6446915
2021-08-15,2507173.076567714
2021-08-16,4774203.832953806
2021-08-17,5408979.252718658
2021-08-18,8910917.693242712
2021-08-19,5383555.887462663
2021-08-20,4843098.408301958
2021-08-21,6466395.611966236
2021-08-22,4516091.268203994
2021-08-23,10983779.58749509
2021-08-24,4116501.007208099
2021-08-25,30598734.14121683
2021-08-26,12677634.14059279
2021-08-27,4035363.691620219
2021-08-28,3929974.411643743
2021-08-29,3159161.121514674
2021-08-30,7095008.617183127
2021-08-31,8125083.256046903
2021-09-01,6794089.123688355
2021-09-02,5760781.096255207
2021-09-03,6036442.615412594
2021-09-04,3937335.991979012
2021-09-05,3181227.496535075
2021-09-06,5449152.588296808
2021-09-07,6467138.132182038
2021-09-08,5452180.57287051
2021-09-09,13716209.20520684
2021-09-10,11244016.57586489
2021-09-11,3842779.601476423
2021-09-12,3511194.541880972
2021-09-13,4373981.184744694
2021-09-14,12410566.79709653
2021-09-15,10840630.61847079
2021-09-16,12049876.24878447
2021-09-17,4990044.013276173
2021-09-18,3741563.240618303
2021-09-19,4127571.11836708
2021-09-20,6282701.075577422
2021-09-21,3591278.263130495
2021-09-22,7173338.757992928
2021-09-23,4883731.435672875
2021-09-24,4804722.417445477
2021-09-25,1746392.647142902
2021-09-26,70067744.86642446
2021-09-27,9020868.832260203
2021-09-28,6013550.42963042
2021-09-29,6253308.89837343
2021-09-30,10326285.14298629
2021-10-01,6598017.048989889
2021-10-02,4468665.613111575
2021-10-03,3820879.533579114
2021-10-04,7025245.22685073
2021-10-05,8598232.527317656
2021-10-06,10967516.04793156
2021-10-07,9998410.19430834
2021-10-08,6460919.4641023
2021-10-09,4846761.000803066
2021-10-10,11499401.76680127
2021-10-11,7661149.832630511
2021-10-12,18935391.35585581
2021-10-13,6696761.52344736
2021-10-14,7782638.648659036
2021-10-15,9383114.063345365
2021-10-16,10366063.87056627
2021-10-17,4130634.095487467
2021-10-18,13278006.88009356
2021-10-19,28756406.00969599
2021-10-20,15704574.2468454
2021-10-21,12776941.39676562
2021-10-22,14153380.74181851
2021-10-23,5138056.368736673
2021-10-24,17021169.19390164
2021-10-25,13803245.12644533
2021-10-26,9678077.156456755
2021-10-27,5778531.917934283
2021-10-28,7407759.943267233
2021-10-29,8103329.041980585
2021-10-30,4586229.400145128
2021-10-31,18901130.73671683
2021-11-01,32453824.83224571
2021-11-02,19387150.90260434
2021-11-03,17041837.18781127
2021-11-04,5907962.594325722
2021-11-05,17048401.29723594
2021-11-06,5652152.625971061
2021-11-07,3155292.610639156
2021-11-08,16887939.7062447
2021-11-09,12249329.3778556
2021-11-10,23094400.47207545
2021-11-11,10743300.38512092
2021-11-12,36988027.81081788
2021-11-13,7847634.661832656
2021-11-14,4471806.17023166
2021-11-15,10335965.33164664
2021-11-16,22412034.13754201
2021-11-17,17182306.32239342
2021-11-18,7087611.3503976
2021-11-19,7484476.176120703
2021-11-20,6346379.221364208
2021-11-21,5014151.168370554
2021-11-22,10308394.04263792
2021-11-23,10312099.30542898
2021-11-24,7578979.961320685
2021-11-25,41304125.81539728
2021-11-26,11379753.68019223
2021-11-27,2931425.906918896
2021-11-28,6223366.079229889
2021-11-29,9605818.184846729
2021-11-30,9523758.93154189
2021-12-01,13087619.48939178
2021-12-02,7131673.29337907
2021-12-03,8364996.595536293
2021-12-04,8500654.50495848
2021-12-05,6288349.465111387
2021-12-06,10515526.95571883
2021-12-07,20858113.82806096
2021-12-08,7347417.668628426
2021-12-09,14343175.21213344
2021-12-10,7789483.81207382
2021-12-11,6801894.086233442
2021-12-12,2642110.755654526
2021-12-13,9631280.842929447
2021-12-14,20093590.43500271
2021-12-15,8179243.891596387
2021-12-16,10812165.39994066
2021-12-17,6186716.455025834
2021-12-18,5380644.449741348
2021-12-19,3214106.193988566
2021-12-20,7154592.350304411
2021-12-21,6426084.339561297
2021-12-22,9366555.580652941
2021-12-23,10668347.31064824
2021-12-24,3678611.071420318
2021-12-25,5702661.794691098
2021-12-26,6611463.387420244
2021-12-27,5685232.559873394
2021-12-28,6050357.566442176
2021-12-29,9051230.863897776
2021-12-30,16029072.11765137
2021-12-31,19113048.99849766
2022-01-01,5818955.608928607
2022-01-02,2010577.249514646
2022-01-03,7396845.537021682
2022-01-04,7335343.429669891
2022-01-05,8856606.93280674
2022-01-06,12710091.23672281
2022-01-07,7449111.910417818
2022-01-08,3340160.048463384
2022-01-09,3613345.217254827
2022-01-10,7366855.281276989
2022-01-11,5438314.351996571
2022-01-12,9053037.236137353
2022-01-13,4045160.045489161
2022-01-14,4527208.677683243
2022-01-15,2419053.987891198
2022-01-16,2975662.486852529
2022-01-17,6544484.343936066
2022-01-18,5890842.689884552
2022-01-19,9868399.06101546
2022-01-20,9454024.250423474
2022-01-21,10200647.32723352
2022-01-22,9120305.982949091
2022-01-23,9435164.806191882
2022-01-24,10265881.1996721
2022-01-25,12435407.57466374
2022-01-26,4927070.688943957
2022-01-27,10199699.82313058
2022-01-28,5489870.523778547
2022-01-29,7617382.188904042
2022-01-30,4959827.727196525
2022-01-31,4814260.38298559
2022-02-01,198733539.9954324
2022-02-02,3931262.715583967
2022-02-03,6129860.151062805
2022-02-04,3911177.739878779
2022-02-05,3764256.001791704
2022-02-06,4846968.23380213
2022-02-07,8281150.67997257
2022-02-08,6892402.843055202
2022-02-09,6243741.434841868
2022-02-10,11973092.98879166
2022-02-11,8564297.189106839
2022-02-12,3247962.170882586
2022-02-13,3457476.156409767
2022-02-14,4326670.763255931
2022-02-15,6429299.201937022
2022-02-16,4400840.711158397
2022-02-17,8996939.885521675
2022-02-18,4985995.533100035
2022-02-19,2669688.331168879
2022-02-20,6444190.248903244
2022-02-21,15036174.68455807
2022-02-22,4990996.584823397
2022-02-23,13046688.97333829
2022-02-24,5457010.136658539
2022-02-25,8791997.520104133
2022-02-26,4315937.67622748
2022-02-27,7084699.402250876
2022-02-28,53271905.82375149
2022-03-01,9074128.286977077
2022-03-02,11074444.25767674
2022-03-03,11592995.82842399
2022-03-04,7921632.066622577
2022-03-05,2875069.348762207
2022-03-06,3703010.378300014
2022-03-07,14122260.9261937
2022-03-08,9994389.887155863
2022-03-09,12475475.09774255
2022-03-10,8043188.206973207
2022-03-11,39908917.14792501
2022-03-12,5301799.180574285
2022-03-13,3734157.527205827
2022-03-14,6161877.749932267
2022-03-15,6168843.442746563
2022-03-16,14650052.54847297
2022-03-17,21824226.54209625
2022-03-18,3455635.463186815
2022-03-19,5333553.738160163
2022-03-20,2583601.557377793
2022-03-21,6206601.083529116
2022-03-22,4977872.861003015
2022-03-23,5681779.50002773
2022-03-24,5406106.358940542
2022-03-25,58056589.02229199
2022-03-26,5781442.924102067
2022-03-27,2983504.180076281
2022-03-28,9941295.174535014
2022-03-29,37046250.21319417
2022-03-30,4908800.192928623
2022-03-31,8411397.58563584
2022-04-01,7513943.923714895
2022-04-02,3392514.372557503
2022-04-03,4973750.984533059
2022-04-04,11984920.55961767
2022-04-05,8080708.608715748
2022-04-06,6394187.020646714
2022-04-07,4997333.209194249
2022-04-08,5699966.389178661
2022-04-09,2748273.217162355
2022-04-10,2661938.519488646
2022-04-11,6246667.378899354
2022-04-12,21316417.08617163
2022-04-13,7102917.264156918
2022-04-14,37259641.65366554
2022-04-15,3039821.821177758
2022-04-16,1861431.636325647
2022-04-17,1728772.133627413
2022-04-18,3494536.627891422
2022-04-19,6936157.3647799
2022-04-20,6293841.465884133
2022-04-21,39054601.17667001
2022-04-22,8319163.475961768
2022-04-23,3555437.812324082
2022-04-24,2377675.908882764
2022-04-25,5180865.064011249
2022-04-26,7088256.90255536
2022-04-27,4130603.598452344
2022-04-28,7366857.445686252
2022-04-29,8389211.39970252
2022-04-30,4379927.107070029
2022-05-01,4821755.466406103
2022-05-02,15033360.07578736
2022-05-03,13015424.48076327
2022-05-04,10494897.62219367
2022-05-05,8605838.498584678
2022-05-06,9775667.64458221
2022-05-07,2574458.27482195
2022-05-08,6690781.149155012
2022-05-09,19100526.00964572
2022-05-10,12029029.37011503
2022-05-11,26423163.05789312
2022-05-12,19780661.44779837
2022-05-13,29986523.35340278
2022-05-14,48361625.21063267
2022-05-15,3145292.424230111
2022-05-16,8106694.39182573
2022-05-17,10938421.96944235
2022-05-18,5558808.14468897
2022-05-19,15151635.82089495
2022-05-20,8781051.829302395
2022-05-21,3194281.013862884
2022-05-22,1898809.402315766
2022-05-23,6127957.903470716
2022-05-24,7012149.046509073
2022-05-25,6593010.86882115
2022-05-26,5773556.195466482
2022-05-27,11412347.36693271
2022-05-28,2176807.025636706
2022-05-29,4247255.523573484
2022-05-30,6082224.311524573
2022-05-31,13208558.49317836
2022-06-01,13464724.71804862
2022-06-02,20654612.12150485
2022-06-03,10895826.09173902
2022-06-04,8060240.729935991
2022-06-05,2458990.150576138
2022-06-06,5902882.955002352
2022-06-07,13500640.62609318
2022-06-08,8026900.000761357
2022-06-09,7775773.264602564
2022-06-10,11227671.62455324
2022-06-11,7961203.976288697
2022-06-12,7647489.723131126
2022-06-13,29992257.53657067
2022-06-14,23638846.86485578
2022-06-15,24182453.75379081
2022-06-16,10515914.39504172
2022-06-17,74413148.48679744
2022-06-18,17705388.93532247
2022-06-19,5877592.755132883
2022-06-20,6510792.068040991
2022-06-21,10594288.46899101
2022-06-22,9509448.942243973
2022-06-23,4695184.149126121
2022-06-24,9746515.662935145
2022-06-25,16735615.13496201
2022-06-26,1663831.032084319
2022-06-27,7085103.904285357
2022-06-28,9174825.013267608
2022-06-29,14252878.07268947
2022-06-30,15087772.30983379
2022-07-01,7964403.959158719
2022-07-02,3936360.247299927
2022-07-03,7662537.082736841
2022-07-04,3029502.20745217
2022-07-05,4426134.560388492
2022-07-06,9438399.261386454
2022-07-07,4337408.664623536
2022-07-08,6804123.881143371
2022-07-09,4399376.484702512
2022-07-10,2146988.279041074
2022-07-11,19375257.42156377
2022-07-12,5818509.228747532
2022-07-13,2738708.657441377
2022-07-14,8103763.138004261
2022-07-15,13817728.37611223
2022-07-16,2438591.473084499
2022-07-17,1626184.126383303
2022-07-18,6764434.237375117
2022-07-19,41134697.50239085
2022-07-20,9609003.243284335
2022-07-21,35425557.05488838
2022-07-22,9602206.104892388
2022-07-23,5213373.053857089
2022-07-24,2935579.396885026
2022-07-25,6775941.835138582
2022-07-26,6159407.082013814
2022-07-27,4289814.609554145
2022-07-28,3850970.46058797
2022-07-29,4617011.331672444
2022-07-30,2475279.034823882
2022-07-31,4770988.37001466
2022-08-01,3387904.827783235
2022-08-02,5948457.278306682
2022-08-03,4406925.703952657
2022-08-04,10329780.36250737
2022-08-05,3123990.048187775
2022-08-06,3579034.988932016
2022-08-07,4015908.65659155
2022-08-08,4495324.049893924
2022-08-09,10077631.21147607
2022-08-10,16017530.26808323
2022-08-11,4473026.436448992
2022-08-12,5229455.783407898
2022-08-13,2309615.050077203
2022-08-14,1951499.408873779
2022-08-15,3752109.69366947
2022-08-16,3359092.06267986
2022-08-17,5527987.051664042
2022-08-18,6133387.556928447
2022-08-19,8163275.013192786
2022-08-20,2897016.57430824
2022-08-21,1607583.446293715
2022-08-22,5539812.397156239
2022-08-23,5141062.098942309
2022-08-24,3939225.7157492
2022-08-25,3736696.569933977
2022-08-26,5988481.476817827
2022-08-27,3810355.712990125
2022-08-28,17678107.81658027
2022-08-29,19099448.79898297
2022-08-30,11159049.00807724
2022-08-31,3790443.082948143
2022-09-01,5856924.222967493
2022-09-02,6234916.640249576
2022-09-03,3316602.525550257
2022-09-04,17554530.98305032
2022-09-05,3417103.164703207
2022-09-06,11598010.29169995
2022-09-07,7133582.753905643
2022-09-08,4332184.148808543
2022-09-09,4684981.155816786
2022-09-10,3030724.413629645
2022-09-11,2978964.805746777
2022-09-12,4366593.96853244
2022-09-13,15856523.55716279
2022-09-14,7235695.288344802
2022-09-15,6784475.94437077
2022-09-16,3283774.25282458
2022-09-17,2340973.450375405
2022-09-18,1630419.238085442
2022-09-19,12858820.36171508
2022-09-20,5843870.385630411
2022-09-21,7102217.569336108
2022-09-22,4737606.523577697
2022-09-23,4640252.989842487
2022-09-24,1558902.340506759
2022-09-25,2602192.025063465
2022-09-26,4669480.743512619
2022-09-27,11332788.67037625
2022-09-28,5997557.185680035
2022-09-29,6084229.565401439
2022-09-30,8604204.510806989
2022-10-01,2333611.127964825
2022-10-02,2078258.540018542
2022-10-03,4417333.682406197
2022-10-04,5426420.453432804
2022-10-05,7507956.083414878
2022-10-06,5138370.985088832
2022-10-07,6666489.019107388
2022-10-08,4772691.678749856
2022-10-09,1727750.928205272
2022-10-10,4601215.251297352
2022-10-11,6628234.501966366
2022-10-12,9557358.261669263
2022-10-13,4852504.826355232
2022-10-14,4864866.063768622
2022-10-15,1872328.794318609
2022-10-16,3246657.465452014
2022-10-17,23288537.19542847
2022-10-18,55440352.52872556
2022-10-19,7995620.12826765
2022-10-20,3290652.120504987
2022-10-21,4619482.766833934
2022-10-22,13683238.25147714
2022-10-23,2470118.279512241
2022-10-24,4484706.48704543
2022-10-25,12205934.54134106
2022-10-26,19296386.06294182
2022-10-27,12449072.52931295
2022-10-28,4720104.720009058
2022-10-29,3498437.916920267
2022-10-30,2999867.539911936
2022-10-31,6355069.74467562
2022-11-01,6837672.20498928
2022-11-02,18257681.65675567
2022-11-03,8111223.209780812
2022-11-04,38348523.13288188
2022-11-05,9191907.182717899
2022-11-06,8998359.092125162
2022-11-07,20884340.70464
2022-11-08,13906201.31115002
2022-11-09,26458267.04945216
2022-11-10,16758466.9286343
2022-11-11,47377058.46329895
2022-11-12,31000185.18094449
2022-11-13,4513830.329727903
2022-11-14,14050824.30045485
2022-11-15,14254158.99117068
2022-11-16,35273272.02694005
2022-11-17,18932517.84233725
2022-11-18,75567840.18140508
2022-11-19,4095900.16815841
2022-11-20,9319511.489301337
2022-11-21,12878379.40518579
2022-11-22,16431965.61756375
2022-11-23,86631877.81355958
2022-11-24,8826635.657029623
2022-11-25,6015346.926559024
2022-11-26,4114668.441740362
2022-11-27,3726165.464320751
2022-11-28,9739818.752527554
2022-11-29,8501369.516720524
2022-11-30,7222603.000022619
2022-12-01,13948806.87881165
2022-12-02,9087070.946082635
2022-12-03,3141514.590513886
2022-12-04,5679146.145016602
2022-12-05,16828026.38970144
2022-12-06,7716838.81090563
2022-12-07,5344835.937081837
2022-12-08,5971018.521713462
2022-12-09,11559582.8174181
2022-12-10,4496928.192969984
2022-12-11,4771334.313077836
2022-12-12,5748391.012173632
2022-12-13,11125394.17011886
2022-12-14,12893082.54979209
2022-12-15,5526568.8643043
2022-12-16,8184259.066210354
2022-12-17,6021372.094828251
2022-12-18,3996895.989989183
2022-12-19,14191585.66262401
2022-12-20,4218728.079469312
2022-12-21,7036198.551503959
2022-12-22,6464236.684199145
2022-12-23,9507398.096532287
2022-12-24,3897045.396241899
2022-12-25,6194442.91337286
2022-12-26,2723286.116184243
2022-12-27,4923798.87091323
2022-12-28,17509413.56622003
2022-12-29,13372803.8072462
2022-12-30,11223313.9677897
2022-12-31,19812679.97905771
2023-01-01,4207334.121847531
2023-01-02,5244013.115461403
2023-01-03,8293826.029129888
2023-01-04,8260557.917405763
2023-01-05,30827904.25983926
2023-01-06,10882778.10285878
2023-01-07,8102644.23217121
2023-01-08,4265157.526071288
2023-01-09,5714539.417710146
2023-01-10,12110185.00470986
2023-01-11,10686256.67674847
2023-01-12,8242964.658732374
2023-01-13,8014028.645579162
2023-01-14,5161980.52993464
2023-01-15,5514309.869255371
2023-01-16,16427848.62453738
2023-01-17,6933828.884313885
2023-01-18,10398307.66887715
2023-01-19,7834334.273500399
2023-01-20,6123024.933044771
2023-01-21,4824027.052841647
2023-01-22,2837298.020908915
2023-01-23,5444447.486206479
2023-01-24,5928870.229645659
2023-01-25,6112437.509696
2023-01-26,30091924.92095482
2023-01-27,12921334.98631392
2023-01-28,2873536.031906667
2023-01-29,3466321.336068823
2023-01-30,4751835.48207094
2023-01-31,6662547.692782205
2023-02-01,10292890.34751135
2023-02-02,4172888.424249698
2023-02-03,7870361.41799729
2023-02-04,2887912.540021942
2023-02-05,4045179.76217329
2023-02-06,4393932.085134711
2023-02-07,3911665.369616872
2023-02-08,5930314.547873287
2023-02-09,6848190.63192091
2023-02-10,6904107.856628813
2023-02-11,4016111.179810313
2023-02-12,3872000.96978519
2023-02-13,4934912.659904501
2023-02-14,3136930.432289104
2023-02-15,6415994.184835337
2023-02-16,6641981.424426251
2023-02-17,4799982.596682388
2023-02-18,2307791.186042863
2023-02-19,4650758.520777895
2023-02-20,2965621.025421496
2023-02-21,5162955.89386841
2023-02-22,7653577.369255723
2023-02-23,4039907.519104595
2023-02-24,9370965.230462335
2023-02-25,3395121.905316793
2023-02-26,3509317.550929271
2023-02-27,9392982.198257124
2023-02-28,14408684.97679023
2023-03-01,14584547.20511649
2023-03-02,5206975.199999335
2023-03-03,5661235.649368854
2023-03-04,4078075.588590414
2023-03-05,10126239.55410106
2023-03-06,7647134.363373063
2023-03-07,25075514.76244765
2023-03-08,5533937.497589374
2023-03-09,8143342.632141933
2023-03-10,5818113.15422781
2023-03-11,6746121.732639027
2023-03-12,3647284.03041435
2023-03-13,12592509.5008309
2023-03-14,14185683.90972945
2023-03-15,12020701.78130853
2023-03-16,9603868.799487468
2023-03-17,9138152.807245009
2023-03-18,4348437.498110459
2023-03-19,4716911.302851763
2023-03-20,7858684.621080228
2023-03-21,7435679.002765934
2023-03-22,9170547.521622375
2023-03-23,11223237.83498287
2023-03-24,9136606.492596937
2023-03-25,3500364.916209202
2023-03-26,5146165.107993129
2023-03-27,11213165.64309003
2023-03-28,5171764.7356486
2023-03-29,4624295.868197102
2023-03-30,91213768.29642129
2023-03-31,15126047.8275331
2023-04-01,4526256.220613626
2023-04-02,2630962.557688404
2023-04-03,7126617.335038503
2023-04-04,9749022.72230594
2023-04-05,12376757.36343372
2023-04-06,10060218.39878093
2023-04-07,8053179.534789479
2023-04-08,2215167.030084771
2023-04-09,1663833.445924193
2023-04-10,7768798.631380382
2023-04-11,20554568.32912409
2023-04-12,18744785.75204233
2023-04-13,8517511.187335702
2023-04-14,12749764.28723417
2023-04-15,3438021.825091503
2023-04-16,3357583.111504955
2023-04-17,6650645.941490004
2023-04-18,5851899.548897547
2023-04-19,27228241.46272913
2023-04-20,5152157.430493552
2023-04-21,6762746.281783572
2023-04-22,2365453.54137521
2023-04-23,3201932.956427639
2023-04-24,5372177.936358968
2023-04-25,5099102.504790852
2023-04-26,5835508.231516186
2023-04-27,5154843.717043416
2023-04-28,5748031.285065519
2023-04-29,10225754.42242214
2023-04-30,2251079.675000553
2023-05-01,4596523.495142261
2023-05-02,5034773.946788126
2023-05-03,14740980.90268387
2023-05-04,5301264.043960976
2023-05-05,4779134.2778416
2023-05-06,1756802.160272881
2023-05-07,26501993.17247818
2023-05-08,8757839.125158524
2023-05-09,3217696.515108233
2023-05-10,8016002.751053179
2023-05-11,8320927.42088089
2023-05-12,8320119.387782759
2023-05-13,2458428.088588089
2023-05-14,7864219.350463737
2023-05-15,32107029.71371759
2023-05-16,9820117.419520125
2023-05-17,4365751.234742652
2023-05-18,4483820.226490222
2023-05-19,4632161.605057715
2023-05-20,3230722.858269531
2023-05-21,3390962.892315576
2023-05-22,19153757.27491307
2023-05-23,5960391.896495391
2023-05-24,6272004.657751857
2023-05-25,36318712.85007612
2023-05-26,8723616.82618698
2023-05-27,2449956.928457507
2023-05-28,4986095.865214415
2023-05-29,6994526.008006168
2023-05-30,10486606.86135487
2023-05-31,10362278.35985443
2023-06-01,11403006.99631788
2023-06-02,5936743.141262229
2023-06-03,3094159.450461551
2023-06-04,2952457.209391497
2023-06-05,8954193.962333605
2023-06-06,6174507.307525302
2023-06-07,4868975.478090578
2023-06-08,9810794.291159624
2023-06-09,5027918.077209789
2023-06-10,6120383.219343455
2023-06-11,3616696.477940721
2023-06-12,8143549.768219427
2023-06-13,9010645.303221311
2023-06-14,9219634.531593803
2023-06-15,9659474.036342738
2023-06-16,6319159.763188994
2023-06-17,2816852.682397541
2023-06-18,12857261.18795303
2023-06-19,10723160.9247506
2023-06-20,17450045.30950642
2023-06-21,21629514.63179962
2023-06-22,7174441.19186236
2023-06-23,20001614.69598114
2023-06-24,5520082.375044592
2023-06-25,5909183.033850732
2023-06-26,5487046.881352441
2023-06-27,10099219.49279314
2023-06-28,7412411.811681483
2023-06-29,18062415.40680851
2023-06-30,6862439.98018615
2023-07-01,31970741.4999189
2023-07-02,4157309.868597721
2023-07-03,6834278.227184716
2023-07-04,4401443.175697578
2023-07-05,5221706.342217536
2023-07-06,22020905.65892943
2023-07-07,4399688.917531712
2023-07-08,2037225.911981501
2023-07-09,3769702.310764969
2023-07-10,7264287.658388952
2023-07-11,12457408.77484575
2023-07-12,6933228.263456281
2023-07-13,10780489.78421774
2023-07-14,8354593.480038897
2023-07-15,2402943.250248048
2023-07-16,2670661.177496531
2023-07-17,10298114.71446662
2023-07-18,11454869.5367643
2023-07-19,9573356.584716896
2023-07-20,7397391.266389619
2023-07-21,9505466.581518125
2023-07-22,7017965.692298761
2023-07-23,3683458.617940194
2023-07-24,7196633.150401571
2023-07-25,4635966.376615949
2023-07-26,3757689.081361942
2023-07-27,23108953.57796575
2023-07-28,61339500.18878487
2023-07-29,3108866.393862188
2023-07-30,3109052.714143462
2023-07-31,7661468.644588823
2023-08-01,3782515.95944367
2023-08-02,10539840.07883527
2023-08-03,3340025.165966359
2023-08-04,5744832.025415493
2023-08-05,1785970.311014248
2023-08-06,3078166.67083011
2023-08-07,4298540.538371095
2023-08-08,8414640.298463196
2023-08-09,5645119.07056975
2023-08-10,6310953.085211882
2023-08-11,3743051.434621565
2023-08-12,5080701.671002137
2023-08-13,3796522.847315494
2023-08-14,11649580.41346745
2023-08-15,6785198.961433001
2023-08-16,7465326.255366419
2023-08-17,10255164.50016724
2023-08-18,11519407.12949052
2023-08-19,2178960.339415494
2023-08-20,2797772.577350476
2023-08-21,6612623.938179529
2023-08-22,7475682.958269767
2023-08-23,4895604.192313343
2023-08-24,4768875.205433521
2023-08-25,4844658.536970248
2023-08-26,2101539.000853851
2023-08-27,6614388.113384357
2023-08-28,6143843.583341333
2023-08-29,13996633.41889499
2023-08-30,5532272.799251272
2023-08-31,6442773.821009975
2023-09-01,6333373.59668679
2023-09-02,2024248.856728773
2023-09-03,3571919.878266571
2023-09-04,5130140.758568453
2023-09-05,6148946.548121266
2023-09-06,6745112.790667295
2023-09-07,4096802.078759191
2023-09-08,4032695.263545756
2023-09-09,2793945.32802628
2023-09-10,2052256.340631742
2023-09-11,5436459.587892926
2023-09-12,5476858.650771586
2023-09-13,3477764.812270095
2023-09-14,7219500.40944471
2023-09-15,5850149.847397204
2023-09-16,2622466.873178749
2023-09-17,2203889.678105369
2023-09-18,12556135.68945386
2023-09-19,29141878.50525407
2023-09-20,7514554.401481094
2023-09-21,3312723.829549878
2023-09-22,2659874.989725281
2023-09-23,2576319.839633033
2023-09-24,3070596.552597919
2023-09-25,5562261.593795347
2023-09-26,5416716.493592041
2023-09-27,4267620.329860591
2023-09-28,6832608.811667833
2023-09-29,8612118.821419457
2023-09-30,3495566.67751771
2023-10-01,3650713.837123061
2023-10-02,17731160.60852575
2023-10-03,7841057.155198184
2023-10-04,11417206.06383688
2023-10-05,7657584.301345129
2023-10-06,9350504.578091284
2023-10-07,10171624.93133401
2023-10-08,2842221.746879234
2023-10-09,15136600.73395194
2023-10-10,6952213.792132561
2023-10-11,13489958.17946636
2023-10-12,6408530.973511653
2023-10-13,5058682.012439075
2023-10-14,23312301.7450992
2023-10-15,2469259.697598766
2023-10-16,6240837.878139311
2023-10-17,7956501.563843937
2023-10-18,7907207.18446842
2023-10-19,18450220.99170098
2023-10-20,9695110.721003076
2023-10-21,3870222.951110886
2023-10-22,4233065.650474484
2023-10-23,14045877.27906607
2023-10-24,21180023.80185486
2023-10-25,9963647.33031921
2023-10-26,14928095.36448701
2023-10-27,9632855.30453332
2023-10-28,8769678.184038304
2023-10-29,6032948.170910331
2023-10-30,7374854.270620383
2023-10-31,10613709.11658956
2023-11-01,29630517.20257328
2023-11-02,7002851.047595559
2023-11-03,7771721.429251959
2023-11-04,4308782.49533573
2023-11-05,4256819.904271803
2023-11-06,4899273.684565547
2023-11-07,7233222.444934997
2023-11-08,6111291.574376756
2023-11-09,21984253.70014979
2023-11-10,9173197.373660546
2023-11-11,4000970.689788685
2023-11-12,4163390.409436525
2023-11-13,6890978.25998811
2023-11-14,6509369.324686373
2023-11-15,15755788.19739479
2023-11-16,8970679.84818147
2023-11-17,6619307.189198608
2023-11-18,4197049.658820502
2023-11-19,7461681.119079032
2023-11-20,9067196.791638546
2023-11-21,13272582.05959808
2023-11-22,16051380.16961241
2023-11-23,4261433.451501735
2023-11-24,5341173.545800695
2023-11-25,3049897.665788065
2023-11-26,6062936.985791552
2023-11-27,4487461.012106474
2023-11-28,6912946.831285546
2023-11-29,6715417.128524563
2023-11-30,32581611.58924895
2023-12-01,8422557.915541947
2023-12-02,4725025.889046552
2023-12-03,4470546.293114165
2023-12-04,19322325.78031931
2023-12-05,13436248.53196297
2023-12-06,21338730.91786768
2023-12-07,10971878.47888612
2023-12-08,10296168.68682259
2023-12-09,5925238.114535711
2023-12-10,4704088.323783673
2023-12-11,11816908.80724684
2023-12-12,19362527.21744941
2023-12-13,6160534.635961135
2023-12-14,4861248.080221032
2023-12-15,14851645.39018185
2023-12-16,8321865.487458901
2023-12-17,2781437.630986669
2023-12-18,17191539.81419599
2023-12-19,10133499.68089484
2023-12-20,11614865.48275609
2023-12-21,7967701.550481353
2023-12-22,16497323.26015815
2023-12-23,6578547.015631559
2023-12-24,20142025.22894868
2023-12-25,4663500.606466196
2023-12-26,7916534.009091692
2023-12-27,56035828.2790259
2023-12-28,9137044.186363768
2023-12-29,31195692.6324316
2023-12-30,9240000.664867524
2023-12-31,5824736.932785667
2024-01-01,3817018.213309831
2024-01-02,11850922.6322891
2024-01-03,10772281.02150345
2024-01-04,67832669.12223229
2024-01-05,8817177.832250446
2024-01-06,3796321.341726387
2024-01-07,4644599.095718266
2024-01-08,8519965.953667603
2024-01-09,13119499.95806083
2024-01-10,10854425.12092168
2024-01-11,11359758.74400618
2024-01-12,12419397.75032941
2024-01-13,4086603.964753999
2024-01-14,6076270.037246743
2024-01-15,6497124.948402787
2024-01-16,104688539.0210824
2024-01-17,25260822.00061307
2024-01-18,21981140.10318407
2024-01-19,16627509.32574141
2024-01-20,3178231.180225369
2024-01-21,2571982.714106958
2024-01-22,26141985.44331134
2024-01-23,22404917.49461327
2024-01-24,57749924.85069684
2024-01-25,26183160.93812124
2024-01-26,16624630.0306616
2024-01-27,4942921.881618619
2024-01-28,3000678.173935779
2024-01-29,13755587.21219916
2024-01-30,21758333.42010186
2024-01-31,19900304.27850002
2024-02-01,10345863.45381401
2024-02-02,13241350.13438517
2024-02-03,2108796.138654959
2024-02-04,6834903.515606957
2024-02-05,11560897.21484659
2024-02-06,26870766.36728106
2024-02-07,9690564.460335
2024-02-08,8418340.962037556
2024-02-09,9831888.32913814
2024-02-10,5878837.356943992
2024-02-11,6269906.751787927
2024-02-12,13913543.36011248
2024-02-13,10759852.37730434
2024-02-14,23809981.11677911
2024-02-15,14575111.30314414
2024-02-16,14483533.30129171
2024-02-17,5590965.060089006
2024-02-18,5065939.627923883
2024-02-19,40958342.43032839
2024-02-20,9223265.064360296
2024-02-21,13202424.18611414
2024-02-22,20106364.82118316
2024-02-23,15106080.36217488
2024-02-24,4575760.993116683
2024-02-25,4858841.728886855
2024-02-26,11306356.57469545
2024-02-27,18754889.46015126
2024-02-28,48440868.21800434
2024-02-29,30933375.07496897
2024-03-01,67343114.42710634
2024-03-02,6313003.454178409
2024-03-03,7484182.936122909
2024-03-04,28035684.18338003
2024-03-05,45535428.68077439
2024-03-06,69392556.3753789
2024-03-07,33571734.31901854
2024-03-08,29856991.20887263
2024-03-09,10430898.92297309
2024-03-10,20426436.32287082
2024-03-11,27911664.52277967
2024-03-12,20981955.09505141
2024-03-13,32856674.49318869
2024-03-14,37435040.90867993
2024-03-15,16840715.85869501
2024-03-16,7301861.58685508
2024-03-17,36949113.18642371
2024-03-18,16637198.19043138
2024-03-19,13189319.39435501
2024-03-20,14487192.62541205
2024-03-21,25473206.72257004
2024-03-22,37354594.66435777
2024-03-23,162961810.9775655
2024-03-24,12049322.19961547
2024-03-25,70044733.79587847
2024-03-26,25825038.59635893
2024-03-27,11935579.33409204
2024-03-28,41066763.76198966
2024-03-29,8904712.447089043
2024-03-30,5782722.231780391
2024-03-31,8108310.911910381
2024-04-01,72573992.03196971
2024-04-02,27066826.10784739
2024-04-03,10021499.71557443
2024-04-04,9591368.762727162
2024-04-05,6095165.41033573
2024-04-06,7294483.787086998
2024-04-07,5303958.977795754
2024-04-08,9581378.943944765
2024-04-09,11873301.69629024
2024-04-10,7816141.036099303
2024-04-11,6542663.335775659
2024-04-12,9292803.167118745
2024-04-13,5148024.243020614
2024-04-14,6630594.177992216
2024-04-15,9872599.806224843
2024-04-16,24558414.33315904
2024-04-17,8928160.48039301
2024-04-18,21010912.54000729
2024-04-19,11728967.34834454
2024-04-20,2593973.313171562
2024-04-21,3501263.280489377
2024-04-22,5699932.157159772
2024-04-23,8103668.073582005
2024-04-24,22411429.0212271
2024-04-25,6892789.128936732
2024-04-26,7306606.833993812
2024-04-27,9006745.966038894
2024-04-28,7068873.400240565
2024-04-29,8991219.731304264
2024-04-30,15088460.60815582
2024-05-01,9743748.486119216
2024-05-02,7969460.657520825
2024-05-03,9207593.67324768
2024-05-04,3042552.221382069
2024-05-05,2532268.38985781
2024-05-06,9842382.49901484
2024-05-07,4889592.664491433
2024-05-08,7262975.377897333
2024-05-09,5228944.505519184
2024-05-10,4697292.612287599
2024-05-11,4597927.839244103
2024-05-12,8560836.714126175
2024-05-13,7030364.20717928
2024-05-14,9780960.136033071
2024-05-15,41283872.7123802
2024-05-16,7522647.344996498
2024-05-17,7968664.286023943
2024-05-18,3321762.143820534
2024-05-19,4832614.500958355
2024-05-20,9431376.944009729
2024-05-21,10902631.98442496
2024-05-22,17456648.84420973
2024-05-23,12238576.82833162
2024-05-24,8848343.989137905
2024-05-25,2549749.76567289
2024-05-26,6760731.532451316
2024-05-27,10622049.91205063
2024-05-28,518269156.3612726
2024-05-29,6540468.190956566
2024-05-30,8817853.126719918
2024-05-31,6287960.864990521
2024-06-01,4077035.620778873
2024-06-02,4710437.717382215
2024-06-03,16424401.05108775
2024-06-04,9319821.550516658
2024-06-05,10534057.24735042
2024-06-06,19064822.68672103
2024-06-07,7615720.958255718
2024-06-08,5655495.52398108
2024-06-09,4484856.384442418
2024-06-10,6321259.747021178
2024-06-11,46135974.29577819
2024-06-12,10638386.98153624
2024-06-13,4404624.348767146
2024-06-14,6773885.132495212
2024-06-15,9887791.97780209
2024-06-16,2469425.059610604
2024-06-17,10280031.99012783
2024-06-18,6101138.67491245
2024-06-19,5150136.610932372
2024-06-20,5490866.380707173
2024-06-21,11161851.7525453
2024-06-22,58310112.21972233
2024-06-23,3528003.121739174
2024-06-24,18823406.64018155
2024-06-25,7128401.6006744
2024-06-26,10327038.20051119
2024-06-27,45500152.1225897
2024-06-28,9795789.584563885
2024-06-29,2497206.904134325
2024-06-30,3769718.963312347
2024-07-01,8617029.116652085
2024-07-02,5863933.055635428
2024-07-03,25787882.02210378
2024-07-04,15246429.53741897
2024-07-05,46648605.53436969
2024-07-06,3838691.979307116
2024-07-07,6416756.341796736
2024-07-08,5681335.870384102
2024-07-09,20558954.69333227
2024-07-10,16111933.15689902
2024-07-11,4558047.171776642
2024-07-12,8078873.480379621
2024-07-13,3507700.129979204
2024-07-14,6462256.409806039
2024-07-15,10154822.14996831
2024-07-16,8551412.719152734
2024-07-17,9966861.787952323
2024-07-18,15567580.95070647
2024-07-19,28177164.59766193
2024-07-20,3470480.934738374
2024-07-21,3178337.296055984
2024-07-22,7420192.547184946
2024-07-23,59577905.97180276
2024-07-24,8772789.329400934
2024-07-25,17835378.74488044
2024-07-26,6347515.173839281
2024-07-27,8393428.115599643
2024-07-28,4792718.911253355
2024-07-29,15989939.67543096
2024-07-30,49687474.56321883
2024-07-31,7038355.595606346
2024-08-01,13976560.03580507
2024-08-02,8105219.725977596
2024-08-03,7322992.439544682
2024-08-04,6649774.371843999
2024-08-05,35550147.01943309
2024-08-06,5863369.809781882
2024-08-07,17043700.00821326
2024-08-08,6852598.775791999
2024-08-09,9513509.25675912
2024-08-10,16206756.88893741
2024-08-11,2880581.704202435
2024-08-12,7301222.037121173
2024-08-13,7123841.279739743
2024-08-14,5312900.01918738
2024-08-15,7575851.142453394
2024-08-16,5829888.448491102
2024-08-17,2361175.757618156
2024-08-18,3266953.271646536
2024-08-19,7550881.059716795
2024-08-20,7382551.923074207
2024-08-21,8800981.016655145
2024-08-22,6449023.193148494
2024-08-23,9355478.826169573
2024-08-24,3711028.426206515
2024-08-25,2537294.115362685
2024-08-26,5956171.572279709
2024-08-27,20207397.41827133
2024-08-28,6807211.113982719
2024-08-29,40822391.94705968
2024-08-30,5057097.196275576
2024-08-31,7249562.607563778
2024-09-01,2324558.948673242
2024-09-02,4032735.532068521
2024-09-03,8478662.573663402
2024-09-04,9991909.25271274
2024-09-05,6389683.526830591
2024-09-06,12359423.44341417
2024-09-07,1870852.809276004
2024-09-08,1874165.974059562
2024-09-09,11793025.03703394
2024-09-10,10199807.75689737
2024-09-11,6790936.735758761
2024-09-12,6231390.825819267
2024-09-13,15340948.7509068
2024-09-14,3043188.160294649
2024-09-15,4478201.32857877
2024-09-16,12693993.77206041
2024-09-17,7082086.705176421
2024-09-18,11499369.79930978
2024-09-19,8221799.907567411
2024-09-20,14088668.09696477
2024-09-21,3979395.085346212
2024-09-22,3418542.670086131
2024-09-23,11252070.54268401
2024-09-24,7019147.146197345
2024-09-25,12281111.89345516
2024-09-26,16197222.90706932
2024-09-27,8429483.903681656
2024-09-28,4769142.172673954
2024-09-29,3345729.000554385
2024-09-30,8437731.82447592
2024-10-01,5080943.360059368
2024-10-02,6092098.263205038
2024-10-03,7833882.758801541
2024-10-04,8951366.469955066
2024-10-05,3027921.931433206
2024-10-06,3303025.386924622
2024-10-07,6946635.824279371
2024-10-08,83076060.6915594
2024-10-09,11375916.72144015
2024-10-10,8650684.63252439
2024-10-11,29483793.9008337
2024-10-12,7391209.5231975
2024-10-13,6385285.566839413
2024-10-14,10019413.69178311
2024-10-15,26440659.79895406
2024-10-16,8359614.14425036
2024-10-17,10370868.04461311
2024-10-18,12283240.54054823
2024-10-19,10873198.46586348
2024-10-20,19113845.59330735
2024-10-21,26251194.40611823
2024-10-22,7694702.261032306
2024-10-23,7924431.400315329
2024-10-24,6167363.390068958
2024-10-25,9770142.777318727
2024-10-26,4663660.703127543
2024-10-27,4557158.803988431
2024-10-28,8875616.929322269
2024-10-29,16846072.45522356
2024-10-30,11329597.95187398
2024-10-31,10616483.01477458
2024-11-01,13216604.26389449
2024-11-02,7046154.02515588
2024-11-03,5135203.911617504
2024-11-04,13033240.39601185
2024-11-05,11099827.40342543
2024-11-06,59872243.99886377
2024-11-07,13279556.20063632
2024-11-08,19708233.5815534
2024-11-09,4885662.891048752
2024-11-10,13164510.85584705
2024-11-11,28127768.47783167
2024-11-12,35379928.48354296
2024-11-13,35637952.19080606
2024-11-14,54913139.97651435
2024-11-15,46921610.6654379
2024-11-16,10230353.87248493
2024-11-17,9117995.698173182
2024-11-18,16529078.72434298
2024-11-19,36654886.0996604
2024-11-20,32982995.80465498
2024-11-21,52484899.41789028
2024-11-22,37393197.1707821
2024-11-23,18770056.62741508
2024-11-24,11239904.94526275
2024-11-25,26855748.47516825
2024-11-26,40504214.21746626
2024-11-27,30194462.46978987
2024-11-28,26925649.77965162
2024-11-29,13590397.86105547
2024-11-30,6781794.864969313
2024-12-01,7392696.993561168
2024-12-02,30606788.74407939
2024-12-03,41937145.97320599
2024-12-04,17180495.16744572
2024-12-05,60551788.63336715
2024-12-06,46965868.23718356
2024-12-07,8779927.390008667
2024-12-08,9061907.604819959
2024-12-09,45314515.9282998
2024-12-10,14679973.65904867
2024-12-11,33108032.27155016
2024-12-12,11418671.16906068
2024-12-13,19073488.83838531
2024-12-14,9324777.7842782
2024-12-15,10793032.58879838
2024-12-16,29184046.71186076
2024-12-17,29856493.84946743
2024-12-18,32360918.21770819
2024-12-19,47897957.6053214
2024-12-20,34737945.03389288
2024-12-21,6121018.602264503
2024-12-22,10341732.7732805
2024-12-23,42727174.28894455
2024-12-24,43957623.00650904
2024-12-25,5597566.460192107
2024-12-26,12684547.97170119
2024-12-27,28072315.59410436
2024-12-28,7877991.007342068
2024-12-29,25557260.09709067
2024-12-30,38431870.56357093
2024-12-31,36314750.13586313
2025-01-01,24234313.67507151
2025-01-02,11062140.04925048
2025-01-03,6275742.012601945
2025-01-04,5537326.627959517
2025-01-05,4427539.081743997
2025-01-06,9587692.488034077
2025-01-07,33087307.28382055
2025-01-08,9909184.366692064
2025-01-09,7056643.821772057
2025-01-10,9754939.970163567
2025-01-11,5184557.329107046
2025-01-12,4308926.306972709
2025-01-13,6648953.190934573
2025-01-14,6828660.479200099
2025-01-15,19966956.49248329
2025-01-16,11638823.62471101
2025-01-17,14352285.05563721
2025-01-18,14069999.56602433
2025-01-19,10136742.28186937
2025-01-20,14485490.40492716
2025-01-21,17533539.79301814
2025-01-22,27573116.0706384
2025-01-23,99334392.82153934
2025-01-24,8115401.4821639
2025-01-25,5961743.944262407
2025-01-26,4817855.828819556
2025-01-27,12073295.78509352
2025-01-28,9190354.754048364
2025-01-29,6304137.760236673
2025-01-30,7400444.88572091
2025-01-31,7345781.505325641
2025-02-01,6028480.742125923
2025-02-02,6091530.744616266
2025-02-03,13228329.55953064
2025-02-04,26065484.59825208
2025-02-05,36167504.65908725
2025-02-06,23534133.26310822
2025-02-07,7642261.100266195
2025-02-08,4984906.88676793
2025-02-09,39993831.32419753
2025-02-10,7863850.017151453
2025-02-11,24076226.39869518
2025-02-12,7907779.485571459
2025-02-13,6088285.904603298
2025-02-14,8329417.797777263
2025-02-15,4324885.469481035
2025-02-16,2814879.427533654
2025-02-17,5102311.240890008
2025-02-18,8072686.303247718
2025-02-19,5146376.507105173
2025-02-20,6174452.045289065
2025-02-21,7607298.415299764
2025-02-22,5202330.599844456
2025-02-23,3369158.402075942
2025-02-24,8339977.400436745
2025-02-25,27153940.32028395
2025-02-26,26020686.89576654
2025-02-27,15087035.81442389
2025-02-28,15224470.6866344
2025-03-01,4500803.460963239
2025-03-02,6653801.367894392
2025-03-03,17312422.33337475
2025-03-04,9814539.289751798
2025-03-05,7013057.583430704
2025-03-06,16665842.56952227
2025-03-07,12421873.58720898
2025-03-08,2358003.105218179
2025-03-09,4455472.633442611
2025-03-10,25782591.72875851
2025-03-11,17105531.31161112
2025-03-12,15890415.35165488
2025-03-13,10627105.97982912
2025-03-14,12056845.24875577
2025-03-15,1978871.056202048
2025-03-16,4044538.737613553
2025-03-17,7274848.63762233
2025-03-18,6396495.292601807
2025-03-19,8086677.708020701
2025-03-20,15686899.72214135
2025-03-21,4349734.463906658
2025-03-22,9986097.971250474
2025-03-23,2802147.963158702
2025-03-24,5869326.362885869
2025-03-25,8008736.861641566
2025-03-26,8601643.554043457
2025-03-27,6282948.207706034
2025-03-28,28180766.63648128
2025-03-29,3014064.958559131
2025-03-30,4297458.712082685
2025-03-31,9639337.855226338
2025-04-01,6316129.485079592
2025-04-02,16572974.8422584
2025-04-03,37601841.652908
2025-04-04,10112493.98521884
2025-04-05,4939857.574872541
2025-04-06,5160064.563745479
2025-04-07,30874023.54651083
2025-04-08,8129976.762525616
2025-04-09,14740248.68523951
2025-04-10,24329511.55945343
2025-04-11,18815447.3952393
2025-04-12,3928034.367581324
2025-04-13,7091017.895068687
2025-04-14,6828854.829050392
2025-04-15,14948942.04831636
2025-04-16,12431246.74237284
2025-04-17,29732995.97476623
2025-04-18,3803445.772541069
2025-04-19,2209151.143416741
2025-04-20,3502288.485470334
2025-04-21,7595731.836410697
2025-04-22,10631220.15018481
2025-04-23,13711025.72855538
2025-04-24,21703717.35388697
2025-04-25,31219088.78750979
2025-04-26,8455250.75140359
2025-04-27,4432538.600468724
2025-04-28,21706093.64620005
2025-04-29,25436241.95652458
2025-04-30,15461732.27241503
2025-05-01,18917120.30056893
2025-05-02,18977435.63763697
2025-05-03,4205939.057071016
2025-05-04,2956407.766224731
2025-05-05,48840535.8606827
2025-05-06,33898014.87077966
2025-05-07,19570932.22480316
2025-05-08,21970834.90395221
2025-05-09,22141686.07301693
2025-05-10,3446320.660329
2025-05-11,5995065.56623181
2025-05-12,12848158.87369544
2025-05-13,33172303.32808894
2025-05-14,10753059.17285809
2025-05-15,32154908.13386047
2025-05-16,11872394.06858126
2025-05-17,3670233.527965703
2025-05-18,5973689.283542709
2025-05-19,29882701.40148488
2025-05-20,23824544.32534232
2025-05-21,27766555.89387251
2025-05-22,14667399.69854573
2025-05-23,15220928.61943488
2025-05-24,4070723.391753112
2025-05-25,8483710.380448297
2025-05-26,30837024.2526748
2025-05-27,24214706.10250492
2025-05-28,12198337.75881809
2025-05-29,26118849.999118
2025-05-30,10005245.46307338
2025-05-31,3085767.600469808
2025-06-01,3819083.024201836
2025-06-02,12730046.416327
2025-06-03,11546305.61586093
2025-06-04,25990957.17406774
2025-06-05,6673167.788029633
2025-06-06,7125802.011740581
2025-06-07,6064319.143386242
2025-06-08,4859548.999003345
2025-06-09,6164406.486495543
2025-06-10,14080813.57687088
2025-06-11,9380405.664787214
2025-06-12,6644798.131913476
2025-06-13,22606333.92667206
2025-06-14,2828822.304249354
2025-06-15,4730099.46353414
2025-06-16,15907093.70523049
2025-06-17,7911882.290061417
2025-06-18,10342238.25533384
2025-06-19,7352843.42691192
2025-06-20,7777991.874768661
2025-06-21,6332785.448285336
2025-06-22,12437367.505407
2025-06-23,11833560.06032671
2025-06-24,14473490.14888509
2025-06-25,14615891.98920012
2025-06-26,30648045.22882395
2025-06-27,31097496.05706495
2025-06-28,3586980.306769526
2025-06-29,4588106.663931711
2025-06-30,37716991.53076103
2025-07-01,15841410.93115714
2025-07-02,10812948.72692222
2025-07-03,13133361.53371575
2025-07-04,419950853.7120153
2025-07-05,2700494.0814906
2025-07-06,3439040.48651913
2025-07-07,24264250.61483258
2025-07-08,32662106.31428687
2025-07-09,29927022.20951956
2025-07-10,10187847.99341775
2025-07-11,31452909.11148787
2025-07-12,18047402.13672061
2025-07-13,7779801.043804697
2025-07-14,20954618.26072299
2025-07-15,18580766.59297368
2025-07-16,38452430.67401528
2025-07-17,33920767.29349031
2025-07-18,13072530.4169825
2025-07-19,17632169.30678364
2025-07-20,5368845.133117874
2025-07-21,14955701.64529185
2025-07-22,29881478.34161964
2025-07-23,25221442.66368262
2025-07-24,30869508.5822594
2025-07-25,32814433.13190627
2025-07-26,7181119.811522624
2025-07-27,5247630.973032884
2025-07-28,18242495.77584788
2025-07-29,23691945.8731123
2025-07-30,20590176.7092876
2025-07-31,9659943.13978929
2025-08-01,9488023.561166361
2025-08-02,3557007.146635286
2025-08-03,9660120.098362878
2025-08-04,8542289.150663778
2025-08-05,18128549.17825871
2025-08-06,5771271.312871232
2025-08-07,22869051.01768371
2025-08-08,10768357.56638847
2025-08-09,4164444.944614415
2025-08-10,6630626.841790773
2025-08-11,8699546.681006387
2025-08-12,12924883.98674618
2025-08-13,12694267.38214178
2025-08-14,20204217.7708231
2025-08-15,10488805.13841307
2025-08-16,57689884.81315817
2025-08-17,4258296.429817813
2025-08-18,7825343.647221428
2025-08-19,15599926.927687
2025-08-20,14807043.75485486
2025-08-21,13328128.50592923
2025-08-22,17740304.75806874
2025-08-23,6811891.512264927
2025-08-24,5573373.004942672
2025-08-25,13239127.37922429
2025-08-26,9668543.872512573
2025-08-27,11365167.01693651
2025-08-28,12827468.80608323
2025-08-29,81361944.92813155
2025-08-30,8577700.801287632
2025-08-31,7658179.174923241
2025-09-01,7597417.931128512
2025-09-02,7704530.903731846
2025-09-03,10067754.47525935
2025-09-04,17927080.61156889
2025-09-05,31017943.13274532
2025-09-06,6948832.048567855
2025-09-07,6172164.882853252
2025-09-08,10274908.14953431
2025-09-09,11415201.74530008
2025-09-10,10224212.17772039
2025-09-11,14475008.27546094
2025-09-12,11558556.78643072
2025-09-13,8495381.422871856
2025-09-14,3798964.638080338
2025-09-15,17868405.38598511
2025-09-16,14199281.62807278
2025-09-17,24730168.13985774
2025-09-18,11851065.46788987
2025-09-19,34983213.76098841
2025-09-20,5847805.492949612
2025-09-21,5109521.162773742
2025-09-22,8718006.285744984
2025-09-23,22288015.81116141
2025-09-24,21115289.80190304
2025-09-25,24175750.73828229
2025-09-26,18116316.50756187
2025-09-27,6464084.929091573
2025-09-28,6631216.161326756
2025-09-29,8629552.361210724
2025-09-30,21787928.46743058
2025-10-01,27861417.89686269
2025-10-02,17487550.05726272
2025-10-03,15820057.42210313
2025-10-04,9603671.036405472
2025-10-05,9272315.658441003
2025-10-06,14544026.18378826
2025-10-07,56310191.57793027
2025-10-08,20170637.72730333
2025-10-09,29593910.02010828
2025-10-10,11492307.94595064
2025-10-11,11169863.92095267
2025-10-12,6394069.516120032
2025-10-13,5284430.582684925
2025-10-14,46183130.52070785
2025-10-15,55329907.61554061
2025-10-16,12047886.06890931
2025-10-17,22417653.51989379
2025-10-18,7859834.258740851
2025-10-19,4625528.670372091
2025-10-20,6570458.701698328
2025-10-21,15167286.21991773
2025-10-22,35504742.74133272
2025-10-23,34502302.4806532
2025-10-24,15651817.63144458
2025-10-25,7334851.838726025
2025-10-26,13589615.11391156
2025-10-27,16809219.64946422
2025-10-28,37896339.56732288
2025-10-29,29071562.02323506
2025-10-30,28780495.36536854
2025-10-31,15748117.14961543
2025-11-01,14696607.60055504
2025-11-02,3745790.46235866
2025-11-03,26608200.38852105
2025-11-04,28066543.04565923
2025-11-05,17172713.84235294
2025-11-06,16241040.92865224
2025-11-07,81134351.90041053
2025-11-08,11523077.3718782
2025-11-09,2903301.187877628
2025-11-10,13284191.44475582
2025-11-11,15247577.75868171
2025-11-12,12302883.78396401
2025-11-13,27186642.59233587
2025-11-14,21597792.57261844
2025-11-15,6424478.58115262
2025-11-16,7835416.336693346
2025-11-17,28562537.9926181
2025-11-18,46955853.19155536
2025-11-19,14928954.13486008
2025-11-20,27238700.80105067
2025-11-21,25109428.06867173
2025-11-22,340229039.1754565
2025-11-23,253461120.5843537
2025-11-24,12893491.46746471
2025-11-25,15560815.75744694
2025-11-26,40550632.99417106
2025-11-27,6724793.505362115
2025-11-28,7798722.945991935
2025-11-29,2480244.285835215
2025-11-30,4481421.334259391
2025-12-01,25778268.62911893
2025-12-02,10093628.17118513
2025-12-03,22494135.13026947
2025-12-04,7837126.700148067
2025-12-05,22896381.32861986
2025-12-06,6364414.410209329
2025-12-07,6320756.18741989
2025-12-08,31782187.33210472
2025-12-09,14173498.6131671
2025-12-10,30732634.05284096
2025-12-11,10255822.037439
2025-12-12,13911165.09422307
2025-12-13,7210409.712098259
2025-12-14,3977445.441889864
2025-12-15,10329851.12941342
2025-12-16,26606714.80113487
2025-12-17,14064832.89126234
2025-12-18,6968818.368223913
2025-12-19,14165608.5065401
2025-12-20,19793892.46682331
2025-12-21,4247204.056922952
2025-12-22,8749893.191572016
2025-12-23,20850303.83228042
2025-12-24,6891012.657339847
2025-12-25,3757182.465763131
2025-12-26,9935975.712098006
2025-12-27,3929506.588395841
2025-12-28,5424192.251183383
2025-12-29,9769628.956444805
2025-12-30,12803480.06737811
2025-12-31,20573901.08805538
2026-01-01,10978940.63877835
2026-01-02,6192549.398086233
2026-01-03,3224408.318967714
2026-01-04,4022706.588101473
2026-01-05,10900040.21619949
2026-01-06,7144220.121574203
2026-01-07,27629260.24906496
2026-01-08,7897060.872611157
2026-01-09,9861468.634243684
2026-01-10,20712734.99026211
2026-01-11,4400912.775170917
2026-01-12,11180548.39813956
2026-01-13,14067358.62679066
2026-01-14,9056940.842716068
2026-01-15,9242699.067093847
2026-01-16,6517416.990357754
2026-01-17,8294803.873579439
2026-01-18,4081211.75724669
2026-01-19,8702395.67281991
2026-01-20,10656766.19668813
2026-01-21,7727231.701329221
2026-01-22,18773710.94569003
2026-01-23,28149611.92995758
2026-01-24,3512362.871052058
2026-01-25,3771133.554553913
2026-01-26,7334465.717096692
2026-01-27,5656734.334838346
2026-01-28,6816686.447924411
2026-01-29,6624797.667874184
2026-01-30,11854354.0935707
2026-01-31,10587097.39109998
2026-02-01,9516597.731135756
2026-02-02,20892929.19252589
2026-02-03,13484953.68259308
2026-02-04,15216304.00859946
2026-02-05,36847506.70766483
2026-02-06,24972915.50211978
2026-02-07,8358280.035837814
2026-02-08,5903685.858116592
2026-02-09,8967749.170684978
2026-02-10,19502500.30776769
2026-02-11,8469720.113457495
2026-02-12,8537836.374255283
2026-02-13,17081187.1349853
2026-02-14,3304395.661955871
2026-02-15,2259801.106135123
2026-02-16,4058429.856268588
2026-02-17,5372552.89725682
2026-02-18,12872480.80608292
2026-02-19,8463375.145133693
2026-02-20,7998894.354942877
2026-02-21,4765844.24555044
2026-02-22,2226735.496177291
2026-02-23,8933756.05879098
2026-02-24,11398608.9683256
2026-02-25,6966997.86453888
2026-02-26,9068553.735437537
2026-02-27,6085113.692966097
2026-02-28,2470206.440306455
2026-03-01,2783358.086902826
2026-03-02,5435503.743301849
2026-03-03,4850016.896907822
2026-03-04,6538901.43117104
2026-03-05,6706676.4439575
2026-03-06,10831706.17500989
2026-03-07,2877662.780104626
2026-03-08,4080146.552618972
2026-03-09,8972235.314358491
2026-03-10,4331759.988815908
2026-03-11,9339288.194028657
2026-03-12,15258104.86620899
2026-03-13,7507273.561844954
2026-03-14,4090184.823913711
2026-03-15,2421157.269785363
2026-03-16,10642225.26026317
2026-03-17,8335249.217326137
2026-03-18,4854574.646886902
2026-03-19,5317153.288875308
2026-03-20,14956641.47219363
2026-03-21,1761508.066476684
2026-03-22,27103317.7431361
2026-03-23,8499154.185721101
2026-03-24,11017467.7822494
2026-03-25,5822477.064070563
2026-03-26,7773798.888028712
2026-03-27,5862034.082935752
2026-03-28,4364484.26235189
2026-03-29,2657302.007942975
2026-03-30,6487186.403455067
2026-03-31,23942254.43547945
2026-04-01,5125585.817449572
2026-04-02,6343731.809884316
2026-04-03,3881589.728311646
2026-04-04,2477328.388928946
2026-04-05,14793600.67557391
2026-04-06,5531140.130855585
2026-04-07,7071043.002948618
2026-04-08,4299702.617237649
2026-04-09,6405662.783400318
2026-04-10,5693758.701714415
2026-04-11,4133164.258961624
2026-04-12,4771646.819368185
2026-04-13,6670174.441469917
2026-04-14,19616743.15715769
2026-04-15,6998730.029633537
2026-04-16,11078177.31829762
2026-04-17,8647363.215905542
2026-04-18,4576165.623109648
2026-04-19,3426451.909121969
2026-04-20,12128297.92615792
2026-04-21,26812925.98612878
2026-04-22,14524478.42217415
2026-04-23,7519195.855685276
2026-04-24,37838131.08787698
2026-04-25,1778584.989787021
2026-04-26,2908973.806740083
2026-04-27,5760775.916773848
2026-04-28,6562152.825226777
2026-04-29,8228034.272036963
2026-04-30,9054075.381121684
2026-05-01,12253975.99000414
2026-05-02,3624347.838368115
2026-05-03,9051668.054720445
2026-05-04,20820806.51615845
2026-05-05,5754429.017140918
2026-05-06,5805785.614938934
2026-05-07,8652178.171381006
2026-05-08,5574487.119166169
2026-05-09,3899128.437075151
2026-05-10,6664723.763711486
2026-05-11,5276179.0660746
2026-05-12,5081197.637876967
2026-05-13,9278555.481717864
2026-05-14,8172393.488030897
2026-05-15,4832443.446973312
2026-05-16,3316217.493768704
2026-05-17,2062573.528004172
2026-05-18,7263170.838694798
2026-05-19,9518023.160699368
2026-05-20,5722088.795838713
2026-05-21,11692836.02766874
2026-05-22,11689805.30098579
2026-05-23,3623229.577886559
2026-05-24,4343817.068750868
2026-05-25,4678107.910481337
2026-05-26,8620829.361812623
2026-05-27,7772985.252826681
2026-05-28,14542213.43219314
2026-05-29,13983898.38040689
2026-05-30,5769187.693837927
2026-05-31,3734596.368456293
2026-06-01,9238150.562306602
2026-06-02,15245485.81256049
2026-06-03,12573499.84867037
2026-06-04,9594817.286062218
2026-06-05,15123586.96860183
2026-06-06,7652462.905743496
2026-06-07,9065849.295028724
2026-06-08,5956288.715261313
2026-06-09,9333365.94653249
2026-06-10,6755661.368816392
2026-06-11,9988695.920453902
2026-06-12,5779364.466818629
2026-06-13,1723684.433522992
2026-06-14,5165611.298626869
2026-06-15,10828072.12761868
2026-06-16,11808715.20400487
2026-06-17,5174242.077200154
2026-06-18,5206413.727883309
2026-06-19,5090293.845829082
2026-06-20,1382481.408199695
2026-06-21,34318515.01418307
2026-06-22,4561984.604829985
2026-06-23,13633631.26718062
2026-06-24,7440840.952120014
2026-06-25,13567766.39786057
2026-06-26,9616940.181656215
2026-06-27,3807357.561447869
2026-06-28,4876191.523331968
2026-06-29,11163285.04679287
2026-06-30,13066708.53744688
2026-07-01,12813885.28824394
2026-07-02,32901286.9338956
2026-07-03,6011595.853837121
2026-07-04,3086456.685869695
2026-07-05,3781365.994243778
2026-07-06,6908636.940877312
2026-07-07,8640566.97300928
2026-07-08,4190393.516069932
2026-07-09,3971769.919011697
2026-07-10,10511615.82074322
2026-07-11,1780706.428731247
2026-07-12,13750642.78177068
2026-07-13,21387827.45972023
2026-07-14,13213641.56419705
2026-07-15,12116757.69246043
2026-07-16,25028064.78294507
2026-07-17,16026667.73640515
2026-07-18,4515681.480663325
2026-07-19,6836843.811370641
2026-07-20,16460912.70419878
2026-07-21,6267562.456461054
2026-07-22,9799475.711954372
2026-07-23,4545706.147926304
2026-07-24,5071313.479139763
