date,exchange_reserves
2010-11-02,5000.0
2010-11-03,5000.0
2010-11-04,5000.0
2010-11-05,5000.0
2010-11-06,5000.0
2010-11-07,5000.0
2010-11-08,5000.0
2010-11-09,5000.0
2010-11-10,5000.0
2010-11-11,5000.0
2010-11-12,5000.0
2010-11-13,5000.0
2010-11-14,5000.0
2010-11-15,5000.0
2010-11-16,5000.0
2010-11-17,5000.0
2010-11-18,5000.0
2010-11-19,5000.0
2010-11-20,5000.0
2010-11-21,5000.0
2010-11-22,5000.0
2010-11-23,5000.0
2010-11-24,5000.0
2010-11-25,5000.0
2010-11-26,5000.0
2010-11-27,5000.0
2010-11-28,5000.0
2010-11-29,5000.0
2010-11-30,5000.0
2010-12-01,5000.0
2010-12-02,5000.0
2010-12-03,5000.0
2010-12-04,5000.0
2010-12-05,11900.0
2010-12-06,11900.0
2010-12-07,11900.0
2010-12-08,19442.05
2010-12-09,19442.05
2010-12-10,19442.05
2010-12-11,19442.05
2010-12-12,19442.05
2010-12-13,19442.05
2010-12-14,19442.05
2010-12-15,19442.05
2010-12-16,19442.05
2010-12-17,19442.05
2010-12-18,19442.05
2010-12-19,19442.05
2010-12-20,19442.05
2010-12-21,19442.05
2010-12-22,24442.05
2010-12-23,24442.05
2010-12-24,24442.05
2010-12-25,24442.05
2010-12-26,31121.93
2010-12-27,31121.93
2010-12-28,31121.93
2010-12-29,31121.93
2010-12-30,31121.93
2010-12-31,31121.93
2011-01-01,31121.93
2011-01-02,31121.93
2011-01-03,31121.93
2011-01-04,31121.93
2011-01-05,31121.93
2011-01-06,31121.93
2011-01-07,31121.93
2011-01-08,31121.93
2011-01-09,31121.93
2011-01-10,31121.93
2011-01-11,31121.93
2011-01-12,31121.93
2011-01-13,31121.93
2011-01-14,31121.93
2011-01-15,31121.93
2011-01-16,31121.93
2011-01-17,31121.93
2011-01-18,31121.93
2011-01-19,37721.93
2011-01-20,37721.93
2011-01-21,37721.93
2011-01-22,37721.93
2011-01-23,37721.93
2011-01-24,37721.93
2011-01-25,37721.93
2011-01-26,37721.93
2011-01-27,37721.93
2011-01-28,37721.93
2011-01-29,37721.93
2011-01-30,37721.93
2011-01-31,37721.93
2011-02-01,42121.93
2011-02-02,52121.93
2011-02-03,57121.93
2011-02-04,57121.93
2011-02-05,57121.93
2011-02-06,61421.93
2011-02-07,66421.93
2011-02-08,66421.93
2011-02-09,66421.93
2011-02-10,66421.93
2011-02-11,66421.93
2011-02-12,66421.93
2011-02-13,66421.93
2011-02-14,66421.93
2011-02-15,76421.93
2011-02-16,76421.93
2011-02-17,76421.93
2011-02-18,76421.93
2011-02-19,76421.93
2011-02-20,76421.93
2011-02-21,76421.93
2011-02-22,76421.93
2011-02-23,76421.93
2011-02-24,76421.93
2011-02-25,76421.93
2011-02-26,76421.93
2011-02-27,76421.93
2011-02-28,76421.93
2011-03-01,76421.93
2011-06-11,1.07
2011-06-12,4.52
2011-06-20,442000.0
2011-06-21,442000.0
2011-06-22,442000.0
2011-06-23,442000.0
2011-06-24,442000.0
2011-06-25,442000.0
2011-06-26,442000.0
2011-06-27,442004.7
2011-06-28,442004.7
2011-06-29,442004.7
2011-06-30,442005.7
2011-07-01,442005.7
2011-07-02,442005.7
2011-07-03,442006.71
2011-07-04,442006.71
2011-07-05,442002.02
2011-07-06,442002.02
2011-07-07,442003.04
2011-07-08,442003.04
2011-07-09,442003.04
2011-07-10,442004.04
2011-07-11,442005.11
2011-07-12,442006.11
2011-07-13,442006.11
2011-07-14,442008.19
2011-07-15,442010.13386156
2011-07-16,442016.84704905
2011-07-17,442025.88772389
2011-07-18,442027.47035716
2011-07-19,32142.64575758
2011-07-20,32149.03527822
2011-07-21,32151.2285488
2011-07-22,32143.64575758
2011-07-23,32143.63575758
2011-07-24,32143.63575758
2011-07-25,32145.82635011
2011-07-26,32160.86291304
2011-07-27,32144.65575758
2011-07-28,32148.66575758
2011-07-29,32149.66575758
2011-07-30,20072.67575758
2011-07-31,20072.67575758
2011-08-01,20072.67575758
2011-08-02,20073.68575758
2011-08-03,20074.79202331
2011-08-04,20072.67575758
2011-08-05,20074.14192365
2011-08-06,20073.27525758
2011-08-07,20072.67575758
2011-08-08,20073.93525758
2011-08-09,20072.79525758
2011-08-10,20082.25695055
2011-08-11,20086.37265698
2011-08-12,20084.92541805
2011-08-13,20073.71991352
2011-08-14,20072.88575758
2011-08-15,20074.79450525
2011-08-16,20080.02184398
2011-08-17,20087.54429317
2011-08-18,20076.22325758
2011-08-19,20077.99575758
2011-08-20,20079.47443555
2011-08-21,20090.4653561
2011-08-22,20102.67683348
2011-08-23,20118.25345067
2011-08-24,20122.94392617
2011-08-25,20129.70447213
2011-08-26,20127.64864294
2011-08-27,20085.58949799
2011-08-28,18.38006553
2011-08-29,18.1795
2011-08-30,19.23596495
2011-08-31,20.56546495
2011-09-01,19.19771764
2011-09-02,18.15596495
2011-09-03,20.22060169
2011-09-04,29.69622123
2011-09-05,24.84849774
2011-09-06,26.88797768
2011-09-07,27.86714797
2011-09-08,26.77486664
2011-09-09,29.46369921
2011-09-10,27.83474276
2011-09-11,17.22454166
2011-09-12,600019.3426989601
2011-09-13,605022.1957289501
2011-09-14,605018.21806637
2011-09-15,605025.16012578
2011-09-16,605043.38606938
2011-09-17,605027.4822257201
2011-09-18,605023.5351916801
2011-09-19,605038.93721818
2011-09-20,605023.24270264
2011-09-21,605030.02603996
2011-09-22,605027.26377357
2011-09-23,605027.8389857099
2011-09-24,605022.30974459
2011-09-25,605022.31974459
2011-09-26,605023.32002159
2011-09-27,605046.32002159
2011-09-28,605022.91959781
2011-09-29,605023.06639141
2011-09-30,605024.5024889801
2011-10-01,605023.3749704099
2011-10-02,605107.19080543
2011-10-03,605035.44301375
2011-10-04,605024.3221967
2011-10-05,605024.3321967
2011-10-06,605027.4212663299
2011-10-07,605048.39235181
2011-10-08,605056.81661984
2011-10-09,605068.7144019699
2011-10-10,605026.37675947
2011-10-11,605028.4665048
2011-10-12,605032.5001364
2011-10-13,605029.12795675
2011-10-14,605029.4212302599
2011-10-15,605048.6928656399
2011-10-16,605093.08150674
2011-10-17,605120.77923534
2011-10-18,605256.16052376
2011-10-19,605243.56925378
2011-10-20,605147.23286556
2011-10-21,605133.67627916
2011-10-22,605120.36933919
2011-10-23,605116.3480594
2011-10-24,605123.48759069
2011-10-25,605354.0454852501
2011-10-26,605293.90620579
2011-10-27,605296.30919011
2011-10-28,606041.32281813
2011-10-29,605232.39818877
2011-10-30,605225.8877649
2011-10-31,605212.08892847
2011-11-01,605298.11381057
2011-11-02,605287.2452847499
2011-11-03,605416.6307377099
2011-11-04,605238.5324758999
2011-11-05,605247.3769953699
2011-11-06,605239.20830441
2011-11-07,605318.30588
2011-11-08,605352.56615387
2011-11-09,605340.8431614599
2011-11-10,605380.32319525
2011-11-11,605305.0506013101
2011-11-12,605393.00984205
2011-11-13,605257.5775315
2011-11-14,605288.6856836
2011-11-15,605275.33851943
2011-11-16,605189.68835322
2011-11-17,200223.08381086
2011-11-18,200226.27136401
2011-11-19,200451.34805318
2011-11-20,200649.08117168
2011-11-21,200576.71939078
2011-11-22,200515.58074594
2011-11-23,200385.58873439
2011-11-24,200397.69790428
2011-11-25,200245.62437559
2011-11-26,200327.71939071
2011-11-27,200380.88620319
2011-11-28,200242.96222362
2011-11-29,200088.1403068
2011-11-30,200075.48820731
2011-12-01,200056.24137161
2011-12-02,200035.26800733
2011-12-03,200123.83602272
2011-12-04,200167.93875821
2011-12-05,200239.2911315
2011-12-06,200641.92394005
2011-12-07,200702.29308631
2011-12-08,200603.24731739
2011-12-09,200624.28026546
2011-12-10,200589.37424535
2011-12-11,200267.11341906
2011-12-12,200251.6985068
2011-12-13,200219.16423555
2011-12-14,200372.26801875
2011-12-15,200420.54878605
2011-12-16,200572.31334454
2011-12-17,200549.60696355
2011-12-18,200647.11058489
2011-12-19,200643.49410018
2011-12-20,200803.73176396
2011-12-21,201256.1227908
2011-12-22,200702.25508378
2011-12-23,200664.58558051
2011-12-24,200571.28279007
2011-12-25,200646.74394248
2011-12-26,200547.88637104
2011-12-27,200488.65399215
2011-12-28,200377.82764344
2011-12-29,200441.10472227
2011-12-30,200380.9963183
2011-12-31,200683.81225642
2012-01-01,200899.50394292
2012-01-02,200945.00582247
2012-01-03,201036.74756307
2012-01-04,201400.66095774
2012-01-05,201064.64093632
2012-01-06,201106.48639931
2012-01-07,201097.64602549
2012-01-08,201368.29799059
2012-01-09,201260.1720185
2012-01-10,200784.11333088
2012-01-11,201317.75649743
2012-01-12,201123.38252133
2012-01-13,201136.61831629
2012-01-14,201053.63455872
2012-01-15,202013.14738743
2012-01-16,201316.80003599
2012-01-17,201051.78867476
2012-01-18,201182.64156359
2012-01-19,201143.11448999
2012-01-20,201723.61515829
2012-01-21,201196.45883174
2012-01-22,201289.33078389
2012-01-23,201424.43362494
2012-01-24,201356.93614596
2012-01-25,201559.26128139
2012-01-26,201445.23894638
2012-01-27,201184.52269993
2012-01-28,201041.88676959
2012-01-29,201135.2968387
2012-01-30,201181.42950663
2012-01-31,201131.28935367
2012-02-01,201018.97318837
2012-02-02,201413.48343484
2012-02-03,201542.69074113
2012-02-04,201007.85497243
2012-02-05,201234.93951248
2012-02-06,201252.17433254
2012-02-07,201790.27934696
2012-02-08,202221.90320787
2012-02-09,202341.61409541
2012-02-10,202373.99601314
2012-02-11,202604.27766703
2012-02-12,202368.39995176
2012-02-13,202840.2977694
2012-02-14,202651.00885815
2012-02-15,358427.89713207
2012-02-16,212266.47310806
2012-02-17,212258.56309554
2012-02-18,212594.51953622
2012-02-19,212650.88646935
2012-02-20,212502.61670554
2012-02-21,212297.36597228
2012-02-22,219078.83390708
2012-02-23,219047.39694962
2012-02-24,219370.21170986
2012-02-25,219288.38522685
2012-02-26,219171.73028362
2012-02-27,219523.88067902
2012-02-28,218962.45988139
2012-02-29,218992.23096143
2012-03-01,219417.36123271
2012-03-02,202900.98563867
2012-03-03,202808.99094701
2012-03-04,202830.529677
2012-03-05,203394.65329973
2012-03-06,203266.22361418
2012-03-07,202484.05270232
2012-03-08,202522.28511693
2012-03-09,202694.16024325
2012-03-10,202566.15778138
2012-03-11,202844.75870285
2012-03-12,202788.43762534
2012-03-13,202972.58870083
2012-03-14,203523.7179127
2012-03-15,204388.42674233
2012-03-16,202884.31960222
2012-03-17,202469.36381446
2012-03-18,202652.59129676
2012-03-19,202132.83918673
2012-03-20,203147.69510208
2012-03-21,202685.26879252
2012-03-22,202970.79967108
2012-03-23,202675.10798661
2012-03-24,202586.91440835
2012-03-25,203133.44231814
2012-03-26,203067.60947207
2012-03-27,203389.47296317
2012-03-28,203419.17163947
2012-03-29,202457.16856853
2012-03-30,202635.18395326
2012-03-31,203642.42143913
2012-04-01,203365.50750259
2012-04-02,204249.89277425
2012-04-03,203357.66242875
2012-04-04,203561.62567198
2012-04-05,203157.26699958
2012-04-06,204107.06037887
2012-04-07,203038.67349301
2012-04-08,203431.65885417
2012-04-09,203501.04406286
2012-04-10,203550.14531064
2012-04-11,204064.92779126
2012-04-12,203799.2799382
2012-04-13,204174.1607358
2012-04-14,205051.52139237
2012-04-15,204143.87575751
2012-04-16,204219.86794467
2012-04-17,202630.2460579
2012-04-18,201548.47748495
2012-04-19,201639.64031572
2012-04-20,201709.46300922
2012-04-21,201748.78063471
2012-04-22,201454.83655407
2012-04-23,202703.1864262
2012-04-24,201679.42448133
2012-04-25,202674.41117183
2012-04-26,202861.95741191
2012-04-27,202286.18415586
2012-04-28,202491.30728203
2012-04-29,202635.15108929
2012-04-30,203002.6903334
2012-05-01,203053.74718153
2012-05-02,203238.35513811
2012-05-03,203649.41636868
2012-05-04,202777.00903919
2012-05-05,202593.73268663
2012-05-06,203615.17216667
2012-05-07,203212.83685667
2012-05-08,204278.44203175
2012-05-09,203989.16502748
2012-05-10,203536.56448853
2012-05-11,202699.88526834
2012-05-12,202352.54577851
2012-05-13,202704.14953732
2012-05-14,202630.30903416
2012-05-15,202220.95645275
2012-05-16,201665.39676662
2012-05-17,202072.35522432
2012-05-18,202156.17273789
2012-05-19,201828.8935887
2012-05-20,201787.69174625
2012-05-21,201903.36312684
2012-05-22,201840.25175452
2012-05-23,201598.1742568
2012-05-24,200497.70559459
2012-05-25,200952.14209764
2012-05-26,201760.53199252
2012-05-27,201599.44868791
2012-05-28,200920.79953609
2012-05-29,201345.56804244
2012-05-30,203399.86701201
2012-05-31,200599.4414906
2012-06-01,201785.73357251
2012-06-02,204571.22642063
2012-06-03,203777.86968234
2012-06-04,204519.51505733
2012-06-05,202453.24745144
2012-06-06,200421.83633626
2012-06-07,200712.74299853
2012-06-08,200663.08789098
2012-06-09,200730.81023358
2012-06-10,200519.70737025
2012-06-11,201964.27126463
2012-06-12,206283.26786334
2012-06-13,205769.23479755
2012-06-14,201683.10449291
2012-06-15,201997.85419162
2012-06-16,202196.03239063
2012-06-17,203810.0523535
2012-06-18,201573.40474592
2012-06-19,201638.06075571
2012-06-20,200222.64946093
2012-06-21,200666.82450568
2012-06-22,205733.54493651
2012-06-23,202455.63448375
2012-06-24,203018.4971826
2012-06-25,202358.23780904
2012-06-26,202263.05426377
2012-06-27,201675.33861909
2012-06-28,202592.19139432
2012-06-29,202398.07667492
2012-06-30,202247.38671435
2012-07-01,202965.20277061
2012-07-02,202909.18631193
2012-07-03,204216.71168671
2012-07-04,200625.51199068
2012-07-05,201066.15582239
2012-07-06,201955.93646031
2012-07-07,201511.48925254
2012-07-08,201208.37191995
2012-07-09,201421.49069694
2012-07-10,202210.51851041
2012-07-11,201066.43504976
2012-07-12,200693.73842078
2012-07-13,202012.00695906
2012-07-14,201232.58572483
2012-07-15,201359.92313474
2012-07-16,203476.83342865
2012-07-17,201978.4046676
2012-07-18,201817.99443949
2012-07-19,202928.62642045
2012-07-20,201914.15873041
2012-07-21,202215.90112435
2012-07-22,202857.59662054
2012-07-23,202547.02257853
2012-07-24,202104.08276673
2012-07-25,204744.85218305
2012-07-26,203638.34089982
2012-07-27,204101.10691633
2012-07-28,204811.16341024
2012-07-29,204553.6558867
2012-07-30,204558.71322709
2012-07-31,204630.92068457
2012-08-01,200773.71768927
2012-08-02,201030.3891839
2012-08-03,200432.99875782
2012-08-04,200138.02952874
2012-08-05,200132.71777989
2012-08-06,200627.07550059
2012-08-07,200198.92903742
2012-08-08,200244.87929762
2012-08-09,200883.9973588
2012-08-10,201187.47256918
2012-08-11,200673.09447964
2012-08-12,200560.83579811
2012-08-13,200167.9077734
2012-08-14,200293.80508616
2012-08-15,200765.21364413
2012-08-16,200577.30909149
2012-08-17,201385.5418298
2012-08-18,202609.85764233
2012-08-19,200384.97075429
2012-08-20,201784.47057611
2012-08-21,200322.51477485
2012-08-22,200833.0412194
2012-08-23,200794.63949252
2012-08-24,200461.19072746
2012-08-25,200289.34824286
2012-08-26,200973.34467415
2012-08-27,201794.99802894
2012-08-28,201940.86625726
2012-08-29,201201.59435401
2012-08-30,202270.69666627
2012-08-31,203416.97754471
2012-09-01,203780.58405834
2012-09-02,202819.32459612
2012-09-03,203780.84873605
2012-09-04,204040.57696402
2012-09-05,203036.30464823
2012-09-06,203153.06462076
2012-09-07,202279.43460699
2012-09-08,202196.65568307
2012-09-09,201705.11703452
2012-09-10,200980.35488968
2012-09-11,201521.42305685
2012-09-12,202514.543728
2012-09-13,201156.97056606
2012-09-14,201418.10816724
2012-09-15,201969.67718296
2012-09-16,202752.56391493
2012-09-17,201112.35875827
2012-09-18,201106.5104917
2012-09-19,202126.10419193
2012-09-20,201066.62870832
2012-09-21,201318.46151305
2012-09-22,202135.97842637
2012-09-23,202091.17180984
2012-09-24,202267.14910307
2012-09-25,200709.05223534
2012-09-26,200948.56290499
2012-09-27,200651.77966657
2012-09-28,200574.14409793
2012-09-29,200984.53148676
2012-09-30,201619.62588877
2012-10-01,201525.51249726
2012-10-02,201143.30172072
2012-10-03,201892.50826837
2012-10-04,201164.56267687
2012-10-05,201359.23709498
2012-10-06,202060.14145645
2012-10-07,201631.66268734
2012-10-08,202335.5026184
2012-10-09,201955.31631417
2012-10-10,202272.8026922
2012-10-11,202045.17260121
2012-10-12,201779.34727701
2012-10-13,201695.29246756
2012-10-14,201886.9846086
2012-10-15,202483.08126672
2012-10-16,204255.74424013
2012-10-17,204551.53019776
2012-10-18,202751.62546309
2012-10-19,202993.00474585
2012-10-20,203244.73182044
2012-10-21,202768.57402743
2012-10-22,214407.52896393
2012-10-23,243454.53569415
2012-10-24,244783.51343734
2012-10-25,247805.34398428
2012-10-26,248310.45766608
2012-10-27,250552.43760561
2012-10-28,251044.32478707
2012-10-29,246801.01480104
2012-10-30,246251.74267864
2012-10-31,247148.24214978
2012-11-01,246325.4902035
2012-11-02,246137.36973505
2012-11-03,246043.16636812
2012-11-04,246628.08943448
2012-11-05,246148.00905549
2012-11-06,252270.33566495
2012-11-07,252740.56588717
2012-11-08,253256.93913792
2012-11-09,250667.18955878
2012-11-10,250644.21124754
2012-11-11,251679.71285496
2012-11-12,251792.91756537
2012-11-13,251524.10718266
2012-11-14,251662.80510265
2012-11-15,250905.39057169
2012-11-16,251448.54731786
2012-11-17,252465.02118504
2012-11-18,252844.10498925
2012-11-19,252924.57045396
2012-11-20,253742.7202104
2012-11-21,254527.47357101
2012-11-22,254421.26501249
2012-11-23,253753.57525144
2012-11-24,253754.05089743
2012-11-25,253833.47619588
2012-11-26,253811.91034651
2012-11-27,214204.55459435
2012-11-28,214106.95688273
2012-11-29,214318.57531445
2012-11-30,214192.35131856
2012-12-01,216323.39736995
2012-12-02,216818.75927254
2012-12-03,216791.17530269
2012-12-04,217341.86558708
2012-12-05,215657.16317014
2012-12-06,212159.91546071
2012-12-07,213953.58716636
2012-12-08,213872.19139815
2012-12-09,214305.87975421
2012-12-10,214534.61723308
2012-12-11,215092.31637697
2012-12-12,216572.34826892
2012-12-13,216324.91921726
2012-12-14,216689.61585087
2012-12-15,218061.57296378
2012-12-16,217473.96339721
2012-12-17,218400.40678044
2012-12-18,217069.24170107
2012-12-19,218802.24186829
2012-12-20,217441.67239275
2012-12-21,217708.44969608
2012-12-22,217905.68179466
2012-12-23,217711.25099108
2012-12-24,217385.0956098
2012-12-25,217333.02453095
2012-12-26,217067.85611343
2012-12-27,220447.01916617
2012-12-28,220684.42139664
2012-12-29,220504.96849139
2012-12-30,221099.31040193
2012-12-31,221112.40496332
2013-01-01,222175.35775318
2013-01-02,222573.49704327
2013-01-03,222962.46581077
2013-01-04,222903.2235512
2013-01-05,222498.73979649
2013-01-06,222032.6286087
2013-01-07,222088.38762672
2013-01-08,228344.03938161
2013-01-09,224105.83283916
2013-01-10,223638.74383006
2013-01-11,223805.09504062
2013-01-12,224479.95662328
2013-01-13,224285.4716542
2013-01-14,224652.48400133
2013-01-15,223963.50279383
2013-01-16,223945.04880641
2013-01-17,221775.10491341
2013-01-18,223233.16635372
2013-01-19,233215.71697208
2013-01-20,232476.06404735
2013-01-21,233718.22788357
2013-01-22,232615.63043882
2013-01-23,233707.97762296
2013-01-24,237396.1420049
2013-01-25,237379.60422171
2013-01-26,241131.89045061
2013-01-27,240244.92417492
2013-01-28,239587.41395803
2013-01-29,240222.1869517
2013-01-30,242524.03232197
2013-01-31,244531.26433106
2013-02-01,244945.81410651
2013-02-02,245784.69475549
2013-02-03,247776.26482135
2013-02-04,246486.85429289
2013-02-05,245471.84713435
2013-02-06,246551.65832555
2013-02-07,241021.97579558
2013-02-08,241123.52479032
2013-02-09,240525.64932954
2013-02-10,242777.8218558
2013-02-11,242292.25526921
2013-02-12,242712.67087805
2013-02-13,242525.65950832
2013-02-14,242346.38874941
2013-02-15,243340.53153902
2013-02-16,243092.69189777
2013-02-17,243006.89395695
2013-02-18,243643.23676324
2013-02-19,245871.41066932
2013-02-20,246822.51769696
2013-02-21,245896.88630907
2013-02-22,245877.90812606
2013-02-23,245116.21091347
2013-02-24,247975.86053147
2013-02-25,247717.86774213
2013-02-26,304751.32724133
2013-02-27,304809.05072536
2013-02-28,305675.68606395
2013-03-01,305565.55490789
2013-03-02,306022.60382725
2013-03-03,305378.9032903
2013-03-04,315574.65246185
2013-03-05,317022.01394748
2013-03-06,317093.1524901
2013-03-07,323445.91897422
2013-03-08,323369.64636092
2013-03-09,324538.02327199
2013-03-10,325511.51913695
2013-03-11,326150.94746241
2013-03-12,332733.15091064
2013-03-13,331626.16937761
2013-03-14,330395.66505943
2013-03-15,334099.02385703
2013-03-16,334497.12000886
2013-03-17,334119.2415934399
2013-03-18,333753.47341587
2013-03-19,333965.90932187
2013-03-20,334012.38181571
2013-03-21,334629.25428079
2013-03-22,338591.60591639
2013-03-23,338339.1225774901
2013-03-24,343043.69176535
2013-03-25,344907.96208555
2013-03-26,340954.55301283
2013-03-27,344464.20850171
2013-03-28,339347.4268069
2013-03-29,339869.30244203
2013-03-30,348048.57412974
2013-03-31,348327.83182111
2013-04-01,347667.0722776
2013-04-02,347900.9061024
2013-04-03,343624.32508121
2013-04-04,344778.32225973
2013-04-05,343397.77236716
2013-04-06,343317.49222263
2013-04-07,343575.3773969
2013-04-08,343468.47021698
2013-04-09,344139.0826296
2013-04-10,347295.95768579
2013-04-11,348565.4060495
2013-04-12,362258.95530776
2013-04-13,361659.79514693
2013-04-14,361668.82868243
2013-04-15,363613.69103544
2013-04-16,381786.7382278399
2013-04-17,381903.20628158
2013-04-18,380893.59150926
2013-04-19,383880.32300885
2013-04-20,385582.45058429
2013-04-21,380067.64763187
2013-04-22,380646.39493908
2013-04-23,377846.18167901
2013-04-24,378074.1467204
2013-04-25,377229.43653072
2013-04-26,378115.0139755
2013-04-27,380597.45036744
2013-04-28,380780.0301313
2013-04-29,384641.64634397
2013-04-30,384158.42876878
2013-05-01,384798.07450657
2013-05-02,392751.90659227
2013-05-03,393205.33555273
2013-05-04,396478.6134819899
2013-05-05,394055.53518044
2013-05-06,394787.02960077
2013-05-07,393046.38674252
2013-05-08,393782.18473501
2013-05-09,396111.77750745
2013-05-10,395522.72167515
2013-05-11,396308.5466726799
2013-05-12,395896.36174877
2013-05-13,394682.50383649
2013-05-14,394483.64142751
2013-05-15,395443.38581866
2013-05-16,397732.22873693
2013-05-17,400526.68438599
2013-05-18,402708.04880575
2013-05-19,405159.60994306
2013-05-20,406367.1358738201
2013-05-21,408285.4549226
2013-05-22,408157.58326538
2013-05-23,410064.25988427
2013-05-24,409428.60574173
2013-05-25,403557.66317041
2013-05-26,404211.85508608
2013-05-27,404842.4319825
2013-05-28,405197.95922451
2013-05-29,404728.19853462
2013-05-30,407005.7408772
2013-05-31,406557.18102436
2013-06-01,401503.61394907
2013-06-02,403170.9517355399
2013-06-03,402976.38954437
2013-06-04,402937.14737439
2013-06-05,401035.76395427
2013-06-06,401940.28822734
2013-06-07,401594.19657138
2013-06-08,402982.1703715
2013-06-09,405520.19648827
2013-06-10,406999.69768328
2013-06-11,404270.86442826
2013-06-12,402305.97768052
2013-06-13,401814.22088308
2013-06-14,404340.67860553
2013-06-15,407626.9585183799
2013-06-16,406681.05184739
2013-06-17,412893.75152327
2013-06-18,411448.76444977
2013-06-19,411463.14508117
2013-06-20,411816.01863757
2013-06-21,414901.06339885
2013-06-22,419266.72870407
2013-06-23,412425.269561
2013-06-24,410955.30011225
2013-06-25,413212.90106088
2013-06-26,412874.3570145399
2013-06-27,413229.22351266
2013-06-28,415221.8388263799
2013-06-29,413158.38023535
2013-06-30,414652.94516824
2013-07-01,412650.76685512
2013-07-02,415746.94497681
2013-07-03,416184.99005412
2013-07-04,416844.0966431699
2013-07-05,421449.65811684
2013-07-06,421240.4988289
2013-07-07,419586.84175781
2013-07-08,421617.53278963
2013-07-09,422928.62226344
2013-07-10,421214.55904831
2013-07-11,419106.92311181
2013-07-12,422321.37381643
2013-07-13,421358.75234836
2013-07-14,420686.96784952
2013-07-15,420923.01687192
2013-07-16,424980.32674018
2013-07-17,425870.25516937
2013-07-18,426847.58396295
2013-07-19,428799.5303221
2013-07-20,428741.52318035
2013-07-21,427665.01815641
2013-07-22,427379.52495733
2013-07-23,426276.2705502
2013-07-24,427575.2456301299
2013-07-25,427613.03182532
2013-07-26,427614.93012934
2013-07-27,427595.16331112
2013-07-28,426811.30311234
2013-07-29,427203.88232896
2013-07-30,426141.24897143
2013-07-31,426242.68362282
2013-08-01,430873.28684155
2013-08-02,431694.2763324
2013-08-03,431811.73587465
2013-08-04,428679.37399798
2013-08-05,429162.85641523
2013-08-06,429986.21964317
2013-08-07,430004.96761717
2013-08-08,432348.13943327
2013-08-09,435018.42026672
2013-08-10,434570.81758228
2013-08-11,428562.20843381
2013-08-12,427655.98333405
2013-08-13,427965.57139625
2013-08-14,428872.73843285
2013-08-15,433761.81582337
2013-08-16,440843.10627397
2013-08-17,440138.285102
2013-08-18,436688.9677659
2013-08-19,436211.00350758
2013-08-20,434971.9484281
2013-08-21,428654.19477854
2013-08-22,424984.35713402
2013-08-23,425805.492522
2013-08-24,417401.84222741
2013-08-25,417774.6508019
2013-08-26,418763.77131328
2013-08-27,422829.11988409
2013-08-28,422917.63926863
2013-08-29,423146.18581782
2013-08-30,418743.51878142
2013-08-31,419385.42074468
2013-09-01,420741.16937138
2013-09-02,420776.09548334
2013-09-03,422219.386622
2013-09-04,419776.23240108
2013-09-05,420212.7104232999
2013-09-06,423806.45109982
2013-09-07,425627.69861996
2013-09-08,427297.81478595
2013-09-09,427193.08042028
2013-09-10,427814.11016326
2013-09-11,425758.70780123
2013-09-12,416805.86585594
2013-09-13,435825.08003255
2013-09-14,436364.48998102
2013-09-15,438456.66457562
2013-09-16,438613.70936304
2013-09-17,439335.22905089
2013-09-18,440202.54924449
2013-09-19,442515.05149651
2013-09-20,443163.44810302
2013-09-21,444654.98946732
2013-09-22,445823.36958868
2013-09-23,444711.41447663
2013-09-24,445018.79174527
2013-09-25,446475.65893751
2013-09-26,446683.66632752
2013-09-27,446519.01796123
2013-09-28,447020.4622946701
2013-09-29,447326.06237811
2013-09-30,447873.24213662
2013-10-01,446793.26935706
2013-10-02,440076.1616000701
2013-10-03,460892.71349672
2013-10-04,462085.22959417
2013-10-05,463055.44448621
2013-10-06,463862.62271687
2013-10-07,461135.55487811
2013-10-08,458130.07842387
2013-10-09,457774.36964443
2013-10-10,451447.44782683
2013-10-11,451449.01717583
2013-10-12,453723.49115773
2013-10-13,456702.8597605
2013-10-14,457649.2781119
2013-10-15,446344.59380347
2013-10-16,444402.10137952
2013-10-17,445707.19829836
2013-10-18,444623.55463419
2013-10-19,451125.60794258
2013-10-20,449592.03441337
2013-10-21,455332.62715652
2013-10-22,459284.23202605
2013-10-23,457719.62691504
2013-10-24,456148.96170962
2013-10-25,453352.8840809
2013-10-26,456238.71426186
2013-10-27,455650.2918504199
2013-10-28,454972.09263402
2013-10-29,452640.71534209
2013-10-30,448206.80007785
2013-10-31,453167.49445795
2013-11-01,451923.40675754
2013-11-02,453113.63121201
2013-11-03,453366.14657381
2013-11-04,455645.29663659
2013-11-05,430435.73623373
2013-11-06,436426.40483191
2013-11-07,436776.8798854
2013-11-08,440602.50377808
2013-11-09,443858.08644557
2013-11-10,446005.93797714
2013-11-11,445733.44165504
2013-11-12,445610.75755463
2013-11-13,447944.37531715
2013-11-14,452382.6691132599
2013-11-15,454127.10274365
2013-11-16,454564.0606476
2013-11-17,455782.98782337
2013-11-18,458122.71061668
2013-11-19,454667.94631413
2013-11-20,461517.2839634799
2013-11-21,460870.40753261
2013-11-22,460047.34182345
2013-11-23,538836.90549641
2013-11-24,494781.34897719
2013-11-25,494642.20725818
2013-11-26,494484.96953817
2013-11-27,500296.2264511499
2013-11-28,500164.9754522599
2013-11-29,501569.00799321
2013-11-30,505862.2362101299
2013-12-01,505006.89801001
2013-12-02,508043.10553081
2013-12-03,505112.4458041501
2013-12-04,509862.37857814
2013-12-05,602967.8489873301
2013-12-06,611217.78870814
2013-12-07,613984.3380159999
2013-12-08,621309.19873107
2013-12-09,629028.0810025
2013-12-10,632243.54726468
2013-12-11,634701.3772097001
2013-12-12,639079.0502359701
2013-12-13,644789.35986443
2013-12-14,652661.75983822
2013-12-15,652766.82483894
2013-12-16,654354.5039306
2013-12-17,657237.38163804
2013-12-18,655769.7164111
2013-12-19,659353.6734214801
2013-12-20,660964.4803287601
2013-12-21,662774.0924533501
2013-12-22,669547.2137847501
2013-12-23,672240.22670153
2013-12-24,673719.94307312
2013-12-25,716484.8255310601
2013-12-26,719647.28671717
2013-12-27,723978.04844844
2013-12-28,723455.0345301699
2013-12-29,724483.9277784701
2013-12-30,726341.80934048
2013-12-31,728926.5079344301
2014-01-01,730177.12997942
2014-01-02,732496.0943809
2014-01-03,734172.72514241
2014-01-04,733534.70446899
2014-01-05,738017.6757278501
2014-01-06,731470.44839014
2014-01-07,737658.68129559
2014-01-08,738219.3173024801
2014-01-09,740247.6837319699
2014-01-10,740580.7069923901
2014-01-11,740055.3079871099
2014-01-12,735660.1922758899
2014-01-13,735786.17068069
2014-01-14,735211.25895175
2014-01-15,735330.5400618099
2014-01-16,738200.1452286099
2014-01-17,739451.588019
2014-01-18,742230.1281341001
2014-01-19,743672.5448907801
2014-01-20,745895.59455929
2014-01-21,748042.2941147399
2014-01-22,747309.1595659399
2014-01-23,746773.1441137199
2014-01-24,747108.74174941
2014-01-25,749328.6811808199
2014-01-26,749758.75709788
2014-01-27,750989.5796459499
2014-01-28,757573.1405995201
2014-01-29,757799.33333853
2014-01-30,758505.14825834
2014-01-31,761353.6367318899
2014-02-01,761563.8367733501
2014-02-02,762888.86119361
2014-02-03,765093.65008103
2014-02-04,764154.34329882
2014-02-05,765318.8216646
2014-02-06,777844.22641798
2014-02-07,777992.5055167399
2014-02-08,786702.23707822
2014-02-09,789800.15792265
2014-02-10,790129.59258514
2014-02-11,746520.77299376
2014-02-12,748421.2299247598
2014-02-13,750369.3470564099
2014-02-14,751326.08824333
2014-02-15,751484.25655657
2014-02-16,753032.87740963
2014-02-17,765713.9316724099
2014-02-18,771595.06958927
2014-02-19,772443.32195151
2014-02-20,777618.1632865199
2014-02-21,779942.2885764501
2014-02-22,779120.20244053
2014-02-23,785585.7286154599
2014-02-24,786505.0821267001
2014-02-25,790386.7920376098
2014-02-26,760474.9510737201
2014-02-27,757108.0181090898
2014-02-28,757977.3107528099
2014-03-01,759383.0280545299
2014-03-02,759479.46741826
2014-03-03,759084.29478543
2014-03-04,761913.56233219
2014-03-05,773586.5259271502
2014-03-06,779362.1667655401
2014-03-07,779055.6954266501
2014-03-08,576266.42709547
2014-03-09,580241.2351297298
2014-03-10,580147.18880596
2014-03-11,580692.51716094
2014-03-12,581355.7961120502
2014-03-13,577741.01072596
2014-03-14,581103.7228770602
2014-03-15,581369.9867811799
2014-03-16,579803.8014784299
2014-03-17,579756.73033264
2014-03-18,580807.30481351
2014-03-19,578369.68284839
2014-03-20,590876.63786991
2014-03-21,595423.6827416598
2014-03-22,598787.2034174799
2014-03-23,602403.3377251299
2014-03-24,602302.8995563199
2014-03-25,603148.90669698
2014-03-26,602467.7774883701
2014-03-27,604474.64595962
2014-03-28,617497.2683065098
2014-03-29,635574.0319517199
2014-03-30,632083.5964113898
2014-03-31,632739.8884065299
2014-04-01,621263.7922956899
2014-04-02,626512.0736281399
2014-04-03,632513.1748729399
2014-04-04,634298.88200593
2014-04-05,632436.3770803399
2014-04-06,546915.46313042
2014-04-07,550518.35546587
2014-04-08,550584.41669437
2014-04-09,551360.90609709
2014-04-10,550324.6939270202
2014-04-11,533405.1292109501
2014-04-12,527600.9429271901
2014-04-13,528769.1331322901
2014-04-14,528942.8745733202
2014-04-15,530373.4608263602
2014-04-16,526676.9713733601
2014-04-17,525514.3634733101
2014-04-18,529397.6515419101
2014-04-19,533868.1810003901
2014-04-20,533681.5399019
2014-04-21,533467.2166308402
2014-04-22,533423.2768724401
2014-04-23,533422.4385884701
2014-04-24,528985.5939662298
2014-04-25,528483.32861818
2014-04-26,535390.41258048
2014-04-27,539028.62466784
2014-04-28,539474.3759514102
2014-04-29,545557.1269455599
2014-04-30,538933.2575031599
2014-05-01,539550.95978123
2014-05-02,543467.31962632
2014-05-03,599090.0192116699
2014-05-04,595604.4924358799
2014-05-05,595682.5973189101
2014-05-06,597583.5975956201
2014-05-07,599787.62017974
2014-05-08,595105.2781938601
2014-05-09,600416.85167797
2014-05-10,601988.9690133301
2014-05-11,601251.0728018101
2014-05-12,602367.8103328102
2014-05-13,602316.0488723901
2014-05-14,599654.4208895599
2014-05-15,604303.1477288798
2014-05-16,608714.01301714
2014-05-17,609458.5742706299
2014-05-18,609235.2148642
2014-05-19,612645.8305208998
2014-05-20,611177.03648564
2014-05-21,612717.5416342198
2014-05-22,614067.25452103
2014-05-23,615167.45920212
2014-05-24,612513.42012843
2014-05-25,737726.45289885
2014-05-26,739825.50314151
2014-05-27,740454.2959390099
2014-05-28,740797.4327692299
2014-05-29,746084.7928835402
2014-05-30,749274.3330799299
2014-05-31,747345.56944595
2014-06-01,748086.3637988099
2014-06-02,748197.9260960198
2014-06-03,747710.23224808
2014-06-04,751676.4453071699
2014-06-05,752091.7401807499
2014-06-06,751479.4112813901
2014-06-07,740279.22436171
2014-06-08,739987.0796763498
2014-06-09,741542.91544077
2014-06-10,740162.9942427202
2014-06-11,774170.2781031799
2014-06-12,834841.61179479
2014-06-13,903993.7254183898
2014-06-14,906164.4884753801
2014-06-15,903646.68003872
2014-06-16,903416.32365601
2014-06-17,908873.0397152799
2014-06-18,907053.4900444599
2014-06-19,906761.53797313
2014-06-20,911751.2635038699
2014-06-21,911941.8534800102
2014-06-22,908660.6535005899
2014-06-23,908540.31884628
2014-06-24,910298.0001596203
2014-06-25,916776.52895629
2014-06-26,914889.7820069998
2014-06-27,915462.2661803601
2014-06-28,919856.2971034499
2014-06-29,917257.9917526799
2014-06-30,919415.4460257301
2014-07-01,917618.55777996
2014-07-02,917692.3807892201
2014-07-03,915294.0456891396
2014-07-04,919789.66659778
2014-07-05,918172.1425237599
2014-07-06,922067.2463241202
2014-07-07,918119.4688936098
2014-07-08,898471.6178754499
2014-07-09,899820.1143931601
2014-07-10,899893.41126138
2014-07-11,906173.7519591497
2014-07-12,899388.85613348
2014-07-13,903949.2931940799
2014-07-14,906432.9814869598
2014-07-15,905349.63628453
2014-07-16,905586.4145039299
2014-07-17,905831.0543029598
2014-07-18,904992.46409096
2014-07-19,910835.8936667399
2014-07-20,904998.9089050599
2014-07-21,904019.0590787899
2014-07-22,904349.8557674198
2014-07-23,909604.0726870699
2014-07-24,905141.8944970499
2014-07-25,909857.1294448999
2014-07-26,905363.64592652
2014-07-27,906357.7676125801
2014-07-28,909944.3210416699
2014-07-29,904043.6442263101
2014-07-30,906011.3167003699
2014-07-31,911616.15943887
2014-08-01,907598.29639985
2014-08-02,909575.1032947799
2014-08-03,910597.59331164
2014-08-04,909324.3147896499
2014-08-05,912416.5437071099
2014-08-06,911461.9221957399
2014-08-07,912728.6626015997
2014-08-08,913429.38466336
2014-08-09,913452.11517609
2014-08-10,912114.1872976499
2014-08-11,913504.6351041797
2014-08-12,912518.27432567
2014-08-13,913301.5186861701
2014-08-14,913407.4297695103
2014-08-15,910890.8046761799
2014-08-16,907911.11769737
2014-08-17,901729.53921312
2014-08-18,908119.6035111198
2014-08-19,914582.58258639
2014-08-20,921676.34353245
2014-08-21,912462.02723556
2014-08-22,913168.8275225898
2014-08-23,913428.0750221801
2014-08-24,915265.87481753
2014-08-25,916634.9234665199
2014-08-26,922443.7270670902
2014-08-27,933341.1593793299
2014-08-28,933491.43775405
2014-08-29,784303.0775119702
2014-08-30,788518.23688562
2014-08-31,798631.73816705
2014-09-01,793336.35147291
2014-09-02,786672.4994409598
2014-09-03,788481.5896022699
2014-09-04,788978.8701287998
2014-09-05,794825.6024684198
2014-09-06,796693.82511301
2014-09-07,802104.0268028799
2014-09-08,801371.1045298101
2014-09-09,808587.1017225
2014-09-10,804502.82857169
2014-09-11,808876.5453977098
2014-09-12,812567.7175214499
2014-09-13,816372.3853898098
2014-09-14,818464.16536141
2014-09-15,819046.96735554
2014-09-16,821270.05313756
2014-09-17,823896.52090809
2014-09-18,828062.1082710101
2014-09-19,834901.3139436201
2014-09-20,842400.0936587299
2014-09-21,844453.5481006701
2014-09-22,846857.44267091
2014-09-23,850887.7347884399
2014-09-24,849695.41035054
2014-09-25,853756.39142733
2014-09-26,853176.2208407901
2014-09-27,852278.9884376401
2014-09-28,850519.6422470802
2014-09-29,849757.2344113699
2014-09-30,853562.05846458
2014-10-01,850423.62360333
2014-10-02,853798.66317897
2014-10-03,858100.46516776
2014-10-04,860395.7245550299
2014-10-05,864249.4739523599
2014-10-06,875482.5822876599
2014-10-07,886382.3470670701
2014-10-08,887992.38596139
2014-10-09,1022319.90788976
2014-10-10,1035815.08530091
2014-10-11,1031949.99227075
2014-10-12,1036582.62864604
2014-10-13,1038527.28234958
2014-10-14,1037092.09431561
2014-10-15,1042312.87723533
2014-10-16,1043735.56661985
2014-10-17,1038447.66765221
2014-10-18,1036899.85187968
2014-10-19,1038224.82360348
2014-10-20,1035914.4796638
2014-10-21,1029225.25128411
2014-10-22,1029156.40280009
2014-10-23,1027146.22165858
2014-10-24,1023526.12038931
2014-10-25,1019789.31954433
2014-10-26,1016773.51322051
2014-10-27,1016277.50200549
2014-10-28,1017525.80426665
2014-10-29,1024116.27426693
2014-10-30,1019573.616062
2014-10-31,1027274.17782571
2014-11-01,914118.4866895198
2014-11-02,909234.4961827
2014-11-03,908584.0546732896
2014-11-04,908707.07610186
2014-11-05,924872.64687782
2014-11-06,927230.2437340099
2014-11-07,921764.8039698399
2014-11-08,930504.0998043601
2014-11-09,930073.4288698602
2014-11-10,935330.58603248
2014-11-11,949932.4587157599
2014-11-12,947116.4098611102
2014-11-13,962432.65257236
2014-11-14,1085683.90923945
2014-11-15,1094922.73727211
2014-11-16,1092766.89595493
2014-11-17,1074022.08103695
2014-11-18,1074446.7198006
2014-11-19,1072990.49990481
2014-11-20,1074359.48965639
2014-11-21,1074799.93024592
2014-11-22,1072889.4753635
2014-11-23,1074590.42704358
2014-11-24,1071371.87865459
2014-11-25,1074559.16310533
2014-11-26,1077975.89403745
2014-11-27,1085220.43899001
2014-11-28,1080085.92096885
2014-11-29,1253991.58954787
2014-11-30,1252185.86146694
2014-12-01,1255039.14542521
2014-12-02,1285751.10519091
2014-12-03,1290810.37653747
2014-12-04,1286647.56926672
2014-12-05,1344092.88853544
2014-12-06,1348837.94530961
2014-12-07,1369887.14999067
2014-12-08,1374130.06627623
2014-12-09,1344961.78785547
2014-12-10,1346820.80691696
2014-12-11,1345268.66973502
2014-12-12,1341902.53426429
2014-12-13,1342160.40757748
2014-12-14,1331468.65044099
2014-12-15,1332411.48402513
2014-12-16,1334173.78244047
2014-12-17,1339079.92501788
2014-12-18,1345232.59433408
2014-12-19,1346510.87821377
2014-12-20,1344282.26656574
2014-12-21,1343621.34309782
2014-12-22,1339984.0598901
2014-12-23,1336670.12356912
2014-12-24,1341763.84633164
2014-12-25,1405639.48665798
2014-12-26,1405208.56731965
2014-12-27,1406945.69336369
2014-12-28,1401890.14504795
2014-12-29,1404207.65184655
2014-12-30,1406416.44434343
2014-12-31,1407337.48242011
2015-01-01,1411536.2239059
2015-01-02,1414099.5394006
2015-01-03,1411035.83194902
2015-01-04,1405904.94179835
2015-01-05,1401811.43515632
2015-01-06,1400018.07871343
2015-01-07,1405409.1755249
2015-01-08,1403630.30987535
2015-01-09,1397546.74228099
2015-01-10,1382401.57994056
2015-01-11,1366121.84852652
2015-01-12,1367179.20151225
2015-01-13,1371685.09009366
2015-01-14,1377288.66469514
2015-01-15,1386606.82961047
2015-01-16,1390731.09046442
2015-01-17,1384771.79116938
2015-01-18,1375963.80270058
2015-01-19,1381584.31510172
2015-01-20,1380819.95757199
2015-01-21,1384214.79141464
2015-01-22,1400313.87716218
2015-01-23,1406797.05586019
2015-01-24,1401112.14523363
2015-01-25,1404072.96580147
2015-01-26,1397242.27838586
2015-01-27,1417050.13085416
2015-01-28,1420854.60506005
2015-01-29,1410710.91364369
2015-01-30,1412247.35652195
2015-01-31,1407567.68127042
2015-02-01,1404270.17292456
2015-02-02,1405535.33157754
2015-02-03,1403457.32105069
2015-02-04,1399189.93143126
2015-02-05,1400952.92454606
2015-02-06,1402682.39966107
2015-02-07,1401670.91503472
2015-02-08,1407152.61944181
2015-02-09,1410880.16922996
2015-02-10,1403289.48535822
2015-02-11,1401701.79902022
2015-02-12,1411526.42520124
2015-02-13,1409993.64053216
2015-02-14,1414963.6186258
2015-02-15,1424665.47217508
2015-02-16,1420214.48096637
2015-02-17,1422835.28924719
2015-02-18,1422865.95899738
2015-02-19,1418641.85846966
2015-02-20,1417608.81249225
2015-02-21,1422777.22489448
2015-02-22,1425571.16627501
2015-02-23,1422496.82374382
2015-02-24,1415845.18193218
2015-02-25,1418653.57971342
2015-02-26,1403373.63868585
2015-02-27,1405392.39427468
2015-02-28,1416752.60171481
2015-03-01,1416841.71239634
2015-03-02,1418474.59753861
2015-03-03,1419849.95206596
2015-03-04,1425084.31420117
2015-03-05,1420564.36972962
2015-03-06,1418104.75420234
2015-03-07,1421164.58190575
2015-03-08,1421313.44904965
2015-03-09,1418375.30392328
2015-03-10,1433896.61749593
2015-03-11,1435400.02704639
2015-03-12,1452036.57640976
2015-03-13,1447513.7175446
2015-03-14,1443041.87892421
2015-03-15,1440993.99261987
2015-03-16,1442612.90199776
2015-03-17,1459279.40271295
2015-03-18,1442819.83205847
2015-03-19,1441648.70820451
2015-03-20,1443379.05370518
2015-03-21,1446024.13055132
2015-03-22,1447219.22472012
2015-03-23,1447399.03454627
2015-03-24,1452383.58960365
2015-03-25,1450144.58612289
2015-03-26,1450512.28738591
2015-03-27,1444728.6070368
2015-03-28,1449871.555628
2015-03-29,1456349.98370671
2015-03-30,1458026.06598379
2015-03-31,1461567.28549069
2015-04-01,1467686.59753792
2015-04-02,1469776.69206062
2015-04-03,1467632.24986564
2015-04-04,1467787.02549164
2015-04-05,1462328.50452078
2015-04-06,1463463.15631277
2015-04-07,1464712.46700395
2015-04-08,1465102.58078714
2015-04-09,1480372.81787038
2015-04-10,1482659.30956249
2015-04-11,1482007.734653451
2015-04-12,1478934.43539945
2015-04-13,1480537.21533286
2015-04-14,1480615.42850572
2015-04-15,1487393.81821806
2015-04-16,1485543.62512237
2015-04-17,1484223.24015409
2015-04-18,1483759.79988658
2015-04-19,1477619.19034065
2015-04-20,1479795.09350771
2015-04-21,1483600.14204154
2015-04-22,1477763.52557696
2015-04-23,1476223.04053466
2015-04-24,1474508.88782636
2015-04-25,1472480.54422272
2015-04-26,1469595.72704868
2015-04-27,1476186.34950719
2015-04-28,1468052.68233428
2015-04-29,1469359.21715875
2015-04-30,1472342.52333562
2015-05-01,1473352.24569032
2015-05-02,1485657.15374538
2015-05-03,1482165.00345318
2015-05-04,1489648.68152241
2015-05-05,1477224.08684863
2015-05-06,1474598.00440478
2015-05-07,1476084.03973949
2015-05-08,1478644.95643282
2015-05-09,1484933.156544709
2015-05-10,1487795.23854411
2015-05-11,1484665.756230529
2015-05-12,1490096.97731223
2015-05-13,1482803.95865515
2015-05-14,1485965.30029931
2015-05-15,1489631.50389466
2015-05-16,1487610.808602611
2015-05-17,1491209.36058363
2015-05-18,1492972.85480988
2015-05-19,1492854.0513842
2015-05-20,1488576.859740161
2015-05-21,1492802.3606322
2015-05-22,1490485.93349727
2015-05-23,1483242.99985314
2015-05-24,1480216.89362799
2015-05-25,1481918.54565437
2015-05-26,1478717.68787164
2015-05-27,1476966.68371449
2015-05-28,1482748.65393136
2015-05-29,1479548.65510328
2015-05-30,1477181.0029176
2015-05-31,1475461.31462494
2015-06-01,1477165.20539112
2015-06-02,1478153.98392016
2015-06-03,1480174.98862711
2015-06-04,1478309.26880302
2015-06-05,1480250.75352406
2015-06-06,1480823.49686389
2015-06-07,1477368.928287701
2015-06-08,1478578.33926641
2015-06-09,1485589.9504099
2015-06-10,1485081.83365688
2015-06-11,1489175.55427527
2015-06-12,1493559.71736184
2015-06-13,1495274.32868264
2015-06-14,1493700.29909678
2015-06-15,1494432.58016985
2015-06-16,1503768.17312753
2015-06-17,1495897.07494075
2015-06-18,1505039.42007937
2015-06-19,1506781.78135825
2015-06-20,1507599.1411693
2015-06-21,1513904.03126555
2015-06-22,1512132.11057343
2015-06-23,1508074.09508059
2015-06-24,1506890.543343341
2015-06-25,1506919.65837207
2015-06-26,1507934.84087911
2015-06-27,1513132.47392984
2015-06-28,1515853.63600787
2015-06-29,1515960.07037231
2015-06-30,1503868.65352186
2015-07-01,1505171.59291757
2015-07-02,1506551.65639142
2015-07-03,1514887.98732327
2015-07-04,1511234.114126819
2015-07-05,1510182.13447588
2015-07-06,1512956.92477363
2015-07-07,1521678.77284114
2015-07-08,1527770.21732404
2015-07-09,1507135.91478478
2015-07-10,1502766.523890579
2015-07-11,1509611.45906239
2015-07-12,1516370.58416096
2015-07-13,1499062.57617494
2015-07-14,1502775.70391252
2015-07-15,1495604.63392484
2015-07-16,1503649.75049065
2015-07-17,1509629.22123752
2015-07-18,1515660.357307179
2015-07-19,1519462.47223968
2015-07-20,1529195.55150815
2015-07-21,1529460.75051424
2015-07-22,1531640.13410891
2015-07-23,1531474.13790586
2015-07-24,1533259.84200614
2015-07-25,1531597.11226582
2015-07-26,1532206.32884246
2015-07-27,1529400.03704475
2015-07-28,1526772.95058038
2015-07-29,1530427.32325958
2015-07-30,1524538.35798197
2015-07-31,1523967.29758348
2015-08-01,1525378.97003937
2015-08-02,1529056.26360362
2015-08-03,1528150.747324001
2015-08-04,1533534.6210155
2015-08-05,1523708.03608921
2015-08-06,1519046.38889353
2015-08-07,1507497.51593515
2015-08-08,1510786.75644567
2015-08-09,1501024.42566844
2015-08-10,1528734.89559093
2015-08-11,1499309.13668015
2015-08-12,1494479.43441877
2015-08-13,1463395.14542681
2015-08-14,1464179.526985681
2015-08-15,1461197.208043471
2015-08-16,1436844.09785088
2015-08-17,1458958.53593185
2015-08-18,1481965.28794445
2015-08-19,1478768.23171525
2015-08-20,1475034.76802447
2015-08-21,1438258.94541297
2015-08-22,1435317.46071718
2015-08-23,1461484.24018619
2015-08-24,1456427.56243747
2015-08-25,1451204.03864521
2015-08-26,1417168.12211064
2015-08-27,1390866.4632436
2015-08-28,1419843.45246737
2015-08-29,1420396.21290238
2015-08-30,1416914.84648083
2015-08-31,1417952.71974156
2015-09-01,1414897.21824929
2015-09-02,1410772.43629441
2015-09-03,1387089.62410962
2015-09-04,1409346.20560747
2015-09-05,1405582.01414771
2015-09-06,1409253.54748958
2015-09-07,1407664.75890192
2015-09-08,1414494.56419957
2015-09-09,1405806.47651831
2015-09-10,1408105.87130151
2015-09-11,1413458.39587685
2015-09-12,1422274.53103636
2015-09-13,1424603.00989358
2015-09-14,1421541.3601099
2015-09-15,1403905.20082647
2015-09-16,1416161.65597001
2015-09-17,1397379.49513401
2015-09-18,1408466.26899037
2015-09-19,1406713.52353465
2015-09-20,1405538.64411957
2015-09-21,1405539.36067533
2015-09-22,1405110.91587149
2015-09-23,1399528.92456694
2015-09-24,1381017.62430141
2015-09-25,1392818.69634065
2015-09-26,1393681.30773239
2015-09-27,1379924.3852271
2015-09-28,1380841.45524032
2015-09-29,1385749.94441092
2015-09-30,1384225.44375634
2015-10-01,1372989.550605
2015-10-02,1360988.25592578
2015-10-03,1367987.50543957
2015-10-04,1368486.49094179
2015-10-05,1374732.64366396
2015-10-06,1372190.72824782
2015-10-07,1365810.26973308
2015-10-08,1367719.64950405
2015-10-09,1379278.86092264
2015-10-10,1378259.79667583
2015-10-11,1377200.03505337
2015-10-12,1373249.03417315
2015-10-13,1373016.98040371
2015-10-14,1373375.91369465
2015-10-15,1369160.14122191
2015-10-16,1370214.83031492
2015-10-17,1371426.45103475
2015-10-18,1370771.45458593
2015-10-19,1371006.16274922
2015-10-20,1368168.16893865
2015-10-21,1361570.02063239
2015-10-22,1357928.91443085
2015-10-23,1358948.0779927
2015-10-24,1360829.00078674
2015-10-25,1361930.15079645
2015-10-26,1370242.91720633
2015-10-27,1361314.2574845
2015-10-28,1368397.5229556
2015-10-29,1375749.72077352
2015-10-30,1374979.86748369
2015-10-31,1370104.96920537
2015-11-01,1361321.00942665
2015-11-02,1360400.40889737
2015-11-03,1360733.77949409
2015-11-04,1356458.28024586
2015-11-05,1354476.25041911
2015-11-06,1359171.02414101
2015-11-07,1364214.50960764
2015-11-08,1368932.32185519
2015-11-09,1369801.76455903
2015-11-10,1372600.05872252
2015-11-11,1366827.85187984
2015-11-12,1363606.44500919
2015-11-13,1369098.1253844
2015-11-14,1365579.89994629
2015-11-15,1363339.84164313
2015-11-16,1365328.10623396
2015-11-17,1366807.04173998
2015-11-18,1373657.91055801
2015-11-19,1376653.02478578
2015-11-20,1378541.78100779
2015-11-21,1377560.65326949
2015-11-22,1380190.47222258
2015-11-23,1378385.21560836
2015-11-24,1381224.81886796
2015-11-25,1381847.36321605
2015-11-26,1383147.61029017
2015-11-27,1393119.67589472
2015-11-28,1372698.48455217
2015-11-29,1372716.46318684
2015-11-30,1374412.76630858
2015-12-01,1374109.78001574
2015-12-02,1391570.43307546
2015-12-03,1390432.28306205
2015-12-04,1394713.56976139
2015-12-05,1395694.36659754
2015-12-06,1399537.88017797
2015-12-07,1394615.30414842
2015-12-08,1394572.7301901
2015-12-09,1395114.72253109
2015-12-10,1395205.33874799
2015-12-11,1397955.71686763
2015-12-12,1398198.60200491
2015-12-13,1408274.47332481
2015-12-14,1404705.52220229
2015-12-15,1404260.19657666
2015-12-16,1402737.97507333
2015-12-17,1398108.99069101
2015-12-18,1394691.94037439
2015-12-19,1393410.6372297
2015-12-20,1414231.42343214
2015-12-21,1412766.99120181
2015-12-22,1401694.327707
2015-12-23,1391807.29421781
2015-12-24,1393529.75930312
2015-12-25,1390615.24831622
2015-12-26,1390820.08838219
2015-12-27,1388789.2433284
2015-12-28,1391749.10308589
2015-12-29,1385934.58337746
2015-12-30,1384872.97730185
2015-12-31,1385905.37640388
2016-01-01,1391727.01146769
2016-01-02,1389053.28009073
2016-01-03,1386947.00858767
2016-01-04,1384830.27351219
2016-01-05,1385402.49890217
2016-01-06,1390864.67582151
2016-01-07,1386900.6952589
2016-01-08,1388845.32677456
2016-01-09,1397955.76131618
2016-01-10,1400150.53731406
2016-01-11,1398901.89530779
2016-01-12,1405690.65222127
2016-01-13,1407675.13865534
2016-01-14,1414086.47951815
2016-01-15,1410573.53318063
2016-01-16,1417897.15653713
2016-01-17,1424225.48484992
2016-01-18,1427972.45651422
2016-01-19,1421570.43267081
2016-01-20,1422537.0610029
2016-01-21,1434296.11730792
2016-01-22,1428317.09990118
2016-01-23,1393740.3098297
2016-01-24,1368513.15597076
2016-01-25,1373423.53612187
2016-01-26,1391500.95677322
2016-01-27,1403296.37220601
2016-01-28,1403210.52070456
2016-01-29,1405397.25043114
2016-01-30,1400460.28397117
2016-01-31,1411276.85608214
2016-02-01,1404822.71679267
2016-02-02,1406023.81070394
2016-02-03,1402221.6090572
2016-02-04,1407353.35900363
2016-02-05,1408634.34772262
2016-02-06,1396336.09545402
2016-02-07,1375959.28600891
2016-02-08,1373206.70313774
2016-02-09,1384126.03514539
2016-02-10,1376701.97660104
2016-02-11,1395926.9296466
2016-02-12,1399234.17652143
2016-02-13,1408730.66071291
2016-02-14,1409432.52856745
2016-02-15,1411574.16929645
2016-02-16,1418562.75560866
2016-02-17,1405523.34558579
2016-02-18,1407763.92750291
2016-02-19,1411064.66814677
2016-02-20,1406711.92667706
2016-02-21,1420442.30437784
2016-02-22,1427441.33408382
2016-02-23,1429944.31718808
2016-02-24,1431440.66524687
2016-02-25,1433921.29273712
2016-02-26,1428811.43695618
2016-02-27,1430951.21638092
2016-02-28,1434357.46353283
2016-02-29,1434961.42563623
2016-03-01,1438138.32283736
2016-03-02,1394722.81799267
2016-03-03,1406151.9857597
2016-03-04,1422540.20501423
2016-03-05,1423581.96754204
2016-03-06,1440119.45495355
2016-03-07,1419047.4399449
2016-03-08,1411406.72698609
2016-03-09,1412521.87609087
2016-03-10,1418309.34721772
2016-03-11,1412548.23724521
2016-03-12,1404809.46297358
2016-03-13,1407153.06839757
2016-03-14,1409216.59921457
2016-03-15,1409036.36927192
2016-03-16,1409507.81915106
2016-03-17,1417495.64492425
2016-03-18,1421615.5775104
2016-03-19,1421364.78393177
2016-03-20,1423992.80927716
2016-03-21,1427522.08386521
2016-03-22,1426663.86607562
2016-03-23,1421760.28925967
2016-03-24,1417957.0450295
2016-03-25,1414309.01179169
2016-03-26,1415630.80883611
2016-03-27,1415380.61317469
2016-03-28,1420046.60155917
2016-03-29,1422897.2480347
2016-03-30,1416427.37695619
2016-03-31,1418451.85976019
2016-04-01,1422141.72615894
2016-04-02,1410388.17013331
2016-04-03,1409472.34512413
2016-04-04,1404742.72994196
2016-04-05,1404081.23617545
2016-04-06,1413803.65169974
2016-04-07,1411383.1602264
2016-04-08,1409630.19024533
2016-04-09,1405920.24528801
2016-04-10,1408669.06859058
2016-04-11,1409744.83928452
2016-04-12,1411049.09779113
2016-04-13,1411084.43979579
2016-04-14,1411577.90605529
2016-04-15,1406968.61785231
2016-04-16,1411424.17704134
2016-04-17,1396008.61156341
2016-04-18,1391481.1840068
2016-04-19,1398746.89137771
2016-04-20,1397204.19300124
2016-04-21,1395802.62714395
2016-04-22,1396695.89204408
2016-04-23,1409108.65587839
2016-04-24,1410113.09930546
2016-04-25,1407624.4238996
2016-04-26,1402732.69735471
2016-04-27,1409581.21163784
2016-04-28,1403238.82880564
2016-04-29,1405273.73995152
2016-04-30,1412093.02519752
2016-05-01,1413013.48824917
2016-05-02,1406429.21525445
2016-05-03,1389762.153488151
2016-05-04,1390189.12169711
2016-05-05,1377507.67190836
2016-05-06,1389775.70993485
2016-05-07,1402789.63479177
2016-05-08,1406699.77446256
2016-05-09,1401493.03340338
2016-05-10,1409840.66664671
2016-05-11,1409164.91405754
2016-05-12,1402054.66444931
2016-05-13,1404755.09189415
2016-05-14,1414298.51979104
2016-05-15,1412802.99534572
2016-05-16,1420924.65152606
2016-05-17,1413286.8290562
2016-05-18,1379244.5593601
2016-05-19,1379314.22511742
2016-05-20,1383615.7701281
2016-05-21,1389202.77378667
2016-05-22,1385237.10458399
2016-05-23,1386096.24451472
2016-05-24,1386550.20949499
2016-05-25,1384916.77295497
2016-05-26,1391892.57747077
2016-05-27,1387532.167930691
2016-05-28,1397635.07765826
2016-05-29,1398096.61256846
2016-05-30,1410177.35392335
2016-05-31,1418555.12924571
2016-06-01,1448370.52818644
2016-06-02,1451895.39114083
2016-06-03,1465975.1380495
2016-06-04,1469744.2581503
2016-06-05,1455910.14009237
2016-06-06,1456177.84605944
2016-06-07,1454745.9411602
2016-06-08,1456040.61159464
2016-06-09,1453747.89821316
2016-06-10,1507876.7662903
2016-06-11,1488162.65282588
2016-06-12,1489169.44838963
2016-06-13,1496996.03021298
2016-06-14,1475018.48572567
2016-06-15,1479673.73742886
2016-06-16,1490941.944483501
2016-06-17,1494943.959811901
2016-06-18,1487858.84800646
2016-06-19,1489158.48299056
2016-06-20,1482940.29490808
2016-06-21,1471111.23119457
2016-06-22,1482502.81091268
2016-06-23,1499651.23931628
2016-06-24,1500562.74058706
2016-06-25,1492224.73063293
2016-06-26,1484664.26969883
2016-06-27,1490195.314863441
2016-06-28,1488817.75383882
2016-06-29,1494358.27494802
2016-06-30,1491858.6869899
2016-07-01,1489116.76795241
2016-07-02,1497415.37487324
2016-07-03,1495082.2083703
2016-07-04,1493771.79652591
2016-07-05,1499313.7008542
2016-07-06,1504682.62585594
2016-07-07,1513380.1036714
2016-07-08,1508823.52364636
2016-07-09,1524159.04667389
2016-07-10,1518475.89718674
2016-07-11,1520037.58637066
2016-07-12,1517596.10807506
2016-07-13,1526804.65442642
2016-07-14,1525422.71175934
2016-07-15,1541894.25980267
2016-07-16,1542655.31269851
2016-07-17,1525548.39011846
2016-07-18,1518711.51975062
2016-07-19,1516719.77439533
2016-07-20,1519250.40062952
2016-07-21,1530190.35026726
2016-07-22,1530917.55359252
2016-07-23,1538360.76997214
2016-07-24,1528549.84197595
2016-07-25,1526316.91277419
2016-07-26,1520760.89285042
2016-07-27,1526865.32205599
2016-07-28,1525342.31802535
2016-07-29,1526007.53596348
2016-07-30,1529263.62734788
2016-07-31,1529745.73142471
2016-08-01,1521501.94307657
2016-08-02,1520518.68919343
2016-08-03,1551427.71639944
2016-08-04,1540491.71862511
2016-08-05,1519389.631750391
2016-08-06,1518883.60553579
2016-08-07,1508166.57953802
2016-08-08,1541864.00337734
2016-08-09,1540792.526547591
2016-08-10,1530806.12984122
2016-08-11,1489969.63929033
2016-08-12,1462875.43309055
2016-08-13,1462018.44067726
2016-08-14,1455688.42400799
2016-08-15,1446330.98406391
2016-08-16,1440642.30756158
2016-08-17,1437957.80724892
2016-08-18,1430510.92757722
2016-08-19,1429611.82796201
2016-08-20,1432051.9033282
2016-08-21,1425955.23174277
2016-08-22,1422921.30374468
2016-08-23,1426116.87469533
2016-08-24,1422848.14597104
2016-08-25,1423093.05332496
2016-08-26,1421626.46016688
2016-08-27,1421332.90726628
2016-08-28,1418044.07510024
2016-08-29,1416089.92685771
2016-08-30,1418271.81545898
2016-08-31,1413066.12120864
2016-09-01,1405004.09634677
2016-09-02,1402062.01696934
2016-09-03,1400071.10513566
2016-09-04,1408905.95432198
2016-09-05,1408802.95258959
2016-09-06,1415405.9815692
2016-09-07,1418544.31906681
2016-09-08,1427116.15435594
2016-09-09,1424083.13820246
2016-09-10,1424397.21724254
2016-09-11,1425164.97116766
2016-09-12,1429536.40638855
2016-09-13,1423040.40641521
2016-09-14,1420177.48393975
2016-09-15,1420512.13481498
2016-09-16,1421794.1138238
2016-09-17,1426120.68474743
2016-09-18,1428929.44318687
2016-09-19,1422873.2169572
2016-09-20,1429238.65675637
2016-09-21,1431149.72427118
2016-09-22,1427335.88971085
2016-09-23,1435090.26108549
2016-09-24,1423431.8341769
2016-09-25,1426626.45030305
2016-09-26,1424096.55184009
2016-09-27,1427109.17871751
2016-09-28,1416975.16888686
2016-09-29,1416977.58996928
2016-09-30,1422481.50926359
2016-10-01,1418020.28890511
2016-10-02,1416528.38340539
2016-10-03,1415793.48347037
2016-10-04,1419330.79103808
2016-10-05,1421015.95762093
2016-10-06,1422264.30203096
2016-10-07,1421403.09525676
2016-10-08,1427413.25370329
2016-10-09,1422271.58820578
2016-10-10,1422367.20847658
2016-10-11,1414753.56042669
2016-10-12,1426506.68030593
2016-10-13,1427730.94924249
2016-10-14,1426283.75402527
2016-10-15,1428683.59193713
2016-10-16,1429437.68648704
2016-10-17,1426603.56535784
2016-10-18,1430445.47064233
2016-10-19,1433599.84135487
2016-10-20,1432181.18498984
2016-10-21,1422841.94690703
2016-10-22,1427699.75938637
2016-10-23,1420929.66281504
2016-10-24,1427635.21061888
2016-10-25,1436190.02074682
2016-10-26,1427289.55349457
2016-10-27,1431100.94292592
2016-10-28,1436921.397886059
2016-10-29,1432858.25291157
2016-10-30,1432781.64474529
2016-10-31,1437668.25798944
2016-11-01,1435360.98868159
2016-11-02,1441403.15180652
2016-11-03,1442683.68434342
2016-11-04,1446426.47986023
2016-11-05,1445483.17872129
2016-11-06,1434552.40083824
2016-11-07,1431624.82199825
2016-11-08,1429482.923097511
2016-11-09,1431406.90971073
2016-11-10,1441305.8043418
2016-11-11,1444007.6869567
2016-11-12,1437990.13149728
2016-11-13,1440328.500861
2016-11-14,1438884.83643256
2016-11-15,1435157.21037229
2016-11-16,1429931.67435532
2016-11-17,1433895.97000642
2016-11-18,1444719.645061381
2016-11-19,1443947.23393116
2016-11-20,1439241.30072481
2016-11-21,1425591.63581894
2016-11-22,1423521.09157751
2016-11-23,1420140.46458546
2016-11-24,1415209.251542961
2016-11-25,1419197.88047432
2016-11-26,1410339.54296296
2016-11-27,1433181.44973659
2016-11-28,1418743.89878239
2016-11-29,1415153.88191156
2016-11-30,1412625.53983033
2016-12-01,1411962.87939986
2016-12-02,1411823.77225695
2016-12-03,1418313.77047138
2016-12-04,1421744.43580882
2016-12-05,1416148.43486581
2016-12-06,1410847.60356765
2016-12-07,1408267.05056818
2016-12-08,1405123.81453973
2016-12-09,1408275.90973759
2016-12-10,1404597.64279925
2016-12-11,1405780.73127203
2016-12-12,1407187.19547984
2016-12-13,1392150.10181663
2016-12-14,1387165.94497427
2016-12-15,1385292.58554117
2016-12-16,1384753.53162534
2016-12-17,1386460.86966344
2016-12-18,1385924.03930921
2016-12-19,1381130.83950007
2016-12-20,1382903.510867469
2016-12-21,1374859.98635839
2016-12-22,1363187.24021386
2016-12-23,1367530.35918584
2016-12-24,1364054.89658203
2016-12-25,1362645.77381168
2016-12-26,1367429.3048163
2016-12-27,1375897.8705008
2016-12-28,1376804.41828405
2016-12-29,1385250.77119621
2016-12-30,1382783.630390179
2016-12-31,1371295.03458443
2017-01-01,1382195.50035212
2017-01-02,1384749.417794599
2017-01-03,1389216.27737359
2017-01-04,1398140.20741595
2017-01-05,1409958.59762545
2017-01-06,1415638.67664695
2017-01-07,1409254.98442108
2017-01-08,1408732.56446358
2017-01-09,1414005.67642988
2017-01-10,1408206.567343139
2017-01-11,1409575.09313629
2017-01-12,1411542.55331394
2017-01-13,1407455.6136784
2017-01-14,1405330.06986425
2017-01-15,1396627.6200366
2017-01-16,1393071.82882218
2017-01-17,1393428.13278212
2017-01-18,1398691.65509429
2017-01-19,1389071.13360871
2017-01-20,1380425.79571913
2017-01-21,1389977.11462715
2017-01-22,1388925.94766952
2017-01-23,1390141.03158861
2017-01-24,1388978.67577042
2017-01-25,1385138.50176459
2017-01-26,1380056.03581244
2017-01-27,1377957.43831178
2017-01-28,1378282.652231219
2017-01-29,1377050.6781278
2017-01-30,1375040.71672384
2017-01-31,1374144.02453533
2017-02-01,1372885.83833326
2017-02-02,1368932.87397883
2017-02-03,1363695.769272831
2017-02-04,1353685.30249585
2017-02-05,1351375.13537117
2017-02-06,1346733.58614517
2017-02-07,1345052.118374419
2017-02-08,1345738.24331115
2017-02-09,1338525.05292422
2017-02-10,1348591.60551548
2017-02-11,1341246.39988428
2017-02-12,1348851.52121976
2017-02-13,1345367.62019501
2017-02-14,1350092.45578252
2017-02-15,1347977.45805409
2017-02-16,1345828.9122953
2017-02-17,1339602.41547443
2017-02-18,1345506.87843171
2017-02-19,1343998.63869418
2017-02-20,1332889.26272705
2017-02-21,1333260.93545622
2017-02-22,1342802.29581272
2017-02-23,1344589.698490189
2017-02-24,1345191.84679365
2017-02-25,1353094.96915305
2017-02-26,1358656.358914949
2017-02-27,1357005.65010293
2017-02-28,1354106.05908966
2017-03-01,1362315.08601807
2017-03-02,1354605.65051846
2017-03-03,1369298.68695847
2017-03-04,1375572.21989425
2017-03-05,1391834.2638865
2017-03-06,1392129.33874886
2017-03-07,1384292.73414365
2017-03-08,1388637.26617125
2017-03-09,1393881.87742132
2017-03-10,1395418.03747321
2017-03-11,1404178.322868239
2017-03-12,1395551.69004187
2017-03-13,1400591.46055104
2017-03-14,1398126.7876677
2017-03-15,1397608.4067647
2017-03-16,1394912.82860956
2017-03-17,1404081.49498559
2017-03-18,1433310.54349907
2017-03-19,1468986.12353813
2017-03-20,1469174.91833217
2017-03-21,1462591.57413167
2017-03-22,1464419.40720997
2017-03-23,1456729.58270137
2017-03-24,1452319.78558379
2017-03-25,1396153.86916045
2017-03-26,1449124.14549007
2017-03-27,1455849.88706867
2017-03-28,1452374.0551549
2017-03-29,1452404.5340861
2017-03-30,1434861.75507778
2017-03-31,1428465.30666458
2017-04-01,1452691.07995073
2017-04-02,1444582.75521974
2017-04-03,1446258.89931725
2017-04-04,1435666.54931946
2017-04-05,1442532.13083384
2017-04-06,1441027.02716833
2017-04-07,1444119.19740413
2017-04-08,1447639.2698914
2017-04-09,1443342.38653497
2017-04-10,1446445.40433015
2017-04-11,1447861.92296697
2017-04-12,1441645.98481877
2017-04-13,1441448.0731223
2017-04-14,1431971.90517772
2017-04-15,1439314.77795239
2017-04-16,1429007.56350064
2017-04-17,1434680.98047306
2017-04-18,1420040.84957011
2017-04-19,1408987.58368309
2017-04-20,1398852.7838868
2017-04-21,1391579.83373698
2017-04-22,1391070.55681967
2017-04-23,1391126.49979944
2017-04-24,1386326.58634706
2017-04-25,1377935.34367037
2017-04-26,1378296.587090131
2017-04-27,1381459.32858571
2017-04-28,1392572.13512919
2017-04-29,1390077.64546889
2017-04-30,1393789.46547639
2017-05-01,1401130.09550205
2017-05-02,1408641.11919988
2017-05-03,1410913.78514761
2017-05-04,1407761.33720813
2017-05-05,1418615.81307326
2017-05-06,1399082.83167728
2017-05-07,1396539.788194581
2017-05-08,1404615.3775248
2017-05-09,1397342.20126667
2017-05-10,1389561.37937211
2017-05-11,1389887.38009758
2017-05-12,1387295.51471018
2017-05-13,1379847.06797344
2017-05-14,1379915.75512522
2017-05-15,1370248.01653617
2017-05-16,1364924.63165265
2017-05-17,1359699.7954591
2017-05-18,1339550.97680254
2017-05-19,1339860.50243954
2017-05-20,1350221.91573032
2017-05-21,1368779.39974192
2017-05-22,1374655.89386644
2017-05-23,1375199.37298935
2017-05-24,1358141.0072054
2017-05-25,1365658.49059752
2017-05-26,1384025.57552326
2017-05-27,1373851.76193813
2017-05-28,1397485.7851308
2017-05-29,1399586.61799382
2017-05-30,1382327.8383687
2017-05-31,1384329.02223231
2017-06-01,1375573.84879296
2017-06-02,1390747.47294894
2017-06-03,1409663.08429088
2017-06-04,1392829.01930606
2017-06-05,1390876.24592721
2017-06-06,1387322.02895016
2017-06-07,1394413.15169572
2017-06-08,1393564.76990322
2017-06-09,1394531.10395538
2017-06-10,1386040.37334442
2017-06-11,1400238.091912881
2017-06-12,1407723.77203054
2017-06-13,1413308.1646428
2017-06-14,1400927.772682969
2017-06-15,1398761.71763601
2017-06-16,1387537.147159601
2017-06-17,1395587.531553119
2017-06-18,1403229.39413815
2017-06-19,1385873.88684461
2017-06-20,1400084.45516452
2017-06-21,1391713.604261099
2017-06-22,1401984.96706725
2017-06-23,1402530.93785093
2017-06-24,1399232.35056894
2017-06-25,1402723.51009748
2017-06-26,1415954.87988786
2017-06-27,1410983.5579782
2017-06-28,1414813.16102817
2017-06-29,1402809.30267577
2017-06-30,1422635.015086479
2017-07-01,1424732.66027371
2017-07-02,1421762.11879099
2017-07-03,1432027.78420384
2017-07-04,1416869.62088272
2017-07-05,1426757.1193748
2017-07-06,1431751.38625304
2017-07-07,1429174.97257238
2017-07-08,1428073.680328999
2017-07-09,1429124.48536255
2017-07-10,1449677.891432459
2017-07-11,1449920.87093275
2017-07-12,1457804.39736393
2017-07-13,1458024.03084142
2017-07-14,1440890.65948627
2017-07-15,1442506.91423334
2017-07-16,1451991.13803809
2017-07-17,1459755.822815189
2017-07-18,1476709.08408741
2017-07-19,1478266.21789237
2017-07-20,1484577.50016685
2017-07-21,1482654.62942372
2017-07-22,1496311.7835425
2017-07-23,1485537.28162501
2017-07-24,1469986.77066703
2017-07-25,1477253.01838404
2017-07-26,1425499.572960351
2017-07-27,1431594.38522204
2017-07-28,1403974.21250579
2017-07-29,1382574.76135272
2017-07-30,1327532.69042702
2017-07-31,1365587.71917638
2017-08-01,1340020.13234605
2017-08-02,1295259.61337953
2017-08-03,1352297.47967024
2017-08-04,1350273.97339406
2017-08-05,1357067.21367766
2017-08-06,1367340.51243582
2017-08-07,1345282.79175028
2017-08-08,1390817.9406198
2017-08-09,1391701.24012982
2017-08-10,1406311.33989183
2017-08-11,1398507.08132987
2017-08-12,1389019.27827897
2017-08-13,1399664.14157341
2017-08-14,1412196.05944479
2017-08-15,1409693.212804309
2017-08-16,1423581.25859789
2017-08-17,1424582.04695652
2017-08-18,1393833.85186947
2017-08-19,1399183.924843459
2017-08-20,1410032.00809651
2017-08-21,1416445.893376499
2017-08-22,1416245.80422794
2017-08-23,1419705.15372538
2017-08-24,1424113.41500375
2017-08-25,1440697.625217089
2017-08-26,1437606.07435255
2017-08-27,1449565.85336539
2017-08-28,1450626.85382631
2017-08-29,1438109.94094227
2017-08-30,1450526.40554176
2017-08-31,1453161.36298205
2017-09-01,1455579.36897373
2017-09-02,1461434.954474659
2017-09-03,1467094.0526744
2017-09-04,1479289.44737002
2017-09-05,1467621.35991634
2017-09-06,1455168.75284238
2017-09-07,1458715.948480869
2017-09-08,1459226.088016839
2017-09-09,1472785.264407829
2017-09-10,1477018.65701061
2017-09-11,1510831.18527304
2017-09-12,1503737.12171301
2017-09-13,1499776.17295054
2017-09-14,1509044.94778014
2017-09-15,1507620.67796479
2017-09-16,1527372.22324322
2017-09-17,1527209.021474199
2017-09-18,1525730.0083688
2017-09-19,1524131.45663637
2017-09-20,1521681.14668926
2017-09-21,1520956.89552506
2017-09-22,1514504.19183664
2017-09-23,1508772.4876042
2017-09-24,1506681.75968555
2017-09-25,1505942.33423334
2017-09-26,1509284.39526557
2017-09-27,1500820.22373773
2017-09-28,1484668.23224835
2017-09-29,1494047.81881096
2017-09-30,1498551.55818348
2017-10-01,1492875.13755255
2017-10-02,1490456.96861446
2017-10-03,1493978.90980611
2017-10-04,1499140.65766964
2017-10-05,1493642.95823624
2017-10-06,1491651.39157599
2017-10-07,1493619.73879997
2017-10-08,1497125.50328002
2017-10-09,1502069.6523177
2017-10-10,1510359.37165515
2017-10-11,1515221.322639049
2017-10-12,1522014.16257862
2017-10-13,1529316.201253549
2017-10-14,1535292.59563097
2017-10-15,1539557.31384566
2017-10-16,1540009.52117901
2017-10-17,1540512.362811271
2017-10-18,1530037.05790532
2017-10-19,1532945.160537919
2017-10-20,1534159.469643309
2017-10-21,1542292.29222907
2017-10-22,1539470.9872417
2017-10-23,1535628.30645221
2017-10-24,1515013.36222829
2017-10-25,1528509.954294261
2017-10-26,1529838.166601709
2017-10-27,1528855.96566711
2017-10-28,1526026.37174018
2017-10-29,1531164.91687418
2017-10-30,1543751.20976547
2017-10-31,1550900.06267965
2017-11-01,1548101.39510309
2017-11-02,1548964.991285519
2017-11-03,1554910.05810849
2017-11-04,1554079.57525709
2017-11-05,1565326.175092291
2017-11-06,1574896.80557711
2017-11-07,1567608.24295744
2017-11-08,1569420.34797049
2017-11-09,1585806.435988739
2017-11-10,1584729.324263961
2017-11-11,1602655.971847501
2017-11-12,1615783.55543364
2017-11-13,1674611.471437441
2017-11-14,1675617.907768581
2017-11-15,1687544.49305407
2017-11-16,1661861.27672312
2017-11-17,1677236.83941531
2017-11-18,1688195.37178673
2017-11-19,1664820.43514079
2017-11-20,1660505.63777742
2017-11-21,1660660.727025619
2017-11-22,1650022.93619863
2017-11-23,1629482.849915769
2017-11-24,1618362.95538763
2017-11-25,1624355.538977009
2017-11-26,1631452.73315771
2017-11-27,1633745.2556939
2017-11-28,1636323.098570129
2017-11-29,1641694.53472295
2017-11-30,1649169.05480705
2017-12-01,1661425.44089437
2017-12-02,1663926.52101561
2017-12-03,1661886.52615181
2017-12-04,1662928.32198353
2017-12-05,1670349.73934023
2017-12-06,1669465.54835689
2017-12-07,1659411.79571981
2017-12-08,1657229.52666526
2017-12-09,1679794.99088127
2017-12-10,1679764.28462613
2017-12-11,1696801.029537021
2017-12-12,1686873.73359594
2017-12-13,1689333.4146165
2017-12-14,1710169.83704717
2017-12-15,1711490.06389745
2017-12-16,1710113.22245776
2017-12-17,1713088.71027402
2017-12-18,1741399.437165831
2017-12-19,1743193.294878221
2017-12-20,1742476.670938661
2017-12-21,1767146.44907093
2017-12-22,1763384.49322929
2017-12-23,1787843.90658447
2017-12-24,1782447.762784241
2017-12-25,1792612.39381629
2017-12-26,1801149.17610831
2017-12-27,1811846.291877959
2017-12-28,1813687.640003779
2017-12-29,1820351.814155919
2017-12-30,1819452.84521869
2017-12-31,1856765.82705195
2018-01-01,1895533.29995026
2018-01-02,1902620.64290393
2018-01-03,1909027.31200462
2018-01-04,1899720.00927021
2018-01-05,1872197.964799491
2018-01-06,1865920.8198642
2018-01-07,1845949.38203591
2018-01-08,1852373.69840733
2018-01-09,1882813.01341051
2018-01-10,1880855.097290729
2018-01-11,1872176.11294247
2018-01-12,1863680.36215679
2018-01-13,1874606.70503091
2018-01-14,1871509.00002829
2018-01-15,1876018.355499371
2018-01-16,1879398.1777797
2018-01-17,1885007.39998675
2018-01-18,1891167.8495776
2018-01-19,1902364.30052061
2018-01-20,1906739.119537399
2018-01-21,1916279.810951191
2018-01-22,1937042.660382021
2018-01-23,1940350.71655093
2018-01-24,1946488.73244419
2018-01-25,1946233.6734587
2018-01-26,1950699.56258035
2018-01-27,1954358.44353312
2018-01-28,1955955.43163937
2018-01-29,1924019.33751525
2018-01-30,1917637.121090771
2018-01-31,1904880.483001351
2018-02-01,1897176.4952031
2018-02-02,1904737.98950897
2018-02-03,1915469.64215693
2018-02-04,1920031.57643057
2018-02-05,1915446.64846997
2018-02-06,1931252.85486217
2018-02-07,1945647.79572641
2018-02-08,1949456.19341226
2018-02-09,1979689.74292131
2018-02-10,1986207.653686059
2018-02-11,1967379.347690111
2018-02-12,1971568.99363364
2018-02-13,1971844.40820499
2018-02-14,1975104.140943779
2018-02-15,1961230.347885551
2018-02-16,1958772.8045763
2018-02-17,1952353.56599591
2018-02-18,1949309.91107459
2018-02-19,1946868.29179373
2018-02-20,1939426.008642009
2018-02-21,1947299.70765025
2018-02-22,1949324.048591241
2018-02-23,1966484.05535639
2018-02-24,1996961.508835209
2018-02-25,2029961.44173134
2018-02-26,2031215.671712959
2018-02-27,2028523.76322836
2018-02-28,2024991.63850478
2018-03-01,1993795.69798305
2018-03-02,2013016.51080535
2018-03-03,2018350.160695659
2018-03-04,2012136.24147995
2018-03-05,2016709.78783361
2018-03-06,2015984.9078269
2018-03-07,2013341.94782494
2018-03-08,2010700.12690372
2018-03-09,1998332.29947882
2018-03-10,1991745.56794628
2018-03-11,2007663.75341608
2018-03-12,2018825.12243323
2018-03-13,2012991.6077094
2018-03-14,2015183.83025305
2018-03-15,2014613.23884566
2018-03-16,2019275.835161129
2018-03-17,2014200.42898698
2018-03-18,2022373.18395986
2018-03-19,2027168.354157429
2018-03-20,2034833.31681698
2018-03-21,2032120.35253268
2018-03-22,2033916.98610008
2018-03-23,2031952.453924539
2018-03-24,2053698.22388058
2018-03-25,2050845.44240056
2018-03-26,2053516.15839942
2018-03-27,2049752.77106851
2018-03-28,2052147.3356303
2018-03-29,2052066.33312192
2018-03-30,2053024.41958004
2018-03-31,2055216.9076929
2018-04-01,2051176.4987281
2018-04-02,2032914.928079739
2018-04-03,2035357.68987598
2018-04-04,2044195.126368311
2018-04-05,2041983.700945469
2018-04-06,2046281.81315433
2018-04-07,2048174.3536384
2018-04-08,2054216.80943474
2018-04-09,2053744.36130824
2018-04-10,2055555.90822454
2018-04-11,2052045.88870401
2018-04-12,2054216.08103784
2018-04-13,2061247.17875282
2018-04-14,2065320.50566358
2018-04-15,2059758.842909799
2018-04-16,2061145.6388956
2018-04-17,2054152.19526146
2018-04-18,2041876.93524035
2018-04-19,2024979.75770661
2018-04-20,2037367.76218724
2018-04-21,2034940.17403696
2018-04-22,2028128.97189504
2018-04-23,2010706.14547365
2018-04-24,2029444.762305661
2018-04-25,2042368.352901541
2018-04-26,2092155.203967569
2018-04-27,2075170.49393597
2018-04-28,2078264.02999816
2018-04-29,2075678.0381889
2018-04-30,2078442.43547715
2018-05-01,2077098.5936709
2018-05-02,2074967.29043472
2018-05-03,2074847.66020211
2018-05-04,2077743.34988019
2018-05-05,2080872.58941317
2018-05-06,2077357.57497582
2018-05-07,2073314.96729759
2018-05-08,2071349.51672078
2018-05-09,2073139.729380981
2018-05-10,2069210.382775591
2018-05-11,2054394.593877071
2018-05-12,2060209.53853358
2018-05-13,2066064.14385864
2018-05-14,2060626.688621479
2018-05-15,2054691.94151931
2018-05-16,2045322.23428705
2018-05-17,2035970.59304577
2018-05-18,2053804.61578889
2018-05-19,2065447.88086996
2018-05-20,2065261.035950709
2018-05-21,2063827.1152793
2018-05-22,2063814.39176456
2018-05-23,2059535.18678725
2018-05-24,2065147.77631194
2018-05-25,2062106.45870566
2018-05-26,2072181.10620767
2018-05-27,2066219.86754916
2018-05-28,2058085.72665491
2018-05-29,2073078.17511771
2018-05-30,2079446.41995996
2018-05-31,2066823.49240713
2018-06-01,2066096.011390169
2018-06-02,2070051.43188285
2018-06-03,2069052.05528732
2018-06-04,2063901.658650451
2018-06-05,2066282.39673424
2018-06-06,2062691.13627912
2018-06-07,2065057.118817111
2018-06-08,2059746.5793831
2018-06-09,2057506.58666726
2018-06-10,2053010.787216911
2018-06-11,2066050.63845467
2018-06-12,2060921.16715603
2018-06-13,2057275.3352989
2018-06-14,2071725.17846518
2018-06-15,2068431.99480635
2018-06-16,2068951.401450341
2018-06-17,2072361.460430571
2018-06-18,2081925.54138838
2018-06-19,2084951.40141211
2018-06-20,2083797.8788844
2018-06-21,2084496.12816837
2018-06-22,2080627.132887609
2018-06-23,2087908.86324431
2018-06-24,2084171.13524845
2018-06-25,2092939.68385336
2018-06-26,2086342.31243437
2018-06-27,2083643.03301433
2018-06-28,2087457.03590466
2018-06-29,2089731.92966673
2018-06-30,2093955.55367587
2018-07-01,2098397.944422239
2018-07-02,2098444.81020558
2018-07-03,2108013.31868097
2018-07-04,2092756.537407031
2018-07-05,2090173.83266531
2018-07-06,2092802.50465108
2018-07-07,2092721.64789938
2018-07-08,2089511.04001968
2018-07-09,2058700.65590634
2018-07-10,2052758.64552618
2018-07-11,2052788.897993429
2018-07-12,2045525.3541674
2018-07-13,2046386.716932419
2018-07-14,2039379.87926306
2018-07-15,2039164.961203109
2018-07-16,2036715.89278019
2018-07-17,2041203.9725136
2018-07-18,2047940.32687531
2018-07-19,2049724.94300571
2018-07-20,2052580.11633692
2018-07-21,2062994.183776309
2018-07-22,2066901.43571254
2018-07-23,2065783.73549346
2018-07-24,2077314.772072589
2018-07-25,2080384.17856898
2018-07-26,2083483.90998556
2018-07-27,2080334.98203193
2018-07-28,2074185.89836276
2018-07-29,2078503.81508762
2018-07-30,2085570.88805987
2018-07-31,2086508.1577141
2018-08-01,2092307.394340439
2018-08-02,2083689.72809897
2018-08-03,2090753.52346096
2018-08-04,2097616.661039611
2018-08-05,2100800.095263459
2018-08-06,2099251.19397697
2018-08-07,2096384.52021201
2018-08-08,2096619.911022371
2018-08-09,2118383.43845167
2018-08-10,2123412.529957179
2018-08-11,2122840.149100639
2018-08-12,2123057.92680616
2018-08-13,2120953.68888793
2018-08-14,2117520.153684729
2018-08-15,2125412.969250691
2018-08-16,2126803.500719741
2018-08-17,2131754.182292521
2018-08-18,2124607.08138905
2018-08-19,2128055.78712007
2018-08-20,2124562.25221063
2018-08-21,2125501.44136568
2018-08-22,2132955.37752885
2018-08-23,2116898.69443074
2018-08-24,2107113.66097594
2018-08-25,2110640.764180909
2018-08-26,2107456.285791519
2018-08-27,2110071.138067451
2018-08-28,2111700.06945248
2018-08-29,2120375.16820676
2018-08-30,2122707.42436935
2018-08-31,2129217.246279241
2018-09-01,2139771.2761948
2018-09-02,2141728.92473446
2018-09-03,2146273.010493811
2018-09-04,2150767.140404011
2018-09-05,2155277.311047491
2018-09-06,2164850.58347198
2018-09-07,2175282.43409729
2018-09-08,2167892.437229801
2018-09-09,2165848.783118761
2018-09-10,2151560.70955211
2018-09-11,2154131.66984503
2018-09-12,2144102.841548331
2018-09-13,2139657.152270661
2018-09-14,2142334.96930824
2018-09-15,2138653.3848173
2018-09-16,2142734.718404901
2018-09-17,2140259.27659236
2018-09-18,2140349.978767761
2018-09-19,2136954.159393601
2018-09-20,2133363.2692246
2018-09-21,2129993.653682921
2018-09-22,2138839.46893596
2018-09-23,2150355.84542451
2018-09-24,2150759.388394761
2018-09-25,2152068.065136631
2018-09-26,2148334.534887501
2018-09-27,2153231.26118426
2018-09-28,2154282.35769806
2018-09-29,2160831.96830446
2018-09-30,2156760.28624268
2018-10-01,2158810.91414749
2018-10-02,2156268.97794306
2018-10-03,2156575.849965401
2018-10-04,2156245.433332011
2018-10-05,2153312.46286023
2018-10-06,2151393.20620364
2018-10-07,2150891.03301776
2018-10-08,2147537.828130911
2018-10-09,2148540.452597631
2018-10-10,2151193.78090366
2018-10-11,2155533.036587161
2018-10-12,2153493.51709907
2018-10-13,2142471.11351072
2018-10-14,2148491.20174274
2018-10-15,2144137.324786849
2018-10-16,2122551.438724639
2018-10-17,2116107.69561006
2018-10-18,2115870.80482647
2018-10-19,2124390.07346579
2018-10-20,2128614.405525349
2018-10-21,2125459.472785799
2018-10-22,2126404.80676019
2018-10-23,2114821.23685074
2018-10-24,2117656.02792167
2018-10-25,2117473.1120661
2018-10-26,2120196.36887435
2018-10-27,2118172.95450062
2018-10-28,2115965.09383609
2018-10-29,2145960.3945406
2018-10-30,2122715.961036581
2018-10-31,2126802.4596466
2018-11-01,2126435.169576461
2018-11-02,2124115.39767881
2018-11-03,2134273.795144019
2018-11-04,2142288.43869306
2018-11-05,2139743.16611206
2018-11-06,2138861.94487022
2018-11-07,2145437.36164602
2018-11-08,2151171.84024971
2018-11-09,2152711.35553872
2018-11-10,2157040.68944311
2018-11-11,2156918.835792379
2018-11-12,2157317.1877538
2018-11-13,2168956.34347556
2018-11-14,2171623.41028305
2018-11-15,2169117.92968115
2018-11-16,2181566.39923358
2018-11-17,2196024.26408416
2018-11-18,2192497.1843182
2018-11-19,2190227.585323711
2018-11-20,2199007.483965829
2018-11-21,2206326.1968475
2018-11-22,2209962.51631494
2018-11-23,2209178.29406956
2018-11-24,2214449.80565977
2018-11-25,2217937.35973656
2018-11-26,2235106.5127362
2018-11-27,2237400.03997998
2018-11-28,2256537.914985079
2018-11-29,2266062.12080513
2018-11-30,2243997.44569911
2018-12-01,2298462.13396953
2018-12-02,2360494.40604406
2018-12-03,2359128.88851803
2018-12-04,2385369.63490633
2018-12-05,2481248.52643344
2018-12-06,2471872.6811311
2018-12-07,2493168.25899266
2018-12-08,2504294.02417277
2018-12-09,2501991.16202545
2018-12-10,2508478.783851831
2018-12-11,2504980.45434117
2018-12-12,2503405.780551239
2018-12-13,2509136.03605062
2018-12-14,2518792.686648901
2018-12-15,2513256.719041559
2018-12-16,2513732.10053771
2018-12-17,2513457.708168372
2018-12-18,2513905.817139352
2018-12-19,2522595.023396212
2018-12-20,2518856.111764521
2018-12-21,2522275.125945491
2018-12-22,2526324.03818235
2018-12-23,2527366.2461312
2018-12-24,2527546.220489121
2018-12-25,2530911.0170763
2018-12-26,2536254.170081631
2018-12-27,2541272.77420608
2018-12-28,2540500.09734195
2018-12-29,2536085.47552436
2018-12-30,2534837.084335309
2018-12-31,2532379.32135406
2019-01-01,2528972.543619249
2019-01-02,2525060.459629451
2019-01-03,2521588.87733775
2019-01-04,2521897.63647259
2019-01-05,2528310.56844568
2019-01-06,2533262.39893396
2019-01-07,2534343.426525271
2019-01-08,2526727.306174801
2019-01-09,2524904.03201081
2019-01-10,2534804.30360093
2019-01-11,2534060.41658286
2019-01-12,2535378.86799416
2019-01-13,2534128.83443053
2019-01-14,2536300.07865792
2019-01-15,2533158.97522025
2019-01-16,2541259.438994212
2019-01-17,2539366.252578421
2019-01-18,2541457.27281755
2019-01-19,2542816.801771961
2019-01-20,2543316.69529276
2019-01-21,2539802.935439469
2019-01-22,2542735.69818714
2019-01-23,2547064.211607081
2019-01-24,2542013.129107569
2019-01-25,2545366.55790389
2019-01-26,2545080.02869088
2019-01-27,2544047.621893712
2019-01-28,2543680.60153786
2019-01-29,2543138.265833331
2019-01-30,2538248.461096001
2019-01-31,2521230.58233515
2019-02-01,2524933.944481771
2019-02-02,2528786.644378902
2019-02-03,2523502.126937991
2019-02-04,2522161.739028381
2019-02-05,2519089.15556588
2019-02-06,2517772.95876679
2019-02-07,2521439.174612611
2019-02-08,2528833.36838235
2019-02-09,2527390.97089057
2019-02-10,2531119.4548302
2019-02-11,2533094.948302311
2019-02-12,2528572.902474529
2019-02-13,2523618.822670321
2019-02-14,2547284.292970259
2019-02-15,2546578.309300431
2019-02-16,2539801.056180622
2019-02-17,2541112.68810964
2019-02-18,2540304.1018243
2019-02-19,2555227.77306296
2019-02-20,2553529.418160059
2019-02-21,2547122.39539054
2019-02-22,2546057.587761111
2019-02-23,2559086.823382991
2019-02-24,2555216.312810651
2019-02-25,2551612.370159131
2019-02-26,2548446.624197059
2019-02-27,2548739.7685372
2019-02-28,2545960.644722141
2019-03-01,2554882.028216771
2019-03-02,2548533.018801201
2019-03-03,2548689.908817488
2019-03-04,2547062.00036874
2019-03-05,2547715.32282793
2019-03-06,2550088.703521322
2019-03-07,2550460.494337521
2019-03-08,2549974.259551172
2019-03-09,2549528.986598019
2019-03-10,2550091.161124991
2019-03-11,2551332.93183552
2019-03-12,2544387.23221918
2019-03-13,2548419.12747007
2019-03-14,2550457.74658629
2019-03-15,2548802.483013
2019-03-16,2546241.935953701
2019-03-17,2545640.68928142
2019-03-18,2545524.381072629
2019-03-19,2542500.022644099
2019-03-20,2549704.36201437
2019-03-21,2549029.573497389
2019-03-22,2551175.30508913
2019-03-23,2551587.4663954
2019-03-24,2550432.280672629
2019-03-25,2549266.032469749
2019-03-26,2545177.451043339
2019-03-27,2555673.72641342
2019-03-28,2553834.72134237
2019-03-29,2556065.70115897
2019-03-30,2554187.37122774
2019-03-31,2551853.31047111
2019-04-01,2553485.20860717
2019-04-02,2548966.3883581
2019-04-03,2552532.994908471
2019-04-04,2550864.47627952
2019-04-05,2555005.11091251
2019-04-06,2558996.966907911
2019-04-07,2558666.292931399
2019-04-08,2555755.558705749
2019-04-09,2563313.8022357
2019-04-10,2554721.33986119
2019-04-11,2549737.907249589
2019-04-12,2558364.151081749
2019-04-13,2556457.366002399
2019-04-14,2550958.69377478
2019-04-15,2545840.77137573
2019-04-16,2546170.316468031
2019-04-17,2541643.66035813
2019-04-18,2550368.267957542
2019-04-19,2555013.877284489
2019-04-20,2556707.142131201
2019-04-21,2554129.79787677
2019-04-22,2554201.12693344
2019-04-23,2557523.02104993
2019-04-24,2549098.48898286
2019-04-25,2555153.424638779
2019-04-26,2546660.476701602
2019-04-27,2532541.492590199
2019-04-28,2532839.353214019
2019-04-29,2524511.824914359
2019-04-30,2510584.195971598
2019-05-01,2510710.324654988
2019-05-02,2512737.65958948
2019-05-03,2504644.98152976
2019-05-04,2507082.99989311
2019-05-05,2509104.690230589
2019-05-06,2502760.598525629
2019-05-07,2498842.216138691
2019-05-08,2490857.17346512
2019-05-09,2490560.1415455
2019-05-10,2498421.020812148
2019-05-11,2533268.761173251
2019-05-12,2535540.200454439
2019-05-13,2541285.762966828
2019-05-14,2540325.66702255
2019-05-15,2537911.086837288
2019-05-16,2549270.403425131
2019-05-17,2554625.19668696
2019-05-18,2558272.201884081
2019-05-19,2559154.06135516
2019-05-20,2565263.089441359
2019-05-21,2564347.77502565
2019-05-22,2566207.806136699
2019-05-23,2574575.222753789
2019-05-24,2588857.010919159
2019-05-25,2603103.65373519
2019-05-26,2603520.22069802
2019-05-27,2606481.126423389
2019-05-28,2614267.08798499
2019-05-29,2615644.42631635
2019-05-30,2617905.26226997
2019-05-31,2620027.489707781
2019-06-01,2623457.716288511
2019-06-02,2625718.58433835
2019-06-03,2627200.605221459
2019-06-04,2656012.5854355
2019-06-05,2636712.519720401
2019-06-06,2639554.303935288
2019-06-07,2578764.229701961
2019-06-08,2576897.72467238
2019-06-09,2577114.645339409
2019-06-10,2576582.357320581
2019-06-11,2577620.63190706
2019-06-12,2638881.79554074
2019-06-13,2640804.239546509
2019-06-14,2639207.356445101
2019-06-15,2640039.32343057
2019-06-16,2639194.122919022
2019-06-17,2644834.90607621
2019-06-18,2646560.653368559
2019-06-19,2650119.482502701
2019-06-20,2658670.3283886
2019-06-21,2655871.30664138
2019-06-22,2652766.628669881
2019-06-23,2657256.895266931
2019-06-24,2658177.413948662
2019-06-25,2661389.46956708
2019-06-26,2673150.748959442
2019-06-27,2687859.30584402
2019-06-28,2701913.332385981
2019-06-29,2716023.567017451
2019-06-30,2721533.084229493
2019-07-01,2722102.524911931
2019-07-02,2725335.893942741
2019-07-03,2734275.066008009
2019-07-04,2730948.126434179
2019-07-05,2732813.855904819
2019-07-06,2731877.312231048
2019-07-07,2731070.769012161
2019-07-08,2729499.481063641
2019-07-09,2759890.34587964
2019-07-10,2764512.145653839
2019-07-11,2772523.109863661
2019-07-12,2783399.28901916
2019-07-13,2787324.27606013
2019-07-14,2779268.26468933
2019-07-15,2773566.437893759
2019-07-16,2771374.761887718
2019-07-17,2778493.793814359
2019-07-18,2781888.351856511
2019-07-19,2791260.35070146
2019-07-20,2795346.09324644
2019-07-21,2794000.3653098
2019-07-22,2792957.34486157
2019-07-23,2795500.72755707
2019-07-24,2790224.128115059
2019-07-25,2791869.91915796
2019-07-26,2774684.53023045
2019-07-27,2775291.133577229
2019-07-28,2769660.89991863
2019-07-29,2769080.20575845
2019-07-30,2768748.72282255
2019-07-31,2765021.49203926
2019-08-01,2765314.37603244
2019-08-02,2768385.996820759
2019-08-03,2778544.79329875
2019-08-04,2778457.35410835
2019-08-05,2780633.47881188
2019-08-06,2766057.94356632
2019-08-07,2758988.59104523
2019-08-08,2760619.243395029
2019-08-09,2759464.83407719
2019-08-10,2764946.306001121
2019-08-11,2767013.09819282
2019-08-12,2766481.06550537
2019-08-13,2766300.78316616
2019-08-14,2770404.5896969
2019-08-15,2774758.31242493
2019-08-16,2776068.47972018
2019-08-17,2760503.09004368
2019-08-18,2762620.726565359
2019-08-19,2765160.27849891
2019-08-20,2764749.150517839
2019-08-21,2765741.5386105
2019-08-22,2770217.45251646
2019-08-23,2771570.95584758
2019-08-24,2772758.95779556
2019-08-25,2771371.87152078
2019-08-26,2770870.1923311
2019-08-27,2772076.48419944
2019-08-28,2771538.6934535
2019-08-29,2769028.03344669
2019-08-30,2764841.36288551
2019-08-31,2763931.30918286
2019-09-01,2764441.43392589
2019-09-02,2765336.99879742
2019-09-03,2766615.53987021
2019-09-04,2772306.99788558
2019-09-05,2776490.3640372
2019-09-06,2785253.7742617
2019-09-07,2791187.4802896
2019-09-08,2790699.34324898
2019-09-09,2790439.86024024
2019-09-10,2790350.78397393
2019-09-11,2784650.3063612
2019-09-12,2782215.1091064
2019-09-13,2783212.28340685
2019-09-14,2787794.56470354
2019-09-15,2788510.81392455
2019-09-16,2787782.91852207
2019-09-17,2790033.84396021
2019-09-18,2788595.665833371
2019-09-19,2788769.6837513
2019-09-20,2789188.08581591
2019-09-21,2794026.53099833
2019-09-22,2794734.464092739
2019-09-23,2794294.31718905
2019-09-24,2794763.48052716
2019-09-25,2860184.02082226
2019-09-26,2876626.60194805
2019-09-27,2886353.945944041
2019-09-28,2891232.35345093
2019-09-29,2887586.230582039
2019-09-30,2882751.943921
2019-10-01,2878552.06018876
2019-10-02,2877025.138987651
2019-10-03,2872318.98091373
2019-10-04,2869217.36789763
2019-10-05,2870983.04334877
2019-10-06,2870460.26812476
2019-10-07,2869976.302870281
2019-10-08,2867888.21722922
2019-10-09,2874603.91434782
2019-10-10,2874819.10965349
2019-10-11,2880260.59073964
2019-10-12,2875712.25820394
2019-10-13,2872794.32757071
2019-10-14,2873546.12245954
2019-10-15,2873775.07339183
2019-10-16,2879466.153567669
2019-10-17,2879259.10706619
2019-10-18,2879781.17082228
2019-10-19,2888756.6892446
2019-10-20,2886835.00390738
2019-10-21,2885892.09517773
2019-10-22,2883728.897609111
2019-10-23,2887832.31027289
2019-10-24,2900424.62142285
2019-10-25,2924600.823944409
2019-10-26,2945246.19641645
2019-10-27,2958811.401556151
2019-10-28,2965456.28960177
2019-10-29,2963285.79714978
2019-10-30,2962886.17010306
2019-10-31,2963697.604626849
2019-11-01,2968266.357807119
2019-11-02,2971859.258543551
2019-11-03,2974973.573307101
2019-11-04,2975176.81167737
2019-11-05,2974128.02374699
2019-11-06,2891559.200865801
2019-11-07,2907334.116168569
2019-11-08,2911099.96632054
2019-11-09,2902488.7189692
2019-11-10,2900928.95249705
2019-11-11,2900587.90904843
2019-11-12,2902646.267446169
2019-11-13,2905582.77017379
2019-11-14,2923198.61787685
2019-11-15,2904697.42371795
2019-11-16,2907127.5643891
2019-11-17,2906667.4261304
2019-11-18,2906083.19118505
2019-11-19,2911314.98129103
2019-11-20,2913055.03261883
2019-11-21,2916789.5602864
2019-11-22,2924904.30359004
2019-11-23,2952187.95298625
2019-11-24,2955602.57920077
2019-11-25,2957367.69463487
2019-11-26,2968101.33432804
2019-11-27,2975136.915922279
2019-11-28,2983642.26508493
2019-11-29,2978421.68084654
2019-11-30,2981956.464875691
2019-12-01,2973780.8280948
2019-12-02,2964974.52771133
2019-12-03,2965929.378552159
2019-12-04,2963494.19107417
2019-12-05,2970835.273077201
2019-12-06,2973350.52100757
2019-12-07,2972869.18252659
2019-12-08,2975444.518443769
2019-12-09,2975654.82309036
2019-12-10,2976701.28203734
2019-12-11,2968966.31634197
2019-12-12,2970321.17344057
2019-12-13,2967595.70173512
2019-12-14,2972261.13577782
2019-12-15,2971105.172670741
2019-12-16,2969131.018194431
2019-12-17,2975802.80735554
2019-12-18,2980629.155266751
2019-12-19,2983198.96485002
2019-12-20,2996152.80929745
2019-12-21,2998601.46283568
2019-12-22,2995469.07171979
2019-12-23,2993985.735637699
2019-12-24,2998403.77003153
2019-12-25,2999808.26980738
2019-12-26,2998879.87638685
2019-12-27,3003201.43742627
2019-12-28,3008025.559384219
2019-12-29,3009568.42151672
2019-12-30,3009109.497669681
2019-12-31,3011433.52827427
2020-01-01,3021193.87896484
2020-01-02,3037695.3608301
2020-01-03,3039610.26207139
2020-01-04,3041777.631360231
2020-01-05,3038433.28275274
2020-01-06,3039162.2203399
2020-01-07,3042425.44452208
2020-01-08,3044979.544657331
2020-01-09,3048561.46228748
2020-01-10,3054960.749114239
2020-01-11,3055875.413709079
2020-01-12,3055654.017771509
2020-01-13,3055779.31154268
2020-01-14,3057772.92774055
2020-01-15,3075478.18766789
2020-01-16,3081681.10542766
2020-01-17,3080027.92047811
2020-01-18,3080485.729801771
2020-01-19,3079782.814832421
2020-01-20,3080235.243735769
2020-01-21,3075173.251533729
2020-01-22,3075662.77057915
2020-01-23,3073654.91174869
2020-01-24,3077206.37081805
2020-01-25,3080013.136924949
2020-01-26,3078236.22826925
2020-01-27,3078863.773711791
2020-01-28,3074068.62065976
2020-01-29,3082111.89936572
2020-01-30,3089144.226617791
2020-01-31,3091263.27777253
2020-02-01,3086221.11511261
2020-02-02,3086251.94798974
2020-02-03,3085642.76993634
2020-02-04,3085200.9978691
2020-02-05,3091154.63367326
2020-02-06,3091725.362820609
2020-02-07,3093311.78135377
2020-02-08,3096549.56851881
2020-02-09,3095331.34023533
2020-02-10,3096158.77120063
2020-02-11,3070556.79479484
2020-02-12,3077086.98763448
2020-02-13,3084721.06370568
2020-02-14,3090077.19731145
2020-02-15,3082371.59247924
2020-02-16,3082534.35430174
2020-02-17,3081618.17931881
2020-02-18,3085416.32343937
2020-02-19,3086433.84624397
2020-02-20,3083508.79008478
2020-02-21,3081159.883372469
2020-02-22,3079233.91720933
2020-02-23,3080335.11797246
2020-02-24,3086723.30277331
2020-02-25,3087586.786117421
2020-02-26,3082233.625848279
2020-02-27,3081777.18005333
2020-02-28,3083869.36984831
2020-02-29,3081801.75657841
2020-03-01,3079964.24278676
2020-03-02,3081744.59746776
2020-03-03,3086942.15070436
2020-03-04,3080408.57336341
2020-03-05,3071162.539653439
2020-03-06,3061973.48937929
2020-03-07,3061023.15368117
2020-03-08,3062061.291858349
2020-03-09,3063352.880528959
2020-03-10,3079624.7710901
2020-03-11,3081945.52300166
2020-03-12,3099212.64303441
2020-03-13,3133147.5876289
2020-03-14,3172139.331259021
2020-03-15,3181844.29831718
2020-03-16,3180863.10409821
2020-03-17,3171799.646896149
2020-03-18,3166349.433410331
2020-03-19,3155639.10896473
2020-03-20,3142633.5723247
2020-03-21,3157007.48452698
2020-03-22,3149683.80460091
2020-03-23,3149802.48277923
2020-03-24,3154305.70030066
2020-03-25,3151488.12794126
2020-03-26,3144917.89464375
2020-03-27,3153233.92158391
2020-03-28,3150235.65618271
2020-03-29,3148148.398132259
2020-03-30,3150855.72797473
2020-03-31,3155284.76043506
2020-04-01,3155690.501155409
2020-04-02,3143653.309832649
2020-04-03,3146738.77899622
2020-04-04,3134845.998504071
2020-04-05,3132656.01512677
2020-04-06,3131598.90595565
2020-04-07,3135365.83433263
2020-04-08,3139018.516458101
2020-04-09,3139730.72205799
2020-04-10,3127005.99904667
2020-04-11,3123825.89869832
2020-04-12,3116687.98640224
2020-04-13,3112805.86267575
2020-04-14,3104139.08226579
2020-04-15,3103693.650572309
2020-04-16,3110582.33264097
2020-04-17,3116178.32457939
2020-04-18,3118793.36572874
2020-04-19,3119809.30497592
2020-04-20,3121096.71067673
2020-04-21,3118155.47278275
2020-04-22,3114522.90716303
2020-04-23,3105630.76073011
2020-04-24,3110529.012516191
2020-04-25,3106291.323688649
2020-04-26,3106907.69791005
2020-04-27,3102005.449607609
2020-04-28,3104099.647730869
2020-04-29,3103274.62575014
2020-04-30,3181542.39686467
2020-05-01,3184684.81673777
2020-05-02,3196209.91917552
2020-05-03,3197504.19735666
2020-05-04,3200998.84385726
2020-05-05,3201071.13532936
2020-05-06,3195526.489338069
2020-05-07,3196232.14773088
2020-05-08,3199947.49303157
2020-05-09,3207903.80265804
2020-05-10,3210273.64031736
2020-05-11,3211486.00703564
2020-05-12,3204368.98765286
2020-05-13,3190444.04165607
2020-05-14,3182635.21808564
2020-05-15,3178288.78790541
2020-05-16,3182603.55229087
2020-05-17,3184883.30897308
2020-05-18,3183899.00781322
2020-05-19,3180834.84297247
2020-05-20,3177956.98620403
2020-05-21,3173925.79620459
2020-05-22,3184105.32585459
2020-05-23,3185858.00055411
2020-05-24,3188213.75383208
2020-05-25,3191716.89026734
2020-05-26,3183846.7860652
2020-05-27,3184558.850408111
2020-05-28,3188816.81772109
2020-05-29,3193063.829191159
2020-05-30,3197102.74442042
2020-05-31,3198686.08939205
2020-06-01,3202507.95600272
2020-06-02,3219014.9640202
2020-06-03,3235279.606098581
2020-06-04,3230868.88025659
2020-06-05,3233959.956427841
2020-06-06,3220570.20586945
2020-06-07,3218669.93284626
2020-06-08,3218719.83133637
2020-06-09,3205002.77180775
2020-06-10,3205238.45718483
2020-06-11,3203029.08821846
2020-06-12,3208470.40321711
2020-06-13,3207341.40442428
2020-06-14,3208651.13247398
2020-06-15,3207134.18556686
2020-06-16,3194384.13478088
2020-06-17,3197207.297936129
2020-06-18,3197126.37752136
2020-06-19,3184998.495234881
2020-06-20,3186657.396569279
2020-06-21,3187223.06520307
2020-06-22,3188551.87530613
2020-06-23,3183207.10401161
2020-06-24,3184971.85580138
2020-06-25,3190653.937947719
2020-06-26,3182787.364277161
2020-06-27,3175916.30812046
2020-06-28,3176799.468999669
2020-06-29,3179910.58920019
2020-06-30,3178875.31122275
2020-07-01,3171949.77152055
2020-07-02,3178343.03294086
2020-07-03,3184641.30135819
2020-07-04,3183874.4300633
2020-07-05,3186003.231052711
2020-07-06,3185949.90848074
2020-07-07,3187042.31925382
2020-07-08,3187712.33083116
2020-07-09,3175874.03617368
2020-07-10,3182922.81485486
2020-07-11,3182386.95885174
2020-07-12,3185597.72825082
2020-07-13,3184850.599660289
2020-07-14,3183692.78770002
2020-07-15,3180510.8325243
2020-07-16,3174122.514072199
2020-07-17,3175091.58929836
2020-07-18,3172912.64120732
2020-07-19,3176947.27169246
2020-07-20,3178808.574848301
2020-07-21,3178255.270353761
2020-07-22,3164330.35114849
2020-07-23,3173869.90043329
2020-07-24,3183989.32702188
2020-07-25,3187451.69705197
2020-07-26,3189158.71801972
2020-07-27,3193585.58629301
2020-07-28,3217555.5305592
2020-07-29,3223063.39551564
2020-07-30,3219540.78047528
2020-07-31,3225417.24688424
2020-08-01,3223165.724109611
2020-08-02,3233191.54928373
2020-08-03,3237743.27916132
2020-08-04,3235165.81897674
2020-08-05,3238668.701890119
2020-08-06,3225779.18953245
2020-08-07,3226264.74172648
2020-08-08,3227684.36561595
2020-08-09,3228936.91798286
2020-08-10,3229660.36749172
2020-08-11,3221903.153583031
2020-08-12,3220531.140239629
2020-08-13,3217427.484337729
2020-08-14,3213053.251690709
2020-08-15,3204166.165600081
2020-08-16,3201364.98932722
2020-08-17,3197098.0027697
2020-08-18,3173986.63609464
2020-08-19,3179512.64075518
2020-08-20,3180061.13548046
2020-08-21,3181024.767938719
2020-08-22,3188395.829370501
2020-08-23,3187424.90372903
2020-08-24,3187221.544193821
2020-08-25,3186003.40021367
2020-08-26,3179470.42917307
2020-08-27,3174130.657636179
2020-08-28,3173647.417317349
2020-08-29,3183265.13648387
2020-08-30,3184084.309935139
2020-08-31,3187795.87651986
2020-09-01,3178602.52326013
2020-09-02,3183012.70531412
2020-09-03,3179544.57006417
2020-09-04,3177388.74765134
2020-09-05,3180983.71832183
2020-09-06,3182413.02509969
2020-09-07,3184634.66382025
2020-09-08,3184265.245691311
2020-09-09,3185628.2932985
2020-09-10,3178649.97836703
2020-09-11,3171503.795607319
2020-09-12,3171957.1972248
2020-09-13,3167244.19626829
2020-09-14,3166446.44375558
2020-09-15,3164926.71115051
2020-09-16,3164420.20571464
2020-09-17,3165562.90141978
2020-09-18,3168270.6978426
2020-09-19,3160412.8461701
2020-09-20,3157589.33821805
2020-09-21,3157483.99223823
2020-09-22,3158664.53894673
2020-09-23,3159155.68060535
2020-09-24,3158535.28313278
2020-09-25,3155648.88292161
2020-09-26,3156164.16408615
2020-09-27,3152632.933725771
2020-09-28,3150349.45183777
2020-09-29,3150286.75026659
2020-09-30,3141918.45346076
2020-10-01,3141533.29690314
2020-10-02,3142450.8484579
2020-10-03,3142462.072013109
2020-10-04,3146458.42442154
2020-10-05,3144899.31905993
2020-10-06,3139405.446188611
2020-10-07,3142646.6104688
2020-10-08,3128928.344258961
2020-10-09,3128335.44860486
2020-10-10,3135033.19753197
2020-10-11,3141366.82437607
2020-10-12,3138499.8194514
2020-10-13,3139484.16083705
2020-10-14,3133257.3398156
2020-10-15,3123340.23628948
2020-10-16,3108218.59938392
2020-10-17,3096465.139388821
2020-10-18,3088108.17889765
2020-10-19,3084549.57373148
2020-10-20,3078249.22320129
2020-10-21,3074083.36297468
2020-10-22,3071062.367697869
2020-10-23,3069869.25281779
2020-10-24,3076952.13584957
2020-10-25,3071422.74907674
2020-10-26,3068950.413471201
2020-10-27,3062214.99862462
2020-10-28,3054602.920651471
2020-10-29,3063855.621505471
2020-10-30,3069112.49016335
2020-10-31,3061990.301650921
2020-11-01,3062478.79708063
2020-11-02,3062568.762762641
2020-11-03,3040043.6963097
2020-11-04,3030029.66817005
2020-11-05,3024021.16032362
2020-11-06,3037686.95211866
2020-11-07,3042027.97132793
2020-11-08,3042695.97451354
2020-11-09,3041055.73840833
2020-11-10,3052171.76629883
2020-11-11,3028220.28645237
2020-11-12,3017888.56676973
2020-11-13,3011969.13079569
2020-11-14,3014555.836117081
2020-11-15,3020864.09263191
2020-11-16,3016137.40990678
2020-11-17,3013012.37237817
2020-11-18,3017936.83271357
2020-11-19,3019577.49665838
2020-11-20,3023774.01352299
2020-11-21,3022846.24837856
2020-11-22,3022196.63717249
2020-11-23,3025990.89674176
2020-11-24,3026050.26073778
2020-11-25,3024113.862994111
2020-11-26,3028298.19443713
2020-11-27,3028295.954035549
2020-11-28,3018390.19670873
2020-11-29,3015459.27139696
2020-11-30,3011447.34036386
2020-12-01,3004474.691910679
2020-12-02,3013234.4362188
2020-12-03,3013187.05461923
2020-12-04,3009867.195477
2020-12-05,3008413.96026794
2020-12-06,3010165.08512669
2020-12-07,3008831.30866817
2020-12-08,3009086.555810859
2020-12-09,3009027.84834488
2020-12-10,2999241.60134634
2020-12-11,2985746.57482761
2020-12-12,2994071.604884969
2020-12-13,2973987.63339811
2020-12-14,2982172.38242154
2020-12-15,2989228.30020302
2020-12-16,2992048.10385634
2020-12-17,3002653.8383039
2020-12-18,3031973.59029507
2020-12-19,3043229.28665061
2020-12-20,3058323.43530379
2020-12-21,3058812.88808337
2020-12-22,3060791.42375754
2020-12-23,3048047.13127908
2020-12-24,3033074.515218731
2020-12-25,3035587.609755569
2020-12-26,3046720.16542376
2020-12-27,3050290.94352683
2020-12-28,3066375.55831455
2020-12-29,3065400.5506957
2020-12-30,3061440.166567049
2020-12-31,3050575.62567477
2021-01-01,3040986.18194516
2021-01-02,3036693.30798303
2021-01-03,3046583.24126501
2021-01-04,3061818.75771084
2021-01-05,3065117.55113001
2021-01-06,3060908.22691878
2021-01-07,3046574.25553015
2021-01-08,3045632.10930145
2021-01-09,3053955.69215109
2021-01-10,3051301.42113065
2021-01-11,3060292.05623559
2021-01-12,3065721.67135162
2021-01-13,3067706.932272341
2021-01-14,3065100.56488504
2021-01-15,3064758.931412651
2021-01-16,3064035.487255211
2021-01-17,3061270.12735348
2021-01-18,3063641.3795684
2021-01-19,3067975.79081313
2021-01-20,3060805.10973568
2021-01-21,3064315.893408319
2021-01-22,3059295.69631989
2021-01-23,3064000.69190361
2021-01-24,3067067.48364239
2021-01-25,3071606.724270181
2021-01-26,3074225.700032451
2021-01-27,3074819.22141556
2021-01-28,3067960.1830558
2021-01-29,3054844.80756327
2021-01-30,3056256.090956529
2021-01-31,3059412.38030247
2021-02-01,3045737.42055444
2021-02-02,3044145.07666541
2021-02-03,3049804.231854709
2021-02-04,3052420.737663099
2021-02-05,3058671.10878116
2021-02-06,3048012.93736587
2021-02-07,3059214.73074121
2021-02-08,3049133.08610209
2021-02-09,3053662.40513102
2021-02-10,3061134.55085709
2021-02-11,3062538.80451985
2021-02-12,3065058.93867673
2021-02-13,3065414.678100921
2021-02-14,3063442.59643239
2021-02-15,3065970.817385121
2021-02-16,3060298.20641962
2021-02-17,3061901.893560029
2021-02-18,3064222.05626108
2021-02-19,3063964.89691107
2021-02-20,3068979.92498814
2021-02-21,3075138.04623237
2021-02-22,3109967.14106848
2021-02-23,3112409.54429033
2021-02-24,3125625.583166671
2021-02-25,3114408.14711058
2021-02-26,3120251.30604545
2021-02-27,3129161.058474081
2021-02-28,3132612.6173423
2021-03-01,3137206.81672298
2021-03-02,3129725.017734519
2021-03-03,3114876.1052058
2021-03-04,3122169.797770251
2021-03-05,3122012.19989233
2021-03-06,3143161.803899591
2021-03-07,3147071.65379774
2021-03-08,3145352.04884753
2021-03-09,3140606.50559775
2021-03-10,3141277.15080162
2021-03-11,3139766.566727931
2021-03-12,3142153.18570613
2021-03-13,3139431.44933329
2021-03-14,3143711.11233762
2021-03-15,3169413.31395141
2021-03-16,3156796.14782597
2021-03-17,3159804.199541179
2021-03-18,3157602.221001029
2021-03-19,3165408.65654521
2021-03-20,3170027.531942519
2021-03-21,3167424.312706061
2021-03-22,3166229.20390607
2021-03-23,3164268.97839171
2021-03-24,3152225.965976931
2021-03-25,3152802.3763816
2021-03-26,3150000.30344871
2021-03-27,3150689.67004506
2021-03-28,3151710.06245015
2021-03-29,3152250.38170978
2021-03-30,3151911.93131405
2021-03-31,3156863.599524581
2021-04-01,3154813.56802928
2021-04-02,3150840.082737441
2021-04-03,3153023.76593058
2021-04-04,3156054.55451804
2021-04-05,3152443.53579397
2021-04-06,3137535.50892609
2021-04-07,3132610.586218961
2021-04-08,3126584.717800471
2021-04-09,3127151.36828605
2021-04-10,3130509.45517319
2021-04-11,3144923.28768039
2021-04-12,3141073.01851277
2021-04-13,3143953.220604579
2021-04-14,3147920.56510743
2021-04-15,3151826.270007
2021-04-16,3158068.09153862
2021-04-17,3152627.46699337
2021-04-18,3144196.96756415
2021-04-19,3134274.79164798
2021-04-20,3135373.857081291
2021-04-21,3139023.97460223
2021-04-22,3135611.56176144
2021-04-23,3149301.59036953
2021-04-24,3164456.82306608
2021-04-25,3163497.37629669
2021-04-26,3176584.57022693
2021-04-27,3178019.04473149
2021-04-28,3187768.708453941
2021-04-29,3188032.3698616
2021-04-30,3183782.39827633
2021-05-01,3185862.690629059
2021-05-02,3184478.122237009
2021-05-03,3185139.571522299
2021-05-04,3180240.47287164
2021-05-05,3181405.03236927
2021-05-06,3182940.431078319
2021-05-07,3185039.39974534
2021-05-08,3178724.43035373
2021-05-09,3187537.11643717
2021-05-10,3195796.93211902
2021-05-11,3201488.42486397
2021-05-12,3196407.53750446
2021-05-13,3225629.719611229
2021-05-14,3227623.927567809
2021-05-15,3243782.12833092
2021-05-16,3251227.09928685
2021-05-17,3261384.38937751
2021-05-18,3276763.18465523
2021-05-19,3282317.60241624
2021-05-20,3292126.16336742
2021-05-21,3305951.08365096
2021-05-22,3301859.33034532
2021-05-23,3310088.066461399
2021-05-24,3315406.83127463
2021-05-25,3309886.49030044
2021-05-26,3317178.95651642
2021-05-27,3319048.76229536
2021-05-28,3328832.073537591
2021-05-29,3336577.29286548
2021-05-30,3338278.6754399994
2021-05-31,3338874.449550239
2021-06-01,3344252.682975911
2021-06-02,3352547.1842952
2021-06-03,3349625.08583182
2021-06-04,3355853.89275444
2021-06-05,3352022.81366271
2021-06-06,3355754.98072765
2021-06-07,3346328.42662732
2021-06-08,3346105.96014649
2021-06-09,3346590.08350613
2021-06-10,3336503.71849895
2021-06-11,3351325.25656241
2021-06-12,3357815.7809602
2021-06-13,3362946.876784019
2021-06-14,3363445.551792191
2021-06-15,3363163.84331409
2021-06-16,3371453.989225931
2021-06-17,3377236.77921026
2021-06-18,3383150.33391845
2021-06-19,3394376.53137929
2021-06-20,3396833.38746009
2021-06-21,3405308.67320878
2021-06-22,3399574.27896508
2021-06-23,3405385.16559327
2021-06-24,3408593.709379921
2021-06-25,3413339.52893104
2021-06-26,3409708.28061037
2021-06-27,3408730.42540224
2021-06-28,3414399.30902001
2021-06-29,3411311.995045111
2021-06-30,3415374.54625091
2021-07-01,3408444.607256521
2021-07-02,3400689.71569975
2021-07-03,3401307.279434639
2021-07-04,3401907.425951099
2021-07-05,3403563.31712462
2021-07-06,3406370.14332056
2021-07-07,3402843.760198561
2021-07-08,3395206.13977546
2021-07-09,3392776.62698478
2021-07-10,3393586.5673505
2021-07-11,3393731.305598801
2021-07-12,3391579.999583569
2021-07-13,3394194.24443611
2021-07-14,3392594.18004206
2021-07-15,3391171.23622493
2021-07-16,3393318.00019517
2021-07-17,3396091.16411071
2021-07-18,3423554.43445237
2021-07-19,3428820.48995006
2021-07-20,3440146.989612611
2021-07-21,3437695.04522599
2021-07-22,3441025.79944697
2021-07-23,3446647.55629336
2021-07-24,3446185.65993163
2021-07-25,3447559.568824549
2021-07-26,3444018.75536033
2021-07-27,3439440.478981721
2021-07-28,3469927.38002291
2021-07-29,3374109.003836371
2021-07-30,3350284.564319859
2021-07-31,3351772.90572525
2021-08-01,3348928.84128607
2021-08-02,3352959.91641893
2021-08-03,3359410.224922681
2021-08-04,3361335.39679481
2021-08-05,3362550.82748155
2021-08-06,3366913.20604863
2021-08-07,3368130.814966081
2021-08-08,3366885.600491901
2021-08-09,3368225.32929707
2021-08-10,3365648.418399329
2021-08-11,3362348.10048033
2021-08-12,3365665.182142571
2021-08-13,3367983.07605665
2021-08-14,3365348.26894156
2021-08-15,3369247.146382741
2021-08-16,3370259.307029979
2021-08-17,3372655.11638557
2021-08-18,3372355.41763649
2021-08-19,3374593.2273954
2021-08-20,3373675.90542533
2021-08-21,3376091.11292776
2021-08-22,3384646.475449079
2021-08-23,3381694.7248569
2021-08-24,3397522.774726181
2021-08-25,3397497.363559449
2021-08-26,3358744.194307
2021-08-27,3387155.65490775
2021-08-28,3383693.016729011
2021-08-29,3384126.58905216
2021-08-30,3383893.998100491
2021-08-31,3384275.09337502
2021-09-01,3383357.73634985
2021-09-02,3375804.38944395
2021-09-03,3367459.45260736
2021-09-04,3359694.76911111
2021-09-05,3351744.640362391
2021-09-06,3352713.182361131
2021-09-07,3340983.232152289
2021-09-08,3340267.16507151
2021-09-09,3338483.26231068
2021-09-10,3359638.937919151
2021-09-11,3286790.69671599
2021-09-12,3284576.534863459
2021-09-13,3284062.297256781
2021-09-14,3282269.23068816
2021-09-15,3278732.946394731
2021-09-16,3304286.769898959
2021-09-17,3309611.286361081
2021-09-18,3308465.49092674
2021-09-19,3308544.936372661
2021-09-20,3306979.8184716
2021-09-21,3279877.37997722
2021-09-22,3282369.747516991
2021-09-23,3285885.241260771
2021-09-24,3284256.04617575
2021-09-25,3280552.9660567
2021-09-26,3279305.18639227
2021-09-27,3276078.72524174
2021-09-28,3271644.05583771
2021-09-29,3269614.108666429
2021-09-30,3296756.88738961
2021-10-01,3300371.785052571
2021-10-02,3299661.68785637
2021-10-03,3268511.20520587
2021-10-04,3268979.7087191
2021-10-05,3264901.05771707
2021-10-06,3262933.24338521
2021-10-07,3263031.57068454
2021-10-08,3295814.088499689
2021-10-09,3295520.60577182
2021-10-10,3292463.51386847
2021-10-11,3292140.597932671
2021-10-12,3291479.86665495
2021-10-13,3297036.855016181
2021-10-14,3294933.73199464
2021-10-15,3298541.02738102
2021-10-16,3291624.95992821
2021-10-17,3299466.25624342
2021-10-18,3297872.11982506
2021-10-19,3292786.55929488
2021-10-20,3291392.8873284
2021-10-21,3287865.64119994
2021-10-22,3284157.72668059
2021-10-23,3282002.51722872
2021-10-24,3286506.5915062
2021-10-25,3270041.12945903
2021-10-26,3260851.52134293
2021-10-27,3254585.47653315
2021-10-28,3222117.03903239
2021-10-29,3235302.804242469
2021-10-30,3234926.2414081
2021-10-31,3233359.15195609
2021-11-01,3232703.656087811
2021-11-02,3210115.888618649
2021-11-03,3206222.500348359
2021-11-04,3205243.4769093
2021-11-05,3205145.521618571
2021-11-06,3207009.99891104
2021-11-07,3202200.50717445
2021-11-08,3203308.911574881
2021-11-09,3207201.148067871
2021-11-10,3208058.35295275
2021-11-11,3202788.02004586
2021-11-12,3234303.50617118
2021-11-13,3238356.59940102
2021-11-14,3236329.74841773
2021-11-15,3238558.20007943
2021-11-16,3241347.64803241
2021-11-17,3235843.359524189
2021-11-18,3226878.420808711
2021-11-19,3197037.28380103
2021-11-20,3207722.991818919
2021-11-21,3210332.835253939
2021-11-22,3212554.481613311
2021-11-23,3205915.485424299
2021-11-24,3204908.15500553
2021-11-25,3213064.41308565
2021-11-26,3203068.557935261
2021-11-27,3205587.16038541
2021-11-28,3203773.314924499
2021-11-29,3202945.59827345
2021-11-30,3197986.086941231
2021-12-01,3193336.06882356
2021-12-02,3208635.01140856
2021-12-03,3258012.69062436
2021-12-04,3257398.681332299
2021-12-05,3243761.10408847
2021-12-06,3241069.68879931
2021-12-07,3237508.159485569
2021-12-08,3223560.250370409
2021-12-09,3225566.939703799
2021-12-10,3254194.46716143
2021-12-11,3253046.29682495
2021-12-12,3246737.83755261
2021-12-13,3243506.40853553
2021-12-14,3238670.015747811
2021-12-15,3232761.94068212
2021-12-16,3238364.84759126
2021-12-17,3232085.274996481
2021-12-18,3260627.56531886
2021-12-19,3273820.578512589
2021-12-20,3269816.17229438
2021-12-21,3277600.2323427
2021-12-22,3274150.446635889
2021-12-23,3268940.703993469
2021-12-24,3273041.335151181
2021-12-25,3272398.31839524
2021-12-26,3251508.99303078
2021-12-27,3251175.43654149
2021-12-28,3254694.67877264
2021-12-29,3258211.11352088
2021-12-30,3257928.12172049
2021-12-31,3297908.99873866
2022-01-01,3289721.752378929
2022-01-02,3287908.71057999
2022-01-03,3287380.669125699
2022-01-04,3286998.242731581
2022-01-05,3287702.00765872
2022-01-06,3285169.86641869
2022-01-07,3292084.74029445
2022-01-08,3299574.53046634
2022-01-09,3298290.08017025
2022-01-10,3297369.67119747
2022-01-11,3294381.424642861
2022-01-12,3289885.312530269
2022-01-13,3292299.55516187
2022-01-14,3298534.4094556
2022-01-15,3303411.77214876
2022-01-16,3302996.69539063
2022-01-17,3301363.867428259
2022-01-18,3303331.36014914
2022-01-19,3303887.760042081
2022-01-20,3298544.38547652
2022-01-21,3296216.09868006
2022-01-22,3296472.52082098
2022-01-23,3297029.67181826
2022-01-24,3295674.51531038
2022-01-25,3298745.08291361
2022-01-26,3301358.08469036
2022-01-27,3303947.403011071
2022-01-28,3283175.68458055
2022-01-29,3238327.163259179
2022-01-30,3255043.987208961
2022-01-31,3280705.281943061
2022-02-01,3281408.72061795
2022-02-02,3260589.7829747
2022-02-03,3264012.10569946
2022-02-04,3257610.35078555
2022-02-05,3262566.850139829
2022-02-06,3259556.93794077
2022-02-07,3256010.62671659
2022-02-08,3250491.79814286
2022-02-09,3251474.92986962
2022-02-10,3248565.69125624
2022-02-11,3251558.88389544
2022-02-12,3249607.24712972
2022-02-13,3250728.7053997
2022-02-14,3249741.51581434
2022-02-15,3247573.55864796
2022-02-16,3248087.69197852
2022-02-17,3249958.74657606
2022-02-18,3296932.18350156
2022-02-19,3295350.91584061
2022-02-20,3297943.40658856
2022-02-21,3298295.966246509
2022-02-22,3297861.7252178
2022-02-23,3297928.87915081
2022-02-24,3295880.404047329
2022-02-25,3305714.248326611
2022-02-26,3251839.865817931
2022-02-27,3250890.76377415
2022-02-28,3249758.005576679
2022-03-01,3247476.619820289
2022-03-02,3247062.27859736
2022-03-03,3248303.724712369
2022-03-04,3299765.08513183
2022-03-05,3303551.11284686
2022-03-06,3303846.21667076
2022-03-07,3303051.57385104
2022-03-08,3307042.29461493
2022-03-09,3300522.255896729
2022-03-10,3312086.11261673
2022-03-11,3311939.93239703
2022-03-12,3285861.9238544
2022-03-13,3284739.4667336
2022-03-14,3283867.0995537
2022-03-15,3286121.74358952
2022-03-16,3283961.608711391
2022-03-17,3214276.90672608
2022-03-18,3267716.87477039
2022-03-19,3264260.46030389
2022-03-20,3262384.53716264
2022-03-21,3207193.718581091
2022-03-22,3205400.63467882
2022-03-23,3207074.05390218
2022-03-24,3204568.83189828
2022-03-25,3203771.432464379
2022-03-26,3208470.239068079
2022-03-27,3204362.78945217
2022-03-28,3202896.075164
2022-03-29,3197987.52486901
2022-03-30,3189617.71816632
2022-03-31,3187518.59449459
2022-04-01,3186531.09331223
2022-04-02,3183566.50520041
2022-04-03,3184895.560501489
2022-04-04,3184043.30861035
2022-04-05,3187527.53567266
2022-04-06,3194080.38502794
2022-04-07,3192217.283307501
2022-04-08,3247172.80412474
2022-04-09,3201882.602174949
2022-04-10,3203550.1504484
2022-04-11,3200141.380706509
2022-04-12,3199641.79423451
2022-04-13,3202079.57183978
2022-04-14,3195201.385107521
2022-04-15,3222262.78427598
2022-04-16,3223497.66561782
2022-04-17,3223495.253362171
2022-04-18,3223644.49932968
2022-04-19,3224515.18479098
2022-04-20,3221002.50906536
2022-04-21,3227264.7969984
2022-04-22,3229545.89853091
2022-04-23,3234219.64905998
2022-04-24,3235684.35529023
2022-04-25,3236529.87353102
2022-04-26,3241507.65887255
2022-04-27,3240911.399496381
2022-04-28,3239133.46089645
2022-04-29,3239488.138353479
2022-04-30,3245171.07793321
2022-05-01,3245492.25714722
2022-05-02,3197823.324311971
2022-05-03,3184862.34133353
2022-05-04,3194072.78317801
2022-05-05,3209572.02674812
2022-05-06,3221168.737335889
2022-05-07,3231848.39490297
2022-05-08,3233927.397747589
2022-05-09,3238217.56336388
2022-05-10,3291247.499509441
2022-05-11,3310775.52388828
2022-05-12,3359984.05196868
2022-05-13,3363692.559270869
2022-05-14,3376599.17644309
2022-05-15,3343566.733385721
2022-05-16,3342385.612256229
2022-05-17,3339870.226189721
2022-05-18,3340540.102384842
2022-05-19,3347888.36946485
2022-05-20,3360090.11388057
2022-05-21,3364332.12004772
2022-05-22,3364943.088468709
2022-05-23,3365228.53733837
2022-05-24,3361832.11143366
2022-05-25,3370444.86900055
2022-05-26,3382881.16127272
2022-05-27,3375789.30934527
2022-05-28,3383249.81488241
2022-05-29,3371449.90351579
2022-05-30,3371390.2933301
2022-05-31,3372604.0511297
2022-06-01,3319986.74917388
2022-06-02,3341203.30327878
2022-06-03,3299781.873489
2022-06-04,3305637.80849947
2022-06-05,3288735.750204789
2022-06-06,3296075.073321739
2022-06-07,3304823.706272531
2022-06-08,3302806.678233671
2022-06-09,3303199.95076329
2022-06-10,3301594.65954613
2022-06-11,3304924.93299541
2022-06-12,3303078.94471327
2022-06-13,3297641.74690328
2022-06-14,3316578.06423027
2022-06-15,3364706.11801252
2022-06-16,3410057.99843598
2022-06-17,3411417.384146159
2022-06-18,3356210.082648559
2022-06-19,3362210.764886599
2022-06-20,3368810.716313661
2022-06-21,3363367.143651731
2022-06-22,3372653.62457035
2022-06-23,3358694.152301371
2022-06-24,3356990.15335729
2022-06-25,3359096.735875901
2022-06-26,3355111.47744115
2022-06-27,3352928.04208384
2022-06-28,3374764.51408975
2022-06-29,3373626.43127644
2022-06-30,3371881.56064512
2022-07-01,3371628.354325481
2022-07-02,3368513.52062592
2022-07-03,3363225.711831599
2022-07-04,3362084.82520677
2022-07-05,3361149.128847101
2022-07-06,3364431.047611109
2022-07-07,3352607.15587029
2022-07-08,3345216.07204773
2022-07-09,3341791.90282815
2022-07-10,3342205.78257116
2022-07-11,3338234.04270807
2022-07-12,3339034.34966615
2022-07-13,3345159.89025823
2022-07-14,3348664.153327621
2022-07-15,3353333.33039145
2022-07-16,3364188.11777194
2022-07-17,3368574.48306
2022-07-18,3378155.0903234
2022-07-19,3376515.28217631
2022-07-20,3419490.30865601
2022-07-21,3420515.98658768
2022-07-22,3493778.83196892
2022-07-23,3505408.06452426
2022-07-24,3503201.44477756
2022-07-25,3501222.063223111
2022-07-26,3502256.84008132
2022-07-27,3504098.698636521
2022-07-28,3502918.86525936
2022-07-29,3506593.0814025
2022-07-30,3503293.63404241
2022-07-31,3500849.00978385
2022-08-01,3499584.727187
2022-08-02,3500532.575133489
2022-08-03,3507686.148444911
2022-08-04,3500885.40431798
2022-08-05,3506942.48634529
2022-08-06,3491923.87335542
2022-08-07,3491776.338377011
2022-08-08,3491778.942417
2022-08-09,3489778.62139597
2022-08-10,3491414.64958421
2022-08-11,3494849.13527326
2022-08-12,3491289.72484642
2022-08-13,3491339.00720786
2022-08-14,3490725.613802471
2022-08-15,3484166.670431149
2022-08-16,3485005.06575137
2022-08-17,3482506.98047404
2022-08-18,3488242.628837181
2022-08-19,3486479.93646636
2022-08-20,3499982.125833369
2022-08-21,3497995.826529171
2022-08-22,3496038.759627449
2022-08-23,3499728.013521499
2022-08-24,3506885.272084059
2022-08-25,3498943.45637899
2022-08-26,3496123.26049899
2022-08-27,3501617.317308739
2022-08-28,3499796.225728199
2022-08-29,3506226.3269352
2022-08-30,3501544.48645241
2022-08-31,3504493.664243669
2022-09-01,3527006.84469392
2022-09-02,3526106.28943245
2022-09-03,3535331.75723074
2022-09-04,3534598.015207259
2022-09-05,3532902.22524243
2022-09-06,3543953.57510757
2022-09-07,3539538.97482758
2022-09-08,3541505.7435672
2022-09-09,3546753.269102851
2022-09-10,3551528.02064018
2022-09-11,3552254.689183291
2022-09-12,3551430.617910891
2022-09-13,3555042.50214153
2022-09-14,3575352.85969375
2022-09-15,3578606.60444799
2022-09-16,3598728.221812629
2022-09-17,3605032.337793839
2022-09-18,3605291.12592114
2022-09-19,3606265.762581469
2022-09-20,3608843.30688135
2022-09-21,3610217.25559118
2022-09-22,3614271.49050355
2022-09-23,3616786.154606281
2022-09-24,3620745.237469799
2022-09-25,3620984.33165075
2022-09-26,3623323.31626564
2022-09-27,3618195.3062201
2022-09-28,3620124.880432968
2022-09-29,3625858.59377901
2022-09-30,3625843.716472639
2022-10-01,3590766.848922029
2022-10-02,3583089.77689472
2022-10-03,3582901.0074381
2022-10-04,3584002.96873894
2022-10-05,3577157.90845271
2022-10-06,3577699.32307585
2022-10-07,3571674.05955732
2022-10-08,3560150.7915786
2022-10-09,3559425.42990919
2022-10-10,3559756.195241109
2022-10-11,3562558.03098556
2022-10-12,3565311.23952351
2022-10-13,3576944.946110379
2022-10-14,3571072.538079599
2022-10-15,3568554.7220253
2022-10-16,3568380.24676396
2022-10-17,3568023.31352149
2022-10-18,3569123.825417271
2022-10-19,3530125.2491712
2022-10-20,3536348.65631739
2022-10-21,3538638.04040152
2022-10-22,3532295.993384261
2022-10-23,3534502.92903261
2022-10-24,3531861.231548431
2022-10-25,3533694.95145124
2022-10-26,3532518.927076499
2022-10-27,3533431.953642951
2022-10-28,3535665.22721311
2022-10-29,3541393.037560259
2022-10-30,3538495.15277128
2022-10-31,3538336.45423417
2022-11-01,3544746.171575819
2022-11-02,3539581.259643669
2022-11-03,3520554.74097338
2022-11-04,3522393.98482073
2022-11-05,3595207.48404843
2022-11-06,3591905.39290964
2022-11-07,3589579.872128029
2022-11-08,3562398.3791585
2022-11-09,3575200.73133004
2022-11-10,3560462.41472477
2022-11-11,3543057.704184379
2022-11-12,3530466.91146024
2022-11-13,3509669.2263686
2022-11-14,3491451.74416954
2022-11-15,3485454.122424711
2022-11-16,3484090.88125281
2022-11-17,3473974.64469916
2022-11-18,3477005.145501161
2022-11-19,3472337.15245471
2022-11-20,3473028.21159729
2022-11-21,3468856.2237632
2022-11-22,3470694.091851291
2022-11-23,3481043.834433549
2022-11-24,3431558.35115236
2022-11-25,3431282.97007588
2022-11-26,3431226.39371385
2022-11-27,3440770.35240553
2022-11-28,3433574.11046999
2022-11-29,3428974.51490662
2022-11-30,3432440.67454128
2022-12-01,3434612.032053339
2022-12-02,3436722.092667961
2022-12-03,3432400.78383138
2022-12-04,3433156.12634621
2022-12-05,3430242.0661863
2022-12-06,3428465.011868621
2022-12-07,3429005.260939321
2022-12-08,3429572.85465943
2022-12-09,3426890.041222079
2022-12-10,3420335.79164895
2022-12-11,3414282.70768038
2022-12-12,3414016.17423265
2022-12-13,3406431.84711592
2022-12-14,3371884.25420434
2022-12-15,3370521.29104582
2022-12-16,3367733.582030111
2022-12-17,3352127.86581253
2022-12-18,3342559.8023221
2022-12-19,3341045.55119783
2022-12-20,3342596.15166325
2022-12-21,3345145.94156393
2022-12-22,3344887.82554383
2022-12-23,3350385.629666441
2022-12-24,3354922.05553389
2022-12-25,3353124.682416241
2022-12-26,3354718.6818604
2022-12-27,3351818.154463739
2022-12-28,3355804.9565374
2022-12-29,3354343.826287771
2022-12-30,3347993.373592711
2022-12-31,3351755.02980448
2023-01-01,3354692.761656811
2023-01-02,3357809.569700941
2023-01-03,3367111.80597483
2023-01-04,3363701.28114095
2023-01-05,3380412.5971406
2023-01-06,3375972.104882339
2023-01-07,3375506.20303423
2023-01-08,3376417.63144651
2023-01-09,3375961.15046323
2023-01-10,3370581.25917843
2023-01-11,3371220.21867977
2023-01-12,3367338.006827639
2023-01-13,3369720.224489361
2023-01-14,3361231.47345833
2023-01-15,3366951.928286159
2023-01-16,3364590.630631669
2023-01-17,3370351.71768674
2023-01-18,3368120.38955273
2023-01-19,3374341.5138144
2023-01-20,3383369.09520912
2023-01-21,3370419.15980904
2023-01-22,3372632.82603756
2023-01-23,3378306.14645129
2023-01-24,3379074.52582415
2023-01-25,3375299.6150033
2023-01-26,3374366.23799261
2023-01-27,3370983.309490781
2023-01-28,3365293.14259325
2023-01-29,3363266.69196033
2023-01-30,3364907.060487371
2023-01-31,3367792.312217069
2023-02-01,3370905.609621639
2023-02-02,3371137.90879749
2023-02-03,3369876.69799736
2023-02-04,3374719.86985904
2023-02-05,3372701.980803971
2023-02-06,3373982.298744939
2023-02-07,3375190.67334787
2023-02-08,3373365.16461962
2023-02-09,3374861.80050447
2023-02-10,3375106.82950658
2023-02-11,3381463.51101453
2023-02-12,3382595.69322336
2023-02-13,3382209.881044451
2023-02-14,3380854.822616211
2023-02-15,3377807.76273446
2023-02-16,3384405.64958069
2023-02-17,3391399.97017992
2023-02-18,3390755.65722441
2023-02-19,3390913.16965379
2023-02-20,3390637.82700504
2023-02-21,3394110.40551375
2023-02-22,3392233.21548853
2023-02-23,3394231.50886716
2023-02-24,3395724.261420411
2023-02-25,3400635.109645821
2023-02-26,3401398.510400179
2023-02-27,3401921.499808501
2023-02-28,3401445.10691694
2023-03-01,3402963.34014869
2023-03-02,3408046.086794201
2023-03-03,3409565.22389882
2023-03-04,3410518.63384027
2023-03-05,3409485.350640839
2023-03-06,3412387.313176409
2023-03-07,3414752.841090021
2023-03-08,3412669.81438223
2023-03-09,3404772.131260599
2023-03-10,3410649.79498151
2023-03-11,3404547.91654921
2023-03-12,3392012.87562147
2023-03-13,3392895.592867429
2023-03-14,3416698.69314718
2023-03-15,3426297.77376087
2023-03-16,3428115.50384406
2023-03-17,3427748.041600231
2023-03-18,3427591.14497742
2023-03-19,3432910.06469644
2023-03-20,3432300.490848021
2023-03-21,3434116.3834371
2023-03-22,3430479.58691637
2023-03-23,3437264.843586029
2023-03-24,3439860.73311371
2023-03-25,3435332.323225179
2023-03-26,3435666.05295344
2023-03-27,3436405.22138111
2023-03-28,3434442.5063312
2023-03-29,3429478.29804617
2023-03-30,3428204.059343019
2023-03-31,3413488.58395405
2023-04-01,3408299.86651223
2023-04-02,3408089.33127748
2023-04-03,3408956.15473484
2023-04-04,3408771.53826137
2023-04-05,3408789.67912557
2023-04-06,3412563.59072188
2023-04-07,3414164.980524801
2023-04-08,3414568.66268816
2023-04-09,3413109.224566979
2023-04-10,3415058.08591301
2023-04-11,3417638.09370818
2023-04-12,3417253.62813937
2023-04-13,3420436.28895989
2023-04-14,3413041.711614161
2023-04-15,3414123.36834843
2023-04-16,3415358.96081139
2023-04-17,3415991.95652185
2023-04-18,3423146.939277231
2023-04-19,3423812.339493129
2023-04-20,3424378.95214861
2023-04-21,3428802.80239655
2023-04-22,3439188.29896977
2023-04-23,3439024.43962539
2023-04-24,3438184.239302551
2023-04-25,3440714.855149711
2023-04-26,3441192.69207327
2023-04-27,3443401.078651651
2023-04-28,3445117.599056101
2023-04-29,3440693.640157219
2023-04-30,3440346.32393108
2023-05-01,3439149.24932882
2023-05-02,3445156.21431179
2023-05-03,3440065.85740734
2023-05-04,3440223.79407288
2023-05-05,3440682.183959779
2023-05-06,3433898.049151569
2023-05-07,3430196.03967973
2023-05-08,3439621.541298329
2023-05-09,3434687.281604989
2023-05-10,3430859.041579921
2023-05-11,3430602.158667029
2023-05-12,3435207.364649841
2023-05-13,3434559.85370784
2023-05-14,3434382.23036652
2023-05-15,3444551.12644549
2023-05-16,3425835.44936161
2023-05-17,3430542.714362161
2023-05-18,3431982.48813653
2023-05-19,3435186.63717505
2023-05-20,3437298.21628386
2023-05-21,3437156.985119431
2023-05-22,3438205.975364501
2023-05-23,3439324.63757552
2023-05-24,3439845.77744854
2023-05-25,3443253.44530843
2023-05-26,3426551.86970336
2023-05-27,3421057.848647761
2023-05-28,3414290.14654874
2023-05-29,3414110.98196738
2023-05-30,3410821.884552951
2023-05-31,3414750.38526372
2023-06-01,3419548.52936354
2023-06-02,3426359.08520244
2023-06-03,3422683.62448488
2023-06-04,3426184.44603833
2023-06-05,3428705.82197786
2023-06-06,3423335.76366965
2023-06-07,3422089.13654292
2023-06-08,3408639.690941201
2023-06-09,3408338.95709239
2023-06-10,3410707.311483889
2023-06-11,3410058.09735688
2023-06-12,3404490.618593799
2023-06-13,3409338.330444731
2023-06-14,3412140.925654969
2023-06-15,3415282.08217493
2023-06-16,3412011.591118299
2023-06-17,3407587.39560946
2023-06-18,3408870.20714941
2023-06-19,3406849.77573775
2023-06-20,3406260.91437988
2023-06-21,3400712.73407525
2023-06-22,3393756.81403745
2023-06-23,3383076.613732631
2023-06-24,3383309.75010048
2023-06-25,3378447.80708636
2023-06-26,3384096.36948207
2023-06-27,3387833.72026537
2023-06-28,3388917.417806521
2023-06-29,3385591.60913829
2023-06-30,3384021.21285419
2023-07-01,3388382.88309181
2023-07-02,3369808.736309059
2023-07-03,3372285.32079759
2023-07-04,3372358.32174794
2023-07-05,3374194.051400659
2023-07-06,3376179.830223779
2023-07-07,3378693.87818439
2023-07-08,3376393.639908069
2023-07-09,3379995.49093981
2023-07-10,3380974.71193043
2023-07-11,3381348.006345229
2023-07-12,3381779.179240959
2023-07-13,3393097.28104157
2023-07-14,3397492.66858254
2023-07-15,3393357.07743657
2023-07-16,3394071.14753923
2023-07-17,3394286.32490221
2023-07-18,3395152.47904146
2023-07-19,3395612.47023685
2023-07-20,3395977.27564773
2023-07-21,3395610.15831669
2023-07-22,3397382.887168012
2023-07-23,3396909.421061331
2023-07-24,3397644.06263244
2023-07-25,3399641.14054117
2023-07-26,3400874.782738551
2023-07-27,3400103.62948796
2023-07-28,3408960.4479978
2023-07-29,3409740.80814126
2023-07-30,3409721.2453054
2023-07-31,3409021.03178966
2023-08-01,3409620.13522932
2023-08-02,3417009.03411461
2023-08-03,3417308.70675694
2023-08-04,3416102.39610745
2023-08-05,3416446.8852345
2023-08-06,3418031.93367928
2023-08-07,3417859.240579249
2023-08-08,3422183.53134235
2023-08-09,3414581.56127067
2023-08-10,3417514.07345336
2023-08-11,3417882.33813829
2023-08-12,3419938.37789969
2023-08-13,3421943.484419821
2023-08-14,3422610.497922171
2023-08-15,3424806.835224842
2023-08-16,3424355.56524813
2023-08-17,3425500.08214951
2023-08-18,3431832.0607752
2023-08-19,3432268.01518517
2023-08-20,3429802.19774399
2023-08-21,3429148.766428169
2023-08-22,3424604.75783936
2023-08-23,3428612.491736551
2023-08-24,3419908.94018726
2023-08-25,3420093.003251251
2023-08-26,3419305.367573631
2023-08-27,3420719.224505099
2023-08-28,3419594.304537789
2023-08-29,3419720.94050519
2023-08-30,3415084.51499305
2023-08-31,3412131.39701578
2023-09-01,3420121.97911665
2023-09-02,3431957.4392951
2023-09-03,3431795.596956441
2023-09-04,3430849.70638541
2023-09-05,3431228.60418347
2023-09-06,3430027.937502809
2023-09-07,3428447.493471641
2023-09-08,3430121.386080599
2023-09-09,3422901.5027939
2023-09-10,3423568.83410199
2023-09-11,3422824.523771141
2023-09-12,3422557.39129929
2023-09-13,3420817.85752977
2023-09-14,3419349.376117831
2023-09-15,3421572.76860407
2023-09-16,3419527.7288114
2023-09-17,3415782.0163582
2023-09-18,3416626.38520922
2023-09-19,3415956.90145122
2023-09-20,3415481.811435461
2023-09-21,3411282.16218636
2023-09-22,3412958.59780749
2023-09-23,3416958.58876289
2023-09-24,3415818.897365609
2023-09-25,3416734.23523475
2023-09-26,3414292.56943897
2023-09-27,3419281.995897042
2023-09-28,3422477.38661017
2023-09-29,3415135.97501695
2023-09-30,3411656.003734
2023-10-01,3410427.753163311
2023-10-02,3412802.391674801
2023-10-03,3416083.55566742
2023-10-04,3415650.5762166
2023-10-05,3416062.71416267
2023-10-06,3414764.25943225
2023-10-07,3411791.17212606
2023-10-08,3419727.69818128
2023-10-09,3420434.70217389
2023-10-10,3423871.78409103
2023-10-11,3421965.084991029
2023-10-12,3433480.76224856
2023-10-13,3438189.97186923
2023-10-14,3439111.31990006
2023-10-15,3438549.2676074
2023-10-16,3436718.626031809
2023-10-17,3428782.079682779
2023-10-18,3422265.46821098
2023-10-19,3422174.082194989
2023-10-20,3416177.732222089
2023-10-21,3414834.10913253
2023-10-22,3417442.00662938
2023-10-23,3418514.8698506
2023-10-24,3420522.99545913
2023-10-25,3422659.399674919
2023-10-26,3425993.09950829
2023-10-27,3427712.301279721
2023-10-28,3426379.03439638
2023-10-29,3428459.793676201
2023-10-30,3430027.595501829
2023-10-31,3430307.462033281
2023-11-01,3430977.46207441
2023-11-02,3430878.37930026
2023-11-03,3432869.66586243
2023-11-04,3425624.292492501
2023-11-05,3426655.44739453
2023-11-06,3427395.95062711
2023-11-07,3429322.96826391
2023-11-08,3437910.18005148
2023-11-09,3436130.83017979
2023-11-10,3436348.41077653
2023-11-11,3441409.660585911
2023-11-12,3443390.66826981
2023-11-13,3443124.814757479
2023-11-14,3442253.7567784
2023-11-15,3448090.65673486
2023-11-16,3448699.17737276
2023-11-17,3442949.39463285
2023-11-18,3441236.44280088
2023-11-19,3441557.567325861
2023-11-20,3441076.047973849
2023-11-21,3440733.32158571
2023-11-22,3436855.73494417
2023-11-23,3434453.10352067
2023-11-24,3430901.04690801
2023-11-25,3425202.93104501
2023-11-26,3425306.39492797
2023-11-27,3423588.797463079
2023-11-28,3427175.13708834
2023-11-29,3419922.12078673
2023-11-30,3417864.36725286
2023-12-01,3420723.797771601
2023-12-02,3423063.02800001
2023-12-03,3420224.46291186
2023-12-04,3420038.148983381
2023-12-05,3428617.72227907
2023-12-06,3420816.20480554
2023-12-07,3432982.48355916
2023-12-08,3442652.86864751
2023-12-09,3448257.450436421
2023-12-10,3454187.85131878
2023-12-11,3455657.899316619
2023-12-12,3464390.13612663
2023-12-13,3472525.53932234
2023-12-14,3470302.06644205
2023-12-15,3470651.41375374
2023-12-16,3475660.095533341
2023-12-17,3469718.758607599
2023-12-18,3474043.91489848
2023-12-19,3474004.7321333
2023-12-20,3474145.891345321
2023-12-21,3473788.45910228
2023-12-22,3468530.422498431
2023-12-23,3473477.18036841
2023-12-24,3473684.016594151
2023-12-25,3465081.76503021
2023-12-26,3467222.66366974
2023-12-27,3468094.037292851
2023-12-28,3454637.33649376
2023-12-29,3463301.11105084
2023-12-30,3466445.00729251
2023-12-31,3471497.1336014
2024-01-01,3463329.94819431
2024-01-02,3466429.93919905
2024-01-03,3463602.91510101
2024-01-04,3471036.70545001
2024-01-05,3471276.104176959
2024-01-06,3473037.64107712
2024-01-07,3472140.895503201
2024-01-08,3473778.19071548
2024-01-09,3481360.81159688
2024-01-10,3486065.22368096
2024-01-11,3499499.74283269
2024-01-12,3513087.83480719
2024-01-13,3528188.90373065
2024-01-14,3527770.205414311
2024-01-15,3526581.887856449
2024-01-16,3529520.58947513
2024-01-17,3530770.30846563
2024-01-18,3535940.83631317
2024-01-19,3543228.362600949
2024-01-20,3544089.74834497
2024-01-21,3545064.226856051
2024-01-22,3545427.30379624
2024-01-23,3548347.93577319
2024-01-24,3548969.260091329
2024-01-25,3556755.02555962
2024-01-26,3557727.180631979
2024-01-27,3555663.115142909
2024-01-28,3554765.24198468
2024-01-29,3554819.59144569
2024-01-30,3556784.30544945
2024-01-31,3555609.45091645
2024-02-01,3565952.024615911
2024-02-02,3567682.284194239
2024-02-03,3565168.39306458
2024-02-04,3564815.819175599
2024-02-05,3567634.61236763
2024-02-06,3571455.907341741
2024-02-07,3573751.28518406
2024-02-08,3570023.057625491
2024-02-09,3568996.62389762
2024-02-10,3565991.08336898
2024-02-11,3565116.126783171
2024-02-12,3570607.075678201
2024-02-13,3569365.12279016
2024-02-14,3564100.79291426
2024-02-15,3565039.81250067
2024-02-16,3567195.596107181
2024-02-17,3558548.968077701
2024-02-18,3558753.996518521
2024-02-19,3561447.996534001
2024-02-20,3547523.56168914
2024-02-21,3548146.73668224
2024-02-22,3547255.72197974
2024-02-23,3547479.76405343
2024-02-24,3545864.36579269
2024-02-25,3545990.03635115
2024-02-26,3546434.19889815
2024-02-27,3539618.24259147
2024-02-28,3539041.49862249
2024-02-29,3549341.08666281
2024-03-01,3556302.300869169
2024-03-02,3544353.39755907
2024-03-03,3545308.42381043
2024-03-04,3547626.3541428
2024-03-05,3553372.021176229
2024-03-06,3561936.01614094
2024-03-07,3560193.99501445
2024-03-08,3560563.36113895
2024-03-09,3555975.222368949
2024-03-10,3554186.96290471
2024-03-11,3557440.585298819
2024-03-12,3562951.808157879
2024-03-13,3568671.1925771
2024-03-14,3565665.33217422
2024-03-15,3555047.83496509
2024-03-16,3546849.97843747
2024-03-17,3549110.527652901
2024-03-18,3539963.641252589
2024-03-19,3538740.71909817
2024-03-20,3547690.98663941
2024-03-21,3550103.129808201
2024-03-22,3551722.0432407
2024-03-23,3537491.15526629
2024-03-24,3536664.540175061
2024-03-25,3536629.74621938
2024-03-26,3537390.98139013
2024-03-27,3534983.51164119
2024-03-28,3540151.956957331
2024-03-29,3529344.38047099
2024-03-30,3518328.988396119
2024-03-31,3535556.674356331
2024-04-01,3527314.059009281
2024-04-02,3519636.425121561
2024-04-03,3524377.16794139
2024-04-04,3521536.67492108
2024-04-05,3517781.585274939
2024-04-06,3521786.54978819
2024-04-07,3505927.00378817
2024-04-08,3507031.33447656
2024-04-09,3521927.44105887
2024-04-10,3512137.034149229
2024-04-11,3511323.07308315
2024-04-12,3507923.133765931
2024-04-13,3505510.00500655
2024-04-14,3528773.129701061
2024-04-15,3530200.18552489
2024-04-16,3532229.098302709
2024-04-17,3528361.75114294
2024-04-18,3532479.00658948
2024-04-19,3531633.654177309
2024-04-20,3536886.526118219
2024-04-21,3535642.905103571
2024-04-22,3536462.804846249
2024-04-23,3532105.93781239
2024-04-24,3534452.00130813
2024-04-25,3540611.91214932
2024-04-26,3538259.46292779
2024-04-27,3532326.07511369
2024-04-28,3532875.380710441
2024-04-29,3534199.40476201
2024-04-30,3537503.04789972
2024-05-01,3548314.70574069
2024-05-02,3553858.593710721
2024-05-03,3556289.68279217
2024-05-04,3554905.01594534
2024-05-05,3554943.618828251
2024-05-06,3556118.129060781
2024-05-07,3553231.231707941
2024-05-08,3554049.3164432
2024-05-09,3555597.52147976
2024-05-10,3554213.40006225
2024-05-11,3556103.49611265
2024-05-12,3556685.883773771
2024-05-13,3556545.86551354
2024-05-14,3556794.22830924
2024-05-15,3558479.6064049
2024-05-16,3531153.68957013
2024-05-17,3529265.385335169
2024-05-18,3527965.33741836
2024-05-19,3525828.46275653
2024-05-20,3524929.75401689
2024-05-21,3538471.135839679
2024-05-22,3545914.44270607
2024-05-23,3549356.89776769
2024-05-24,3555632.27546328
2024-05-25,3552748.770937941
2024-05-26,3552945.25232969
2024-05-27,3553220.46567929
2024-05-28,3554689.79748375
2024-05-29,3555328.84802292
2024-05-30,3558679.1707931
2024-05-31,3555912.33401921
2024-06-01,3555919.2136633
2024-06-02,3559301.957424581
2024-06-03,3558865.352079751
2024-06-04,3556354.623657021
2024-06-05,3550482.804969651
2024-06-06,3543397.55469306
2024-06-07,3543201.45707458
2024-06-08,3541037.560194409
2024-06-09,3544167.53958666
2024-06-10,3544071.555786329
2024-06-11,3545380.30543156
2024-06-12,3537971.17103469
2024-06-13,3541153.3087514
2024-06-14,3540585.80796623
2024-06-15,3547446.32222035
2024-06-16,3548098.48557339
2024-06-17,3548037.24618057
2024-06-18,3550636.437380651
2024-06-19,3552164.96995351
2024-06-20,3545105.055227721
2024-06-21,3547482.30167077
2024-06-22,3550533.993773968
2024-06-23,3549630.21527703
2024-06-24,3549915.46634982
2024-06-25,3559519.6232296
2024-06-26,3558395.126326161
2024-06-27,3564593.1938712
2024-06-28,3571654.22492683
2024-06-29,3575777.449371869
2024-06-30,3577409.48626263
2024-07-01,3577347.19710103
2024-07-02,3577782.073483301
2024-07-03,3578862.07535859
2024-07-04,3582783.413504281
2024-07-05,3593554.098766521
2024-07-06,3593897.1889799
2024-07-07,3593753.385952341
2024-07-08,3595632.688807449
2024-07-09,3604735.17877251
2024-07-10,3606935.030284109
2024-07-11,3606900.92092391
2024-07-12,3612302.64292637
2024-07-13,3611652.676369531
2024-07-14,3614167.36134783
2024-07-15,3614050.44862824
2024-07-16,3611497.68831517
2024-07-17,3568284.34370134
2024-07-18,3567789.47333722
2024-07-19,3567192.17855747
2024-07-20,3567057.474267171
2024-07-21,3566946.894784661
2024-07-22,3566898.16855007
2024-07-23,3565096.04383469
2024-07-24,3566816.20631291
2024-07-25,3597867.32874128
2024-07-26,3604179.234145951
2024-07-27,3601861.44282594
2024-07-28,3604851.31999099
2024-07-29,3605804.675501839
2024-07-30,3600084.001023631
2024-07-31,3596278.55394502
2024-08-01,3597030.09137197
2024-08-02,3593433.041608342
2024-08-03,3598485.890631731
2024-08-04,3600493.29112118
2024-08-05,3600238.11280542
2024-08-06,3609248.71740449
2024-08-07,3614054.14675937
2024-08-08,3612020.23913517
2024-08-09,3614605.865551339
2024-08-10,3621187.84974311
2024-08-11,3620723.27037746
2024-08-12,3620843.45163469
2024-08-13,3623553.17744705
2024-08-14,3588569.60164444
2024-08-15,3588945.337224271
2024-08-16,3585451.9381786
2024-08-17,3578667.097003911
2024-08-18,3579521.435328139
2024-08-19,3580436.47061555
2024-08-20,3580289.78611536
2024-08-21,3579126.077965771
2024-08-22,3578471.662077019
2024-08-23,3577414.911384961
2024-08-24,3572247.82323254
2024-08-25,3607110.05728204
2024-08-26,3607349.89394843
2024-08-27,3606313.12257798
2024-08-28,3603641.47675525
2024-08-29,3579781.01589632
2024-08-30,3570739.032133219
2024-08-31,3573034.31263447
2024-09-01,3572914.43896436
2024-09-02,3573298.43837211
2024-09-03,3575685.192457181
2024-09-04,3570662.23771728
2024-09-05,3570637.39278634
2024-09-06,3575989.80808972
2024-09-07,3580246.673344429
2024-09-08,3579255.56745113
2024-09-09,3578621.09760857
2024-09-10,3575368.490814981
2024-09-11,3558215.348874969
2024-09-12,3557029.580272869
2024-09-13,3556645.891467992
2024-09-14,3554664.173125211
2024-09-15,3552554.09262777
2024-09-16,3553531.62069578
2024-09-17,3558392.14491911
2024-09-18,3558973.968740801
2024-09-19,3560015.422272059
2024-09-20,3546509.13969165
2024-09-21,3550642.87619069
2024-09-22,3553689.61289634
2024-09-23,3554712.74260297
2024-09-24,3555827.23705881
2024-09-25,3549154.136115591
2024-09-26,3547456.321344161
2024-09-27,3543566.95752517
2024-09-28,3536761.80876678
2024-09-29,3536661.2872182
2024-09-30,3538443.55457965
2024-10-01,3543156.866677949
2024-10-02,3548523.52125345
2024-10-03,3550127.048700339
2024-10-04,3553000.062479491
2024-10-05,3552047.6022164
2024-10-06,3551049.03499631
2024-10-07,3548812.954587939
2024-10-08,3545971.282136131
2024-10-09,3543236.130371859
2024-10-10,3545419.067843361
2024-10-11,3548930.03861826
2024-10-12,3545346.593589109
2024-10-13,3544579.747239311
2024-10-14,3545047.668731991
2024-10-15,3549588.30575316
2024-10-16,3541327.648239771
2024-10-17,3543919.08735282
2024-10-18,3540774.384202391
2024-10-19,3536106.915053521
2024-10-20,3535441.70923167
2024-10-21,3536535.541307611
2024-10-22,3539746.535002961
2024-10-23,3542273.8744711
2024-10-24,3544256.50103177
2024-10-25,3545358.982370471
2024-10-26,3542279.053833561
2024-10-27,3543967.15028832
2024-10-28,3544476.28409557
2024-10-29,3540733.5342514
2024-10-30,3540892.959045559
2024-10-31,3534469.69798855
2024-11-01,3544427.85237212
2024-11-02,3544939.99432889
2024-11-03,3545577.999329981
2024-11-04,3548352.888948259
2024-11-05,3555409.33721507
2024-11-06,3569110.31199466
2024-11-07,3559832.956768739
2024-11-08,3549535.838886419
2024-11-09,3537321.44145302
2024-11-10,3535173.96329174
2024-11-11,3538988.95975528
2024-11-12,3552365.9287091
2024-11-13,3554106.568194549
2024-11-14,3548718.531526071
2024-11-15,3544891.77285156
2024-11-16,3541605.528109089
2024-11-17,3544644.51149242
2024-11-18,3545256.24825616
2024-11-19,3545209.4296882
2024-11-20,3540619.29820882
2024-11-21,3525836.329543071
2024-11-22,3525743.124767569
2024-11-23,3527815.51761778
2024-11-24,3527363.51310058
2024-11-25,3529453.83905237
2024-11-26,3529950.286884611
2024-11-27,3518983.39158782
2024-11-28,3513460.841732479
2024-11-29,3503318.478265439
2024-11-30,3496973.806719501
2024-12-01,3496177.12611003
2024-12-02,3496877.70123483
2024-12-03,3491094.29063659
2024-12-04,3491403.84547963
2024-12-05,3484022.019488501
2024-12-06,3482731.83697236
2024-12-07,3487183.27190552
2024-12-08,3490382.017934751
2024-12-09,3489346.27736495
2024-12-10,3480115.72254865
2024-12-11,3473065.01650384
2024-12-12,3470618.2137301
2024-12-13,3465921.832259161
2024-12-14,3457894.39647267
2024-12-15,3457394.00107524
2024-12-16,3460808.330316401
2024-12-17,3454403.474245439
2024-12-18,3453312.12786713
2024-12-19,3451151.501350981
2024-12-20,3458215.686636391
2024-12-21,3470443.73513702
2024-12-22,3471861.314808851
2024-12-23,3474330.2468679
2024-12-24,3478850.57166368
2024-12-25,3486485.40966246
2024-12-26,3481800.504582259
2024-12-27,3484764.32381394
2024-12-28,3480980.54607831
2024-12-29,3478538.500639078
2024-12-30,3473521.981518811
2024-12-31,3470682.118993681
2025-01-01,3467414.54634789
2025-01-02,3467579.31212697
2025-01-03,3488037.552825209
2025-01-04,3489902.59873849
2025-01-05,3489206.038399149
2025-01-06,3489129.718198861
2025-01-07,3483618.41180053
2025-01-08,3481793.69820887
2025-01-09,3485301.47413748
2025-01-10,3489317.4707629
2025-01-11,3491173.01504997
2025-01-12,3491451.72302116
2025-01-13,3492869.25442072
2025-01-14,3494808.757482541
2025-01-15,3500185.010221569
2025-01-16,3502950.411329679
2025-01-17,3499454.3804554
2025-01-18,3492476.371214461
2025-01-19,3492698.7781881
2025-01-20,3497080.27545031
2025-01-21,3501355.657720671
2025-01-22,3498621.84081773
2025-01-23,3496200.162762031
2025-01-24,3495337.270250619
2025-01-25,3494469.53980967
2025-01-26,3494374.72424734
2025-01-27,3494407.48405085
2025-01-28,3493740.12658778
2025-01-29,3495336.94981805
2025-01-30,3496408.77855023
2025-01-31,3495150.35439718
2025-02-01,3491468.204775501
2025-02-02,3490572.063915009
2025-02-03,3494387.206558919
2025-02-04,3495199.484962601
2025-02-05,3497711.984120821
2025-02-06,3492458.46915851
2025-02-07,3488481.39281368
2025-02-08,3492800.20872994
2025-02-09,3493679.88755913
2025-02-10,3498656.17314079
2025-02-11,3497202.289230449
2025-02-12,3500345.06023407
2025-02-13,3502432.28053481
2025-02-14,3506631.65260004
2025-02-15,3508152.72353098
2025-02-16,3506885.648681581
2025-02-17,3506813.704496289
2025-02-18,3506622.876590271
2025-02-19,3510027.130137629
2025-02-20,3512990.812035099
2025-02-21,3511585.219181191
2025-02-22,3511662.872114869
2025-02-23,3507085.63910432
2025-02-24,3507150.462643659
2025-02-25,3507935.36466819
2025-02-26,3520851.226048321
2025-02-27,3527412.42554836
2025-02-28,3528419.14429222
2025-03-01,3534824.5644536
2025-03-02,3532215.14544402
2025-03-03,3531896.568869521
2025-03-04,3528974.62958126
2025-03-05,3532153.790217239
2025-03-06,3534070.55306765
2025-03-07,3532969.44485408
2025-03-08,3536951.66996993
2025-03-09,3537112.67692629
2025-03-10,3538339.669490759
2025-03-11,3548037.72540874
2025-03-12,3551045.4913574
2025-03-13,3555994.930122499
2025-03-14,3552945.22156903
2025-03-15,3554407.43463372
2025-03-16,3554352.163736801
2025-03-17,3554485.18762499
2025-03-18,3554555.41748381
2025-03-19,3554972.79684355
2025-03-20,3551527.61443896
2025-03-21,3555562.186061359
2025-03-22,3550929.91037001
2025-03-23,3550598.235299831
2025-03-24,3550743.718165921
2025-03-25,3545537.029562971
2025-03-26,3537496.30615816
2025-03-27,3541097.81849311
2025-03-28,3534851.34009952
2025-03-29,3535424.27667455
2025-03-30,3537718.31265539
2025-03-31,3541826.80565685
2025-04-01,3531436.08683145
2025-04-02,3530125.49563541
2025-04-03,3529650.31860399
2025-04-04,3529989.63219321
2025-04-05,3528343.215749231
2025-04-06,3530331.85112851
2025-04-07,3534509.00657845
2025-04-08,3539723.16415345
2025-04-09,3543368.384775619
2025-04-10,3544344.925190459
2025-04-11,3543827.50504638
2025-04-12,3545663.63586452
2025-04-13,3545872.029734009
2025-04-14,3547134.197545961
2025-04-15,3543163.75473477
2025-04-16,3539818.546743721
2025-04-17,3539056.657033331
2025-04-18,3536480.15000434
2025-04-19,3535315.036590229
2025-04-20,3535325.856116189
2025-04-21,3534595.413845889
2025-04-22,3533046.016105101
2025-04-23,3530338.584835071
2025-04-24,3523475.28353531
2025-04-25,3517864.14242762
2025-04-26,3511247.15226105
2025-04-27,3513370.90078865
2025-04-28,3515295.93399053
2025-04-29,3510059.482934119
2025-04-30,3509656.917114991
2025-05-01,3505870.169058559
2025-05-02,3509341.952155039
2025-05-03,3506280.10389144
2025-05-04,3507898.097143099
2025-05-05,3507769.504196601
2025-05-06,3503213.331886129
2025-05-07,3498593.29477333
2025-05-08,3498431.35518294
2025-05-09,3499997.351661601
2025-05-10,3493740.656083179
2025-05-11,3492699.734834121
2025-05-12,3492369.94450052
2025-05-13,3487195.069645389
2025-05-14,3487744.933566539
2025-05-15,3490684.051230071
2025-05-16,3482858.429122678
2025-05-17,3483541.17276153
2025-05-18,3483118.937724451
2025-05-19,3484997.548915761
2025-05-20,3481801.40675687
2025-05-21,3478202.81339372
2025-05-22,3475311.96881963
2025-05-23,3478646.102533932
2025-05-24,3477363.96143656
2025-05-25,3475847.927486341
2025-05-26,3476106.450791499
2025-05-27,3475603.68834756
2025-05-28,3470957.48011899
2025-05-29,3470749.43962534
2025-05-30,3469549.960254539
2025-05-31,3472110.896879041
2025-06-01,3473314.97671531
2025-06-02,3474466.40657672
2025-06-03,3472682.70836773
2025-06-04,3459536.41800232
2025-06-05,3454480.324143151
2025-06-06,3453267.294727621
2025-06-07,3455021.323477881
2025-06-08,3453916.83848251
2025-06-09,3454324.054947331
2025-06-10,3451065.185118168
2025-06-11,3449670.87489611
2025-06-12,3447359.045284661
2025-06-13,3448685.83245685
2025-06-14,3454032.00202284
2025-06-15,3454715.91121507
2025-06-16,3455079.22062036
2025-06-17,3454753.138846858
2025-06-18,3453907.74928875
2025-06-19,3455373.77933557
2025-06-20,3454200.785098371
2025-06-21,3454481.59487282
2025-06-22,3455536.70254443
2025-06-23,3457819.28629238
2025-06-24,3456308.27864176
2025-06-25,3455630.58059228
2025-06-26,3452807.55809409
2025-06-27,3448150.95781474
2025-06-28,3441850.62221007
2025-06-29,3441089.118411799
2025-06-30,3442217.174767941
2025-07-01,3435864.414143278
2025-07-02,3437724.635352399
2025-07-03,3437975.286516201
2025-07-04,3436318.974330141
2025-07-05,3437987.710046149
2025-07-06,3436312.3765116
2025-07-07,3437574.65113933
2025-07-08,3433142.17849415
2025-07-09,3432194.7483506
2025-07-10,3433340.96071963
2025-07-11,3430444.55208353
2025-07-12,3432432.790540121
2025-07-13,3433253.1446548
2025-07-14,3434896.82775568
2025-07-15,3439827.23474155
2025-07-16,3464011.06704276
2025-07-17,3459675.04202048
2025-07-18,3456867.07590138
2025-07-19,3458032.10412704
2025-07-20,3456200.053403469
2025-07-21,3456555.53838706
2025-07-22,3457086.76885311
2025-07-23,3457373.080257819
2025-07-24,3455765.18158767
2025-07-25,3462278.26546753
2025-07-26,3483865.25994743
2025-07-27,3484462.10393532
2025-07-28,3484139.85309622
2025-07-29,3479589.03648171
2025-07-30,3473306.50188824
2025-07-31,3470651.60880747
2025-08-01,3472164.54760228
2025-08-02,3492400.69247505
2025-08-03,3492453.72447583
2025-08-04,3492704.99255296
2025-08-05,3497432.237209729
2025-08-06,3499131.191402201
2025-08-07,3497112.5936505
2025-08-08,3494652.460662229
2025-08-09,3488894.69274137
2025-08-10,3490701.71399542
2025-08-11,3492206.452271751
2025-08-12,3494423.34830981
2025-08-13,3494659.76613693
2025-08-14,3494847.612797779
2025-08-15,3487402.09965837
2025-08-16,3488309.53199955
2025-08-17,3488043.23428157
2025-08-18,3488574.528692938
2025-08-19,3486910.05126966
2025-08-20,3486797.57391956
2025-08-21,3491871.551689581
2025-08-22,3492569.69502781
2025-08-23,3497309.76230901
2025-08-24,3501351.87745465
2025-08-25,3511368.86625305
2025-08-26,3511441.08582726
2025-08-27,3516021.028558639
2025-08-28,3512908.07338178
2025-08-29,3512880.973504771
2025-08-30,3517218.816033469
2025-08-31,3519599.064828129
2025-09-01,3524549.48357377
2025-09-02,3527590.07341982
2025-09-03,3528056.53854845
2025-09-04,3524262.85930562
2025-09-05,3522879.99907984
2025-09-06,3527291.66489127
2025-09-07,3527691.55348854
2025-09-08,3528654.296983301
2025-09-09,3529974.421113499
2025-09-10,3524241.320929261
2025-09-11,3528529.9481078
2025-09-12,3526946.30539364
2025-09-13,3525857.44921251
2025-09-14,3522333.390513511
2025-09-15,3520514.690529199
2025-09-16,3516107.07326057
2025-09-17,3515617.458657641
2025-09-18,3511169.679818331
2025-09-19,3509657.00670317
2025-09-20,3504060.08181578
2025-09-21,3501460.902187171
2025-09-22,3500301.559735889
2025-09-23,3498004.07169007
2025-09-24,3500758.36247012
2025-09-25,3498976.35815364
2025-09-26,3501027.04932365
2025-09-27,3489582.340331011
2025-09-28,3487926.03936788
2025-09-29,3487936.439205099
2025-09-30,3491617.55731835
2025-10-01,3478184.905851591
2025-10-02,3478385.0018543
2025-10-03,3474215.35538086
2025-10-04,3472876.077130789
2025-10-05,3473818.050495971
2025-10-06,3480445.62173164
2025-10-07,3479962.95795214
2025-10-08,3472853.763738411
2025-10-09,3468934.84750219
2025-10-10,3465301.93286241
2025-10-11,3467493.226399351
2025-10-12,3472964.70718869
2025-10-13,3471624.75222503
2025-10-14,3468938.6926053
2025-10-15,3467187.31083524
2025-10-16,3462318.26176216
2025-10-17,3466381.280462699
2025-10-18,3464246.21678812
2025-10-19,3465967.764804399
2025-10-20,3466232.256486309
2025-10-21,3465814.33254803
2025-10-22,3469568.645431471
2025-10-23,3466426.229356249
2025-10-24,3469188.068062379
2025-10-25,3467505.37274877
2025-10-26,3467942.5780322
2025-10-27,3469571.63979193
2025-10-28,3463521.208718381
2025-10-29,3463605.177115211
2025-10-30,3463871.05560092
2025-10-31,3472625.671853371
2025-11-01,3479167.47986869
2025-11-02,3480034.95507218
2025-11-03,3481748.589268539
2025-11-04,3482648.590253971
2025-11-05,3490677.6082472
2025-11-06,3494394.193810449
2025-11-07,3498329.64392524
2025-11-08,3493436.448881031
2025-11-09,3493449.78712287
2025-11-10,3492903.236669599
2025-11-11,3497835.14372472
2025-11-12,3500028.58193865
2025-11-13,3493063.106303409
2025-11-14,3493189.409896049
2025-11-15,3505173.946191419
2025-11-16,3507153.299043139
2025-11-17,3512584.919043371
2025-11-18,3516840.189507341
2025-11-19,3504253.44508691
2025-11-20,3499890.4821174
2025-11-21,3505012.136554981
2025-11-22,3517462.10887502
2025-11-23,3521118.455822211
2025-11-24,3519855.394572211
2025-11-25,3518325.54206405
2025-11-26,3520323.81823595
2025-11-27,3517110.2165286
2025-11-28,3518524.82950639
2025-11-29,3517968.876738941
2025-11-30,3517824.559897789
2025-12-01,3516120.730772899
2025-12-02,3519075.33758233
2025-12-03,3516578.435857669
2025-12-04,3514437.3981609
2025-12-05,3509126.63363761
2025-12-06,3508170.148417899
2025-12-07,3507660.93846933
2025-12-08,3507809.74857826
2025-12-09,3504984.222523449
2025-12-10,3509859.39376237
2025-12-11,3509683.49476341
2025-12-12,3509091.52468809
2025-12-13,3506261.097018839
2025-12-14,3505885.754395351
2025-12-15,3508348.21350039
2025-12-16,3509616.322220271
2025-12-17,3514407.51341117
2025-12-18,3520235.74008716
2025-12-19,3522746.071130291
2025-12-20,3522178.07674475
2025-12-21,3522388.81228366
2025-12-22,3522058.91452069
2025-12-23,3518329.592909399
2025-12-24,3517302.39299766
2025-12-25,3521021.75159987
2025-12-26,3520597.90886572
2025-12-27,3524429.310435269
2025-12-28,3523876.25700523
2025-12-29,3523320.420060021
2025-12-30,3525394.84696276
2025-12-31,3521521.789235529
2026-01-01,3505597.90853028
2026-01-02,3506962.948332441
2026-01-03,3508189.078473649
2026-01-04,3508490.170919439
2026-01-05,3509275.65452328
2026-01-06,3503133.46899479
2026-01-07,3500318.42376891
2026-01-08,3504662.55854585
2026-01-09,3507300.954627519
2026-01-10,3510554.182727981
2026-01-11,3511717.928080969
2026-01-12,3510967.920860781
2026-01-13,3514732.67403631
2026-01-14,3508141.8253832
2026-01-15,3494836.421545629
2026-01-16,3486983.044631151
2026-01-17,3488036.56526967
2026-01-18,3488205.038698948
2026-01-19,3488520.350835308
2026-01-20,3489853.48986843
2026-01-21,3499511.23448117
2026-01-22,3508797.927437409
2026-01-23,3515765.51813908
2026-01-24,3518658.65538553
2026-01-25,3518507.758647809
2026-01-26,3519228.2291881
2026-01-27,3517386.142824539
2026-01-28,3518379.59166362
2026-01-29,3522115.0472769
2026-01-30,3525349.3402843
2026-01-31,3534228.338975261
2026-02-01,3545498.000433271
2026-02-02,3551689.9336278
2026-02-03,3552910.006782201
2026-02-04,3554696.22111177
2026-02-05,3557845.87187838
2026-02-06,3572006.25053174
2026-02-07,3575252.67087541
2026-02-08,3574910.627912849
2026-02-09,3569915.303540869
2026-02-10,3567997.358215369
2026-02-11,3567128.773426761
2026-02-12,3571575.75502184
2026-02-13,3581432.408413291
2026-02-14,3587842.5148256
2026-02-15,3594122.0427814
2026-02-16,3592672.47131974
2026-02-17,3592122.38911453
2026-02-18,3591893.937709569
2026-02-19,3594194.1883374
2026-02-20,3592877.284996251
2026-02-21,3597813.63827071
2026-02-22,3594660.51547279
2026-02-23,3594061.12467223
2026-02-24,3595174.17422957
2026-02-25,3599563.192936151
2026-02-26,3595697.23909896
2026-02-27,3589537.853275791
2026-02-28,3589202.43991684
2026-03-01,3589140.821254419
2026-03-02,3589460.51962557
2026-03-03,3584621.46143257
2026-03-04,3577860.16498808
2026-03-05,3572705.97202765
2026-03-06,3566951.43560766
2026-03-07,3567714.37988423
2026-03-08,3568456.768457859
2026-03-09,3568477.65885065
2026-03-10,3569679.342512441
2026-03-11,3563588.55324449
2026-03-12,3580423.05535305
2026-03-13,3574046.112182441
2026-03-14,3569357.422428929
2026-03-15,3571066.858337889
2026-03-16,3571390.8079667
2026-03-17,3569244.78890751
2026-03-18,3566385.42882095
2026-03-19,3564017.498562819
2026-03-20,3564198.85761245
2026-03-21,3566173.466431571
2026-03-22,3566620.38404002
2026-03-23,3568899.82917859
2026-03-24,3560934.74668621
2026-03-25,3549069.058062949
2026-03-26,3542978.47726623
2026-03-27,3542881.582271741
2026-03-28,3548173.60438442
2026-03-29,3552016.15688252
2026-03-30,3553050.48110013
2026-03-31,3558497.143222289
2026-04-01,3556238.81083679
2026-04-02,3555543.06804946
2026-04-03,3558955.76016368
2026-04-04,3558888.49382323
2026-04-05,3558205.600882631
2026-04-06,3558280.563725631
2026-04-07,3559424.129158519
2026-04-08,3555565.605279661
2026-04-09,3555739.04960929
2026-04-10,3554509.83130896
2026-04-11,3548167.176334191
2026-04-12,3547765.402938659
2026-04-13,3548413.47427876
2026-04-14,3538238.50608093
2026-04-15,3528422.94689807
2026-04-16,3517716.46472124
2026-04-17,3517549.746077691
2026-04-18,3515074.91475931
2026-04-19,3515738.64263335
2026-04-20,3516054.10186256
2026-04-21,3499317.358977512
2026-04-22,3497197.86175105
2026-04-23,3496152.04772066
2026-04-24,3495721.283033241
2026-04-25,3498773.006751631
2026-04-26,3497111.940955341
2026-04-27,3497541.641644861
2026-04-28,3496602.85064277
2026-04-29,3501468.65255662
2026-04-30,3503062.280732941
2026-05-01,3506025.200736081
2026-05-02,3502938.99138842
2026-05-03,3502842.56857052
2026-05-04,3502630.62213868
2026-05-05,3497647.674879472
2026-05-06,3494173.754055639
2026-05-07,3491836.911485619
2026-05-08,3497087.6978505
2026-05-09,3503120.54415786
2026-05-10,3504360.284016219
2026-05-11,3503818.70962205
2026-05-12,3504752.2220214
2026-05-13,3503595.791370261
2026-05-14,3506099.136333409
2026-05-15,3508883.66775019
2026-05-16,3501258.043641009
2026-05-17,3501143.719955279
2026-05-18,3501900.55740576
2026-05-19,3509324.88068278
2026-05-20,3513407.605824001
2026-05-21,3517350.77373545
2026-05-22,3520263.944393049
2026-05-23,3523219.48985577
2026-05-24,3522759.044527201
2026-05-25,3523936.645496501
2026-05-26,3525246.76230263
2026-05-27,3527386.951554241
2026-05-28,3536335.84709154
2026-05-29,3546471.75202114
2026-05-30,3549009.95757705
2026-05-31,3549390.892377452
2026-06-01,3550528.5005822
2026-06-02,3558209.88570785
2026-06-03,3569076.071005651
2026-06-04,3577167.69218768
2026-06-05,3581973.962022481
2026-06-06,3586970.318618821
2026-06-07,3588421.580739641
2026-06-08,3588544.582969851
2026-06-09,3584439.84837093
2026-06-10,3585122.744431129
2026-06-11,3584944.047764719
2026-06-12,3586549.43999623
2026-06-13,3582780.554057421
2026-06-14,3581978.52293048
2026-06-15,3581613.328883
2026-06-16,3578419.90107811
2026-06-17,3580628.626236099
2026-06-18,3584596.630697029
2026-06-19,3587137.32457257
2026-06-20,3587306.208743691
2026-06-21,3585924.881451811
2026-06-22,3585797.38812254
2026-06-23,3585264.38341671
2026-06-24,3584758.092987691
2026-06-25,3589847.93214219
2026-06-26,3597750.908847691
2026-06-27,3606680.8931479
2026-06-28,3604587.815374
2026-06-29,3602247.16088781
2026-06-30,3606047.30000007
2026-07-01,3603062.99885572
2026-07-02,3609756.81937596
2026-07-03,3612017.534469359
2026-07-04,3611538.864405341
2026-07-05,3612275.853693669
2026-07-06,3613078.31292062
2026-07-07,3609057.614311859
2026-07-08,3615950.99848386
2026-07-09,3615087.029481419
2026-07-10,3616213.432875489
2026-07-11,3616492.15338496
2026-07-12,3615756.32944273
2026-07-13,3616810.955499629
2026-07-14,3612350.61472835
2026-07-15,3619571.060261499
2026-07-16,3616956.048264381
2026-07-17,3616440.629362798
2026-07-18,3620637.03818002
2026-07-19,3619864.84295966
2026-07-20,3621458.003901079
2026-07-21,3619086.054931569
2026-07-22,3618321.438280407
2026-07-23,3616413.079347841
