date,hashprice
2009-01-03,1.005828380584717e+20
2009-01-09,1.005758531391621e+20
2009-01-10,1.005548983812332e+20
2009-01-11,1.005793455988169e+20
2009-01-12,1.005665399134159e+20
2009-01-13,1.005199737846851e+20
2009-01-14,1.00467586889863e+20
2009-01-15,1.004780642688274e+20
2009-01-16,1.005828380584717e+20
2009-01-17,1.004990190267563e+20
2009-01-18,1.005234662443399e+20
2009-01-19,1.005420926958322e+20
2009-01-20,1.005036756396294e+20
2009-01-21,1.00575853139162e+20
2009-01-22,1.005351077765226e+20
2009-01-23,1.004897058010102e+20
2009-01-24,1.003837678581476e+20
2009-01-25,1.005036756396294e+20
2009-01-26,1.005828380584717e+20
2009-01-27,1.005828380584717e+20
2009-01-28,1.005339436233044e+20
2009-01-29,1.005758531391621e+20
2009-01-30,1.005199737846852e+20
2009-01-31,1.005688682198525e+20
2009-02-01,1.005036756396294e+20
2009-02-02,1.005362719297409e+20
2009-02-03,1.005176038015634e+20
2009-02-04,1.005758531391621e+20
2009-02-05,1.004780642688274e+20
2009-02-06,1.005548983812332e+20
2009-02-07,1.00467586889863e+20
2009-02-08,1.004990190267563e+20
2009-02-09,1.004617661237717e+20
2009-02-10,1.005828380584717e+20
2009-02-11,1.004862133413553e+20
2009-02-12,1.005548983812332e+20
2009-02-13,1.004710793495178e+20
2009-02-14,1.005362719297409e+20
2009-02-15,1.005828380584717e+20
2009-02-16,1.005548983812332e+20
2009-02-17,1.005199737846852e+20
2009-02-18,1.005548983812332e+20
2009-02-19,1.004710793495178e+20
2009-02-20,1.005548983812332e+20
2009-02-21,1.004640944302082e+20
2009-02-22,1.005758531391621e+20
2009-02-23,1.005828380584717e+20
2009-02-24,1.00571196526289e+20
2009-02-25,1.004780642688274e+20
2009-02-26,1.005234662443399e+20
2009-02-27,1.004640944302082e+20
2009-02-28,1.004990190267563e+20
2009-03-01,1.004780642688274e+20
2009-03-02,1.005828380584717e+20
2009-03-03,1.004780642688274e+20
2009-03-04,1.004897058010101e+20
2009-03-05,1.005269587039947e+20
2009-03-06,1.005199737846852e+20
2009-03-07,1.004990190267563e+20
2009-03-08,1.005420926958322e+20
2009-03-09,1.005828380584717e+20
2009-03-10,1.005234662443399e+20
2009-03-11,1.004640944302082e+20
2009-03-12,1.005548983812332e+20
2009-03-13,1.005036756396294e+20
2009-03-14,1.005246303975582e+20
2009-03-15,1.005199737846851e+20
2009-03-16,1.005758531391621e+20
2009-03-17,1.004640944302082e+20
2009-03-18,1.004640944302082e+20
2009-03-19,1.005548983812332e+20
2009-03-20,1.005199737846852e+20
2009-03-21,1.005828380584717e+20
2009-03-22,1.005758531391621e+20
2009-03-23,1.004897058010101e+20
2009-03-24,1.004780642688274e+20
2009-03-25,1.005199737846852e+20
2009-03-26,1.005199737846852e+20
2009-03-27,1.00571196526289e+20
2009-03-28,1.005548983812332e+20
2009-03-29,1.004710793495178e+20
2009-03-30,1.005828380584717e+20
2009-03-31,1.005246303975582e+20
2009-04-01,1.004640944302082e+20
2009-04-02,1.005420926958322e+20
2009-04-03,1.004710793495178e+20
2009-04-04,1.005036756396294e+20
2009-04-05,1.004897058010101e+20
2009-04-06,1.004990190267563e+20
2009-04-07,1.005828380584717e+20
2009-04-08,1.004780642688274e+20
2009-04-09,1.004990190267563e+20
2009-04-10,1.005828380584717e+20
2009-04-11,1.005828380584717e+20
2009-04-12,1.005548983812332e+20
2009-04-13,1.004640944302082e+20
2009-04-14,1.005199737846851e+20
2009-04-15,1.005036756396294e+20
2009-04-16,1.005199737846851e+20
2009-04-17,1.005269587039947e+20
2009-04-18,1.004780642688274e+20
2009-04-19,1.005758531391621e+20
2009-04-20,1.005758531391621e+20
2009-04-21,1.005199737846851e+20
2009-04-22,1.005758531391621e+20
2009-04-23,1.005828380584717e+20
2009-04-24,1.005420926958322e+20
2009-04-25,1.005548983812332e+20
2009-04-26,1.005269587039947e+20
2009-04-27,1.004897058010101e+20
2009-04-28,1.005199737846852e+20
2009-04-29,1.005362719297409e+20
2009-04-30,1.005001831799746e+20
2009-05-01,1.005758531391621e+20
2009-05-02,1.004785427358001e+20
2009-05-03,1.00571196526289e+20
2009-05-04,1.005828380584717e+20
2009-05-05,1.005828380584717e+20
2009-05-06,1.005828380584717e+20
2009-05-07,1.005548983812332e+20
2009-05-08,1.005234662443399e+20
2009-05-09,1.005199737846851e+20
2009-05-10,1.005362719297409e+20
2009-05-11,1.00584514439106e+20
2009-05-12,1.004897058010101e+20
2009-05-13,1.005339436233044e+20
2009-05-14,1.004885416477919e+20
2009-05-15,1.005362719297409e+20
2009-05-16,1.005758531391621e+20
2009-05-17,1.005362719297409e+20
2009-05-18,1.005548983812332e+20
2009-05-19,1.005176454782486e+20
2009-05-20,1.005828380584717e+20
2009-05-21,1.005199737846851e+20
2009-05-22,1.005548983812332e+20
2009-05-23,1.005828380584717e+20
2009-05-24,1.004990190267563e+20
2009-05-25,1.004990190267563e+20
2009-05-26,1.00553734228015e+20
2009-05-27,1.005758531391621e+20
2009-05-28,1.005304511636496e+20
2009-05-29,1.00571196526289e+20
2009-05-30,1.004990190267563e+20
2009-05-31,1.005828380584717e+20
2009-06-01,1.005083322525025e+20
2009-06-02,1.005339436233044e+20
2009-06-03,1.005083322525025e+20
2009-06-04,1.005758531391621e+20
2009-06-05,1.005828380584717e+20
2009-06-06,1.005595549941063e+20
2009-06-07,1.005828380584717e+20
2009-06-08,1.005199737846851e+20
2009-06-09,1.005351077765226e+20
2009-06-10,1.005199737846851e+20
2009-06-11,1.005013473331928e+20
2009-06-12,1.005176454782486e+20
2009-06-13,1.005199737846851e+20
2009-06-14,1.005828380584717e+20
2009-06-15,1.005269587039948e+20
2009-06-16,1.005083322525025e+20
2009-06-17,1.005211379379034e+20
2009-06-18,1.005828380584717e+20
2009-06-19,1.005723606795072e+20
2009-06-20,1.005758531391621e+20
2009-06-21,1.005199737846851e+20
2009-06-22,1.005083322525025e+20
2009-06-23,1.005083322525025e+20
2009-06-24,1.005304511636496e+20
2009-06-25,1.005362719297409e+20
2009-06-26,1.005828380584717e+20
2009-06-27,1.005269587039948e+20
2009-06-28,1.005688682198524e+20
2009-06-29,1.004897058010102e+20
2009-06-30,1.005362719297409e+20
2009-07-01,1.005339436233044e+20
2009-07-02,1.004897058010102e+20
2009-07-03,1.005199737846851e+20
2009-07-04,1.005013473331928e+20
2009-07-05,1.005211379379034e+20
2009-07-06,1.005269587039948e+20
2009-07-07,1.005688682198525e+20
2009-07-08,1.005339436233044e+20
2009-07-09,1.005176454782486e+20
2009-07-10,1.005199737846851e+20
2009-07-11,1.004897058010102e+20
2009-07-12,1.005758531391621e+20
2009-07-13,1.005199737846851e+20
2009-07-14,1.005688682198525e+20
2009-07-15,1.005828380584717e+20
2009-07-16,1.005083322525025e+20
2009-07-17,1.005665399134159e+20
2009-07-18,1.005828380584717e+20
2009-07-19,1.005595549941063e+20
2009-07-20,1.005729492753744e+20
2009-07-21,1.005199737846851e+20
2009-07-22,1.005828380584717e+20
2009-07-23,1.005083322525025e+20
2009-07-24,1.005351077765226e+20
2009-07-25,1.005828380584717e+20
2009-07-26,1.005758531391621e+20
2009-07-27,1.005351077765226e+20
2009-07-28,1.005677040666342e+20
2009-07-29,1.005746889859438e+20
2009-07-30,1.005828380584717e+20
2009-07-31,1.005758531391621e+20
2009-08-01,1.005595549941063e+20
2009-08-02,1.005688682198524e+20
2009-08-03,1.005828380584717e+20
2009-08-04,1.005199737846851e+20
2009-08-05,1.005723606795072e+20
2009-08-06,1.005828380584717e+20
2009-08-07,1.005861070007086e+20
2009-08-08,1.005828380584717e+20
2009-08-09,1.005304511636496e+20
2009-08-10,1.005828380584717e+20
2009-08-11,1.005595549941063e+20
2009-08-12,1.005514059215784e+20
2009-08-13,1.005362719297409e+20
2009-08-14,1.005514059215784e+20
2009-08-15,1.005805097520351e+20
2009-08-16,1.005746889859438e+20
2009-08-17,1.005758531391621e+20
2009-08-18,1.005828380584717e+20
2009-08-19,1.005828380584717e+20
2009-08-20,1.005758531391621e+20
2009-08-21,1.005758531391621e+20
2009-08-22,1.005758531391621e+20
2009-08-23,1.005828380584717e+20
2009-08-24,1.005828380584717e+20
2009-08-25,1.005828380584717e+20
2009-08-26,1.005828380584717e+20
2009-08-27,1.005723606795073e+20
2009-08-28,1.005828380584717e+20
2009-08-29,1.005199737846851e+20
2009-08-30,1.005013473331928e+20
2009-08-31,1.005176454782486e+20
2009-09-01,1.005199737846851e+20
2009-09-02,1.005758531391621e+20
2009-09-03,1.005548983812332e+20
2009-09-04,1.005514059215784e+20
2009-09-05,1.005083322525025e+20
2009-09-06,1.005362719297409e+20
2009-09-07,1.005199737846851e+20
2009-09-08,1.005688682198525e+20
2009-09-09,1.005828380584717e+20
2009-09-10,1.005397643893957e+20
2009-09-11,1.005758531391621e+20
2009-09-12,1.005688682198525e+20
2009-09-13,1.005828380584717e+20
2009-09-14,1.005339436233044e+20
2009-09-15,1.005502417683602e+20
2009-09-16,1.005828380584717e+20
2009-09-17,1.005298309028149e+20
2009-09-18,1.005199737846851e+20
2009-09-19,1.005339436233044e+20
2009-09-20,1.005199737846851e+20
2009-09-21,1.005688682198525e+20
2009-09-22,1.005828380584717e+20
2009-09-23,1.005828380584717e+20
2009-09-24,1.005013473331928e+20
2009-09-25,1.005351077765226e+20
2009-09-26,1.005828380584717e+20
2009-09-27,1.005723606795072e+20
2009-09-28,1.005362719297409e+20
2009-09-29,1.004990190267563e+20
2009-09-30,1.005362719297409e+20
2009-10-01,1.005199737846851e+20
2009-10-02,1.005828380584717e+20
2009-10-03,1.005386002361774e+20
2009-10-04,1.00571196526289e+20
2009-10-05,1.005246303975582e+20
2009-10-06,1.005677040666342e+20
2009-10-07,1.005828380584717e+20
2009-10-08,1.005595549941063e+20
2009-10-09,1.005211379379034e+20
2009-10-10,1.005758531391621e+20
2009-10-11,1.005339436233044e+20
2009-10-12,1.005386002361774e+20
2009-10-13,1.005304511636496e+20
2009-10-14,1.005688682198525e+20
2009-10-15,1.005083322525025e+20
2009-10-16,1.005828380584717e+20
2009-10-17,1.005304511636496e+20
2009-10-18,1.005339436233044e+20
2009-10-19,1.005269587039947e+20
2009-10-20,1.005329908803105e+20
2009-10-21,1.005828380584717e+20
2009-10-22,1.005828380584717e+20
2009-10-23,1.005013473331928e+20
2009-10-24,1.005432568490505e+20
2009-10-25,1.005083322525025e+20
2009-10-26,1.005083322525025e+20
2009-10-27,1.005828380584717e+20
2009-10-28,1.005758531391621e+20
2009-10-29,1.005688682198524e+20
2009-10-30,1.005828380584717e+20
2009-10-31,1.005688682198524e+20
2009-11-01,1.005828380584717e+20
2009-11-02,1.005758531391621e+20
2009-11-03,1.005432568490505e+20
2009-11-04,1.005514059215784e+20
2009-11-05,1.005304511636496e+20
2009-11-06,1.005432568490505e+20
2009-11-07,1.005688682198525e+20
2009-11-08,1.005351077765226e+20
2009-11-09,1.005828380584717e+20
2009-11-10,1.005199737846851e+20
2009-11-11,1.005828380584717e+20
2009-11-12,1.005758531391621e+20
2009-11-13,1.005828380584717e+20
2009-11-14,1.005211379379034e+20
2009-11-15,1.005828380584717e+20
2009-11-16,1.005013473331928e+20
2009-11-17,1.005688682198524e+20
2009-11-18,1.005211379379034e+20
2009-11-19,1.005595549941063e+20
2009-11-20,1.005176454782486e+20
2009-11-21,1.005351077765226e+20
2009-11-22,1.00571196526289e+20
2009-11-23,1.005828380584717e+20
2009-11-24,1.005793455988169e+20
2009-11-25,1.005828380584717e+20
2009-11-26,1.005269587039948e+20
2009-11-27,1.005339436233044e+20
2009-11-28,1.005083322525025e+20
2009-11-29,1.005828380584717e+20
2009-11-30,1.005339436233044e+20
2009-12-01,1.005411674268544e+20
2009-12-02,1.005665399134159e+20
2009-12-03,1.004990190267563e+20
2009-12-04,1.005828380584717e+20
2009-12-05,1.005828380584717e+20
2009-12-06,1.004827208817005e+20
2009-12-07,1.005269587039947e+20
2009-12-08,1.004780642688274e+20
2009-12-09,1.005828380584717e+20
2009-12-10,1.004897058010101e+20
2009-12-11,1.005269587039947e+20
2009-12-12,1.005246303975582e+20
2009-12-13,1.004640944302082e+20
2009-12-14,1.00575853139162e+20
2009-12-15,1.005246303975582e+20
2009-12-16,1.005362719297409e+20
2009-12-17,1.005351077765226e+20
2009-12-18,1.005828380584716e+20
2009-12-19,1.004990190267563e+20
2009-12-20,1.00437318906188e+20
2009-12-21,1.00437318906188e+20
2009-12-22,1.005199737846851e+20
2009-12-23,1.005758531391621e+20
2009-12-24,1.005758531391621e+20
2009-12-25,1.004326622933149e+20
2009-12-26,1.004710793495178e+20
2009-12-27,1.005118247121572e+20
2009-12-28,1.004780642688274e+20
2009-12-29,1.005304511636496e+20
2009-12-30,8.933274071099667e+19
2009-12-31,8.501894311620092e+19
2010-01-01,8.49598939822127e+19
2010-01-02,8.494217924201624e+19
2010-01-03,8.493627432861737e+19
2010-01-04,8.496875135231092e+19
2010-01-05,8.495989398221269e+19
2010-01-06,8.502091142066718e+19
2010-01-07,8.502484802959971e+19
2010-01-08,8.49244645018198e+19
2010-01-09,8.500319668047071e+19
2010-01-10,8.48929716303594e+19
2010-01-11,8.436597902194767e+19
2010-01-12,7.701762320404839e+19
2010-01-13,7.694998635686381e+19
2010-01-14,7.70463254847334e+19
2010-01-15,7.697496316779294e+19
2010-01-16,7.704900157161867e+19
2010-01-17,7.700796823937789e+19
2010-01-18,7.704900157161867e+19
2010-01-19,7.698566751533402e+19
2010-01-20,7.695355447271083e+19
2010-01-21,7.695979867544315e+19
2010-01-22,7.699726389183685e+19
2010-01-23,7.707130229566253e+19
2010-01-24,7.697496316779297e+19
2010-01-25,7.592302600206197e+19
2010-01-26,7.4812905538064e+19
2010-01-27,7.470811464184236e+19
2010-01-28,7.480511117388223e+19
2010-01-29,7.472716753206444e+19
2010-01-30,7.474795250321588e+19
2010-01-31,7.473496189624628e+19
2010-02-01,7.473582793671089e+19
2010-02-02,7.471764108695342e+19
2010-02-03,7.482589614503363e+19
2010-02-04,7.261552600765647e+19
2010-02-05,5.524299219618584e+19
2010-02-06,5.530636407168463e+19
2010-02-07,5.530636407168464e+19
2010-02-08,5.530636407168464e+19
2010-02-09,5.525686333955258e+19
2010-02-10,5.527563831386705e+19
2010-02-11,5.528011915354878e+19
2010-02-12,5.529100119277583e+19
2010-02-13,5.524491255604942e+19
2010-02-14,5.515177162078215e+19
2010-02-15,3.971794743020447e+19
2010-02-16,3.978472737428355e+19
2010-02-17,3.973590893240507e+19
2010-02-18,3.975479153728259e+19
2010-02-19,3.97916356443607e+19
2010-02-20,3.975479153728259e+19
2010-02-21,3.974604106185153e+19
2010-02-22,3.975479153728259e+19
2010-02-23,3.972255294358924e+19
2010-02-24,3.035289193073406e+19
2010-02-25,2.659907040510871e+19
2010-02-26,2.658367635551898e+19
2010-02-27,2.658367635551898e+19
2010-02-28,2.656027740014257e+19
2010-03-01,2.659629947618255e+19
2010-03-02,2.659907040510872e+19
2010-03-03,2.658121330758461e+19
2010-03-04,2.65993782861005e+19
2010-03-05,2.658706304642872e+19
2010-03-06,2.659352854725641e+19
2010-03-07,2.657936602163385e+19
2010-03-08,2.242956962877433e+19
2010-03-09,2.216912652040258e+19
2010-03-10,2.218454208713675e+19
2010-03-11,2.217991741711649e+19
2010-03-12,2.219687454052408e+19
2010-03-13,2.2170668077076e+19
2010-03-14,2.219199294439159e+19
2010-03-15,2.219841609719749e+19
2010-03-16,2.217529274709624e+19
2010-03-17,2.218813905270805e+19
2010-03-18,2.219327757495277e+19
2010-03-19,2.2170668077076e+19
2010-03-20,2.219841609719749e+19
2010-03-21,2.218677836450891e+19
2010-03-22,2.200158315016808e+19
2010-03-23,2.201076343938904e+19
2010-03-24,2.202121876877958e+19
2010-03-25,2.203116408210229e+19
2010-03-26,2.20036232144394e+19
2010-03-27,2.202657393749181e+19
2010-03-28,2.200821335904988e+19
2010-03-29,2.202886900979705e+19
2010-03-30,2.19855176440314e+19
2010-03-31,2.201152846349079e+19
2010-04-01,1.894154398157869e+19
2010-04-02,1.650308946775257e+19
2010-04-03,1.650844587459053e+19
2010-04-04,1.652023494344039e+19
2010-04-05,1.650768067361368e+19
2010-04-06,1.650308946775257e+19
2010-04-07,1.650366336848521e+19
2010-04-08,1.652374989412756e+19
2010-04-09,1.652317599339492e+19
2010-04-10,1.651303708045164e+19
2010-04-11,1.65094023758116e+19
2010-04-12,1.41759297973895e+19
2010-04-13,1.285856985891697e+19
2010-04-14,1.286258941811012e+19
2010-04-15,1.286258941811013e+19
2010-04-16,1.284085402395452e+19
2010-04-17,1.283132617994111e+19
2010-04-18,1.283876980807659e+19
2010-04-19,1.284829765209e+19
2010-04-20,1.284844652465271e+19
2010-04-21,1.257794149039027e+19
2010-04-22,8.760153814443654e+18
2010-04-23,8.773557861176007e+18
2010-04-24,8.767363566852722e+18
2010-04-25,8.760153814443654e+18
2010-04-26,8.759747631209339e+18
2010-04-27,8.773557861176004e+18
2010-04-28,8.773557861176004e+18
2010-04-29,8.762286276423802e+18
2010-04-30,8.773557861176006e+18
2010-05-01,8.771120761770126e+18
2010-05-02,8.766957383618408e+18
2010-05-03,8.767160475235564e+18
2010-05-04,8.2081179640275e+18
2010-05-05,7.819801703569861e+18
2010-05-06,7.816268251288094e+18
2010-05-07,7.821432527699906e+18
2010-05-08,7.818170879439815e+18
2010-05-09,7.825418986684463e+18
2010-05-10,7.827955824220089e+18
2010-05-11,7.824150567916648e+18
2010-05-12,7.824331770597766e+18
2010-05-13,7.827955824220089e+18
2010-05-14,7.834389751577948e+18
2010-05-15,7.828780948748823e+18
2010-05-16,7.82179493306214e+18
2010-05-17,7.825418986684463e+18
2010-05-18,7.8236069598733e+18
2010-05-19,8.092967569634608e+18
2010-05-20,8.478421792737262e+18
2010-05-21,8.474982270711813e+18
2010-05-22,8.490093702631363e+18
2010-05-23,8.480780322126139e+18
2010-05-24,8.480092417721055e+18
2010-05-25,8.481861314762717e+18
2010-05-26,8.480976866241887e+18
2010-05-27,8.490705799971019e+18
2010-05-28,8.480976866241887e+18
2010-05-29,7.481217381543112e+18
2010-05-30,6.043214776997955e+18
2010-05-31,6.047767975181642e+18
2010-06-01,6.052251124162503e+18
2010-06-02,6.044475662648819e+18
2010-06-03,6.047767975181642e+18
2010-06-04,6.050499894091852e+18
2010-06-05,6.043494973809256e+18
2010-06-06,6.044125416634691e+18
2010-06-07,6.048748664021204e+18
2010-06-08,6.052251124162503e+18
2010-06-09,6.048888762426856e+18
2010-06-10,6.047838024384467e+18
2010-06-11,6.047237450794467e+18
2010-06-12,5.786779425521587e+18
2010-06-13,5.783028735153193e+18
2010-06-14,5.779813857694574e+18
2010-06-15,5.77981385769457e+18
2010-06-16,5.779545951239687e+18
2010-06-17,5.779144091557361e+18
2010-06-18,5.786779425521588e+18
2010-06-19,5.786779425521588e+18
2010-06-20,5.786444542452982e+18
2010-06-21,5.786377565839261e+18
2010-06-22,5.777938512510376e+18
2010-06-23,5.786444542452982e+18
2010-06-24,5.496311243012504e+18
2010-06-25,5.183400864216047e+18
2010-06-26,5.17962130108589e+18
2010-06-27,5.179201349626985e+18
2010-06-28,5.179561308020333e+18
2010-06-29,5.180941148528167e+18
2010-06-30,5.176260945500628e+18
2010-07-01,5.177341564594686e+18
2010-07-02,5.179741287217009e+18
2010-07-03,5.176441668611315e+18
2010-07-04,5.178601418971405e+18
2010-07-05,5.176081710217968e+18
2010-07-06,4.3450842316114145e+18
2010-07-07,4.2733530755872717e+18
2010-07-08,4.278504797197382e+18
2010-07-09,4.2782075824891075e+18
2010-07-10,4.276325222670029e+18
2010-07-11,4.273848433434397e+18
2010-07-12,4.276374758454741e+18
2010-07-13,2.83259365636107e+18
2010-07-14,2.2090431104728806e+18
2010-07-15,2.2088325688994693e+18
2010-07-16,1.6118104768814354e+18
2010-07-17,5.535783566445342e+17
2010-07-18,5.5373760689252986e+17
2010-07-19,5.534333935309151e+17
2010-07-20,5.5363928216684646e+17
2010-07-21,5.535238564851686e+17
2010-07-22,5.530172659933613e+17
2010-07-23,5.5321662794824736e+17
2010-07-24,5.538701335302018e+17
2010-07-25,5.5414389759698963e+17
2010-07-26,5.5324632825865056e+17
2010-07-27,4.199564414222709e+17
2010-07-28,4.116188712961105e+17
2010-07-29,4.119055606809578e+17
2010-07-30,4.112486991979903e+17
2010-07-31,4.112811182992433e+17
2010-08-01,4.11298699779252e+17
2010-08-02,4.118433776718695e+17
2010-08-03,4.111974582552789e+17
2010-08-04,4.112212930256392e+17
2010-08-05,3.8792457678637536e+17
2010-08-06,2.8524895549141526e+17
2010-08-07,2.8548608742507824e+17
2010-08-08,2.8550349743271533e+17
2010-08-09,2.8528275866121987e+17
2010-08-10,2.8539110228980362e+17
2010-08-11,2.8498780207112045e+17
2010-08-12,2.8550349743271533e+17
2010-08-13,2.850043307686075e+17
2010-08-14,2.8517622922247248e+17
2010-08-15,2.5770003824204826e+17
2010-08-16,1.963031835820878e+17
2010-08-17,1.9631258782422387e+17
2010-08-18,1.9639504452499818e+17
2010-08-19,1.9653778737225456e+17
2010-08-20,1.9624434553694182e+17
2010-08-21,1.9637173113986832e+17
2010-08-22,1.9627391719476403e+17
2010-08-23,1.962306970794854e+17
2010-08-24,1.9613155468452205e+17
2010-08-25,1.9653778737225456e+17
2010-08-26,1.9451497265560464e+17
2010-08-27,1.6126492473436893e+17
2010-08-28,1.6127426207935146e+17
2010-08-29,1.6125269620121917e+17
2010-08-30,1.611158427766426e+17
2010-08-31,1.611582476791118e+17
2010-09-01,1.6125723078340925e+17
2010-09-02,1.611024552948241e+17
2010-09-03,1.6109498543553472e+17
2010-09-04,1.6123131036756653e+17
2010-09-05,1.6115307218184813e+17
2010-09-06,1.611024552968634e+17
2010-09-07,1.6134896065137482e+17
2010-09-08,1.4421302997242848e+17
2010-09-09,1.4109498207805264e+17
2010-09-10,1.4105349037750678e+17
2010-09-11,1.4109268278779843e+17
2010-09-12,1.4105588111303797e+17
2010-09-13,1.4101919701716246e+17
2010-09-14,1.4088868894562176e+17
2010-09-15,1.4102572908416069e+17
2010-09-16,1.4090651883134232e+17
2010-09-17,1.4096204141484678e+17
2010-09-18,1.4087926442811714e+17
2010-09-19,1.1250554263097773e+17
2010-09-20,1.0942902039189157e+17
2010-09-21,1.0951653824198613e+17
2010-09-22,1.0946580325588885e+17
2010-09-23,1.0951907498995386e+17
2010-09-24,1.0931359830141742e+17
2010-09-25,1.0947848700209482e+17
2010-09-26,1.0946707163050946e+17
2010-09-27,1.0931379007966006e+17
2010-09-28,1.0268615944551229e+17
2010-09-29,7.626714242472947e+16
2010-09-30,7.617532875633994e+16
2010-10-01,7.627622067775626e+16
2010-10-02,7.627608916640581e+16
2010-10-03,7.625487997666062e+16
2010-10-04,7.61806257086057e+16
2010-10-05,7.619651652596827e+16
2010-10-06,7.623624360374043e+16
2010-10-07,7.627597066207461e+16
2010-10-08,7.627067371966754e+16
2010-10-09,7.615943792911864e+16
2010-10-10,7.621417300065858e+16
2010-10-11,7.622035277725054e+16
2010-10-12,7.373464295017222e+16
2010-10-13,7.285813827061182e+16
2010-10-14,7.291015238430512e+16
2010-10-15,7.297013292795014e+16
2010-10-16,7.279779446451933e+16
2010-10-17,7.299040804129496e+16
2010-10-18,7.2782705049331e+16
2010-10-19,7.281300079952794e+16
2010-10-20,7.292958270126058e+16
2010-10-21,5.119572954919697e+16
2010-10-22,4.680075950818356e+16
2010-10-23,4.673656271665825e+16
2010-10-24,4.675254704439871e+16
2010-10-25,4.673629565211167e+16
2010-10-26,4.673792079134038e+16
2010-10-27,4.673087852134934e+16
2010-10-28,4.6742254495950264e+16
2010-10-29,4.675038019209377e+16
2010-10-30,4.588819605365732e+16
2010-10-31,3.2486856070234596e+16
2010-11-01,3.2523756692581932e+16
2010-11-02,3.247254766565094e+16
2010-11-03,3.2480078404905492e+16
2010-11-04,3.2468405759060936e+16
2010-11-05,3.2489868365936428e+16
2010-11-06,3.250568291837098e+16
2010-11-07,3.2486856070234596e+16
2010-11-08,3.2515929392815532e+16
2010-11-09,2.7389153656887896e+16
2010-11-10,2.214053952425845e+16
2010-11-11,2.2143362427008576e+16
2010-11-12,2.2162096236168484e+16
2010-11-13,2.2147211839849652e+16
2010-11-14,2.2139769641690236e+16
2010-11-15,2.217368225026306e+16
2010-11-16,2.214336242700858e+16
2010-11-17,2.215876007837288e+16
2010-11-18,2.0443856186584224e+16
2010-11-19,1.4647647516557506e+16
2010-11-20,1.4633738909840808e+16
2010-11-21,1.4646276348624108e+16
2010-11-22,1.4646802302060872e+16
2010-11-23,1.4645104820571812e+16
2010-11-24,1.4643736907636476e+16
2010-11-25,1.463681081426133e+16
2010-11-26,1.4636182362291854e+16
2010-11-27,1.4647523826631168e+16
2010-11-28,1.4637997532304576e+16
2010-11-29,1.4633462201099354e+16
2010-11-30,1.4010999099370336e+16
2010-12-01,1.2435641103055388e+16
2010-12-02,1.2435667561753652e+16
2010-12-03,1.2447274312481714e+16
2010-12-04,1.2441508570266106e+16
2010-12-05,1.2433745962764346e+16
2010-12-06,1.2433617263368798e+16
2010-12-07,1.2433800219926668e+16
2010-12-08,1.2450329312179806e+16
2010-12-09,1.2210597959209544e+16
2010-12-10,8199034909978485.0
2010-12-11,8197736427314837.0
2010-12-12,8205370556363779.0
2010-12-13,8207968619267224.0
2010-12-14,8205274923971108.0
2010-12-15,8194357354092881.0
2010-12-16,8202665698244630.0
2010-12-17,8202134026396586.0
2010-12-18,8199689718817334.0
2010-12-19,8199725016815995.0
2010-12-20,8203586789611845.0
2010-12-21,7977128264241411.0
2010-12-22,6940470564324236.0
2010-12-23,6934343015959433.0
2010-12-24,6935082370321731.0
2010-12-25,6940530157789975.0
2010-12-26,6934377108915122.0
2010-12-27,6937966535636798.0
2010-12-28,6941121992324331.0
2010-12-29,6936007236449462.0
2010-12-30,6941112950781597.0
2010-12-31,6940012204771538.0
2011-01-01,6939337189790072.0
2011-01-02,6934355112148599.0
2011-01-03,6312901840949390.0
2011-01-04,6160235622858295.0
2011-01-05,6167564242549569.0
2011-01-06,6160280880816302.0
2011-01-07,6158249616277633.0
2011-01-08,6165075465983931.0
2011-01-09,6167310239234424.0
2011-01-10,6164115620582252.0
2011-01-11,6163950216741993.0
2011-01-12,6163778024144601.0
2011-01-13,6160224624695487.0
2011-01-14,6163464964639439.0
2011-01-15,5843538322510645.0
2011-01-16,5449290245123920.0
2011-01-17,5451415042508621.0
2011-01-18,5448507647472849.0
2011-01-19,5452741170207852.0
2011-01-20,5449304974363519.0
2011-01-21,5449267826314772.0
2011-01-22,5447022284655174.0
2011-01-23,5453002383078815.0
2011-01-24,5448611838217599.0
2011-01-25,5447053289648879.0
2011-01-26,5455364322299538.0
2011-01-27,4897810113230430.0
2011-01-28,4562429254916835.0
2011-01-29,4564125983025663.0
2011-01-30,4564044721269936.0
2011-01-31,4567668509435078.0
2011-02-01,4562623191301448.0
2011-02-02,4566760367190223.0
2011-02-03,4569471659571530.0
2011-02-04,4565731730237423.0
2011-02-05,4563004152798086.0
2011-02-06,4568168844881898.0
2011-02-07,4562906623103328.0
2011-02-08,4020921150439630.0
2011-02-09,3868912572227190.0
2011-02-10,3864950155088505.0
2011-02-11,3864794808145110.0
2011-02-12,3862013900163001.0
2011-02-13,3865755809388981.0
2011-02-14,3862801269985218.0
2011-02-15,3868969894974695.0
2011-02-16,3864783966677350.0
2011-02-17,3868658848510200.0
2011-02-18,2946596866580465.0
2011-02-19,2755590147067212.0
2011-02-20,2756482748191132.0
2011-02-21,2756607433666068.0
2011-02-22,2755565214124349.0
2011-02-23,2754501151529376.0
2011-02-24,2756184351549986.0
2011-02-25,2758826779602906.0
2011-02-26,2758454876584742.0
2011-02-27,2242290157785460.0
2011-02-28,1809509893378693.0
2011-03-01,1807827008858584.0
2011-03-02,1808464245298504.0
2011-03-03,1808747923604480.0
2011-03-04,1805104874166640.0
2011-03-05,1804399684055913.0
2011-03-06,1808186440834108.0
2011-03-07,1808293726944026.0
2011-03-08,1810019778160120.0
2011-03-09,1605564499875120.0
2011-03-10,1319883199188294.0
2011-03-11,1320225864751437.0
2011-03-12,1320098699851646.0
2011-03-13,1319683420650412.0
2011-03-14,1319797751670850.0
2011-03-15,1319810421655366.0
2011-03-16,1319852673145444.0
2011-03-17,1318722314029894.0
2011-03-18,1320409949516705.0
2011-03-19,1319857321807567.0
2011-03-20,1319216302341014.0
2011-03-21,1319884463287630.0
2011-03-22,1322357090325574.0
2011-03-23,1322386283847542.0
2011-03-24,1320570222112580.0
2011-03-25,1444730335251570.0
2011-03-26,1458946468999298.0
2011-03-27,1459007759618278.0
2011-03-28,1458146791702909.0
2011-03-29,1458634851528976.0
2011-03-30,1456735062139229.0
2011-03-31,1455873409971016.0
2011-04-01,1456053766690479.0
2011-04-02,1458635776064517.0
2011-04-03,1456789212751255.0
2011-04-04,1457939883586041.0
2011-04-05,1437695150932630.0
2011-04-06,1220637453625503.0
2011-04-07,1220398306090980.0
2011-04-08,1220946046774493.0
2011-04-09,1220263402110889.0
2011-04-10,1221180484126367.0
2011-04-11,1221984328680578.0
2011-04-12,1222033545922428.0
2011-04-13,1220992563056826.0
2011-04-14,1223639849530411.0
2011-04-15,1221354638981139.0
2011-04-16,1220955753510948.0
2011-04-17,1221764757116531.0
2011-04-18,1123551363347261.0
2011-04-19,1089900321311736.0
2011-04-20,1090257474098193.0
2011-04-21,1088276644475901.0
2011-04-22,1087813169125360.0
2011-04-23,1089137840468883.0
2011-04-24,1088763192734984.0
2011-04-25,1090165203115677.0
2011-04-26,1089559271217144.0
2011-04-27,1089970296669600.0
2011-04-28,1088341506270340.0
2011-04-29,1089984972508213.0
2011-04-30,934269572681213.4
2011-05-01,917004286304237.1
2011-05-02,916377246379651.8
2011-05-03,915891228777124.0
2011-05-04,916521384291354.6
2011-05-05,916723506810750.6
2011-05-06,917013352861003.2
2011-05-07,916031953396308.8
2011-05-08,916551112872069.1
2011-05-09,870694165513135.2
2011-05-10,639352607160697.5
2011-05-11,638991814986488.8
2011-05-12,639203832929886.1
2011-05-13,639073119336807.8
2011-05-14,639681944505810.8
2011-05-15,638640773783424.4
2011-05-16,638259430842562.9
2011-05-17,639290438923229.1
2011-05-18,619686470564057.6
2011-05-19,412601542617688.6
2011-05-20,411923924663581.5
2011-05-21,412060321500659.8
2011-05-22,412384259079615.2
2011-05-23,412334327566333.8
2011-05-24,411241181111536.0
2011-05-25,411959131844800.3
2011-05-26,361707751391415.3
2011-05-27,231510027012716.5
2011-05-28,231532301715931.3
2011-05-29,231644913810052.9
2011-05-30,231835747908788.0
2011-05-31,231905624402738.3
2011-06-01,231593286764333.4
2011-06-02,231491067988844.4
2011-06-03,231499844418653.6
2011-06-04,231525284605091.3
2011-06-05,231602330752271.4
2011-06-06,207746788897649.8
2011-06-07,177834526579875.3
2011-06-08,178151141264224.2
2011-06-09,177916128857521.6
2011-06-10,177717390011267.5
2011-06-11,177363540141096.5
2011-06-12,177593481807121.4
2011-06-13,177593237449797.9
2011-06-14,177425113712789.9
2011-06-15,146240471616491.9
2011-06-16,115101970489567.8
2011-06-17,114949114057326.2
2011-06-18,114873746653138.9
2011-06-19,114830238283205.5
2011-06-20,114822580308649.1
2011-06-21,114689042367460.3
2011-06-22,114745588673325.3
2011-06-23,114834644624249.9
2011-06-24,94355382283950.58
2011-06-25,73143928986205.31
2011-06-26,73066744050015.88
2011-06-27,73123027812551.92
2011-06-28,73109742428409.78
2011-06-29,73050856860496.55
2011-06-30,73006462169589.92
2011-07-01,73024420244645.17
2011-07-02,73021305884717.89
2011-07-03,72958020709690.42
2011-07-04,73032265460272.56
2011-07-05,73057580171126.0
2011-07-06,71645490830977.0
2011-07-07,64435966834261.9
2011-07-08,64376099918941.83
2011-07-09,64367062303322.3
2011-07-10,64401641946207.62
2011-07-11,64435837956117.3
2011-07-12,64387403419840.26
2011-07-13,64401236039089.61
2011-07-14,64470969019202.06
2011-07-15,64440434788249.07
2011-07-16,64405384780551.63
2011-07-17,64413287045882.66
2011-07-18,64419378855564.39
2011-07-19,63595413942904.09
2011-07-20,59489727547211.71
2011-07-21,59511282818150.29
2011-07-22,59572315979941.34
2011-07-23,59469182172688.96
2011-07-24,59502924742689.72
2011-07-25,59499838618389.45
2011-07-26,59427639952745.76
2011-07-27,59479562922377.93
2011-07-28,59498017616678.27
2011-07-29,59442835794265.17
2011-07-30,59485558650098.59
2011-07-31,59445043705030.66
2011-08-01,55639969801104.62
2011-08-02,53300300318985.71
2011-08-03,53277364303271.2
2011-08-04,53255742310890.51
2011-08-05,53288796940889.07
2011-08-06,53448128127051.63
2011-08-07,53252362323468.32
2011-08-08,53290155615110.05
2011-08-09,53267504790851.95
2011-08-10,53288416346726.68
2011-08-11,53252373633401.88
2011-08-12,53258260700996.78
2011-08-13,53259726641112.54
2011-08-14,53291411840567.78
2011-08-15,53308312170686.04
2011-08-16,55706535847857.26
2011-08-17,55732337080218.76
2011-08-18,55748725069241.58
2011-08-19,55723160291332.11
2011-08-20,55701347489423.7
2011-08-21,55742535787940.21
2011-08-22,55726258874595.73
2011-08-23,55711051389585.2
2011-08-24,55708090627558.58
2011-08-25,55752426206775.46
2011-08-26,55666862266945.15
2011-08-27,55733365894115.99
2011-08-28,55684336618875.4
2011-08-29,55738418050678.53
2011-08-30,56409390954594.3
2011-08-31,56578533135272.04
2011-09-01,56562283935313.05
2011-09-02,56541021829827.93
2011-09-03,56525936534651.06
2011-09-04,56593114146362.66
2011-09-05,56587682527860.62
2011-09-06,56608489729640.94
2011-09-07,56619445227041.68
2011-09-08,56554026253377.12
2011-09-09,56630398850538.0
2011-09-10,56569199163532.66
2011-09-11,56607707656895.34
2011-09-12,56569279145701.34
2011-09-13,56941621873114.99
2011-09-14,57252306430531.02
2011-09-15,57264427116511.27
2011-09-16,57330592899018.73
2011-09-17,57273353792489.35
2011-09-18,57249679780479.53
2011-09-19,57325205361399.82
2011-09-20,57338771006054.57
2011-09-21,57263244060572.13
2011-09-22,57250604972247.07
2011-09-23,57279635655848.84
2011-09-24,57292205509093.84
2011-09-25,57299714208796.19
2011-09-26,57254420604594.72
2011-09-27,57348435372550.01
2011-09-28,59498856840526.2
2011-09-29,59555114043131.97
2011-09-30,59558583605694.16
2011-10-01,59550941899848.24
2011-10-02,59567078191310.96
2011-10-03,59527922324063.54
2011-10-04,59545880506025.15
2011-10-05,59486284338351.11
2011-10-06,59615174142259.26
2011-10-07,59568692268458.69
2011-10-08,59568952934311.68
2011-10-09,59539894330409.84
2011-10-10,59535077921675.88
2011-10-11,59604911798076.74
2011-10-12,59585853457368.83
2011-10-13,59542706421610.99
2011-10-14,67961635984078.54
2011-10-15,68459806928363.01
2011-10-16,68539987737840.72
2011-10-17,68538640402815.45
2011-10-18,68540944565660.29
2011-10-19,68475558524754.8
2011-10-20,68551641516543.95
2011-10-21,68533350816812.82
2011-10-22,68497953552275.73
2011-10-23,68547394257595.75
2011-10-24,68513701084615.97
2011-10-25,68458378647877.23
2011-10-26,68501117256698.26
2011-10-27,68544581341021.56
2011-10-28,68476114347616.57
2011-10-29,68495968615127.67
2011-10-30,68515009227406.5
2011-10-31,81363024818697.23
2011-11-01,83632552560714.42
2011-11-02,83607912822977.05
2011-11-03,83592620755043.78
2011-11-04,83506307262993.16
2011-11-05,83509053168271.14
2011-11-06,83605379472723.42
2011-11-07,83552300746861.36
2011-11-08,83499814801688.1
2011-11-09,83511343621499.44
2011-11-10,83512962281636.83
2011-11-11,83601478762081.64
2011-11-12,83579705379399.34
2011-11-13,83610905523594.36
2011-11-14,84102743992512.2
2011-11-15,84273288673198.17
2011-11-16,84393460554760.16
2011-11-17,84301808789725.86
2011-11-18,84307864628471.45
2011-11-19,84336541787090.2
2011-11-20,84365429342509.03
2011-11-21,84362542983908.97
2011-11-22,84362467678262.55
2011-11-23,84288990782187.8
2011-11-24,84339624996145.97
2011-11-25,84399916644039.81
2011-11-26,84386198151130.75
2011-11-27,84284476529737.62
2011-11-28,84347712651642.05
2011-11-29,87528038413714.22
2011-11-30,92201232083442.52
2011-12-01,92121777437324.42
2011-12-02,92153583252883.5
2011-12-03,92205396720487.86
2011-12-04,92213128209533.55
2011-12-05,92111387840566.02
2011-12-06,92215065033933.27
2011-12-07,92256185926731.64
2011-12-08,92102881216566.02
2011-12-09,92136533032214.52
2011-12-10,92254273548039.81
2011-12-11,94818912103022.28
2011-12-12,93833548472979.94
2011-12-13,87062696526440.75
2011-12-14,87016880241693.25
2011-12-15,87155127057677.5
2011-12-16,87097494633621.89
2011-12-17,87123801644485.3
2011-12-18,87119326860930.05
2011-12-19,87063825508519.78
2011-12-20,87053676478381.55
2011-12-21,87001528941895.23
2011-12-22,87005487918060.73
2011-12-23,87005136986502.7
2011-12-24,86982767844599.25
2011-12-25,87014308912773.53
2011-12-26,87002238481499.17
2011-12-27,86624949870814.03
2011-12-28,86684586924913.95
2011-12-29,86754842138681.27
2011-12-30,86691123868874.25
2011-12-31,86731811378940.28
2012-01-01,86646458534059.52
2012-01-02,86750270596799.7
2012-01-03,86709720194024.3
2012-01-04,86750130637613.14
2012-01-05,86670351293061.23
2012-01-06,86735229623583.3
2012-01-07,86652410173532.42
2012-01-08,85350118279000.64
2012-01-09,80353307275594.8
2012-01-10,80372779210901.67
2012-01-11,80376867767254.47
2012-01-12,80784397603347.81
2012-01-13,80511337898587.03
2012-01-14,80554616792212.6
2012-01-15,80497362830863.19
2012-01-16,80659158043083.62
2012-01-17,80449319270177.8
2012-01-18,80553570109190.7
2012-01-19,80711503849014.31
2012-01-20,80571175249127.23
2012-01-21,80333343535917.67
2012-01-22,77431456864066.53
2012-01-23,76921896617141.97
2012-01-24,76937582299042.3
2012-01-25,76888301991225.9
2012-01-26,76995524371488.2
2012-01-27,77053241284612.19
2012-01-28,76874776190004.97
2012-01-29,78878632452221.06
2012-01-30,77121537246609.88
2012-01-31,76987165554321.89
2012-02-01,76867194992088.08
2012-02-02,76968534173439.44
2012-02-03,76862251809927.84
2012-02-04,74754841611360.19
2012-02-05,72894450478974.52
2012-02-06,72851339455271.36
2012-02-07,72899375183825.42
2012-02-08,72850619999435.61
2012-02-09,72873755457599.16
2012-02-10,72938716978965.83
2012-02-11,72832446703856.0
2012-02-12,72828728973147.66
2012-02-13,72884648557376.02
2012-02-14,73057940313785.3
2012-02-15,72883199644974.58
2012-02-16,72999509055807.39
2012-02-17,72885224674305.52
2012-02-18,72997749571900.89
2012-02-19,72994780435756.17
2012-02-20,73108002284313.97
2012-02-21,73036995800810.0
2012-02-22,73060010177703.58
2012-02-23,73058338520292.14
2012-02-24,73016054918015.86
2012-02-25,73020754776617.53
2012-02-26,73115263962472.23
2012-02-27,73130596622177.12
2012-02-28,73117088576703.73
2012-02-29,73006487250334.2
2012-03-01,73123265684814.66
2012-03-02,69539373905762.51
2012-03-03,67166706911144.24
2012-03-04,67206730452006.16
2012-03-05,67141373457564.25
2012-03-06,67167549278281.7
2012-03-07,67220981910793.38
2012-03-08,67122954519614.49
2012-03-09,67186305234179.49
2012-03-10,67144553450775.05
2012-03-11,67138781402263.78
2012-03-12,67158800406527.75
2012-03-13,67285609758662.57
2012-03-14,67171322391646.94
2012-03-15,67226049809427.41
2012-03-16,67142700848870.23
2012-03-17,67128588495153.37
2012-03-18,67158647765544.03
2012-03-19,67149456617979.98
2012-03-20,67172005321419.34
2012-03-21,67057661928430.92
2012-03-22,67057708923055.34
2012-03-23,67106634905252.07
2012-03-24,67159398086024.51
2012-03-25,67151720269297.35
2012-03-26,67140716089372.02
2012-03-27,67065689012203.9
2012-03-28,67175783482180.97
2012-03-29,63069601048910.55
2012-03-30,61869020610969.26
2012-03-31,61842231297011.91
2012-04-01,61825444045233.9
2012-04-02,61813914077615.6
2012-04-03,61825779411721.2
2012-04-04,61818089222119.98
2012-04-05,61850898818390.99
2012-04-06,61853157141707.64
2012-04-07,61802676337385.99
2012-04-08,61870104119665.22
2012-04-09,61788969082639.23
2012-04-10,61817314672216.96
2012-04-11,61806669829979.87
2012-04-12,62369736830829.73
2012-04-13,63746892772766.67
2012-04-14,63740209770128.39
2012-04-15,63750605546165.59
2012-04-16,63795016033560.18
2012-04-17,63807683673987.95
2012-04-18,63746065212704.7
2012-04-19,63754785850752.7
2012-04-20,63799554219464.41
2012-04-21,63780596666554.26
2012-04-22,63773753554407.84
2012-04-23,63784628501867.32
2012-04-24,63795908530901.19
2012-04-25,63770162302981.45
2012-04-26,63798234501587.4
2012-04-27,65889171316488.1
2012-04-28,66684232949397.83
2012-04-29,66609496087855.2
2012-04-30,66617469097009.3
2012-05-01,66695325208107.0
2012-05-02,66735069741615.22
2012-05-03,66730723793253.76
2012-05-04,66679669510816.8
2012-05-05,66689152381931.62
2012-05-06,66628245515955.41
2012-05-07,66748351117585.97
2012-05-08,66643535863634.3
2012-05-09,62677390687544.38
2012-05-10,58045639112945.97
2012-05-11,58113678041746.77
2012-05-12,58105773361631.24
2012-05-13,58117195831397.76
2012-05-14,58210396261645.26
2012-05-15,58161007668727.82
2012-05-16,58153507368200.41
2012-05-17,58085368725808.24
2012-05-18,58085673200774.6
2012-05-19,58193829221817.8
2012-05-20,58192944569265.96
2012-05-21,58152371644566.46
2012-05-22,58138071825325.5
2012-05-23,58149392407649.95
2012-05-24,59364664680556.93
2012-05-25,63413929764450.32
2012-05-26,63308789325524.01
2012-05-27,63310346297686.35
2012-05-28,63343488991457.52
2012-05-29,63321195599013.87
2012-05-30,63346925327617.09
2012-05-31,63322886181439.41
2012-06-01,63306535073689.62
2012-06-02,63273273483463.55
2012-06-03,63330228508239.08
2012-06-04,63403755850481.41
2012-06-05,63394589251985.65
2012-06-06,63230922614229.06
2012-06-07,63424680805596.81
2012-06-08,63601277345391.21
2012-06-09,63672344807867.75
2012-06-10,63667153381102.07
2012-06-11,63683129447307.73
2012-06-12,63526749387462.2
2012-06-13,63853641606591.54
2012-06-14,63749994769945.25
2012-06-15,63753905887235.63
2012-06-16,63659679679077.52
2012-06-17,63637341007953.22
2012-06-18,63642472712090.04
2012-06-19,63668422157910.85
2012-06-20,62003593067272.62
2012-06-21,58498373480553.4
2012-06-22,58422633257108.84
2012-06-23,58290050630727.68
2012-06-24,58338215665598.53
2012-06-25,58373934126040.49
2012-06-26,58311712228819.62
2012-06-27,58379137375352.29
2012-06-28,58329243387218.35
2012-06-29,58273427381235.36
2012-06-30,58330364309288.82
2012-07-01,58291986255978.73
2012-07-02,58353501971398.8
2012-07-03,58345928237276.83
2012-07-04,57913871888310.98
2012-07-05,57529081166192.67
2012-07-06,57506262107506.84
2012-07-07,57671321721479.51
2012-07-08,57442619794754.73
2012-07-09,57533480711167.55
2012-07-10,57612163058814.92
2012-07-11,57523171379275.48
2012-07-12,57531764752944.69
2012-07-13,57522979245735.05
2012-07-14,57468149399563.77
2012-07-15,57559243658706.72
2012-07-16,57591137178935.35
2012-07-17,56133280263902.62
2012-07-18,54034542601594.59
2012-07-19,54052799575423.89
2012-07-20,54091752495935.41
2012-07-21,53977027142016.98
2012-07-22,53976856071397.19
2012-07-23,53990066530111.71
2012-07-24,53933628084750.11
2012-07-25,53993312107756.74
2012-07-26,53981918582570.28
2012-07-27,53951921306095.06
2012-07-28,53968899445008.0
2012-07-29,53961490310391.35
2012-07-30,51587382520251.03
2012-07-31,49500273629345.33
2012-08-01,49473859009758.55
2012-08-02,49444352836988.86
2012-08-03,49506072474627.8
2012-08-04,49413890190816.91
2012-08-05,49521877836815.99
2012-08-06,49550785558828.17
2012-08-07,49421988887482.95
2012-08-08,49652693741594.45
2012-08-09,49463969309252.65
2012-08-10,49591938307091.95
2012-08-11,49470889273004.62
2012-08-12,47641952808140.55
2012-08-13,46056725431339.95
2012-08-14,46004368179519.38
2012-08-15,46064321237772.23
2012-08-16,46075893413727.07
2012-08-17,46109040092215.2
2012-08-18,46005811361587.81
2012-08-19,45949589934132.91
2012-08-20,46004321306173.96
2012-08-21,46001550343249.35
2012-08-22,45974182552163.65
2012-08-23,45970065745691.84
2012-08-24,45967695150962.21
2012-08-25,41688762683371.8
2012-08-26,41248056212053.67
2012-08-27,41315571236749.19
2012-08-28,41335234464583.45
2012-08-29,41307153414826.77
2012-08-30,41364451752836.67
2012-08-31,41381515349490.59
2012-09-01,41342667635359.97
2012-09-02,41300034581173.34
2012-09-03,41365085105765.39
2012-09-04,41319709578508.24
2012-09-05,41331592127620.83
2012-09-06,40477632565844.34
2012-09-07,37403136853371.84
2012-09-08,37395557128942.88
2012-09-09,37411508850187.18
2012-09-10,37454961561331.23
2012-09-11,37439522781809.54
2012-09-12,37405812772612.91
2012-09-13,37413595978653.6
2012-09-14,37405014589410.75
2012-09-15,37411607638895.04
2012-09-16,37358653309393.16
2012-09-17,37379430586598.54
2012-09-18,37408932617859.8
2012-09-19,37185495207986.8
2012-09-20,35175030536959.01
2012-09-21,35223096488013.39
2012-09-22,35165770636898.68
2012-09-23,35145023218322.04
2012-09-24,35203509830553.34
2012-09-25,35157638180010.69
2012-09-26,35207920105725.44
2012-09-27,35145931607733.53
2012-09-28,35327944220395.56
2012-09-29,35158211099880.69
2012-09-30,35142944970249.23
2012-10-01,35178003339335.68
2012-10-02,35218004099900.96
2012-10-03,33174024267887.17
2012-10-04,33560564285290.16
2012-10-05,33046381711885.32
2012-10-06,32998076703248.0
2012-10-07,33057689325921.95
2012-10-08,33002052928864.25
2012-10-09,33022921884684.09
2012-10-10,32982309976306.39
2012-10-11,33030992359573.63
2012-10-12,32969107967156.27
2012-10-13,32977330127891.44
2012-10-14,33001486374153.0
2012-10-15,32997011562455.04
2012-10-16,33000797007703.36
2012-10-17,33021763655487.23
2012-10-18,32790417783264.94
2012-10-19,32814864064901.33
2012-10-20,32762699396079.7
2012-10-21,32799647472762.35
2012-10-22,32824558643777.16
2012-10-23,32813745648495.39
2012-10-24,32803971606534.98
2012-10-25,32804067189172.85
2012-10-26,32770916667376.06
2012-10-27,32737879109058.11
2012-10-28,32758146021762.42
2012-10-29,32760252701815.73
2012-10-30,30530399963497.2
2012-10-31,30536524832781.71
2012-11-01,30497507276850.09
2012-11-02,30544808951295.21
2012-11-03,30477388415298.42
2012-11-04,30497453722042.96
2012-11-05,30537490789191.8
2012-11-06,30555292095330.07
2012-11-07,30535191803044.89
2012-11-08,30537113342155.09
2012-11-09,30494564875708.93
2012-11-10,30530573491044.03
2012-11-11,30472480107943.55
2012-11-12,30339539896180.64
2012-11-13,29938115332475.78
2012-11-14,29943853715700.09
2012-11-15,29982504709986.02
2012-11-16,29945577172069.62
2012-11-17,29959740068171.35
2012-11-18,29929133862849.51
2012-11-19,29932203197471.33
2012-11-20,29933209192071.1
2012-11-21,29956211766448.48
2012-11-22,29948223126486.06
2012-11-23,29951440217878.35
2012-11-24,29933801010292.7
2012-11-25,29938622432954.97
2012-11-26,29646058690127.78
2012-11-27,29532940603690.64
2012-11-28,29377682647794.46
2012-11-29,14715126518423.1
2012-11-30,14725410270660.43
2012-12-01,14703886177584.69
2012-12-02,14681715659436.72
2012-12-03,14678131524173.42
2012-12-04,14763085846780.05
2012-12-05,14750665382201.5
2012-12-06,14741868419773.21
2012-12-07,14717684564145.07
2012-12-08,14731497114350.3
2012-12-09,14721803043239.03
2012-12-10,14815802450623.49
2012-12-11,15048574624511.51
2012-12-12,15039999483334.65
2012-12-13,15115684849649.93
2012-12-14,15101528560189.68
2012-12-15,15030988118918.11
2012-12-16,15064745317073.8
2012-12-17,15046257338549.7
2012-12-18,15109189052014.38
2012-12-19,15058412885553.5
2012-12-20,15096289163116.22
2012-12-21,15081766773745.64
2012-12-22,15063183558530.46
2012-12-23,15072144496055.81
2012-12-24,15036716919233.58
2012-12-25,15017981603866.38
2012-12-26,15921320326267.02
2012-12-27,17012194591436.34
2012-12-28,17019670637659.94
2012-12-29,17018453979860.24
2012-12-30,17005109159681.92
2012-12-31,16956774597913.35
2013-01-01,16973633516606.32
2013-01-02,16998599160317.08
2013-01-03,17024688086607.2
2013-01-04,17026948134374.98
2013-01-05,17007188340683.76
2013-01-06,17016057598046.8
2013-01-07,17013347830985.79
2013-01-08,16272832503604.45
2013-01-09,15618074618783.68
2013-01-10,16101699143568.45
2013-01-11,15691654644979.33
2013-01-12,15658122941093.37
2013-01-13,15643717104615.18
2013-01-14,15604913488588.18
2013-01-15,15647092258002.31
2013-01-16,15658339345173.83
2013-01-17,15680013884941.86
2013-01-18,15667734489543.33
2013-01-19,15730763950764.81
2013-01-20,15619038766777.5
2013-01-21,15602240346761.51
2013-01-22,15619051408160.34
2013-01-23,15985179560500.94
2013-01-24,17105164177120.39
2013-01-25,17127102962345.28
2013-01-26,17122019217535.13
2013-01-27,17148703078323.22
2013-01-28,17116981672726.08
2013-01-29,17126700006040.22
2013-01-30,17073269987067.13
2013-01-31,17082387630374.47
2013-02-01,17159060730143.45
2013-02-02,17245761271724.7
2013-02-03,17110721960606.79
2013-02-04,17099998997593.73
2013-02-05,16293581248972.62
2013-02-06,15469174850290.85
2013-02-07,15546562426756.35
2013-02-08,15549302353289.39
2013-02-09,15542821750855.56
2013-02-10,15507739533995.69
2013-02-11,15531090941785.58
2013-02-12,15553587797642.3
2013-02-13,15547446977034.04
2013-02-14,15525683625059.47
2013-02-15,15528637837371.7
2013-02-16,15514132834728.38
2013-02-17,15506620980402.34
2013-02-18,13956777904084.88
2013-02-19,13925318084460.11
2013-02-20,13896393313609.74
2013-02-21,13910042088508.41
2013-02-22,13940788376048.34
2013-02-23,13914585025065.74
2013-02-24,13912392191169.68
2013-02-25,13937163487513.21
2013-02-26,13950657168057.05
2013-02-27,13909562177085.97
2013-02-28,13966006973773.6
2013-03-01,13306075105750.64
2013-03-02,11659547870996.36
2013-03-03,11643177249737.68
2013-03-04,11639597630933.54
2013-03-05,11673249030905.23
2013-03-06,11972212568893.82
2013-03-07,11691432448782.41
2013-03-08,11651008042317.46
2013-03-09,11650424531601.11
2013-03-10,11664967616551.03
2013-03-11,11635771964233.04
2013-03-12,11741307546500.61
2013-03-13,11661761705579.96
2013-03-14,10890977313658.91
2013-03-15,10524431126538.56
2013-03-16,10433830052567.02
2013-03-17,10427306856812.98
2013-03-18,10454103185577.26
2013-03-19,10495626263685.08
2013-03-20,10435131278129.29
2013-03-21,10462011772486.66
2013-03-22,10489068349970.78
2013-03-23,10470859365730.31
2013-03-24,9085743004953.383
2013-03-25,7603432283186.068
2013-03-26,7598594581745.667
2013-03-27,7642251138589.966
2013-03-28,7609159206860.839
2013-03-29,7607239072758.821
2013-03-30,7615700724920.114
2013-03-31,7588774485538.907
2013-04-01,7570009686066.066
2013-04-02,7606893720825.849
2013-04-03,7621321158344.581
2013-04-04,7659166937645.939
2013-04-05,7272206903531.583
2013-04-06,6616062329891.484
2013-04-07,6640356742228.79
2013-04-08,6627609791657.834
2013-04-09,6615457614000.103
2013-04-10,6637872252765.027
2013-04-11,6658170759810.315
2013-04-12,6634226988376.282
2013-04-13,6612887337148.525
2013-04-14,6637494840216.497
2013-04-15,6662564273232.721
2013-04-16,6629563932021.076
2013-04-17,6376962453696.009
2013-04-18,5661520891005.89
2013-04-19,5688566085721.584
2013-04-20,5664095846983.019
2013-04-21,5635405038266.174
2013-04-22,5668057066820.962
2013-04-23,5682489959063.426
2013-04-24,5686853102191.827
2013-04-25,5679194552676.696
2013-04-26,5654213590645.449
2013-04-27,5656163598817.845
2013-04-28,5643900712635.646
2013-04-29,5656551342399.857
2013-04-30,5158405383868.325
2013-05-01,5043485419054.612
2013-05-02,5063260249447.405
2013-05-03,5052040277483.991
2013-05-04,5044723714458.727
2013-05-05,5029186422393.268
2013-05-06,5050058605917.633
2013-05-07,5043773245445.433
2013-05-08,5047842490855.33
2013-05-09,5063289973767.717
2013-05-10,5062386674175.249
2013-05-11,5051013533446.344
2013-05-12,4945139998315.728
2013-05-13,4550823334149.618
2013-05-14,4562111679193.098
2013-05-15,4566839209242.08
2013-05-16,4583259325308.937
2013-05-17,4551813258300.58
2013-05-18,4536385010289.634
2013-05-19,4546431793373.588
2013-05-20,4550773256858.604
2013-05-21,4549330303830.806
2013-05-22,4545969307912.431
2013-05-23,4548709152578.504
2013-05-24,4544687486879.222
2013-05-25,4436911812374.997
2013-05-26,4169583599192.929
2013-05-27,4176279218631.147
2013-05-28,4189037418568.296
2013-05-29,4187106224529.494
2013-05-30,4176050498553.77
2013-05-31,4174621821445.096
2013-06-01,4163589510200.15
2013-06-02,4177018336960.339
2013-06-03,4177271300528.288
2013-06-04,4173646591356.586
2013-06-05,3778747020065.26
2013-06-06,3249660421088.734
2013-06-07,3250083676916.483
2013-06-08,3253085882940.562
2013-06-09,3249500353485.334
2013-06-10,3244578582530.326
2013-06-11,3256782200222.15
2013-06-12,3244961745214.086
2013-06-13,3247363837678.604
2013-06-14,3248656091157.21
2013-06-15,3244502783987.163
2013-06-16,3174466936050.556
2013-06-17,2623120355642.221
2013-06-18,2627938924631.17
2013-06-19,2627878045375.528
2013-06-20,2647507164374.864
2013-06-21,2625642313189.635
2013-06-22,2628458159487.517
2013-06-23,2618036809718.564
2013-06-24,2627661763829.898
2013-06-25,2621356625424.86
2013-06-26,2621656281051.776
2013-06-27,2617783838779.238
2013-06-28,2628793244109.871
2013-06-29,2505604943975.601
2013-06-30,2372152028764.931
2013-07-01,2370307712032.336
2013-07-02,2377392618268.226
2013-07-03,2368772736460.469
2013-07-04,2367641360499.005
2013-07-05,2371011384568.208
2013-07-06,2372057074162.98
2013-07-07,2363898262144.627
2013-07-08,2373299079599.357
2013-07-09,2374763220700.47
2013-07-10,2369543190538.148
2013-07-11,1940386361752.255
2013-07-12,1937476504743.222
2013-07-13,1935846223998.567
2013-07-14,1931242461049.589
2013-07-15,1929671769035.047
2013-07-16,1936011942164.079
2013-07-17,1933988385318.9
2013-07-18,1940211624364.635
2013-07-19,1930733827374.352
2013-07-20,1931622638572.671
2013-07-21,1930971329461.627
2013-07-22,1862626324334.861
2013-07-23,1616733708324.759
2013-07-24,1622201292552.064
2013-07-25,1621716942397.171
2013-07-26,1614397521041.126
2013-07-27,1619214153660.393
2013-07-28,1617194056267.609
2013-07-29,1618650134145.778
2013-07-30,1619133082714.928
2013-07-31,1623014298060.111
2013-08-01,1622457167526.588
2013-08-02,1618731510534.324
2013-08-03,1481379359131.267
2013-08-04,1352507919526.227
2013-08-05,1352454732346.392
2013-08-06,1354553818583.677
2013-08-07,1352572994216.408
2013-08-08,1356345424133.571
2013-08-09,1355986915314.128
2013-08-10,1351136308015.522
2013-08-11,1353130543824.394
2013-08-12,1351269408884.522
2013-08-13,1271072949372.55
2013-08-14,999514854087.1434
2013-08-15,1004064041011.022
2013-08-16,1000294791336.709
2013-08-17,994200100607.684
2013-08-18,998354742795.9647
2013-08-19,1000390931176.605
2013-08-20,995293161409.021
2013-08-21,994436138293.4225
2013-08-22,996893706809.6221
2013-08-23,994782529708.5837
2013-08-24,901373479617.8885
2013-08-25,770771291162.163
2013-08-26,771693655836.083
2013-08-27,771735145240.283
2013-08-28,809065373099.033
2013-08-29,769024620988.26
2013-08-30,770593273093.4979
2013-08-31,768290635038.8627
2013-09-01,766474596961.8359
2013-09-02,769981520742.5348
2013-09-03,769189704597.7621
2013-09-04,619314813413.8202
2013-09-05,581902137154.1343
2013-09-06,582663095185.9558
2013-09-07,581574842262.4395
2013-09-08,582023788695.7797
2013-09-09,581145970593.5704
2013-09-10,581142231737.948
2013-09-11,581117335460.6769
2013-09-12,580895254644.1812
2013-09-13,580159500180.7067
2013-09-14,578602967174.1646
2013-09-15,448925142590.6549
2013-09-16,451271721554.0072
2013-09-17,476060882117.8187
2013-09-18,457605532755.325
2013-09-19,454411689615.7198
2013-09-20,448936635391.4012
2013-09-21,448912729186.7484
2013-09-22,448188409902.7256
2013-09-23,449413330567.6362
2013-09-24,448504765308.3137
2013-09-25,401768657614.9907
2013-09-26,339995834292.7732
2013-09-27,343931703007.4932
2013-09-28,339834127550.5725
2013-09-29,339834049061.5919
2013-09-30,340032580668.9526
2013-10-01,340741947954.6727
2013-10-02,340493603612.2112
2013-10-03,340288724613.6908
2013-10-04,339796724166.6173
2013-10-05,339097016579.0587
2013-10-06,307797561283.1459
2013-10-07,267506862667.2889
2013-10-08,266506506369.1648
2013-10-09,267122539900.9607
2013-10-10,267415945520.8773
2013-10-11,266989418939.3873
2013-10-12,266804535645.9163
2013-10-13,266528769269.6209
2013-10-14,266637504972.4087
2013-10-15,267028896751.6239
2013-10-16,230502247597.433
2013-10-17,189352234938.2091
2013-10-18,189344017744.9654
2013-10-19,188848094362.228
2013-10-20,188844172906.6487
2013-10-21,188962999089.5611
2013-10-22,188770947559.7039
2013-10-23,188938959158.8647
2013-10-24,189211018331.6924
2013-10-25,189136041425.1602
2013-10-26,135549664158.5675
2013-10-27,130122176672.216
2013-10-28,129375483008.6249
2013-10-29,129754112547.3068
2013-10-30,129407860044.8638
2013-10-31,129225862705.0368
2013-11-01,129392042428.4554
2013-11-02,129027022713.0873
2013-11-03,129741604988.8338
2013-11-04,129991147297.3283
2013-11-05,123164007241.6607
2013-11-06,101936954509.8768
2013-11-07,101936222712.1835
2013-11-08,101447561601.48
2013-11-09,99788220093.32152
2013-11-10,99434679452.53856
2013-11-11,99734361112.4451
2013-11-12,98676456173.43353
2013-11-13,98916219006.62326
2013-11-14,98901531489.68304
2013-11-15,98750377768.2409
2013-11-16,98640731431.93443
2013-11-17,92902501015.13278
2013-11-18,82964143736.67862
2013-11-19,83062599164.84036
2013-11-20,82893005811.63885
2013-11-21,83099310711.51556
2013-11-22,82908221463.36844
2013-11-23,82884570752.93408
2013-11-24,82813412811.3927
2013-11-25,82818857396.50343
2013-11-26,82978258030.51404
2013-11-27,83024951428.58453
2013-11-28,83014905369.07487
2013-11-29,79686259215.40901
2013-11-30,71286309887.51271
2013-12-01,71355444331.9046
2013-12-02,71418422292.42398
2013-12-03,71382635512.92056
2013-12-04,71401722637.95374
2013-12-05,71436531992.9542
2013-12-06,71288942097.71786
2013-12-07,71626794075.42302
2013-12-08,71246171776.39774
2013-12-09,71235691168.48903
2013-12-10,65092156094.41869
2013-12-11,55532221391.21077
2013-12-12,55526957925.29292
2013-12-13,55496523648.2918
2013-12-14,55458083053.94802
2013-12-15,55494344844.3308
2013-12-16,55428754338.01157
2013-12-17,55451189480.29259
2013-12-18,55551252380.76604
2013-12-19,55483515278.56548
2013-12-20,55522718454.65814
2013-12-21,47200395757.3254
2013-12-22,42681830716.16742
2013-12-23,42684939201.84301
2013-12-24,42687885218.76447
2013-12-25,42689355250.31123
2013-12-26,42651937677.40202
2013-12-27,42648810741.05724
2013-12-28,42718928881.03783
2013-12-29,42710334570.27059
2013-12-30,42666065752.71483
2013-12-31,42636852102.6571
2014-01-01,42617439164.4301
2014-01-02,35871559570.63493
2014-01-03,35533314266.71244
2014-01-04,35533523656.05219
2014-01-05,35503738555.81461
2014-01-06,35639753449.6195
2014-01-07,35568959642.32596
2014-01-08,35505109545.40352
2014-01-09,35508831802.57877
2014-01-10,35547025805.06902
2014-01-11,35500148157.9829
2014-01-12,35501922140.09624
2014-01-13,29134400466.09823
2014-01-14,28196890323.82705
2014-01-15,28171869708.07224
2014-01-16,28181740949.1478
2014-01-17,28190474427.57888
2014-01-18,28153758055.877
2014-01-19,28165476501.49669
2014-01-20,28186056229.75752
2014-01-21,28182392132.80066
2014-01-22,28189423201.65004
2014-01-23,28201714423.68577
2014-01-24,25980054829.01376
2014-01-25,22961772606.57375
2014-01-26,22977685695.91577
2014-01-27,22969211030.86836
2014-01-28,23006542813.92102
2014-01-29,22987113949.00908
2014-01-30,22950527341.60579
2014-01-31,22967818673.51188
2014-02-01,22972079775.11848
2014-02-02,22975817928.52364
2014-02-03,22968602908.85555
2014-02-04,22984754923.01731
2014-02-05,20427250521.16339
2014-02-06,19218814813.10691
2014-02-07,19246218892.50828
2014-02-08,19207248037.92326
2014-02-09,19241361538.20688
2014-02-10,19220141274.11148
2014-02-11,19215902176.50277
2014-02-12,19238453067.30962
2014-02-13,19229894274.60742
2014-02-14,19238455110.33278
2014-02-15,19235104821.60755
2014-02-16,19226136427.71762
2014-02-17,16189204715.40545
2014-02-18,16120514722.17732
2014-02-19,16116207216.03056
2014-02-20,16119064623.13527
2014-02-21,16116521234.9449
2014-02-22,16113720454.31054
2014-02-23,16106873787.93856
2014-02-24,16108270158.86089
2014-02-25,16121009817.91328
2014-02-26,16102255070.99198
2014-02-27,16098872083.53848
2014-02-28,14660095947.18755
2014-03-01,13226161730.62422
2014-03-02,13217766093.56536
2014-03-03,13223664185.40713
2014-03-04,13221786740.69172
2014-03-05,13208236040.38004
2014-03-06,13213535398.57886
2014-03-07,13211824271.8133
2014-03-08,13209182647.192
2014-03-09,13197553347.59782
2014-03-10,13217840086.55506
2014-03-11,13220690137.15055
2014-03-12,13207683322.61668
2014-03-13,11958607379.68721
2014-03-14,11869849789.51281
2014-03-15,11849556256.49036
2014-03-16,11860762524.83923
2014-03-17,11856836411.63819
2014-03-18,11848593983.59084
2014-03-19,11872548727.60434
2014-03-20,11866097004.77743
2014-03-21,11856827989.4341
2014-03-22,11876110735.02498
2014-03-23,11835610607.88044
2014-03-24,11794714984.34106
2014-03-25,10075912608.27955
2014-03-26,10075427757.94536
2014-03-27,10067947896.65855
2014-03-28,10061768502.106
2014-03-29,10052417060.90397
2014-03-30,10073406383.885
2014-03-31,10072712231.91887
2014-04-01,10068191655.49041
2014-04-02,10058224196.48983
2014-04-03,10058402700.37525
2014-04-04,10070614463.70203
2014-04-05,9064058632.677992
2014-04-06,8237777533.869888
2014-04-07,8246147995.26648
2014-04-08,8244201116.096294
2014-04-09,8249341821.824008
2014-04-10,8242210644.511394
2014-04-11,8241127986.141647
2014-04-12,8226526439.49434
2014-04-13,8235453537.916926
2014-04-14,8231734851.473866
2014-04-15,8235119678.524625
2014-04-16,8241417192.448402
2014-04-17,7971675604.653337
2014-04-18,7228176489.011866
2014-04-19,7223864333.914109
2014-04-20,7218014277.729294
2014-04-21,7223536193.345637
2014-04-22,7234393904.891552
2014-04-23,7222920668.083562
2014-04-24,7232458573.447123
2014-04-25,7216836606.001847
2014-04-26,7221594822.29691
2014-04-27,7223395357.646279
2014-04-28,7225168525.556701
2014-04-29,7174616483.98083
2014-04-30,6302942887.518193
2014-05-01,6289567966.363698
2014-05-02,6296702323.527594
2014-05-03,6299291423.971564
2014-05-04,6302212202.493865
2014-05-05,6311136193.923843
2014-05-06,6300079217.335858
2014-05-07,6302556939.412701
2014-05-08,6301741963.335863
2014-05-09,6305855349.689315
2014-05-10,6291028821.866801
2014-05-11,6297119598.81865
2014-05-12,6026973961.155199
2014-05-13,5694245318.521356
2014-05-14,5698752518.940834
2014-05-15,5694495921.444753
2014-05-16,5690907990.186365
2014-05-17,5687871785.360521
2014-05-18,5688276366.001632
2014-05-19,5691797217.301086
2014-05-20,5696053447.987016
2014-05-21,5688824473.778635
2014-05-22,5693617106.226468
2014-05-23,5691057589.066594
2014-05-24,5246535289.648475
2014-05-25,4816261599.77657
2014-05-26,4817886900.473532
2014-05-27,4824884579.943727
2014-05-28,4823545558.988322
2014-05-29,4820218192.106691
2014-05-30,4819899789.397661
2014-05-31,4816374637.065683
2014-06-01,4814786054.232247
2014-06-02,4814412083.126176
2014-06-03,4820562094.863014
2014-06-04,4819188962.733095
2014-06-05,4763516064.079248
2014-06-06,4287008308.128911
2014-06-07,4284204924.798067
2014-06-08,4286879941.397096
2014-06-09,4283351238.926387
2014-06-10,4286639376.351815
2014-06-11,4285285949.048202
2014-06-12,4287824750.12784
2014-06-13,4289361488.983513
2014-06-14,4283000613.346609
2014-06-15,4279380177.481597
2014-06-16,4283286895.509086
2014-06-17,4283755344.680807
2014-06-18,3824960197.856956
2014-06-19,3743486797.758357
2014-06-20,3740093400.25019
2014-06-21,3738868505.467583
2014-06-22,3743134513.739346
2014-06-23,3738299376.166473
2014-06-24,3739757060.666037
2014-06-25,3745261531.189477
2014-06-26,3742550249.216963
2014-06-27,3738822717.729907
2014-06-28,3737532074.061999
2014-06-29,3264869202.748093
2014-06-30,2998523270.129612
2014-07-01,2999162361.775738
2014-07-02,2998254645.838565
2014-07-03,2996883392.300679
2014-07-04,2994763264.377099
2014-07-05,2994557884.663127
2014-07-06,2995803499.713658
2014-07-07,2999196671.418365
2014-07-08,3000040789.046154
2014-07-09,2995896850.31364
2014-07-10,2994752339.056208
2014-07-11,2994004680.996513
2014-07-12,2992219649.971783
2014-07-13,2907762872.475125
2014-07-14,2911036630.340407
2014-07-15,2907941784.192886
2014-07-16,2911092888.781329
2014-07-17,2906979375.981274
2014-07-18,2907104216.598679
2014-07-19,2906908907.677052
2014-07-20,2905466886.675432
2014-07-21,2906668459.079877
2014-07-22,2908344542.295973
2014-07-23,2905839031.448285
2014-07-24,2908666230.611564
2014-07-25,2890732175.809184
2014-07-26,2687913060.354302
2014-07-27,2687039009.433066
2014-07-28,2691558595.566959
2014-07-29,2687621937.011552
2014-07-30,2689292404.950815
2014-07-31,2691812126.896293
2014-08-01,2689895460.176268
2014-08-02,2689415135.130719
2014-08-03,2689924070.979549
2014-08-04,2693458468.298151
2014-08-05,2693775868.477268
2014-08-06,2688528380.06731
2014-08-07,2691515954.179494
2014-08-08,2577790097.719667
2014-08-09,2550339877.217779
2014-08-10,2549979350.281158
2014-08-11,2551988507.396637
2014-08-12,2553526614.342338
2014-08-13,2557780755.774621
2014-08-14,2555936730.622287
2014-08-15,2553360447.922553
2014-08-16,2553543310.231132
2014-08-17,2570222201.112474
2014-08-18,2552952907.745036
2014-08-19,2475480974.014511
2014-08-20,2114096027.983794
2014-08-21,2112400774.739835
2014-08-22,2113681320.829586
2014-08-23,2112295892.971408
2014-08-24,2111562748.710342
2014-08-25,2117050717.411482
2014-08-26,2112977525.859871
2014-08-27,2113884184.266455
2014-08-28,2112410249.734522
2014-08-29,2113322331.943395
2014-08-30,2110132056.997639
2014-08-31,2105426199.959721
2014-09-01,1838570757.502865
2014-09-02,1836960338.775097
2014-09-03,1837493819.501826
2014-09-04,1835925845.293791
2014-09-05,1836461012.767852
2014-09-06,1834882019.833491
2014-09-07,1841515095.774685
2014-09-08,1839753130.662726
2014-09-09,1838198995.514374
2014-09-10,1838428356.460102
2014-09-11,1837065629.120272
2014-09-12,1838507741.062835
2014-09-13,1811533325.891259
2014-09-14,1688161291.284378
2014-09-15,1688585418.270226
2014-09-16,1690728207.675481
2014-09-17,1688519807.469698
2014-09-18,1688213717.635074
2014-09-19,1689253687.653854
2014-09-20,1686753687.507469
2014-09-21,1689576114.072354
2014-09-22,1689432001.737472
2014-09-23,1691678837.768121
2014-09-24,1688707236.238451
2014-09-25,1657258704.303122
2014-09-26,1470382706.905221
2014-09-27,1453716361.526478
2014-09-28,1454393056.59435
2014-09-29,1454580954.61859
2014-09-30,1453713890.703854
2014-10-01,1454673439.62378
2014-10-02,1455461958.392281
2014-10-03,1453812906.696331
2014-10-04,1455569923.158528
2014-10-05,1454327649.316373
2014-10-06,1453727675.424365
2014-10-07,1454966447.940668
2014-10-08,1455987386.409227
2014-10-09,1450380607.989201
2014-10-10,1440533343.732931
2014-10-11,1440939168.662057
2014-10-12,1439138842.561409
2014-10-13,1440570011.086796
2014-10-14,1441369381.864608
2014-10-15,1441105547.026435
2014-10-16,1439582002.751685
2014-10-17,1440465175.060119
2014-10-18,1438155738.931429
2014-10-19,1439971192.18147
2014-10-20,1440728527.078469
2014-10-21,1439882692.364421
2014-10-22,1440325134.765928
2014-10-23,1415396359.61011
2014-10-24,1400861164.387269
2014-10-25,1400493544.151404
2014-10-26,1402153788.770039
2014-10-27,1401274277.152733
2014-10-28,1402762114.238913
2014-10-29,1401634337.015626
2014-10-30,1401450307.574197
2014-10-31,1399619892.971201
2014-11-01,1400940994.12558
2014-11-02,1401047431.207553
2014-11-03,1402361732.501543
2014-11-04,1401330836.123415
2014-11-05,1295200373.26979
2014-11-06,1274535384.145208
2014-11-07,1274411884.134364
2014-11-08,1271856343.676775
2014-11-09,1274962665.690435
2014-11-10,1272868841.264075
2014-11-11,1273672846.706416
2014-11-12,1273454919.598405
2014-11-13,1273064624.466667
2014-11-14,1274116811.413217
2014-11-15,1273637003.314709
2014-11-16,1273800969.890147
2014-11-17,1275194316.970435
2014-11-18,1271910803.386168
2014-11-19,1251018442.212826
2014-11-20,1252554003.516839
2014-11-21,1252349727.145919
2014-11-22,1251405345.359334
2014-11-23,1251185555.840821
2014-11-24,1250758697.235103
2014-11-25,1251489786.817064
2014-11-26,1251051090.650782
2014-11-27,1250605392.271778
2014-11-28,1250182296.183389
2014-11-29,1250724756.597789
2014-11-30,1251916407.39793
2014-12-01,1252106800.056668
2014-12-02,1252831328.560949
2014-12-03,1261569299.469847
2014-12-04,1260489927.592439
2014-12-05,1259115208.579692
2014-12-06,1259843138.534353
2014-12-07,1260090611.088532
2014-12-08,1261773203.910983
2014-12-09,1260575116.388746
2014-12-10,1261038407.232767
2014-12-11,1259422747.696105
2014-12-12,1259598969.450325
2014-12-13,1258959650.874069
2014-12-14,1259780307.532611
2014-12-15,1260519370.715427
2014-12-16,1261922064.593663
2014-12-17,1277277080.502184
2014-12-18,1278528326.840075
2014-12-19,1278762710.649761
2014-12-20,1277644754.27237
2014-12-21,1277878893.45207
2014-12-22,1278778167.153996
2014-12-23,1279378099.793779
2014-12-24,1277341119.99336
2014-12-25,1275619832.992378
2014-12-26,1280091097.117813
2014-12-27,1279377325.720713
2014-12-28,1277666363.338211
2014-12-29,1277041221.346308
2014-12-30,1269080509.346333
2014-12-31,1240243564.03092
2015-01-01,1238365999.85461
2015-01-02,1239495147.265402
2015-01-03,1240285905.764923
2015-01-04,1242909343.585527
2015-01-05,1240663997.475653
2015-01-06,1239584340.146638
2015-01-07,1241688848.73765
2015-01-08,1241340791.767764
2015-01-09,1242544507.939636
2015-01-10,1240998112.211965
2015-01-11,1240845177.340631
2015-01-12,1232368888.210532
2015-01-13,1148778095.230907
2015-01-14,1146865336.613819
2015-01-15,1148577663.352035
2015-01-16,1147449989.915415
2015-01-17,1147987073.439371
2015-01-18,1146438022.452437
2015-01-19,1148281637.081782
2015-01-20,1148976801.765811
2015-01-21,1146124044.752185
2015-01-22,1148265799.457081
2015-01-23,1147495001.002713
2015-01-24,1146720679.000419
2015-01-25,1148261077.257819
2015-01-26,1148961400.227002
2015-01-27,1173777862.022537
2015-01-28,1220032063.645481
2015-01-29,1220221608.927452
2015-01-30,1222301210.719424
2015-01-31,1220723655.611213
2015-02-01,1221117333.926135
2015-02-02,1221438632.338454
2015-02-03,1222961695.823672
2015-02-04,1221474364.944557
2015-02-05,1221326876.115027
2015-02-06,1221394905.317628
2015-02-07,1221225382.160718
2015-02-08,1221830840.291824
2015-02-09,1187422746.747653
2015-02-10,1135783008.702776
2015-02-11,1133669052.932586
2015-02-12,1135972185.802215
2015-02-13,1135177852.267242
2015-02-14,1135524385.159831
2015-02-15,1135481942.17636
2015-02-16,1135052341.073568
2015-02-17,1134430936.078048
2015-02-18,1134531406.621622
2015-02-19,1133929085.10903
2015-02-20,1133868763.183395
2015-02-21,1134562522.871666
2015-02-22,1134236667.044317
2015-02-23,1080870818.062795
2015-02-24,1080838617.310802
2015-02-25,1080604386.734737
2015-02-26,1081314167.498561
2015-02-27,1080543070.928207
2015-02-28,1080560049.495563
2015-03-01,1081314101.577188
2015-03-02,1079810553.912475
2015-03-03,1079878626.956356
2015-03-04,1081487681.547347
2015-03-05,1081223618.6421
2015-03-06,1080693087.366912
2015-03-07,1081036529.753964
2015-03-08,1075860022.589264
2015-03-09,1065014443.148258
2015-03-10,1063880754.54888
2015-03-11,1064530163.505015
2015-03-12,1064044285.807429
2015-03-13,1062960839.643387
2015-03-14,1063507797.172015
2015-03-15,1063590806.981108
2015-03-16,1064003567.299325
2015-03-17,1065056962.546946
2015-03-18,1063257123.112251
2015-03-19,1064377914.417508
2015-03-20,1064910878.754406
2015-03-21,1063762845.866212
2015-03-22,1063744532.997747
2015-03-23,1080152803.366019
2015-03-24,1078992971.481641
2015-03-25,1080016397.522735
2015-03-26,1079275244.589958
2015-03-27,1079456878.423102
2015-03-28,1078711396.921393
2015-03-29,1078741735.112389
2015-03-30,1080386063.514253
2015-03-31,1081179613.360179
2015-04-01,1081090824.099563
2015-04-02,1079569514.425828
2015-04-03,1079479530.106233
2015-04-04,1079017809.404066
2015-04-05,1029394315.977086
2015-04-06,1021218887.565921
2015-04-07,1020533975.846909
2015-04-08,1022051193.369254
2015-04-09,1021881803.634503
2015-04-10,1023772802.719536
2015-04-11,1021681504.919006
2015-04-12,1021571848.150718
2015-04-13,1020035422.661939
2015-04-14,1019939315.51657
2015-04-15,1021967225.353482
2015-04-16,1020143784.809314
2015-04-17,1020761145.786312
2015-04-18,1019456567.06091
2015-04-19,1031140467.442243
2015-04-20,1060903129.776042
2015-04-21,1059243496.100288
2015-04-22,1059932098.995458
2015-04-23,1060478471.513796
2015-04-24,1060445238.081717
2015-04-25,1081937704.243518
2015-04-26,1060251105.971043
2015-04-27,1060052131.485518
2015-04-28,1059444042.530762
2015-04-29,1061431779.38046
2015-04-30,1060306598.203184
2015-05-01,1058806465.135565
2015-05-02,1058967389.159165
2015-05-03,1058495525.518111
2015-05-04,1060563107.146737
2015-05-05,1059981667.33209
2015-05-06,1059728427.939302
2015-05-07,1059044432.214714
2015-05-08,1060244406.905385
2015-05-09,1058734267.092197
2015-05-10,1059465955.485267
2015-05-11,1058591867.145729
2015-05-12,1060099610.277691
2015-05-13,1058952844.380711
2015-05-14,1059361623.03858
2015-05-15,1058561806.136599
2015-05-16,1058891569.54386
2015-05-17,1045411906.231924
2015-05-18,1034651701.594634
2015-05-19,1034418922.357427
2015-05-20,1033182064.512758
2015-05-21,1033474824.013225
2015-05-22,1034840975.442391
2015-05-23,1034522836.128561
2015-05-24,1032857109.591351
2015-05-25,1033648591.973566
2015-05-26,1035569964.596269
2015-05-27,1035039009.704041
2015-05-28,1034614176.107381
2015-05-29,1035104461.942224
2015-05-30,1035572976.179322
2015-05-31,1045813428.513967
2015-06-01,1062837958.666644
2015-06-02,1062004012.929094
2015-06-03,1061354591.588004
2015-06-04,1060490219.282512
2015-06-05,1061499866.990219
2015-06-06,1059298858.178217
2015-06-07,1058867690.616844
2015-06-08,1059824496.176666
2015-06-09,1061389180.767885
2015-06-10,1061292876.197497
2015-06-11,1062235112.613826
2015-06-12,1061454139.504978
2015-06-13,1060493287.438655
2015-06-14,1026805499.239014
2015-06-15,1017641653.557411
2015-06-16,1018678719.632156
2015-06-17,1016508408.751257
2015-06-18,1017590661.517231
2015-06-19,1018264568.859511
2015-06-20,1015475036.778759
2015-06-21,1015520909.430816
2015-06-22,1018169185.920098
2015-06-23,1017239431.338582
2015-06-24,1014746354.609165
2015-06-25,1015747771.652542
2015-06-26,1016758011.947341
2015-06-27,1016143179.257533
2015-06-28,1019344163.328786
2015-06-29,1023206272.920627
2015-06-30,1024929580.032973
2015-07-01,1024420976.881918
2015-07-02,1024356683.63159
2015-07-03,1022536190.634252
2015-07-04,1022026404.417472
2015-07-05,1023251977.015231
2015-07-06,1025948661.13833
2015-07-07,1029914958.328133
2015-07-08,1029606220.513741
2015-07-09,1029315369.329203
2015-07-10,1027813233.391176
2015-07-11,1022124411.718911
2015-07-12,997574740.4878362
2015-07-13,991885486.2256675
2015-07-14,992616896.9710028
2015-07-15,990120061.0938188
2015-07-16,991489287.1426369
2015-07-17,989801002.3135159
2015-07-18,994658041.2562764
2015-07-19,988987176.7794319
2015-07-20,993224176.7936382
2015-07-21,992134174.338283
2015-07-22,991560949.2381071
2015-07-23,991881456.4028338
2015-07-24,989586523.2480755
2015-07-25,979561296.2256498
2015-07-26,967651249.8631935
2015-07-27,968637569.6491998
2015-07-28,969440093.9117382
2015-07-29,971147928.1650622
2015-07-30,970595414.1634041
2015-07-31,971301335.4326913
2015-08-01,969375818.4275664
2015-08-02,966985755.7099718
2015-08-03,968074382.1662747
2015-08-04,971499557.171512
2015-08-05,970867952.9036776
2015-08-06,971648916.0054275
2015-08-07,968023392.622837
2015-08-08,961801668.179902
2015-08-09,958697011.8140478
2015-08-10,960150936.609495
2015-08-11,959846611.4106774
2015-08-12,961050519.4401172
2015-08-13,959475085.1752061
2015-08-14,960109643.5828762
2015-08-15,959017795.4382703
2015-08-16,959408661.7042605
2015-08-17,959169085.2732497
2015-08-18,960029465.1941669
2015-08-19,958746136.7742213
2015-08-20,960858584.6165868
2015-08-21,958501221.9883837
2015-08-22,931595170.956325
2015-08-23,931516862.3115044
2015-08-24,932486266.0388443
2015-08-25,933849606.1499385
2015-08-26,931588512.7435225
2015-08-27,932406548.8561038
2015-08-28,932062493.5179551
2015-08-29,931867040.4491435
2015-08-30,931741090.3800212
2015-08-31,932887951.1221949
2015-09-01,932935570.4787567
2015-09-02,939405007.7715297
2015-09-03,932789156.9530231
2015-09-04,903486884.2377888
2015-09-05,888509312.2778562
2015-09-06,888326028.2714236
2015-09-07,889204377.983312
2015-09-08,889203571.0594245
2015-09-09,888073715.2074778
2015-09-10,888239168.701655
2015-09-11,890111717.0757642
2015-09-12,890570723.0859555
2015-09-13,888606688.965478
2015-09-14,889556799.9423653
2015-09-15,889336606.630085
2015-09-16,888795584.5946565
2015-09-17,883975025.1940442
2015-09-18,852341498.1301877
2015-09-19,853230755.4117333
2015-09-20,853208738.6483322
2015-09-21,854256879.6613725
2015-09-22,853094496.368193
2015-09-23,851752489.3648721
2015-09-24,853260275.5476178
2015-09-25,851842702.247157
2015-09-26,852248509.3500483
2015-09-27,851309389.8903701
2015-09-28,853535601.7701982
2015-09-29,851965884.8907987
2015-09-30,852570829.4204617
2015-10-01,843417199.5569015
2015-10-02,833079174.9767735
2015-10-03,830725413.6098262
2015-10-04,830129546.6681552
2015-10-05,830989739.0731962
2015-10-06,832376315.0796933
2015-10-07,832391098.7243533
2015-10-08,833136827.1197393
2015-10-09,832178898.1500196
2015-10-10,832110789.4778655
2015-10-11,830269521.2745743
2015-10-12,832298011.5306972
2015-10-13,832136926.7270339
2015-10-14,832274649.4350206
2015-10-15,831379028.5726928
2015-10-16,832528999.9844844
2015-10-17,832198472.3643181
2015-10-18,830033258.3243264
2015-10-19,830679129.991436
2015-10-20,834187958.0049957
2015-10-21,832539830.7040209
2015-10-22,831471054.92513
2015-10-23,831150922.0521953
2015-10-24,830946077.0637743
2015-10-25,830690123.5388944
2015-10-26,830083147.8384902
2015-10-27,831479583.1303313
2015-10-28,833020232.103632
2015-10-29,817587125.7388607
2015-10-30,813473961.9903132
2015-10-31,813071410.8036395
2015-11-01,812600807.4849993
2015-11-02,813853272.5869434
2015-11-03,814389147.4707172
2015-11-04,816590496.2785522
2015-11-05,814320077.2588468
2015-11-06,813866304.5966492
2015-11-07,812724660.1086628
2015-11-08,812529045.0411355
2015-11-09,813044829.9355087
2015-11-10,813231356.6972266
2015-11-11,788122531.7784828
2015-11-12,767711101.4424294
2015-11-13,768105537.82192
2015-11-14,768443134.743607
2015-11-15,768140783.7810365
2015-11-16,768005965.151929
2015-11-17,767991279.5949242
2015-11-18,768251712.051256
2015-11-19,769171994.1333878
2015-11-20,767913599.6908271
2015-11-21,767080710.6946508
2015-11-22,767388630.4955235
2015-11-23,768465054.2331104
2015-11-24,701315846.949826
2015-11-25,695568957.2888335
2015-11-26,694653928.4399482
2015-11-27,696423229.3691163
2015-11-28,696256387.9471358
2015-11-29,694627433.5320088
2015-11-30,696969113.4508964
2015-12-01,696057342.7963705
2015-12-02,696289828.1104856
2015-12-03,696821063.5390378
2015-12-04,695861461.6345955
2015-12-05,695454496.8618544
2015-12-06,694791466.802115
2015-12-07,640666070.6275823
2015-12-08,639614287.6915284
2015-12-09,641067062.3448687
2015-12-10,638647744.1842542
2015-12-11,642654932.5335898
2015-12-12,641177616.0289607
2015-12-13,641256048.472249
2015-12-14,640950435.8015013
2015-12-15,641156711.1282178
2015-12-16,641534962.8452331
2015-12-17,641470155.5859196
2015-12-18,625712130.0272733
2015-12-19,542688824.1645224
2015-12-20,541887603.8502041
2015-12-21,543297676.0282542
2015-12-22,543787315.2147043
2015-12-23,543315834.3902861
2015-12-24,543764185.3846053
2015-12-25,541763539.4818798
2015-12-26,541838931.2839787
2015-12-27,540418741.0798306
2015-12-28,542435746.6036726
2015-12-29,542020603.9314755
2015-12-30,541530716.1550083
2015-12-31,510343649.6246625
2016-01-01,486971564.1769359
2016-01-02,487612228.9473156
2016-01-03,486639644.4740239
2016-01-04,487062546.312475
2016-01-05,487827270.2316922
2016-01-06,487693603.3590829
2016-01-07,488377573.3320551
2016-01-08,487357559.1893224
2016-01-09,487846307.2084984
2016-01-10,486517218.6978478
2016-01-11,487992268.308406
2016-01-12,487856015.8155094
2016-01-13,459634063.4887952
2016-01-14,447481418.3684978
2016-01-15,448742955.3005192
2016-01-16,447679722.8655394
2016-01-17,447789965.2841616
2016-01-18,447337407.8997163
2016-01-19,448528865.7767177
2016-01-20,448759767.2750564
2016-01-21,449720345.119995
2016-01-22,447389687.3978104
2016-01-23,446860678.6227242
2016-01-24,447602680.2510368
2016-01-25,448422708.0801822
2016-01-26,436815958.8393044
2016-01-27,423971498.0131704
2016-01-28,423863694.7394904
2016-01-29,423436586.5612
2016-01-30,422442774.28528
2016-01-31,421870321.0830969
2016-02-01,424295464.5357991
2016-02-02,424438906.6789314
2016-02-03,422568926.054652
2016-02-04,422548348.4438328
2016-02-05,422286523.6483764
2016-02-06,422348142.9160441
2016-02-07,360645066.1480083
2016-02-08,352464213.3880783
2016-02-09,351622864.03543
2016-02-10,352247171.2041883
2016-02-11,351918627.8023591
2016-02-12,351966960.398358
2016-02-13,351550052.9064168
2016-02-14,351593823.5093291
2016-02-15,352570098.5601169
2016-02-16,353183489.4776137
2016-02-17,352646708.9668474
2016-02-18,352376075.1864608
2016-02-19,332816390.433378
2016-02-20,311000602.638575
2016-02-21,311484107.4320098
2016-02-22,311901924.9665658
2016-02-23,311839194.2795014
2016-02-24,312317420.6845622
2016-02-25,311017314.1886743
2016-02-26,311259279.4812584
2016-02-27,310334595.433926
2016-02-28,311318378.9128461
2016-02-29,312422360.6752532
2016-03-01,312459063.1487362
2016-03-02,314648480.4934996
2016-03-03,312721038.063506
2016-03-04,311778739.9978538
2016-03-05,322696712.0284028
2016-03-06,320367812.3884572
2016-03-07,321308722.116958
2016-03-08,321123608.3541327
2016-03-09,321395988.4933113
2016-03-10,320565699.4835278
2016-03-11,320597793.0048854
2016-03-12,320475664.7580326
2016-03-13,320551690.2003691
2016-03-14,320633922.3639956
2016-03-15,320438072.1967902
2016-03-16,321213198.0336357
2016-03-17,321211852.5991949
2016-03-18,313480673.5402424
2016-03-19,306809879.2004954
2016-03-20,306286378.6399963
2016-03-21,307190267.1395686
2016-03-22,306970602.3970416
2016-03-23,306551750.8895809
2016-03-24,306670692.8161051
2016-03-25,306199633.5706028
2016-03-26,306344788.2696852
2016-03-27,306235353.7714109
2016-03-28,307039198.4341652
2016-03-29,308177267.5837396
2016-03-30,307269490.5873298
2016-03-31,308023518.0225245
2016-04-01,305827083.3975542
2016-04-02,305435337.4581987
2016-04-03,304888579.7113662
2016-04-04,304323078.2227857
2016-04-05,304912660.4528139
2016-04-06,305725675.1830161
2016-04-07,305008248.2793376
2016-04-08,305059440.7478903
2016-04-09,303943833.5096563
2016-04-10,303475064.2315049
2016-04-11,304981401.7296258
2016-04-12,305139040.5279753
2016-04-13,304297318.0143277
2016-04-14,290905178.8208017
2016-04-15,284814629.2198175
2016-04-16,284207900.4773424
2016-04-17,283472458.1031969
2016-04-18,285096551.8916512
2016-04-19,284727205.3605583
2016-04-20,284066563.0796137
2016-04-21,284563977.5218313
2016-04-22,284732109.3701528
2016-04-23,284055369.6445306
2016-04-24,284064115.5953714
2016-04-25,285169805.7611216
2016-04-26,306547117.4621498
2016-04-27,285160766.8127136
2016-04-28,285621050.5114787
2016-04-29,284615479.5364512
2016-04-30,284270588.8783146
2016-05-01,283786242.8385559
2016-05-02,284565473.3853922
2016-05-03,284746916.5558838
2016-05-04,284472870.4601907
2016-05-05,284494229.9332656
2016-05-06,284409940.6090195
2016-05-07,284317200.9901189
2016-05-08,283664017.1723134
2016-05-09,284010002.1724344
2016-05-10,284486138.4066902
2016-05-11,267379537.9170475
2016-05-12,262131222.3249337
2016-05-13,261941658.8786529
2016-05-14,262346209.3308268
2016-05-15,262046459.5492737
2016-05-16,263009468.2677553
2016-05-17,262857273.9204765
2016-05-18,262509373.4865009
2016-05-19,263639560.971132
2016-05-20,262087497.0323099
2016-05-21,262738864.7245842
2016-05-22,261011287.1458069
2016-05-23,262043157.8619721
2016-05-24,262053735.0190822
2016-05-25,256668510.5723588
2016-05-26,256486054.1541042
2016-05-27,257231209.5794367
2016-05-28,256050871.0746517
2016-05-29,255291283.408281
2016-05-30,256379868.1366562
2016-05-31,256365792.7766671
2016-06-01,256207510.2808632
2016-06-02,256570496.958746
2016-06-03,256022914.4243063
2016-06-04,256246341.3354182
2016-06-05,254829273.5623909
2016-06-06,255302314.4469679
2016-06-07,256051907.0903273
2016-06-08,259622031.1310667
2016-06-09,259501882.0751595
2016-06-10,260271481.9455834
2016-06-11,259153569.1359216
2016-06-12,259849398.5538724
2016-06-13,260265474.5105413
2016-06-14,261657120.9947988
2016-06-15,261943061.4674957
2016-06-16,261784101.551332
2016-06-17,261550696.2952551
2016-06-18,260692870.3828896
2016-06-19,260096520.0658866
2016-06-20,260900198.4192392
2016-06-21,248390340.143753
2016-06-22,245696906.5336754
2016-06-23,245217442.1205485
2016-06-24,245345024.0302144
2016-06-25,243572169.3144552
2016-06-26,243359003.3425283
2016-06-27,243831267.497254
2016-06-28,243569044.8483357
2016-06-29,243843918.9854005
2016-06-30,244110252.2382096
2016-07-01,243499717.1157945
2016-07-02,243156171.1479079
2016-07-03,242927206.8533935
2016-07-04,243415313.9276277
2016-07-05,238954814.8939089
2016-07-06,239362192.8071752
2016-07-07,239307201.7610243
2016-07-08,239044739.3046759
2016-07-09,238311092.2961054
2016-07-10,119980865.4670302
2016-07-11,121574482.5745023
2016-07-12,121168288.1328903
2016-07-13,121581086.2500374
2016-07-14,121676894.5755819
2016-07-15,121690553.9579673
2016-07-16,120807046.5083989
2016-07-17,120682591.1358632
2016-07-18,121431719.1386739
2016-07-19,122336528.7860608
2016-07-20,121815158.2780915
2016-07-21,121945668.4480781
2016-07-22,122404061.3024523
2016-07-23,122000272.0903471
2016-07-24,121515735.9470984
2016-07-25,122696689.6853477
2016-07-26,122812812.644934
2016-07-27,123297374.7007441
2016-07-28,122688647.1115604
2016-07-29,122257637.9895116
2016-07-30,122977947.8089074
2016-07-31,122213765.2962211
2016-08-01,122136492.5019623
2016-08-02,124288688.1817559
2016-08-03,128972806.6824382
2016-08-04,128916760.3788697
2016-08-05,128884022.7804559
2016-08-06,128013635.0198053
2016-08-07,128885909.9986166
2016-08-08,130194256.0452139
2016-08-09,130374654.71535
2016-08-10,129491715.5150689
2016-08-11,129858505.5461074
2016-08-12,129088544.3818956
2016-08-13,128370410.3971517
2016-08-14,128301846.1872387
2016-08-15,128034318.5486039
2016-08-16,121374607.0383113
2016-08-17,121150347.2448573
2016-08-18,120265673.8098674
2016-08-19,120525789.106585
2016-08-20,119243639.1078673
2016-08-21,118541330.744881
2016-08-22,119348536.4271922
2016-08-23,119783957.6974575
2016-08-24,119524646.6578017
2016-08-25,120167001.2733237
2016-08-26,119956865.7773325
2016-08-27,119243790.1696194
2016-08-28,118568825.1115152
2016-08-29,118915243.2036381
2016-08-30,117479945.6385544
2016-08-31,118013804.5843477
2016-09-01,118012339.9242848
2016-09-02,117175698.041745
2016-09-03,117512934.0091144
2016-09-04,116116963.9803126
2016-09-05,117983890.2052856
2016-09-06,117916733.7660052
2016-09-07,117642725.6453878
2016-09-08,117679049.7667032
2016-09-09,117886449.0581903
2016-09-10,116827081.2228911
2016-09-11,116359448.9470915
2016-09-12,115024150.339691
2016-09-13,114880876.2281622
2016-09-14,114732093.4181976
2016-09-15,114791539.4428403
2016-09-16,115339305.8884112
2016-09-17,114483235.6360812
2016-09-18,114438051.744304
2016-09-19,115663763.9130122
2016-09-20,115341864.4770711
2016-09-21,114726307.1897093
2016-09-22,115165205.0741709
2016-09-23,115226827.7124787
2016-09-24,114404058.0225402
2016-09-25,109413998.9130539
2016-09-26,107405293.8724637
2016-09-27,107310539.8476743
2016-09-28,107744027.3649598
2016-09-29,108202682.7625812
2016-09-30,108180495.5120507
2016-10-01,107298437.3735304
2016-10-02,107266132.7107842
2016-10-03,108360827.0770583
2016-10-04,107825078.3318478
2016-10-05,107798852.4076084
2016-10-06,108136423.488244
2016-10-07,108407437.1388364
2016-10-08,103524261.3529081
2016-10-09,100100968.2562412
2016-10-10,101410967.5459162
2016-10-11,101692229.2481187
2016-10-12,100958323.9197791
2016-10-13,101347323.7700993
2016-10-14,101111529.0134317
2016-10-15,100622727.787534
2016-10-16,100618314.3081795
2016-10-17,101746982.7210623
2016-10-18,101068462.5549328
2016-10-19,101120943.9109438
2016-10-20,102330303.5958303
2016-10-21,100717965.7029469
2016-10-22,100981829.7826409
2016-10-23,102865820.1627075
2016-10-24,103615218.586579
2016-10-25,104704121.6957626
2016-10-26,106241116.0237012
2016-10-27,104519334.2534088
2016-10-28,103431459.0807769
2016-10-29,102888783.6999539
2016-10-30,102047470.8624174
2016-10-31,103132613.3793916
2016-11-01,103492919.8672572
2016-11-02,103790732.2283178
2016-11-03,103112386.177375
2016-11-04,104798277.5526627
2016-11-05,102854022.5743313
2016-11-06,102286472.0660425
2016-11-07,103560131.2919712
2016-11-08,102881495.2920502
2016-11-09,103125297.6815588
2016-11-10,102570732.6515296
2016-11-11,102271789.343312
2016-11-12,101803245.07005
2016-11-13,102168956.3583171
2016-11-14,102339693.889326
2016-11-15,102726012.3020979
2016-11-16,102375865.2656406
2016-11-17,103106664.3179682
2016-11-18,96338669.13125356
2016-11-19,92790367.67920667
2016-11-20,93300804.21221985
2016-11-21,94018727.87155351
2016-11-22,94526583.6539334
2016-11-23,94401564.89457658
2016-11-24,95159452.17661755
2016-11-25,95645716.73597676
2016-11-26,93861917.88138726
2016-11-27,93255251.00903057
2016-11-28,93853819.00194256
2016-11-29,93933219.80471392
2016-11-30,94167806.7047216
2016-12-01,94152120.99256736
2016-12-02,93765585.94022721
2016-12-03,91752549.86830221
2016-12-04,91954567.294155
2016-12-05,92516497.72518782
2016-12-06,93274822.43707208
2016-12-07,91922757.3066125
2016-12-08,91934137.39771357
2016-12-09,92691551.21774276
2016-12-10,92225489.47835441
2016-12-11,90558028.43641783
2016-12-12,91734606.06064008
2016-12-13,91461730.56968498
2016-12-14,92385920.53798634
2016-12-15,86678868.5900559
2016-12-16,85751124.93237013
2016-12-17,84739552.72327538
2016-12-18,84686662.15273014
2016-12-19,85512732.87283812
2016-12-20,85853513.83376582
2016-12-21,85700489.25945795
2016-12-22,85343886.16245939
2016-12-23,85299636.15079479
2016-12-24,84943462.36484692
2016-12-25,83408172.05690351
2016-12-26,85030151.5095242
2016-12-27,85083006.14323357
2016-12-28,84541891.38845488
2016-12-29,83678805.33719893
2016-12-30,83150053.91862479
2016-12-31,82563529.97602442
2017-01-01,81668785.41379286
2017-01-02,83586731.26834072
2017-01-03,83557487.70492259
2017-01-04,87044778.98063554
2017-01-05,84333651.46405192
2017-01-06,84208778.83483714
2017-01-07,84019814.83585817
2017-01-08,82553406.63802953
2017-01-09,83864538.47713496
2017-01-10,83425934.8306764
2017-01-11,78903755.05824377
2017-01-12,78250391.55187611
2017-01-13,78499627.45316671
2017-01-14,77603460.34084484
2017-01-15,77523668.27792
2017-01-16,78263242.4500276
2017-01-17,78652308.53139353
2017-01-18,78935152.607759
2017-01-19,78408328.83238679
2017-01-20,77926668.51481351
2017-01-21,77702267.24888287
2017-01-22,76952972.57194562
2017-01-23,68024385.87859397
2017-01-24,68805822.90966785
2017-01-25,68525986.63235515
2017-01-26,68019469.83896475
2017-01-27,67392951.0355798
2017-01-28,68066369.12034312
2017-01-29,67615697.3429183
2017-01-30,68794772.3833096
2017-01-31,69032512.6433682
2017-02-01,68120436.98900214
2017-02-02,68590161.73802441
2017-02-03,69466414.05964851
2017-02-04,68812302.11774062
2017-02-05,63597614.66394693
2017-02-06,65449951.69573854
2017-02-07,64930351.82351409
2017-02-08,64606330.54271061
2017-02-09,64443565.47697157
2017-02-10,64011540.10747612
2017-02-11,63516909.90972754
2017-02-12,63037363.86392403
2017-02-13,63553871.8793934
2017-02-14,63508078.95443801
2017-02-15,64098071.58774307
2017-02-16,64902606.53883225
2017-02-17,64775387.40410153
2017-02-18,62752145.43135953
2017-02-19,61382924.67852236
2017-02-20,61896257.07223368
2017-02-21,62523344.68458848
2017-02-22,63059643.62453058
2017-02-23,63487968.52227764
2017-02-24,63388563.76420371
2017-02-25,62232307.57947333
2017-02-26,61131063.00163095
2017-02-27,63240725.52888783
2017-02-28,63750727.83518999
2017-03-01,64324733.82310785
2017-03-02,64342980.36364175
2017-03-03,64182065.20518655
2017-03-04,61807975.87865152
2017-03-05,60930756.24041498
2017-03-06,61875038.65290532
2017-03-07,62193430.95883799
2017-03-08,61713738.8599327
2017-03-09,61472269.51685485
2017-03-10,61697080.733114
2017-03-11,60860212.51826748
2017-03-12,59897631.93555868
2017-03-13,61131421.26998654
2017-03-14,61658343.60681708
2017-03-15,61791290.99384008
2017-03-16,62044654.66072784
2017-03-17,60309805.45985999
2017-03-18,58672324.77297879
2017-03-19,58212844.00599213
2017-03-20,60330485.36250547
2017-03-21,60219666.09141356
2017-03-22,59886619.51573242
2017-03-23,59522983.81034693
2017-03-24,58315178.51223106
2017-03-25,58590525.51029696
2017-03-26,56746962.43536413
2017-03-27,59052675.87309349
2017-03-28,59178178.16621494
2017-03-29,59376685.86032458
2017-03-30,57154192.08079688
2017-03-31,56808142.73908073
2017-04-01,56096233.48869862
2017-04-02,54849765.57111476
2017-04-03,55282080.17950375
2017-04-04,56763382.52122932
2017-04-05,56165755.18118847
2017-04-06,56328382.07422899
2017-04-07,55888768.10908105
2017-04-08,55313861.42019971
2017-04-09,54543924.18552908
2017-04-10,55682481.15064107
2017-04-11,55745728.81053323
2017-04-12,56301743.81034937
2017-04-13,55164195.75958917
2017-04-14,54774337.45243608
2017-04-15,53472130.60566895
2017-04-16,52415478.39120738
2017-04-17,53333144.94792581
2017-04-18,54036422.85971333
2017-04-19,53924143.46453739
2017-04-20,54666586.17042952
2017-04-21,53896466.96324897
2017-04-22,53009215.54648013
2017-04-23,52499818.44664152
2017-04-24,54076830.37974538
2017-04-25,55296740.73791537
2017-04-26,54622091.7138863
2017-04-27,54841190.31839307
2017-04-28,55224123.5525123
2017-04-29,53840002.70609281
2017-04-30,53243829.27826101
2017-05-01,54025740.26209725
2017-05-02,54741651.3262295
2017-05-03,55349612.93972207
2017-05-04,55188337.06631714
2017-05-05,55916875.49602706
2017-05-06,54947095.71153231
2017-05-07,54528966.09947875
2017-05-08,54949634.1050158
2017-05-09,55665167.80961189
2017-05-10,52655098.72426835
2017-05-11,52345184.27256902
2017-05-12,52414372.91799952
2017-05-13,51674547.10285417
2017-05-14,51340681.84672457
2017-05-15,51797960.93779507
2017-05-16,54206185.8669735
2017-05-17,56125659.34064138
2017-05-18,54782452.10229968
2017-05-19,54519259.05634189
2017-05-20,53282851.12320357
2017-05-21,53458171.65265072
2017-05-22,54838544.91180293
2017-05-23,52618334.41160263
2017-05-24,52559588.56062362
2017-05-25,52521953.69352851
2017-05-26,52495932.10930654
2017-05-27,52792963.53493438
2017-05-28,50757642.59999768
2017-05-29,53242972.59756409
2017-05-30,53217289.2058249
2017-05-31,53852690.51961945
2017-06-01,53471624.16525009
2017-06-02,52996806.51569678
2017-06-03,51789775.95799279
2017-06-04,48749962.47267081
2017-06-05,45566564.87062145
2017-06-06,47067464.15702808
2017-06-07,48987886.06439528
2017-06-08,45809943.13430912
2017-06-09,45973047.5289854
2017-06-10,45206488.27926442
2017-06-11,44217167.42667435
2017-06-12,45251754.26248138
2017-06-13,47065122.32153923
2017-06-14,46662367.09765982
2017-06-15,45423769.01155747
2017-06-16,44503173.3963337
2017-06-17,43290593.80861897
2017-06-18,40692193.88198873
2017-06-19,42565520.21678349
2017-06-20,43274918.64497534
2017-06-21,44663557.29852552
2017-06-22,44382261.23280838
2017-06-23,41320102.18758469
2017-06-24,41225136.64218777
2017-06-25,41313988.55502693
2017-06-26,42765972.25811265
2017-06-27,43234452.19810015
2017-06-28,42254430.33092865
2017-06-29,43373617.44748012
2017-06-30,41884766.49826804
2017-07-01,39669176.57366078
2017-07-02,38420323.30072776
2017-07-03,40193945.15390792
2017-07-04,40885813.38127565
2017-07-05,39726318.9662074
2017-07-06,40281792.62168802
2017-07-07,40045490.74386932
2017-07-08,38746617.90871157
2017-07-09,38712312.5981697
2017-07-10,38394965.7091805
2017-07-11,38856653.61473648
2017-07-12,39038663.0151424
2017-07-13,39271994.05661412
2017-07-14,37066859.45046064
2017-07-15,38686679.11713967
2017-07-16,33812118.39610797
2017-07-17,34554670.24093727
2017-07-18,34615598.94517989
2017-07-19,34586790.1012918
2017-07-20,34772350.86278531
2017-07-21,35276975.37554908
2017-07-22,33928249.91834108
2017-07-23,33056552.5219368
2017-07-24,33573512.65374224
2017-07-25,34056207.06102373
2017-07-26,34061244.36352648
2017-07-27,32660600.19609262
2017-07-28,32169336.50279695
2017-07-29,31543974.49418626
2017-07-30,31388489.58652179
2017-07-31,32327621.38268558
2017-08-01,30378198.19379505
2017-08-02,31216492.8239968
2017-08-03,31330384.98724953
2017-08-04,30670718.86237313
2017-08-05,30723564.71343751
2017-08-06,30692916.31136367
2017-08-07,31054844.56993999
2017-08-08,31450204.14124976
2017-08-09,30903253.07146572
2017-08-10,30341340.77912046
2017-08-11,30791627.87939823
2017-08-12,30638162.77569907
2017-08-13,29989276.5912361
2017-08-14,31384129.18157663
2017-08-15,32236402.14752689
2017-08-16,33030822.22303663
2017-08-17,31638752.51116563
2017-08-18,32130775.57473441
2017-08-19,31063608.50235138
2017-08-20,30710856.90389882
2017-08-21,32868854.93849014
2017-08-22,35389499.71821032
2017-08-23,34638435.3647621
2017-08-24,36804749.86566149
2017-08-25,37841030.19283499
2017-08-26,37447085.39378998
2017-08-27,33530114.24832317
2017-08-28,34911649.42055245
2017-08-29,35278200.94629035
2017-08-30,33530765.19364205
2017-08-31,34049582.5334973
2017-09-01,33256883.0992435
2017-09-02,32272854.76782687
2017-09-03,31826610.96590326
2017-09-04,32476225.4262289
2017-09-05,31511234.12973457
2017-09-06,31564748.95023354
2017-09-07,30382854.89900452
2017-09-08,29921128.86151491
2017-09-09,29106358.49675388
2017-09-10,29510367.97536572
2017-09-11,29220459.79754394
2017-09-12,28942159.86126701
2017-09-13,28739421.78089236
2017-09-14,29145381.6314102
2017-09-15,29368930.74363034
2017-09-16,28784876.50473998
2017-09-17,28430245.7098321
2017-09-18,26420056.16527864
2017-09-19,24781397.20040691
2017-09-20,25054982.14126663
2017-09-21,24156864.34349267
2017-09-22,24303211.90542296
2017-09-23,23862100.08096284
2017-09-24,23806865.50993442
2017-09-25,24931479.87941211
2017-09-26,24768643.73094407
2017-09-27,24537429.98019585
2017-09-28,24167445.49458813
2017-09-29,24022055.24836976
2017-09-30,24126086.56028593
2017-10-01,24436256.42715636
2017-10-02,24533889.70848877
2017-10-03,23859679.52913409
2017-10-04,24171671.16942008
2017-10-05,24663273.42808802
2017-10-06,24034422.51394759
2017-10-07,23564243.90859398
2017-10-08,23437991.0719034
2017-10-09,24005745.14530307
2017-10-10,24245495.92029265
2017-10-11,24259654.58411034
2017-10-12,24384307.06480488
2017-10-13,26067659.31533224
2017-10-14,25232020.28732841
2017-10-15,22671679.3067388
2017-10-16,22853962.31103847
2017-10-17,23117963.42411017
2017-10-18,23142937.78882918
2017-10-19,22800899.2317665
2017-10-20,22500077.53571492
2017-10-21,22825455.65992818
2017-10-22,22411201.68001736
2017-10-23,22823843.53099369
2017-10-24,23005574.96513496
2017-10-25,22299584.41203855
2017-10-26,21401494.20171675
2017-10-27,19508872.27312515
2017-10-28,20149986.80707696
2017-10-29,19813842.82353697
2017-10-30,19765389.39363252
2017-10-31,19631987.68496251
2017-11-01,19913085.57839324
2017-11-02,19870389.41924563
2017-11-03,20468804.82983056
2017-11-04,20199649.89545096
2017-11-05,19224920.97127832
2017-11-06,19791053.1648187
2017-11-07,19888179.87992506
2017-11-08,19828871.71353391
2017-11-09,20552256.00185427
2017-11-10,21434858.07621585
2017-11-11,24272808.61262633
2017-11-12,29185256.77693207
2017-11-13,26673375.27016463
2017-11-14,25514433.90611399
2017-11-15,24265489.64122965
2017-11-16,23287801.20955611
2017-11-17,21955767.98015588
2017-11-18,21563321.99263724
2017-11-19,20709706.80306082
2017-11-20,21185904.0294073
2017-11-21,21056216.22181317
2017-11-22,20955665.45293539
2017-11-23,20914671.74162399
2017-11-24,20746794.86714757
2017-11-25,20509450.39654972
2017-11-26,20508766.96716566
2017-11-27,20735967.85722719
2017-11-28,20983475.53879359
2017-11-29,21161252.29113168
2017-11-30,21073204.36882665
2017-12-01,20678320.86996762
2017-12-02,20408501.69186278
2017-12-03,20221001.18725551
2017-12-04,20518661.7460678
2017-12-05,20494427.74544457
2017-12-06,19789149.49338531
2017-12-07,18825174.44540576
2017-12-08,20973101.22697949
2017-12-09,19904956.26292744
2017-12-10,19307619.85547589
2017-12-11,19372223.38462995
2017-12-12,20135565.98800694
2017-12-13,19892053.71246807
2017-12-14,20210737.16881731
2017-12-15,20231077.14364512
2017-12-16,19744516.48324637
2017-12-17,19464605.66329879
2017-12-18,18385371.31258407
2017-12-19,18503231.55919747
2017-12-20,20613745.86167068
2017-12-21,22591121.03481444
2017-12-22,23771871.95605263
2017-12-23,21637671.00374129
2017-12-24,19635690.68562772
2017-12-25,18908965.48170806
2017-12-26,18898609.36176591
2017-12-27,18798851.93231878
2017-12-28,19060276.98451274
2017-12-29,18516741.73998668
2017-12-30,19088225.2577389
2017-12-31,17014469.3676599
2018-01-01,16202824.56171631
2018-01-02,16966931.79159239
2018-01-03,17984950.69073851
2018-01-04,17836945.40151794
2018-01-05,18124410.44526547
2018-01-06,17317730.45858161
2018-01-07,17422166.7313433
2018-01-08,17363450.38370709
2018-01-09,17772391.27031254
2018-01-10,17525198.17719337
2018-01-11,16760494.44197465
2018-01-12,16622262.46336205
2018-01-13,15102401.81635092
2018-01-14,14138585.95211632
2018-01-15,14357768.15579803
2018-01-16,14719897.11428059
2018-01-17,14926661.42834355
2018-01-18,14703188.1189586
2018-01-19,13959682.24401648
2018-01-20,13454367.4010792
2018-01-21,12944080.33420865
2018-01-22,12978919.71144506
2018-01-23,12742261.93982116
2018-01-24,12717875.3583668
2018-01-25,11344829.10855398
2018-01-26,10694633.6396498
2018-01-27,10482122.16780169
2018-01-28,10403887.04171439
2018-01-29,10407058.8926027
2018-01-30,10394448.65637646
2018-01-31,10724678.52738634
2018-02-01,10693745.7249629
2018-02-02,10915992.59462049
2018-02-03,10362780.82580262
2018-02-04,10135064.69708329
2018-02-05,10385270.372302
2018-02-06,10382809.73833412
2018-02-07,9348662.24394576
2018-02-08,9209755.617700955
2018-02-09,9205369.82909519
2018-02-10,9178880.463402245
2018-02-11,9031562.27296602
2018-02-12,9033915.205671828
2018-02-13,9025696.618875135
2018-02-14,8983879.960482635
2018-02-15,9082163.235051675
2018-02-16,9001778.297419991
2018-02-17,8962357.947639031
2018-02-18,8934322.367779832
2018-02-19,8961626.453778105
2018-02-20,8722472.6536923
2018-02-21,8518301.907994226
2018-02-22,8517395.310893038
2018-02-23,8683867.368682954
2018-02-24,8791943.803107915
2018-02-25,8518988.717030622
2018-02-26,8569725.619396398
2018-02-27,8572638.3777626
2018-02-28,8576248.97510363
2018-03-01,8561938.440985149
2018-03-02,8528423.155906616
2018-03-03,8502402.475724924
2018-03-04,8501148.07582012
2018-03-05,7950468.914370487
2018-03-06,7775703.887611117
2018-03-07,7772817.041920057
2018-03-08,7771263.790261139
2018-03-09,7777297.412870998
2018-03-10,7815715.373066713
2018-03-11,7790184.268217847
2018-03-12,7759394.746225609
2018-03-13,7864400.38465104
2018-03-14,7798915.3200647
2018-03-15,7797242.142301301
2018-03-16,7746012.419961372
2018-03-17,7718399.809920175
2018-03-18,7533180.48567598
2018-03-19,7372032.7785465
2018-03-20,7402328.651482001
2018-03-21,7375327.901784034
2018-03-22,7372459.439130014
2018-03-23,7369823.235579482
2018-03-24,7332048.379118835
2018-03-25,7349276.661727222
2018-03-26,7366727.852333236
2018-03-27,7361902.79157382
2018-03-28,7365893.710277433
2018-03-29,7360722.40118531
2018-03-30,7350012.462725879
2018-03-31,7353325.527770382
2018-04-01,7256660.647451028
2018-04-02,7229363.246560971
2018-04-03,7249346.713808114
2018-04-04,7249265.288054561
2018-04-05,7240623.010794565
2018-04-06,7304208.638733857
2018-04-07,7248325.203430012
2018-04-08,7227939.180993752
2018-04-09,7239942.829297841
2018-04-10,7230768.354221512
2018-04-11,7234110.294104492
2018-04-12,7294203.392829551
2018-04-13,7279267.422184987
2018-04-14,6708841.74761058
2018-04-15,6626888.124662174
2018-04-16,6636836.672447138
2018-04-17,6629916.714838743
2018-04-18,6632437.338353394
2018-04-19,6625610.975173735
2018-04-20,6653588.429000962
2018-04-21,6638290.658422022
2018-04-22,6620718.664121863
2018-04-23,6640986.522348761
2018-04-24,6760146.394586626
2018-04-25,6935956.056202397
2018-04-26,6792187.223212957
2018-04-27,6571375.226607421
2018-04-28,6415855.986668281
2018-04-29,6352662.751780794
2018-04-30,6365642.250011042
2018-05-01,6342774.988703356
2018-05-02,6389394.650375767
2018-05-03,6380387.168418619
2018-05-04,6393781.338997426
2018-05-05,6352537.729786019
2018-05-06,6359521.062550373
2018-05-07,6371653.597219554
2018-05-08,6369370.916294097
2018-05-09,6347383.794722229
2018-05-10,6338262.549458255
2018-05-11,6221514.449227277
2018-05-12,6144204.451068077
2018-05-13,6136460.76124452
2018-05-14,6192659.583705476
2018-05-15,6185786.678937444
2018-05-16,6147223.863682932
2018-05-17,6261740.473117239
2018-05-18,6289767.13497245
2018-05-19,6166787.027866513
2018-05-20,6152401.468639086
2018-05-21,6161338.182661418
2018-05-22,6151436.797923817
2018-05-23,6156664.346338651
2018-05-24,6057152.019535636
2018-05-25,5908057.351803787
2018-05-26,5899625.687339353
2018-05-27,5884579.276472443
2018-05-28,5916549.339111985
2018-05-29,5929066.236012442
2018-05-30,5892681.31267639
2018-05-31,5895167.413460181
2018-06-01,5890272.744713598
2018-06-02,5884062.760031376
2018-06-03,5881585.662532872
2018-06-04,5889627.259344621
2018-06-05,5734678.346683647
2018-06-06,5136785.140537479
2018-06-07,5146682.861311388
2018-06-08,5132298.705942509
2018-06-09,5141096.701656057
2018-06-10,5140660.318679668
2018-06-11,5160053.994322865
2018-06-12,5143559.632905705
2018-06-13,5194342.968826602
2018-06-14,5157602.079846086
2018-06-15,5144784.073679418
2018-06-16,5125077.597025217
2018-06-17,5147433.652310063
2018-06-18,5124922.475447509
2018-06-19,5217123.322594107
2018-06-20,5467875.309844254
2018-06-21,5121349.871675585
2018-06-22,5131592.310389431
2018-06-23,5031465.487733725
2018-06-24,5012396.855023345
2018-06-25,5036979.887493873
2018-06-26,5033500.098267158
2018-06-27,5057327.530138775
2018-06-28,5018011.883078076
2018-06-29,5022672.132679209
2018-06-30,5012431.816356461
2018-07-01,4991220.11974365
2018-07-02,4919657.638236554
2018-07-03,4773051.84191305
2018-07-04,4743712.527786211
2018-07-05,4737317.968770459
2018-07-06,4739019.205085735
2018-07-07,4720759.513166584
2018-07-08,4718063.914721299
2018-07-09,4740901.223780395
2018-07-10,4738603.906988518
2018-07-11,4744938.88729263
2018-07-12,4731787.445714501
2018-07-13,4737846.004564573
2018-07-14,4725936.718153787
2018-07-15,4726684.904476541
2018-07-16,4761946.901087063
2018-07-17,4893190.777933405
2018-07-18,4921207.924633885
2018-07-19,4918552.215992222
2018-07-20,4913525.328091932
2018-07-21,4899794.71153366
2018-07-22,4879692.488714192
2018-07-23,4912201.362385896
2018-07-24,4924456.640789011
2018-07-25,4913133.917537124
2018-07-26,4905880.42704492
2018-07-27,4900372.758625594
2018-07-28,4893409.473746439
2018-07-29,4524724.832497801
2018-07-30,4283425.155242126
2018-07-31,4279909.035210039
2018-08-01,4274545.504405323
2018-08-02,4276927.713827738
2018-08-03,4269898.462789789
2018-08-04,4251714.755629485
2018-08-05,4255373.256112629
2018-08-06,4268874.429831714
2018-08-07,4266870.34786719
2018-08-08,4268787.950941057
2018-08-09,4267276.944172258
2018-08-10,4257889.432859355
2018-08-11,4084665.640725423
2018-08-12,3958556.216167775
2018-08-13,3977399.896905098
2018-08-14,3994982.734889025
2018-08-15,3974138.98164781
2018-08-16,3977420.515613075
2018-08-17,3984177.379051209
2018-08-18,3967963.26351718
2018-08-19,3966851.807924097
2018-08-20,3996608.781186681
2018-08-21,3982888.558326882
2018-08-22,3983353.104043943
2018-08-23,3970449.443234635
2018-08-24,3900989.639741806
2018-08-25,3780001.565914258
2018-08-26,3782760.971309458
2018-08-27,3790467.142985554
2018-08-28,3821487.000475816
2018-08-29,3785223.184225079
2018-08-30,3784437.73278493
2018-08-31,3783778.678955468
2018-09-01,3774724.155999109
2018-09-02,3771757.662487393
2018-09-03,3779259.767978729
2018-09-04,3791160.103430002
2018-09-05,3806828.460084879
2018-09-06,3800280.223599962
2018-09-07,3657394.42244237
2018-09-08,3618375.284236054
2018-09-09,3614299.595280502
2018-09-10,3624824.072248067
2018-09-11,3625189.038428748
2018-09-12,3621201.571798871
2018-09-13,3616862.027539873
2018-09-14,3625464.560126807
2018-09-15,3613721.167859196
2018-09-16,3605983.112901277
2018-09-17,3619479.705961126
2018-09-18,3618111.113327539
2018-09-19,3608300.27907647
2018-09-20,3609914.250434823
2018-09-21,3565611.721322698
2018-09-22,3546768.559945842
2018-09-23,3542732.451268957
2018-09-24,3540299.053686034
2018-09-25,3547715.167892376
2018-09-26,3552991.655837819
2018-09-27,3560954.093453571
2018-09-28,3568152.659982556
2018-09-29,3548310.926408101
2018-09-30,3541797.702179816
2018-10-01,3549003.795785452
2018-10-02,3564676.63698523
2018-10-03,3551880.787255823
2018-10-04,3448627.718167469
2018-10-05,3414137.929096064
2018-10-06,3409974.261899685
2018-10-07,3395327.069449634
2018-10-08,3406585.673763424
2018-10-09,3404452.545728812
2018-10-10,3402309.827498887
2018-10-11,3401787.261081615
2018-10-12,3407879.135503032
2018-10-13,3394189.340642885
2018-10-14,3398390.104934053
2018-10-15,3409351.981383551
2018-10-16,3411629.559665229
2018-10-17,3409398.73960313
2018-10-18,3420518.910253111
2018-10-19,3533006.278530261
2018-10-20,3527709.156790964
2018-10-21,3525602.616745646
2018-10-22,3528314.563945509
2018-10-23,3530710.386246411
2018-10-24,3539997.90006762
2018-10-25,3532969.438135364
2018-10-26,3534737.851961503
2018-10-27,3526133.573320579
2018-10-28,3533014.612360314
2018-10-29,3533734.121836972
2018-10-30,3534689.36210193
2018-10-31,3529000.419038263
2018-11-01,3532224.1660347
2018-11-02,3534775.757582285
2018-11-03,3519437.484258378
2018-11-04,3527054.893654585
2018-11-05,3536380.292513163
2018-11-06,3542006.004039203
2018-11-07,3540565.649169561
2018-11-08,3548387.310433196
2018-11-09,3547847.65377357
2018-11-10,3532721.734463668
2018-11-11,3522504.49860558
2018-11-12,3537566.043644866
2018-11-13,3542210.359162531
2018-11-14,3553600.880602586
2018-11-15,3583597.022308646
2018-11-16,3582574.720049785
2018-11-17,3818837.685729998
2018-11-18,3821381.664803717
2018-11-19,3871307.953400063
2018-11-20,3935041.590117223
2018-11-21,3919180.531593777
2018-11-22,3875342.595868278
2018-11-23,3867772.010824688
2018-11-24,3844112.164781553
2018-11-25,3853857.714158049
2018-11-26,3881813.28113643
2018-11-27,3862537.858809365
2018-11-28,3877612.940965306
2018-11-29,3905149.266772149
2018-11-30,3899474.159717113
2018-12-01,3851023.42972004
2018-12-02,3836549.893394767
2018-12-03,4143457.256317018
2018-12-04,4534096.004411926
2018-12-05,4521319.332500475
2018-12-06,4528551.484288718
2018-12-07,4545521.565660858
2018-12-08,4506726.338470805
2018-12-09,4500256.802342733
2018-12-10,4514385.717648885
2018-12-11,4518558.076431155
2018-12-12,4519781.417065768
2018-12-13,4509765.616599796
2018-12-14,4508684.03706581
2018-12-15,4490619.721030003
2018-12-16,4497581.631287595
2018-12-17,4500108.78439501
2018-12-18,4547766.79381811
2018-12-19,5003910.99584401
2018-12-20,5004951.637377672
2018-12-21,5010285.149331345
2018-12-22,4959412.230660221
2018-12-23,4949727.58268214
2018-12-24,4980292.507891688
2018-12-25,4966014.037576837
2018-12-26,4962172.312807832
2018-12-27,4957115.745233916
2018-12-28,4963215.135784483
2018-12-29,4967351.963284126
2018-12-30,4946290.410925961
2018-12-31,4826723.210264981
2019-01-01,4495703.060129409
2019-01-02,4516755.022141245
2019-01-03,4516319.382160161
2019-01-04,4515738.817535145
2019-01-05,4501876.480289026
2019-01-06,4511935.957451534
2019-01-07,4530400.598348178
2019-01-08,4517675.88404148
2019-01-09,4521082.091682201
2019-01-10,4527832.802336385
2019-01-11,4528043.052788503
2019-01-12,4519240.227928886
2019-01-13,4507793.593835936
2019-01-14,4328735.217443542
2019-01-15,4324893.691366404
2019-01-16,4333883.27072682
2019-01-17,4334803.724109695
2019-01-18,4324804.683654146
2019-01-19,4314617.441237466
2019-01-20,4302498.213263283
2019-01-21,4318982.85111072
2019-01-22,4324540.310019845
2019-01-23,4320966.213807365
2019-01-24,4319397.333474016
2019-01-25,4334478.766935079
2019-01-26,4318894.243085893
2019-01-27,4308787.812793731
2019-01-28,4359358.608879502
2019-01-29,4373612.676764532
2019-01-30,4376497.163655565
2019-01-31,4386042.4000361
2019-02-01,4390317.979808135
2019-02-02,4370005.606446309
2019-02-03,4360890.234187108
2019-02-04,4359144.261321623
2019-02-05,4359432.664375485
2019-02-06,4363623.319479417
2019-02-07,4352979.868567164
2019-02-08,4368411.427864472
2019-02-09,4365480.101882504
2019-02-10,4298527.64641759
2019-02-11,4195296.705245465
2019-02-12,4237390.52492628
2019-02-13,4220436.815419484
2019-02-14,4204775.856013207
2019-02-15,4215623.654507869
2019-02-16,4197901.206929229
2019-02-17,4185380.8050531
2019-02-18,4208206.676100044
2019-02-19,4219808.098762461
2019-02-20,4240888.065291923
2019-02-21,4244939.173807924
2019-02-22,4225696.254546053
2019-02-23,4206093.359775268
2019-02-24,4213835.769650983
2019-02-25,4228878.074206789
2019-02-26,4210050.635845358
2019-02-27,4212837.836633159
2019-02-28,4208276.944979201
2019-03-01,4201081.865369095
2019-03-02,4201412.343772712
2019-03-03,4184359.2752652
2019-03-04,4205800.889551825
2019-03-05,4199617.357100469
2019-03-06,4240849.548134845
2019-03-07,4227258.644936922
2019-03-08,4214160.187967112
2019-03-09,4199703.601934767
2019-03-10,4186354.026993307
2019-03-11,4212202.40570682
2019-03-12,4215037.291319718
2019-03-13,4231875.645090602
2019-03-14,4220532.157322804
2019-03-15,4205544.465254822
2019-03-16,4188369.339744146
2019-03-17,4175958.402641928
2019-03-18,4184400.515304978
2019-03-19,4181224.803229736
2019-03-20,4194322.34306636
2019-03-21,4224366.731918642
2019-03-22,4194213.824994495
2019-03-23,4178354.934538863
2019-03-24,3981200.343251001
2019-03-25,3998630.234295866
2019-03-26,4022635.249626684
2019-03-27,4037380.994059711
2019-03-28,4039729.329460109
2019-03-29,4073519.642410725
2019-03-30,4062011.714604401
2019-03-31,4039211.636483753
2019-04-01,4083300.260011536
2019-04-02,4169332.350050706
2019-04-03,4252619.319585231
2019-04-04,4288716.009886408
2019-04-05,4164584.006726956
2019-04-06,4121143.685928779
2019-04-07,4118993.217375715
2019-04-08,4205203.03968865
2019-04-09,4203760.493729847
2019-04-10,4165372.781498285
2019-04-11,4161952.695981898
2019-04-12,4141527.864673339
2019-04-13,4087656.068899968
2019-04-14,4080279.094526162
2019-04-15,4098738.230721186
2019-04-16,4093535.298642641
2019-04-17,4108649.049656563
2019-04-18,4080142.279622338
2019-04-19,4092639.674474919
2019-04-20,4069493.416464908
2019-04-21,4050880.563185386
2019-04-22,4118813.074487069
2019-04-23,4216739.550578383
2019-04-24,4211428.012075379
2019-04-25,4165525.515874007
2019-04-26,4148484.622226819
2019-04-27,4079593.189424935
2019-04-28,4050752.083402857
2019-04-29,4095428.406440015
2019-04-30,4150449.283985495
2019-05-01,4077460.420385091
2019-05-02,4064527.576671538
2019-05-03,4124313.662028074
2019-05-04,3974330.639843319
2019-05-05,3893697.033343602
2019-05-06,3902299.298591728
2019-05-07,3968224.130426638
2019-05-08,3970703.156994017
2019-05-09,3965895.980066311
2019-05-10,4047837.53013749
2019-05-11,4037025.133798742
2019-05-12,3943561.177139195
2019-05-13,3950743.225243825
2019-05-14,4010917.632608198
2019-05-15,4133189.457539709
2019-05-16,4216093.515281038
2019-05-17,4202262.503742999
2019-05-18,4010313.406883863
2019-05-19,3981357.045147607
2019-05-20,4092381.803541068
2019-05-21,4142388.319403923
2019-05-22,4065161.717639179
2019-05-23,4055655.401591831
2019-05-24,4121630.662855757
2019-05-25,4024142.706939191
2019-05-26,3920089.48885396
2019-05-27,4087738.720602536
2019-05-28,4097043.230219359
2019-05-29,4068572.832344455
2019-05-30,4077601.57187129
2019-05-31,3841066.280863943
2019-06-01,3654409.424530261
2019-06-02,3611738.976388345
2019-06-03,3821563.954948121
2019-06-04,3752211.345437482
2019-06-05,3639587.096485603
2019-06-06,3578689.831239751
2019-06-07,3547213.965484107
2019-06-08,3526511.006962513
2019-06-09,3481959.655921918
2019-06-10,3543738.899999975
2019-06-11,3578269.089905715
2019-06-12,3592042.913096734
2019-06-13,3565202.774180644
2019-06-14,3580538.844826152
2019-06-15,3535440.151049995
2019-06-16,3545770.680191245
2019-06-17,3630738.580918646
2019-06-18,3587454.684979744
2019-06-19,3554988.163064118
2019-06-20,3604578.540029873
2019-06-21,3647936.154835819
2019-06-22,3625059.289605327
2019-06-23,3513048.00215238
2019-06-24,3549380.740562846
2019-06-25,3614193.801684162
2019-06-26,3692137.162877129
2019-06-27,3553545.491928054
2019-06-28,3452165.931860428
2019-06-29,3323855.833310033
2019-06-30,3341596.331034934
2019-07-01,3393026.1146942
2019-07-02,3353110.5095328
2019-07-03,3306588.314092205
2019-07-04,3294031.111750505
2019-07-05,3269862.504692574
2019-07-06,3238544.748867052
2019-07-07,3240608.353308999
2019-07-08,3262514.987370647
2019-07-09,3036402.824234676
2019-07-10,2918185.892780607
2019-07-11,2907400.346084041
2019-07-12,2860926.565861161
2019-07-13,2840493.814865414
2019-07-14,2832427.733645359
2019-07-15,2867563.52105474
2019-07-16,2858298.388638215
2019-07-17,2879055.850235257
2019-07-18,2906243.05060522
2019-07-19,2907113.766428926
2019-07-20,2836159.006691128
2019-07-21,2825897.787160216
2019-07-22,2845520.253150968
2019-07-23,2863338.904808708
2019-07-24,2867136.41568955
2019-07-25,2873253.401226836
2019-07-26,2849594.853749945
2019-07-27,2836105.339361674
2019-07-28,2819360.8166765
2019-07-29,2840914.495995444
2019-07-30,2882214.629381003
2019-07-31,2858179.915688881
2019-08-01,2861020.883675073
2019-08-02,2847356.364024729
2019-08-03,2822754.646162675
2019-08-04,2814062.326985661
2019-08-05,2601742.896515696
2019-08-06,2572477.021412624
2019-08-07,2608256.833181982
2019-08-08,2616143.4547829
2019-08-09,2604449.519426154
2019-08-10,2570381.411963997
2019-08-11,2555020.269086704
2019-08-12,2592328.570253275
2019-08-13,2613102.980542988
2019-08-14,2594140.954896346
2019-08-15,2585860.576743401
2019-08-16,2585289.105297236
2019-08-17,2573949.682708352
2019-08-18,2556245.721800224
2019-08-19,2519470.778035484
2019-08-20,2526383.309848425
2019-08-21,2543943.013145925
2019-08-22,2541734.018970335
2019-08-23,2519657.070991919
2019-08-24,2506414.137586842
2019-08-25,2494886.070155916
2019-08-26,2514469.307875084
2019-08-27,2518989.558981542
2019-08-28,2512758.035741307
2019-08-29,2506819.231082272
2019-08-30,2511808.892270272
2019-08-31,2495554.67168277
2019-09-01,2378880.105505143
2019-09-02,2366867.879703955
2019-09-03,2374999.970849128
2019-09-04,2384534.770024159
2019-09-05,2373001.284182314
2019-09-06,2374926.095303939
2019-09-07,2367623.055020788
2019-09-08,2356649.455275084
2019-09-09,2373065.361520725
2019-09-10,2369057.450101802
2019-09-11,2366804.129744378
2019-09-12,2365621.433206151
2019-09-13,2328349.60424642
2019-09-14,2136096.190863559
2019-09-15,2133008.010137748
2019-09-16,2144876.008333332
2019-09-17,2151462.739764313
2019-09-18,2145550.27002172
2019-09-19,2153635.891303851
2019-09-20,2149954.68793888
2019-09-21,2136624.843800405
2019-09-22,2133207.989248214
2019-09-23,2159982.463014653
2019-09-24,2154953.857233308
2019-09-25,2157897.41396084
2019-09-26,2123240.433231809
2019-09-27,2009941.138473307
2019-09-28,1992210.070461937
2019-09-29,1994116.838809038
2019-09-30,2018562.273151989
2019-10-01,2023250.372246587
2019-10-02,2007622.910898074
2019-10-03,2008740.875398797
2019-10-04,1997943.756796778
2019-10-05,1986761.181419464
2019-10-06,1985175.342843107
2019-10-07,1994320.705701431
2019-10-08,1995128.021904899
2019-10-09,2005107.512035885
2019-10-10,1984138.647331372
2019-10-11,1957675.345856887
2019-10-12,1955343.56112746
2019-10-13,1949259.090040226
2019-10-14,1960369.009897946
2019-10-15,1956806.313819194
2019-10-16,1963954.940007456
2019-10-17,1959272.884603315
2019-10-18,1957191.00905661
2019-10-19,1951573.130776316
2019-10-20,1947291.136356242
2019-10-21,1951725.587648919
2019-10-22,1952484.249654853
2019-10-23,1951439.510257787
2019-10-24,1866792.943813233
2019-10-25,1874756.256737985
2019-10-26,1886383.08871363
2019-10-27,1879235.631192444
2019-10-28,1875983.239991449
2019-10-29,1873978.08988705
2019-10-30,1871238.213690231
2019-10-31,1874507.891499016
2019-11-01,1880273.504545908
2019-11-02,1864709.818393069
2019-11-03,1864088.945474435
2019-11-04,1888768.76675369
2019-11-05,1881216.856176572
2019-11-06,1878067.053667006
2019-11-07,1882811.411492117
2019-11-08,2027382.851752011
2019-11-09,2009198.6977348
2019-11-10,1997749.317251035
2019-11-11,2007174.462849118
2019-11-12,2010432.038509162
2019-11-13,2017062.474289856
2019-11-14,2003649.536160612
2019-11-15,2003474.150285878
2019-11-16,1998682.130096363
2019-11-17,1998373.549153717
2019-11-18,2007832.843021178
2019-11-19,2011250.94602957
2019-11-20,2005851.919553949
2019-11-21,2005361.394360431
2019-11-22,1983634.531580741
2019-11-23,1955935.599419873
2019-11-24,1956806.452904775
2019-11-25,1977628.715894546
2019-11-26,1988396.773493596
2019-11-27,1974196.290595793
2019-11-28,1962946.034847487
2019-11-29,1974651.910426799
2019-11-30,1969732.866714023
2019-12-01,1960876.186698514
2019-12-02,1963332.872506676
2019-12-03,1960279.961465512
2019-12-04,1964321.474389705
2019-12-05,1962905.321463815
2019-12-06,1976891.638194729
2019-12-07,1969501.673898254
2019-12-08,1965452.3616863
2019-12-09,1973165.759189556
2019-12-10,1974643.124208484
2019-12-11,1980253.132873593
2019-12-12,1977387.701878318
2019-12-13,1974417.259058554
2019-12-14,1968042.88445542
2019-12-15,1976348.454833574
2019-12-16,1973696.121451449
2019-12-17,1975715.159843765
2019-12-18,1982437.282631846
2019-12-19,1977755.374555685
2019-12-20,1964331.116464106
2019-12-21,1953002.451878073
2019-12-22,1952807.885189256
2019-12-23,1961830.369005478
2019-12-24,1963281.146462797
2019-12-25,1957903.194016128
2019-12-26,1958174.666206414
2019-12-27,1957467.40800837
2019-12-28,1953436.469689986
2019-12-29,1954442.371529579
2019-12-30,1955035.909975676
2019-12-31,1955034.269759323
2020-01-01,1936278.47877652
2020-01-02,1834266.279736222
2020-01-03,1835580.384621843
2020-01-04,1831979.235869462
2020-01-05,1832732.993109621
2020-01-06,1844443.769339925
2020-01-07,1840073.144559799
2020-01-08,1852592.773119701
2020-01-09,1848896.727094489
2020-01-10,1851407.5606208
2020-01-11,1838542.630222514
2020-01-12,1835748.129232822
2020-01-13,1839691.479637936
2020-01-14,1843300.561338739
2020-01-15,1729463.294238034
2020-01-16,1720919.150196068
2020-01-17,1721296.269303353
2020-01-18,1718641.129655652
2020-01-19,1716743.147075891
2020-01-20,1716371.414045113
2020-01-21,1717859.701802019
2020-01-22,1718042.532673176
2020-01-23,1718510.690345669
2020-01-24,1714901.369540265
2020-01-25,1708516.000521614
2020-01-26,1711262.801400736
2020-01-27,1720660.305725508
2020-01-28,1674086.973349335
2020-01-29,1642464.087273559
2020-01-30,1639731.056519446
2020-01-31,1646211.437273449
2020-02-01,1640386.433009068
2020-02-02,1640744.112554217
2020-02-03,1642575.828644116
2020-02-04,1647883.945575038
2020-02-05,1645471.323993341
2020-02-06,1651976.090806551
2020-02-07,1653800.455019515
2020-02-08,1644282.841637955
2020-02-09,1640657.428725036
2020-02-10,1654804.8547699
2020-02-11,1648329.957748975
2020-02-12,1650281.061968618
2020-02-13,1647921.725133317
2020-02-14,1648262.522209383
2020-02-15,1642222.424578408
2020-02-16,1635895.148452481
2020-02-17,1637327.347089383
2020-02-18,1643415.255340032
2020-02-19,1644209.710310231
2020-02-20,1644256.786560447
2020-02-21,1637094.806220738
2020-02-22,1631253.56864217
2020-02-23,1631361.850736612
2020-02-24,1636415.168602321
2020-02-25,1643434.179775497
2020-02-26,1650893.707505003
2020-02-27,1645380.539910833
2020-02-28,1642768.350587074
2020-02-29,1639428.036553043
2020-03-01,1633822.58461973
2020-03-02,1641218.189650229
2020-03-03,1642602.642644826
2020-03-04,1641382.61611152
2020-03-05,1642906.190636859
2020-03-06,1644755.228073806
2020-03-07,1638064.055879751
2020-03-08,1634444.688586364
2020-03-09,1585467.089786431
2020-03-10,1543547.239542722
2020-03-11,1549191.935049403
2020-03-12,1566222.297636756
2020-03-13,1600618.315526623
2020-03-14,1569303.591128604
2020-03-15,1564251.06294962
2020-03-16,1581874.541241576
2020-03-17,1579629.307274377
2020-03-18,1590534.293222416
2020-03-19,1595919.54407586
2020-03-20,1606953.811557569
2020-03-21,1563513.15925624
2020-03-22,1550297.153607002
2020-03-23,1574034.508201559
2020-03-24,1559003.764358602
2020-03-25,1578864.67041989
2020-03-26,1826832.99265873
2020-03-27,1844813.365269472
2020-03-28,1838283.321895211
2020-03-29,1826991.35094569
2020-03-30,1830873.389344759
2020-03-31,1832506.141847353
2020-04-01,1830398.317389589
2020-04-02,1828766.474689173
2020-04-03,1834175.681930307
2020-04-04,1821713.266225877
2020-04-05,1816061.921853989
2020-04-06,1831128.77463156
2020-04-07,1828194.912851284
2020-04-08,1768524.7948023
2020-04-09,1729383.633106769
2020-04-10,1726057.772142085
2020-04-11,1719393.491975148
2020-04-12,1718167.932154415
2020-04-13,1721312.741586557
2020-04-14,1726148.524221923
2020-04-15,1729474.706895841
2020-04-16,1734127.803516671
2020-04-17,1735512.774942056
2020-04-18,1722828.01114001
2020-04-19,1721550.788634588
2020-04-20,1725405.052149829
2020-04-21,1627107.376611374
2020-04-22,1598779.241587276
2020-04-23,1610990.099920598
2020-04-24,1608121.609767955
2020-04-25,1600717.463264722
2020-04-26,1593110.085563711
2020-04-27,1598781.265244347
2020-04-28,1598319.668676727
2020-04-29,1618302.079221733
2020-04-30,1675285.804174345
2020-05-01,1672102.064085954
2020-05-02,1631608.252860436
2020-05-03,1617758.254444093
2020-05-04,1626690.11160347
2020-05-05,1618257.559318631
2020-05-06,1616858.775781275
2020-05-07,1634323.38895278
2020-05-08,1654569.015146234
2020-05-09,1640580.466796546
2020-05-10,1607126.012306176
2020-05-11,1630929.025644834
2020-05-12,873485.1051331295
2020-05-13,894896.0734200496
2020-05-14,939106.0845170857
2020-05-15,942079.8156193837
2020-05-16,887144.2711397818
2020-05-17,903884.0497588383
2020-05-18,940642.6881936932
2020-05-19,978356.0417433523
2020-05-20,1047081.958071533
2020-05-21,1034099.499334551
2020-05-22,1019971.655552256
2020-05-23,951121.2659082481
2020-05-24,913657.8106825779
2020-05-25,928483.4074161648
2020-05-26,915770.5348647966
2020-05-27,905434.242227324
2020-05-28,919405.9844460661
2020-05-29,928589.0577683634
2020-05-30,887482.6402936465
2020-05-31,884611.2380307837
2020-06-01,908520.6947648446
2020-06-02,930357.8127889733
2020-06-03,908245.9960342817
2020-06-04,925567.1127701685
2020-06-05,960032.916114883
2020-06-06,937686.5901470084
2020-06-07,939136.8279021479
2020-06-08,952696.763560436
2020-06-09,947769.1915673419
2020-06-10,948356.65583361
2020-06-11,946068.7601040426
2020-06-12,942343.9122923369
2020-06-13,933683.4100571505
2020-06-14,929177.3305817636
2020-06-15,951718.5945981573
2020-06-16,928882.8813258678
2020-06-17,840539.1617424048
2020-06-18,841668.0947854074
2020-06-19,841052.0810206932
2020-06-20,823577.1671375864
2020-06-21,817244.1299764401
2020-06-22,828476.508807475
2020-06-23,832196.8573164463
2020-06-24,834571.8567348339
2020-06-25,831707.8429663772
2020-06-26,821677.939731807
2020-06-27,818019.4909421784
2020-06-28,813256.11861607
2020-06-29,824675.7896320355
2020-06-30,832710.1908921287
2020-07-01,845442.9746601374
2020-07-02,838753.1382647183
2020-07-03,838503.6011899807
2020-07-04,821941.4182868137
2020-07-05,816084.300362454
2020-07-06,827033.1007700891
2020-07-07,827789.5120723995
2020-07-08,836522.8849158996
2020-07-09,838029.4197946794
2020-07-10,833868.7271276587
2020-07-11,822002.6414337453
2020-07-12,816554.6232988188
2020-07-13,791528.4192936312
2020-07-14,775530.8226256834
2020-07-15,778774.7262808781
2020-07-16,791112.0144563088
2020-07-17,800584.6317529137
2020-07-18,792173.6222910562
2020-07-19,764895.3267333016
2020-07-20,788481.8437544229
2020-07-21,819489.0297864303
2020-07-22,840218.1527701721
2020-07-23,839566.5076153722
2020-07-24,813443.7294094632
2020-07-25,796966.6345731475
2020-07-26,779778.9267107199
2020-07-27,819620.5103639942
2020-07-28,899428.1238580318
2020-07-29,885976.7081814174
2020-07-30,905439.500397582
2020-07-31,879127.4940552715
2020-08-01,857151.1839897757
2020-08-02,835531.98210883
2020-08-03,841682.9675827014
2020-08-04,838045.6517780419
2020-08-05,871314.369310585
2020-08-06,895090.3593057686
2020-08-07,853423.3107336776
2020-08-08,812052.2200212093
2020-08-09,793025.1110834955
2020-08-10,860637.0952937233
2020-08-11,858710.0493312709
2020-08-12,835902.4691490923
2020-08-13,828856.498242474
2020-08-14,817014.0189264953
2020-08-15,792016.023754529
2020-08-16,788487.90420698
2020-08-17,819208.9281088794
2020-08-18,875720.8262836066
2020-08-19,868675.9688068429
2020-08-20,846954.0076025988
2020-08-21,845451.3229405484
2020-08-22,823086.7472424153
2020-08-23,786088.6088059793
2020-08-24,784942.9929770243
2020-08-25,796645.3891585871
2020-08-26,803000.9454075756
2020-08-27,824284.5201046667
2020-08-28,788618.5231225076
2020-08-29,766739.956296407
2020-08-30,773549.7452050328
2020-08-31,785993.7488729416
2020-09-01,809712.4619205534
2020-09-02,817539.4638302332
2020-09-03,834412.0306495102
2020-09-04,848014.9639016535
2020-09-05,812477.5040895964
2020-09-06,770105.9131075053
2020-09-07,783295.2528245958
2020-09-08,787130.629559143
2020-09-09,793066.0484896082
2020-09-10,804622.5331339649
2020-09-11,804692.1301185864
2020-09-12,764119.509180707
2020-09-13,759488.7633910199
2020-09-14,773124.1843422538
2020-09-15,780974.5915218303
2020-09-16,782354.0914773521
2020-09-17,770429.1655559283
2020-09-18,772673.263563556
2020-09-19,760700.9951054305
2020-09-20,680521.9413081452
2020-09-21,693980.4256177656
2020-09-22,710019.7104874654
2020-09-23,720912.4052133145
2020-09-24,712928.3730916996
2020-09-25,698169.9199487065
2020-09-26,679814.5010790412
2020-09-27,676201.3655358205
2020-09-28,695952.5279262786
2020-09-29,711349.3210179935
2020-09-30,713293.9384351117
2020-10-01,735830.518110209
2020-10-02,744426.6834060946
2020-10-03,700318.9892932595
2020-10-04,687198.1402699036
2020-10-05,724519.3873400126
2020-10-06,741679.845458072
2020-10-07,728019.1277930234
2020-10-08,717425.8493597705
2020-10-09,732290.7277979377
2020-10-10,706570.2925386635
2020-10-11,689493.0266449678
2020-10-12,702820.2543819656
2020-10-13,697377.1350206961
2020-10-14,701564.4209304872
2020-10-15,705317.6190579209
2020-10-16,694124.0274504586
2020-10-17,666643.679962003
2020-10-18,659283.406169931
2020-10-19,669228.89833764
2020-10-20,682427.1107209929
2020-10-21,718321.1891345632
2020-10-22,750552.3919794426
2020-10-23,738711.9433902992
2020-10-24,690321.16708214
2020-10-25,684412.8478652934
2020-10-26,730080.4616402079
2020-10-27,823374.4970909338
2020-10-28,856740.0772952238
2020-10-29,870187.0116347938
2020-10-30,866063.0726321365
2020-10-31,863101.7832197626
2020-11-01,771625.7197519979
2020-11-02,850091.4120525094
2020-11-03,936233.6711867906
2020-11-04,902790.7874133139
2020-11-05,959998.134374002
2020-11-06,935672.9922528667
2020-11-07,858787.1710596306
2020-11-08,831903.8363953972
2020-11-09,840959.5543618157
2020-11-10,874021.9841692135
2020-11-11,835548.1627875515
2020-11-12,825956.4990593032
2020-11-13,834841.7102921113
2020-11-14,798256.4908903209
2020-11-15,782827.1929859406
2020-11-16,799394.2300442733
2020-11-17,779972.5706819611
2020-11-18,780173.563294568
2020-11-19,792541.2015724422
2020-11-20,766024.8427885713
2020-11-21,745872.0487136074
2020-11-22,734719.7701125988
2020-11-23,757496.9531372273
2020-11-24,786659.5344302532
2020-11-25,786642.9959367557
2020-11-26,793631.2657502623
2020-11-27,776958.2862060625
2020-11-28,756623.700140934
2020-11-29,721837.0624804227
2020-11-30,722934.4898315688
2020-12-01,756125.490260394
2020-12-02,761049.0725351705
2020-12-03,753374.419667318
2020-12-04,735621.3606481265
2020-12-05,707089.3966713505
2020-12-06,693355.0800736783
2020-12-07,704226.7970599682
2020-12-08,708943.6994968704
2020-12-09,710372.2960909435
2020-12-10,714469.6735558371
2020-12-11,709844.769237266
2020-12-12,695964.1341404557
2020-12-13,682116.9317388631
2020-12-14,716398.6814254072
2020-12-15,727164.4583090073
2020-12-16,733387.8346036635
2020-12-17,808631.3318976846
2020-12-18,807101.6284276637
2020-12-19,754076.7460128149
2020-12-20,725641.3066644756
2020-12-21,782834.2918981222
2020-12-22,773401.2893765281
2020-12-23,773447.8441650292
2020-12-24,763634.8035695498
2020-12-25,742620.7471590597
2020-12-26,727433.5992925715
2020-12-27,739398.4656902956
2020-12-28,743243.665529372
2020-12-29,750738.0945017404
2020-12-30,741609.6647499393
2020-12-31,749276.7245510068
2021-01-01,710438.8862214694
2021-01-02,733292.2974311193
2021-01-03,734008.8008398511
2021-01-04,743306.2656188397
2021-01-05,753635.1143586184
2021-01-06,754296.7404336086
2021-01-07,753805.998091463
2021-01-08,773936.5352380641
2021-01-09,731191.6835526226
2021-01-10,666081.3188972444
2021-01-11,695275.5459724518
2021-01-12,717926.9577168003
2021-01-13,697310.4326575655
2021-01-14,703116.3965760276
2021-01-15,702273.0976512282
2021-01-16,668018.4419747017
2021-01-17,658150.4222151455
2021-01-18,666147.6023189849
2021-01-19,673012.1935644223
2021-01-20,673988.6161941455
2021-01-21,700256.3735687984
2021-01-22,688607.584021554
2021-01-23,653059.5802732843
2021-01-24,643179.002938247
2021-01-25,673101.8358637544
2021-01-26,652055.2632365312
2021-01-27,659823.7904525672
2021-01-28,660055.0523462244
2021-01-29,709663.9682552364
2021-01-30,701810.8670137117
2021-01-31,671230.0878852824
2021-02-01,707409.3192324081
2021-02-02,696739.5817926532
2021-02-03,690236.5804721182
2021-02-04,704543.8565085696
2021-02-05,685679.0158584574
2021-02-06,657456.9874083361
2021-02-07,636551.0008428774
2021-02-08,663888.915720072
2021-02-09,715236.7974794648
2021-02-10,696714.5492956592
2021-02-11,720594.8556583072
2021-02-12,719811.7550813191
2021-02-13,672488.9630183387
2021-02-14,651775.4672313625
2021-02-15,662269.3657828305
2021-02-16,679621.8848464999
2021-02-17,682794.8791819535
2021-02-18,687074.9960450286
2021-02-19,683692.7603507388
2021-02-20,671618.0093892843
2021-02-21,653524.480972211
2021-02-22,669863.0606786658
2021-02-23,712072.6748377583
2021-02-24,688629.4536686533
2021-02-25,668266.7571375621
2021-02-26,677295.9473371066
2021-02-27,639902.7769710325
2021-02-28,636894.4975042434
2021-03-01,664919.3215345753
2021-03-02,664507.0868349308
2021-03-03,659102.9451285852
2021-03-04,660468.2546592716
2021-03-05,648854.8649888644
2021-03-06,633044.2343873202
2021-03-07,631119.0407727007
2021-03-08,640502.3924810976
2021-03-09,656477.3094513987
2021-03-10,654623.6539445476
2021-03-11,664565.1911582064
2021-03-12,659489.253379668
2021-03-13,662649.1763072521
2021-03-14,638649.1534992045
2021-03-15,656912.4831966112
2021-03-16,654686.807992482
2021-03-17,658888.192865361
2021-03-18,670373.6037775037
2021-03-19,656704.3545574038
2021-03-20,624943.7020968166
2021-03-21,609993.3607622954
2021-03-22,626606.9928953754
2021-03-23,620734.4231966124
2021-03-24,624449.4294294455
2021-03-25,625281.2977728213
2021-03-26,629673.7900942442
2021-03-27,613114.3333225533
2021-03-28,608124.628359632
2021-03-29,624005.8532117537
2021-03-30,635042.0084598513
2021-03-31,634681.5616260145
2021-04-01,631195.309193698
2021-04-02,600671.8737915041
2021-04-03,598616.0279938743
2021-04-04,582644.6847068942
2021-04-05,595132.0302591469
2021-04-06,607648.9727298082
2021-04-07,599011.7701757367
2021-04-08,602093.0350517811
2021-04-09,609520.1947820057
2021-04-10,592889.1298983914
2021-04-11,580325.3959163186
2021-04-12,598808.8763918304
2021-04-13,605298.3491703306
2021-04-14,631105.6295082327
2021-04-15,619347.1449901827
2021-04-16,648722.7040567512
2021-04-17,686165.9443807013
2021-04-18,680120.430931817
2021-04-19,722365.2948072286
2021-04-20,734306.7367227989
2021-04-21,748786.996274058
2021-04-22,711579.3806720569
2021-04-23,703566.8558122147
2021-04-24,631312.2493877294
2021-04-25,602754.4565455437
2021-04-26,657904.0376423945
2021-04-27,630192.5110315983
2021-04-28,614363.5382756362
2021-04-29,634250.484258916
2021-04-30,616505.3885153513
2021-05-01,610209.9229131173
2021-05-02,653712.8827946961
2021-05-03,671052.4080556167
2021-05-04,663190.3891219432
2021-05-05,671799.6656290208
2021-05-06,672644.1913027118
2021-05-07,668866.5495047328
2021-05-08,659515.379726121
2021-05-09,646102.6710434179
2021-05-10,664850.8683961373
2021-05-11,656063.5751860384
2021-05-12,653336.2024946377
2021-05-13,579259.8568078817
2021-05-14,545226.381686671
2021-05-15,542425.3420340633
2021-05-16,533233.3057718182
2021-05-17,552514.875273636
2021-05-18,555925.5136729449
2021-05-19,580667.63851177
2021-05-20,596649.928050553
2021-05-21,597293.2495344706
2021-05-22,572231.7889254706
2021-05-23,556886.1224604435
2021-05-24,563098.614000471
2021-05-25,557669.7827464734
2021-05-26,553076.2924926596
2021-05-27,547024.4184260459
2021-05-28,548874.0863386852
2021-05-29,534216.9789034817
2021-05-30,616769.1480514096
2021-05-31,627397.3647709371
2021-06-01,628703.761155607
2021-06-02,626209.6274326511
2021-06-03,628971.7729434808
2021-06-04,627725.1245369017
2021-06-05,618466.6069813389
2021-06-06,611736.3440189213
2021-06-07,621584.6585763673
2021-06-08,619033.3342085632
2021-06-09,621989.9088271718
2021-06-10,634732.4853571253
2021-06-11,633742.6842855487
2021-06-12,622527.938467657
2021-06-13,619863.5572270306
2021-06-14,658916.8350600778
2021-06-15,660066.5697949193
2021-06-16,662411.4804898248
2021-06-17,654507.4656094055
2021-06-18,655317.5841280698
2021-06-19,654246.9362169484
2021-06-20,651921.5484057072
2021-06-21,668768.424723765
2021-06-22,683445.4217499762
2021-06-23,686404.4992310224
2021-06-24,676207.0455700634
2021-06-25,670873.8969419419
2021-06-26,663577.9425122155
2021-06-27,675987.6695956067
2021-06-28,691718.4962995704
2021-06-29,690363.3912837314
2021-06-30,700263.5137845032
2021-07-01,708321.2551518072
2021-07-02,700245.0124933702
2021-07-03,863733.6828727262
2021-07-04,927880.5212574562
2021-07-05,925039.0925681017
2021-07-06,921110.4016502949
2021-07-07,917885.5294517425
2021-07-08,904015.074524359
2021-07-09,903355.0627918
2021-07-10,890987.3817082517
2021-07-11,895873.3787331159
2021-07-12,906342.9929671858
2021-07-13,907621.0416677366
2021-07-14,895473.2105365463
2021-07-15,900223.605177429
2021-07-16,891505.9497054986
2021-07-17,888322.9471757513
2021-07-18,931891.5392512555
2021-07-19,935575.4415553085
2021-07-20,940799.0594309812
2021-07-21,932888.7834991348
2021-07-22,932064.9341785389
2021-07-23,940622.8132089826
2021-07-24,931746.6517433941
2021-07-25,927765.1097063597
2021-07-26,937496.8477789062
2021-07-27,933045.4396167037
2021-07-28,933596.9959987919
2021-07-29,933355.0867387054
2021-07-30,931618.9525453894
2021-07-31,886668.1589117639
2021-08-01,875907.4556661708
2021-08-02,879828.7544544685
2021-08-03,877397.130693592
2021-08-04,882275.8603842743
2021-08-05,880220.7763507586
2021-08-06,879083.824296748
2021-08-07,875320.829621639
2021-08-08,874607.8248862617
2021-08-09,879012.4300064739
2021-08-10,877976.599154367
2021-08-11,878696.8524657426
2021-08-12,878824.6023071865
2021-08-13,841601.2686005749
2021-08-14,815532.6983520777
2021-08-15,813894.2885137475
2021-08-16,820356.9256226401
2021-08-17,819463.2017406882
2021-08-18,822989.7296074928
2021-08-19,819010.0520791605
2021-08-20,820953.9689707677
2021-08-21,816536.0706260925
2021-08-22,816107.7572444001
2021-08-23,816559.2684237415
2021-08-24,820768.479313656
2021-08-25,775022.0380735967
2021-08-26,721857.6124557853
2021-08-27,722123.4914564901
2021-08-28,721522.2957077727
2021-08-29,719054.2855702789
2021-08-30,724362.8254389156
2021-08-31,724654.0943655489
2021-09-01,727787.5334815441
2021-09-02,727975.3183691478
2021-09-03,727003.8235955582
2021-09-04,722050.6598413973
2021-09-05,719920.3656112165
2021-09-06,724709.3951683611
2021-09-07,726623.5026516317
2021-09-08,693969.6049949429
2021-09-09,693281.1333530893
2021-09-10,693759.823374833
2021-09-11,689816.080113301
2021-09-12,688225.162967916
2021-09-13,692729.8587148859
2021-09-14,692004.9623354473
2021-09-15,695352.5352156385
2021-09-16,695905.710291468
2021-09-17,692986.1290979909
2021-09-18,690395.7411496427
2021-09-19,688376.1555784661
2021-09-20,690905.6503362774
2021-09-21,687303.1742446949
2021-09-22,672078.7201323849
2021-09-23,669841.6055594564
2021-09-24,672449.4468345136
2021-09-25,668098.2319627469
2021-09-26,667633.0834414711
2021-09-27,669958.3968221255
2021-09-28,670828.9039589177
2021-09-29,670393.0734373607
2021-09-30,670610.7994051746
2021-10-01,673946.6685513707
2021-10-02,667129.2214337167
2021-10-03,668867.0828201681
2021-10-04,669693.7828052395
2021-10-05,640442.8332550994
2021-10-06,645401.1361407046
2021-10-07,650532.4912768978
2021-10-08,649439.3016475221
2021-10-09,641923.7511216498
2021-10-10,639654.4070407024
2021-10-11,645514.4134989829
2021-10-12,645648.1590281096
2021-10-13,641787.2077605615
2021-10-14,643375.1259909292
2021-10-15,645763.2455293176
2021-10-16,643332.7364913655
2021-10-17,639191.4645700176
2021-10-18,641191.479311881
2021-10-19,635281.6188421978
2021-10-20,637709.838899819
2021-10-21,638926.3547315146
2021-10-22,635338.846687644
2021-10-23,632843.8326261692
2021-10-24,631151.6489608526
2021-10-25,632811.4788953856
2021-10-26,635227.1208861838
2021-10-27,633698.8296976528
2021-10-28,633767.5189451674
2021-10-29,634901.8216724073
2021-10-30,632317.9143938816
2021-10-31,625586.2788462405
2021-11-01,589296.4530070813
2021-11-02,589866.3343282222
2021-11-03,588962.9853958552
2021-11-04,590931.6439018477
2021-11-05,590533.7428198132
2021-11-06,586933.490752066
2021-11-07,585596.2979516098
2021-11-08,591557.6739236821
2021-11-09,594257.5568524043
2021-11-10,591076.6038154732
2021-11-11,588725.0097230871
2021-11-12,589780.426081892
2021-11-13,586239.3929425427
2021-11-14,565038.0187675549
2021-11-15,561758.0893264243
2021-11-16,562178.8381600677
2021-11-17,561679.2836397832
2021-11-18,561749.9435611517
2021-11-19,562464.3347242324
2021-11-20,561621.0433391863
2021-11-21,560238.5880589052
2021-11-22,561543.5512856313
2021-11-23,562292.1798983903
2021-11-24,562098.1816930117
2021-11-25,564119.1189554483
2021-11-26,563826.6690465253
2021-11-27,559559.4781650944
2021-11-28,563883.7235369913
2021-11-29,569732.5311526033
2021-11-30,570712.6224293959
2021-12-01,575821.930951136
2021-12-02,573443.2846459624
2021-12-03,569709.133139477
2021-12-04,572615.792514294
2021-12-05,574225.3176869337
2021-12-06,569336.5494274555
2021-12-07,569524.90267472
2021-12-08,568136.3016740006
2021-12-09,569491.4100887541
2021-12-10,568724.7257972213
2021-12-11,540055.9242259177
2021-12-12,523403.5221731603
2021-12-13,526610.2359074529
2021-12-14,525513.7313462296
2021-12-15,525835.6915410594
2021-12-16,526997.1790184185
2021-12-17,526106.1669253076
2021-12-18,525348.3744197713
2021-12-19,522755.8130889939
2021-12-20,525990.3011774891
2021-12-21,525151.1315292588
2021-12-22,525030.4742492568
2021-12-23,525256.3178406283
2021-12-24,526297.0008777151
2021-12-25,522655.119299686
2021-12-26,522157.3962973105
2021-12-27,524654.8567382793
2021-12-28,528401.1885184628
2021-12-29,526607.3274140632
2021-12-30,530249.7007753009
2021-12-31,527255.2022141493
2022-01-01,522140.1832344981
2022-01-02,522048.434258197
2022-01-03,524730.258281421
2022-01-04,524805.648818583
2022-01-05,526743.0445201924
2022-01-06,525944.3295204617
2022-01-07,526336.552881335
2022-01-08,522083.7820604916
2022-01-09,519829.3780403468
2022-01-10,522147.486918864
2022-01-11,521195.5251120093
2022-01-12,522309.5712155449
2022-01-13,519953.2961959331
2022-01-14,520515.2310115021
2022-01-15,519088.1448650508
2022-01-16,518127.8018215082
2022-01-17,519908.9082413588
2022-01-18,521385.2488896244
2022-01-19,519568.0128939512
2022-01-20,520484.9607779203
2022-01-21,483704.4849311211
2022-01-22,477601.4594561547
2022-01-23,475417.5852877711
2022-01-24,477755.4286120015
2022-01-25,476934.7405923956
2022-01-26,478417.5127234654
2022-01-27,478219.1262013557
2022-01-28,478009.3947837097
2022-01-29,477432.2510891047
2022-01-30,476724.1725316265
2022-01-31,478618.7021382537
2022-02-01,479074.0734958831
2022-02-02,477358.7366652347
2022-02-03,476737.4948091844
2022-02-04,478813.0810095773
2022-02-05,479975.1896978649
2022-02-06,475294.019554131
2022-02-07,478899.9126079245
2022-02-08,478125.3647579275
2022-02-09,478798.2978029731
2022-02-10,480481.8615173118
2022-02-11,479591.7614737766
2022-02-12,476016.1695753929
2022-02-13,474488.3239394549
2022-02-14,475962.9866910258
2022-02-15,475746.1189423638
2022-02-16,475206.98714923
2022-02-17,464508.317663757
2022-02-18,454063.8321828339
2022-02-19,452199.6413117289
2022-02-20,452419.0588691941
2022-02-21,454861.3681794226
2022-02-22,453552.8372868886
2022-02-23,453426.3329455442
2022-02-24,454763.3480861316
2022-02-25,455182.7399911412
2022-02-26,453302.5684298377
2022-02-27,453256.1487475235
2022-02-28,453889.1337543377
2022-03-01,457898.7905686271
2022-03-02,464821.1531373664
2022-03-03,460704.4721748079
2022-03-04,463972.8222377634
2022-03-05,462754.8224424217
2022-03-06,461251.3750922226
2022-03-07,461304.7808544047
2022-03-08,460961.5638880979
2022-03-09,462253.7454688236
2022-03-10,461557.044720004
2022-03-11,462132.4640340626
2022-03-12,459346.8735978618
2022-03-13,459485.1017470944
2022-03-14,460703.9899556739
2022-03-15,461083.3358271878
2022-03-16,460829.3587598272
2022-03-17,461342.6972172361
2022-03-18,463261.2530274093
2022-03-19,461438.6318887751
2022-03-20,461023.634123935
2022-03-21,461949.3051311314
2022-03-22,462605.6195337431
2022-03-23,462783.2859399705
2022-03-24,463661.2783216269
2022-03-25,463336.9694211075
2022-03-26,461152.134772201
2022-03-27,461784.9202351301
2022-03-28,462629.0477374243
2022-03-29,462665.3942480456
2022-03-30,464046.8004701615
2022-03-31,452503.8233431009
2022-04-01,449041.9405144743
2022-04-02,446556.9269956444
2022-04-03,444673.7604035632
2022-04-04,444717.2740647523
2022-04-05,444444.610339977
2022-04-06,444635.5599848927
2022-04-07,444865.4833257123
2022-04-08,445295.2474094307
2022-04-09,443002.0206912445
2022-04-10,443138.0824298283
2022-04-11,444741.0717181801
2022-04-12,444179.8557009682
2022-04-13,445667.3043884944
2022-04-14,449087.1992306381
2022-04-15,448747.6723052593
2022-04-16,448314.3325457512
2022-04-17,447199.4913176672
2022-04-18,449424.2638475309
2022-04-19,450320.7865729374
2022-04-20,449399.0573006837
2022-04-21,449807.9442667583
2022-04-22,451226.9812768364
2022-04-23,448971.12602975
2022-04-24,448004.412795242
2022-04-25,450793.9712875026
2022-04-26,451088.3713619309
2022-04-27,441396.0920783629
2022-04-28,427396.7428178741
2022-04-29,428120.0495057885
2022-04-30,426696.0523650206
2022-05-01,424846.5716822252
2022-05-02,426481.2427664066
2022-05-03,426337.8409414614
2022-05-04,427256.8295305434
2022-05-05,431344.9557339606
2022-05-06,429733.3904280775
2022-05-07,428355.0782612304
2022-05-08,426997.1288885846
2022-05-09,430282.5896079462
2022-05-10,428735.5385493996
2022-05-11,411316.8327914593
2022-05-12,416459.4211723428
2022-05-13,415365.8234546836
2022-05-14,413486.6247688392
2022-05-15,410796.0034275664
2022-05-16,409918.9303737498
2022-05-17,410070.8319067327
2022-05-18,409768.5354453214
2022-05-19,411219.9524822337
2022-05-20,410916.8299347981
2022-05-21,408053.7054246209
2022-05-22,408349.0619364993
2022-05-23,408684.5228143012
2022-05-24,410991.352532763
2022-05-25,418318.0130741358
2022-05-26,428408.3925399518
2022-05-27,428983.9399481723
2022-05-28,425335.3872210542
2022-05-29,424397.6286858792
2022-05-30,426331.2985916847
2022-05-31,426285.6621080684
2022-06-01,429641.8556075396
2022-06-02,430918.948740065
2022-06-03,428907.5669263397
2022-06-04,426220.4621177292
2022-06-05,424328.8983651712
2022-06-06,426230.8354075347
2022-06-07,425160.4185473899
2022-06-08,421318.4126109515
2022-06-09,419203.5169960227
2022-06-10,420766.0831228695
2022-06-11,420011.0309635525
2022-06-12,420057.9108553515
2022-06-13,428820.9570339874
2022-06-14,426482.708799297
2022-06-15,425030.662397327
2022-06-16,428186.6154489514
2022-06-17,428589.2611364798
2022-06-18,423441.8429652085
2022-06-19,421196.6310732862
2022-06-20,422451.1729951993
2022-06-21,422398.0651491054
2022-06-22,425439.1016775553
2022-06-23,431494.1437325046
2022-06-24,433212.7081495862
2022-06-25,431077.0428982385
2022-06-26,431407.456832684
2022-06-27,432185.0279528702
2022-06-28,431186.4351533055
2022-06-29,431118.0424197578
2022-06-30,431551.7910339772
2022-07-01,433852.9810447295
2022-07-02,431683.4941453449
2022-07-03,429252.6907981347
2022-07-04,431498.2204061752
2022-07-05,436440.4156367261
2022-07-06,438099.8368360041
2022-07-07,441695.5812408439
2022-07-08,441337.1402042424
2022-07-09,438898.1412351671
2022-07-10,436471.8429373077
2022-07-11,439609.8411280652
2022-07-12,439066.0650995987
2022-07-13,445458.8670373228
2022-07-14,448312.8392378421
2022-07-15,443611.1818175373
2022-07-16,439205.7720605799
2022-07-17,439578.6457820349
2022-07-18,442662.5621924814
2022-07-19,444555.5425037391
2022-07-20,444854.2546450245
2022-07-21,447871.1864748096
2022-07-22,465594.7875673827
2022-07-23,460328.1621735272
2022-07-24,458690.4559625952
2022-07-25,460150.7078740163
2022-07-26,460627.5756330946
2022-07-27,458805.6858270665
2022-07-28,461753.5025983404
2022-07-29,460953.9806482122
2022-07-30,460513.9638086092
2022-07-31,458906.7501429642
2022-08-01,461520.2708689063
2022-08-02,460780.1645072534
2022-08-03,461150.9388747494
2022-08-04,459600.2389346902
2022-08-05,455573.5412793264
2022-08-06,451711.8915619846
2022-08-07,450903.758118804
2022-08-08,453943.4492124991
2022-08-09,457552.7927784205
2022-08-10,454832.7453532937
2022-08-11,455651.9953479923
2022-08-12,454230.0840629024
2022-08-13,451765.8965258027
2022-08-14,450076.5607385464
2022-08-15,450772.2360944841
2022-08-16,451329.7613419338
2022-08-17,454128.6596703092
2022-08-18,452040.4357336723
2022-08-19,448610.5456335944
2022-08-20,447098.2772806278
2022-08-21,446721.8764221055
2022-08-22,447974.3371838918
2022-08-23,447911.2263763396
2022-08-24,447623.0674613141
2022-08-25,447997.6941302558
2022-08-26,447194.4584195077
2022-08-27,447113.3613205388
2022-08-28,446227.3257196762
2022-08-29,448177.3184518866
2022-08-30,448481.195870324
2022-08-31,420414.5877537391
2022-09-01,412745.1617641704
2022-09-02,414601.682371732
2022-09-03,411760.2996724842
2022-09-04,409695.3001808129
2022-09-05,411325.7950222924
2022-09-06,412563.7142879546
2022-09-07,411906.2226319791
2022-09-08,413553.8034164066
2022-09-09,413084.0627580555
2022-09-10,410773.6951852566
2022-09-11,409388.9804936571
2022-09-12,410869.3223264444
2022-09-13,410856.9821659781
2022-09-14,400621.9229995884
2022-09-15,399222.4182538237
2022-09-16,401700.2041051631
2022-09-17,398382.061238976
2022-09-18,397281.3699641646
2022-09-19,398309.5350242238
2022-09-20,398138.3142998499
2022-09-21,398083.548305286
2022-09-22,398682.8546397124
2022-09-23,399674.0828229559
2022-09-24,396640.6153315245
2022-09-25,396325.6273267657
2022-09-26,398399.3836900656
2022-09-27,400053.1815049365
2022-09-28,406146.0938877696
2022-09-29,407454.1761574777
2022-09-30,407014.40470532
2022-10-01,404981.0772858945
2022-10-02,404369.1047601387
2022-10-03,405666.7353260829
2022-10-04,404901.7206150446
2022-10-05,403704.0315882867
2022-10-06,404723.0397470373
2022-10-07,404674.6107541994
2022-10-08,402778.3013431445
2022-10-09,402705.4074441561
2022-10-10,375318.3559335872
2022-10-11,356038.8549053025
2022-10-12,356579.6938442958
2022-10-13,358789.7221268511
2022-10-14,357937.1868995254
2022-10-15,356254.4863554985
2022-10-16,356284.719930322
2022-10-17,357976.8388641372
2022-10-18,359448.8351075999
2022-10-19,359205.3738540967
2022-10-20,357525.0757161345
2022-10-21,356787.8667524233
2022-10-22,356750.6073236459
2022-10-23,355463.9722475016
2022-10-24,345961.8545064927
2022-10-25,348745.5584695235
2022-10-26,349357.047152887
2022-10-27,348345.1640809855
2022-10-28,347500.3478252259
2022-10-29,346810.8939080095
2022-10-30,346474.1199492119
2022-10-31,345894.2881382323
2022-11-01,346993.1454935656
2022-11-02,348711.5749908279
2022-11-03,347076.1120926187
2022-11-04,349243.971367646
2022-11-05,347003.825870753
2022-11-06,346447.7881245614
2022-11-07,347999.140296864
2022-11-08,349309.3830796095
2022-11-09,350648.6912337446
2022-11-10,350613.7049470415
2022-11-11,350538.3976270746
2022-11-12,347062.178802639
2022-11-13,348548.6456209607
2022-11-14,351950.2074140939
2022-11-15,354557.917014648
2022-11-16,354963.9052754117
2022-11-17,355652.8033091003
2022-11-18,358882.8903402733
2022-11-19,351624.1882054881
2022-11-20,348515.7023007036
2022-11-21,350565.0989696777
2022-11-22,351467.6097471491
2022-11-23,350962.2054708683
2022-11-24,351660.3061941268
2022-11-25,352016.1374882689
2022-11-26,351784.1980793232
2022-11-27,347219.1138631308
2022-11-28,348919.7111168135
2022-11-29,349636.0505986642
2022-11-30,350913.4214740223
2022-12-01,350255.7324706966
2022-12-02,352693.8922999477
2022-12-03,349566.8748252818
2022-12-04,346752.354245448
2022-12-05,347757.1294947093
2022-12-06,374530.1153655069
2022-12-07,373167.8477387447
2022-12-08,372121.2856347658
2022-12-09,372192.6725632389
2022-12-10,371801.8371885387
2022-12-11,369949.3221569996
2022-12-12,372211.8895037442
2022-12-13,371406.4708957293
2022-12-14,372641.9479432392
2022-12-15,375398.8515061585
2022-12-16,374290.4926387958
2022-12-17,374520.1983820253
2022-12-18,371305.2489923763
2022-12-19,370859.343307448
2022-12-20,362776.6446385057
2022-12-21,361984.0869255767
2022-12-22,362748.1611969982
2022-12-23,362711.0573283785
2022-12-24,366503.1787312076
2022-12-25,360605.2989513502
2022-12-26,362845.4873977834
2022-12-27,367175.7497675136
2022-12-28,362326.4549786552
2022-12-29,363374.8991384922
2022-12-30,362817.6364653955
2022-12-31,359417.7682744233
2023-01-01,357867.1921245335
2023-01-02,358195.9084925075
2023-01-03,372364.1131164895
2023-01-04,374749.5610181012
2023-01-05,373921.8937644091
2023-01-06,373102.5499647543
2023-01-07,371966.3163903859
2023-01-08,370926.1593626014
2023-01-09,372716.9166637936
2023-01-10,372494.2868660943
2023-01-11,373281.4666001198
2023-01-12,375106.8779282601
2023-01-13,374670.9597290736
2023-01-14,373420.0709062386
2023-01-15,366318.8601359852
2023-01-16,337785.1381752641
2023-01-17,338392.3977958092
2023-01-18,340541.8399843261
2023-01-19,339964.6970836954
2023-01-20,342113.1251427779
2023-01-21,340754.1531257245
2023-01-22,339234.9532144259
2023-01-23,339005.7480098468
2023-01-24,341101.3820862564
2023-01-25,337938.8462867005
2023-01-26,338390.8457063488
2023-01-27,339415.8440229925
2023-01-28,337980.7888635408
2023-01-29,325880.3641196972
2023-01-30,323643.9199230334
2023-01-31,327647.9704566919
2023-02-01,327410.3469824668
2023-02-02,326738.5947670568
2023-02-03,328545.7183475594
2023-02-04,327005.8318710591
2023-02-05,323966.3365282392
2023-02-06,325495.5134376017
2023-02-07,327256.1205870559
2023-02-08,326274.2401675872
2023-02-09,326102.5506156926
2023-02-10,328425.1181899158
2023-02-11,326730.2946703531
2023-02-12,326392.0532072927
2023-02-13,328579.6595863357
2023-02-14,329682.1560116027
2023-02-15,332196.2030659361
2023-02-16,329995.3877088939
2023-02-17,328999.5384008937
2023-02-18,327011.6701076159
2023-02-19,325770.8293391287
2023-02-20,326920.510112994
2023-02-21,326191.1892376042
2023-02-22,327788.0218422937
2023-02-23,326638.2771849037
2023-02-24,328146.9310192351
2023-02-25,300343.3256093411
2023-02-26,296050.8518234416
2023-02-27,299517.4364149111
2023-02-28,300518.3758124249
2023-03-01,298989.3864744816
2023-03-02,299793.7148388718
2023-03-03,299616.5588121412
2023-03-04,298010.6709939284
2023-03-05,297081.2240042079
2023-03-06,300280.8837811697
2023-03-07,298923.6666038097
2023-03-08,300960.7389997689
2023-03-09,307530.5178621642
2023-03-10,306460.5503280183
2023-03-11,295958.2173264028
2023-03-12,294462.6520555685
2023-03-13,296203.0452482287
2023-03-14,300050.605517834
2023-03-15,298877.9963242858
2023-03-16,299840.0245898379
2023-03-17,301657.668284381
2023-03-18,298459.7701378131
2023-03-19,297200.4345766452
2023-03-20,297563.9778798653
2023-03-21,297458.8021402259
2023-03-22,298739.614724614
2023-03-23,297004.7946682354
2023-03-24,279976.6153689998
2023-03-25,277061.909639167
2023-03-26,274923.2926556264
2023-03-27,274751.6649981008
2023-03-28,277046.1868337166
2023-03-29,276090.6134114358
2023-03-30,275820.1180986919
2023-03-31,277966.7190975556
2023-04-01,278007.1426274927
2023-04-02,275042.4250014798
2023-04-03,277256.0911070465
2023-04-04,277196.6171935663
2023-04-05,278043.8106057663
2023-04-06,275204.6975534613
2023-04-07,270339.0268041182
2023-04-08,268460.0585296176
2023-04-09,267060.0276627853
2023-04-10,269816.225997897
2023-04-11,271001.7291309245
2023-04-12,269008.3221509681
2023-04-13,270020.626779231
2023-04-14,270809.1221195693
2023-04-15,267774.2182448487
2023-04-16,267653.3720889555
2023-04-17,267993.8456336615
2023-04-18,267453.6625203507
2023-04-19,268614.3746124985
2023-04-20,266719.0834457984
2023-04-21,264581.399926811
2023-04-22,262254.3284577271
2023-04-23,261608.9066825201
2023-04-24,263795.3480397588
2023-04-25,266852.7156020495
2023-04-26,268367.0404433981
2023-04-27,271119.689466028
2023-04-28,270642.2859171696
2023-04-29,270732.4088647724
2023-04-30,271034.2291440498
2023-05-01,273402.950220594
2023-05-02,294306.0163576487
2023-05-03,294110.9248369844
2023-05-04,291178.2577735337
2023-05-05,309410.1417801779
2023-05-06,312632.1241431407
2023-05-07,383315.0838819774
2023-05-08,455766.984081325
2023-05-09,383959.9181364574
2023-05-10,345496.3626278869
2023-05-11,315744.6599737814
2023-05-12,313059.2151944053
2023-05-13,292919.944818617
2023-05-14,282884.2684478772
2023-05-15,287137.7355735169
2023-05-16,292490.3879144648
2023-05-17,286291.1582637762
2023-05-18,286254.7292046303
2023-05-19,285286.4296956926
2023-05-20,279914.5357016021
2023-05-21,272865.8904721781
2023-05-22,273751.8541340597
2023-05-23,272110.4918943575
2023-05-24,272080.0902903408
2023-05-25,278351.8048070798
2023-05-26,279351.9711222399
2023-05-27,270733.4805077589
2023-05-28,269618.576552251
2023-05-29,271398.5627551044
2023-05-30,274778.3482494071
2023-05-31,271262.7954994937
2023-06-01,266039.2526277751
2023-06-02,262907.4875412355
2023-06-03,258510.2122160232
2023-06-04,255267.5532824924
2023-06-05,261865.1282998089
2023-06-06,266874.461774871
2023-06-07,273785.9654066719
2023-06-08,263112.1100307552
2023-06-09,262294.4633676969
2023-06-10,258035.5910860986
2023-06-11,253826.7948938206
2023-06-12,255881.7494044237
2023-06-13,255019.3786997193
2023-06-14,254831.4638409221
2023-06-15,250481.1578075428
2023-06-16,251311.5481342115
2023-06-17,251123.416529891
2023-06-18,247847.572235907
2023-06-19,248435.9444525507
2023-06-20,250551.3068247909
2023-06-21,254087.3442631858
2023-06-22,252364.8298263336
2023-06-23,252426.1291803748
2023-06-24,248720.2485321847
2023-06-25,247237.8502568157
2023-06-26,248362.5871132279
2023-06-27,248798.6845615737
2023-06-28,251250.9909517027
2023-06-29,257989.7272777655
2023-06-30,256580.0572779209
2023-07-01,255600.4319681249
2023-07-02,253643.5723266204
2023-07-03,255371.9416828815
2023-07-04,254320.0283397384
2023-07-05,253334.0078365007
2023-07-06,253646.8858380479
2023-07-07,252252.2950426749
2023-07-08,251334.1154464988
2023-07-09,251228.0767327145
2023-07-10,252421.1207482638
2023-07-11,253236.4036335496
2023-07-12,240030.3338069745
2023-07-13,239326.8368850617
2023-07-14,239312.8043999164
2023-07-15,237707.8066038789
2023-07-16,236750.6022431891
2023-07-17,237829.5704228087
2023-07-18,237462.5809294215
2023-07-19,237474.5050850702
2023-07-20,239847.6555282415
2023-07-21,240721.0622842922
2023-07-22,245714.1987343322
2023-07-23,239744.1509008045
2023-07-24,239793.7458670367
2023-07-25,238009.4554980861
2023-07-26,241039.3707546532
2023-07-27,246039.5228025303
2023-07-28,245802.1530468977
2023-07-29,244766.3121359944
2023-07-30,244053.0367863711
2023-07-31,244504.8759198419
2023-08-01,245149.6689763432
2023-08-02,245522.2149664422
2023-08-03,246047.8115626436
2023-08-04,247404.8528535971
2023-08-05,245520.5684327442
2023-08-06,243848.1650779794
2023-08-07,245886.327995937
2023-08-08,249150.1317663057
2023-08-09,246398.3940952824
2023-08-10,247310.210086706
2023-08-11,245927.1126354043
2023-08-12,244219.3356582911
2023-08-13,243840.7846287159
2023-08-14,243916.8736763242
2023-08-15,243954.0291033825
2023-08-16,244217.2928584786
2023-08-17,244252.0245941578
2023-08-18,245827.7863883825
2023-08-19,244503.7908645092
2023-08-20,243357.9273829635
2023-08-21,243541.3837154616
2023-08-22,239452.2229186391
2023-08-23,230795.3940546331
2023-08-24,230369.708878276
2023-08-25,230920.6250099962
2023-08-26,230005.1874584194
2023-08-27,230042.1399846349
2023-08-28,231127.8111794429
2023-08-29,230573.6544137786
2023-08-30,231318.6479445295
2023-08-31,232697.7420307625
2023-09-01,232199.8079153036
2023-09-02,231406.7225430332
2023-09-03,230244.6319341201
2023-09-04,231144.4814859847
2023-09-05,232852.3516149207
2023-09-06,239834.6257587102
2023-09-07,239901.1186619008
2023-09-08,241967.3133182396
2023-09-09,240110.5134239934
2023-09-10,243764.9254618936
2023-09-11,239649.7625354779
2023-09-12,240060.0253073493
2023-09-13,239743.4702686787
2023-09-14,239120.9491117933
2023-09-15,238332.2355094772
2023-09-16,238405.1417684122
2023-09-17,238885.6002665533
2023-09-18,243039.8339299854
2023-09-19,237116.1244687013
2023-09-20,231236.2738896765
2023-09-21,232164.2434022351
2023-09-22,232404.068703518
2023-09-23,231475.7060579408
2023-09-24,228680.5062566837
2023-09-25,227922.9300949586
2023-09-26,227129.3682520503
2023-09-27,227100.5664709086
2023-09-28,226716.7936366276
2023-09-29,226856.481438651
2023-09-30,225539.3384209855
2023-10-01,224596.8383778141
2023-10-02,226068.3440033756
2023-10-03,225479.4039841076
2023-10-04,226199.0234479459
2023-10-05,225680.4516364903
2023-10-06,228675.7089728715
2023-10-07,227692.2494583589
2023-10-08,222690.2522650264
2023-10-09,223489.8227584979
2023-10-10,222901.7574151751
2023-10-11,224077.061708946
2023-10-12,224334.9944612758
2023-10-13,224934.0497415296
2023-10-14,222331.9715909897
2023-10-15,221565.296123732
2023-10-16,216423.3942871096
2023-10-17,209834.018696313
2023-10-18,210047.8333448751
2023-10-19,210350.6759828199
2023-10-20,210709.6751531993
2023-10-21,209535.0627509681
2023-10-22,208404.6634561426
2023-10-23,209445.2504417646
2023-10-24,215809.2128216633
2023-10-25,215375.2420026542
2023-10-26,212408.1692566992
2023-10-27,211463.0112644959
2023-10-28,210012.6590827223
2023-10-29,209061.2732893844
2023-10-30,205496.6816284289
2023-10-31,204918.6931406989
2023-11-01,205618.3964800009
2023-11-02,206485.5345535133
2023-11-03,209045.571118498
2023-11-04,216439.1329290785
2023-11-05,215349.8896542581
2023-11-06,219924.0702437607
2023-11-07,222651.510898868
2023-11-08,226483.5559089957
2023-11-09,256933.8808654132
2023-11-10,235628.1865192961
2023-11-11,224171.9991544527
2023-11-12,221440.8202818844
2023-11-13,222045.745258045
2023-11-14,217211.9708829219
2023-11-15,222857.521512856
2023-11-16,260155.7602732937
2023-11-17,245835.3957387003
2023-11-18,259845.0702767181
2023-11-19,230984.6674682264
2023-11-20,227475.9871350074
2023-11-21,229641.9824610211
2023-11-22,227975.4664390285
2023-11-23,240598.5717774583
2023-11-24,212378.7790831129
2023-11-25,212379.886269107
2023-11-26,201364.3909623844
2023-11-27,205011.7881544887
2023-11-28,200621.0676324383
2023-11-29,198927.4861079243
2023-11-30,201034.1768467177
2023-12-01,201622.4339240507
2023-12-02,199736.3450221322
2023-12-03,210432.3202730777
2023-12-04,213524.41079866
2023-12-05,235499.0961981035
2023-12-06,248812.3770037511
2023-12-07,229827.1829249659
2023-12-08,218459.5824457575
2023-12-09,211735.1262738522
2023-12-10,210379.524521935
2023-12-11,212614.5925366604
2023-12-12,210504.1208688019
2023-12-13,226084.3410923705
2023-12-14,254505.5001432215
2023-12-15,264004.4101839395
2023-12-16,297541.7562502255
2023-12-17,296016.1769223589
2023-12-18,255808.11578509
2023-12-19,267990.5892024518
2023-12-20,273342.0887621366
2023-12-21,270392.38695305
2023-12-22,243803.0261701131
2023-12-23,214827.8087937629
2023-12-24,203511.6491366467
2023-12-25,208404.6936858253
2023-12-26,208640.496247908
2023-12-27,232172.1305323818
2023-12-28,227675.552012294
2023-12-29,213693.1945358777
2023-12-30,225203.7171233356
2023-12-31,237706.4479537905
2024-01-01,214080.872050705
2024-01-02,204829.1603725035
2024-01-03,200291.375805022
2024-01-04,195499.6519886863
2024-01-05,197968.722925443
2024-01-06,189146.935085702
2024-01-07,189295.9910354459
2024-01-08,199554.7194758266
2024-01-09,191894.3798934805
2024-01-10,189246.113160055
2024-01-11,187471.8237242509
2024-01-12,189270.1504147616
2024-01-13,193758.7392006869
2024-01-14,218522.9833135887
2024-01-15,200312.4327000011
2024-01-16,198895.0628605114
2024-01-17,195509.5789598583
2024-01-18,195096.2760258296
2024-01-19,189471.1002497676
2024-01-20,187773.2077122444
2024-01-21,193216.3838516359
2024-01-22,192383.0352658753
2024-01-23,195173.784414273
2024-01-24,190332.9647304046
2024-01-25,188615.5314173625
2024-01-26,189045.0014306689
2024-01-27,188375.8971331654
2024-01-28,188618.3454865609
2024-01-29,188752.8538023275
2024-01-30,188891.7086060391
2024-01-31,189459.7675369652
2024-02-01,189295.9120766899
2024-02-02,183190.3250611935
2024-02-03,197716.1272655429
2024-02-04,183405.2952623123
2024-02-05,177223.4138623554
2024-02-06,174764.6954747958
2024-02-07,178691.5069582315
2024-02-08,176728.5124352834
2024-02-09,175143.3544937619
2024-02-10,173530.8629137821
2024-02-11,172008.8414528047
2024-02-12,176166.9629352369
2024-02-13,175883.92169458
2024-02-14,176803.7528551479
2024-02-15,168315.4861412297
2024-02-16,159718.0347073687
2024-02-17,158555.653491384
2024-02-18,158812.0812838627
2024-02-19,159076.0013489937
2024-02-20,159195.6392777998
2024-02-21,159465.7166990887
2024-02-22,158996.6276735468
2024-02-23,158470.679366639
2024-02-24,158320.0508680895
2024-02-25,157262.991130672
2024-02-26,159676.536900355
2024-02-27,162873.5313022787
2024-02-28,163480.0454625183
2024-02-29,167640.3365471259
2024-03-01,167927.1833678843
2024-03-02,166835.342300913
2024-03-03,165800.2027097146
2024-03-04,174696.3879310805
2024-03-05,173851.5776804293
2024-03-06,170677.3018982891
2024-03-07,165789.1814150158
2024-03-08,166301.8248013362
2024-03-09,164846.9166233814
2024-03-10,164865.357948773
2024-03-11,164494.1378753683
2024-03-12,165117.1272763422
2024-03-13,164077.1363726863
2024-03-14,157625.9469880337
2024-03-15,156657.6223943791
2024-03-16,156127.7150181015
2024-03-17,153711.3776485414
2024-03-18,156841.7354556749
2024-03-19,156651.386268894
2024-03-20,154869.2366835329
2024-03-21,157343.8905088071
2024-03-22,156414.4204714938
2024-03-23,153308.6901394022
2024-03-24,152701.5099655947
2024-03-25,154693.1014990389
2024-03-26,155324.9345383808
2024-03-27,155002.9780891453
2024-03-28,155276.2430967012
2024-03-29,156174.9804018686
2024-03-30,155797.3780355069
2024-03-31,156080.6885434478
2024-04-01,155608.2273550623
2024-04-02,154719.0555056377
2024-04-03,155835.710942628
2024-04-04,155269.5904785368
2024-04-05,154431.5311710286
2024-04-06,153936.5561704789
2024-04-07,154293.6909370077
2024-04-08,156056.7563376592
2024-04-09,158899.8975815886
2024-04-10,161694.9506283849
2024-04-11,163815.3673288797
2024-04-12,172377.8985585586
2024-04-13,160157.4403615357
2024-04-14,156842.4153131119
2024-04-15,171019.5597503812
2024-04-16,158516.0848951299
2024-04-17,165897.2264731175
2024-04-18,162532.3428145336
2024-04-19,163680.5114740752
2024-04-20,225451.0053542537
2024-04-21,130236.7153010844
2024-04-22,111184.6937172742
2024-04-23,133254.8456323053
2024-04-24,110532.3535893255
2024-04-25,88677.3159268074
2024-04-26,87361.52052503219
2024-04-27,81621.96044607974
2024-04-28,80078.93831577894
2024-04-29,79137.545764563
2024-04-30,78634.82613558888
2024-05-01,77743.18992187773
2024-05-02,76851.11430906193
2024-05-03,77301.60143032686
2024-05-04,78625.5299593723
2024-05-05,91716.77019568402
2024-05-06,78904.59849346345
2024-05-07,78047.90015676768
2024-05-08,76718.26413029828
2024-05-09,78717.28419838646
2024-05-10,80657.46753279718
2024-05-11,81173.42077726683
2024-05-12,79503.22506829136
2024-05-13,79855.58813756888
2024-05-14,79482.5954844569
2024-05-15,79381.61246631936
2024-05-16,79413.04138529072
2024-05-17,78945.10751031358
2024-05-18,78968.05971735786
2024-05-19,78173.38826827148
2024-05-20,78232.4217591286
2024-05-21,80582.79253783337
2024-05-22,78870.05315984886
2024-05-23,78969.51044387794
2024-05-24,77990.42717892601
2024-05-25,77609.75333328001
2024-05-26,77223.15262999118
2024-05-27,78719.13889446708
2024-05-28,77613.70430220582
2024-05-29,81233.32096850172
2024-05-30,81790.18173566733
2024-05-31,85544.9507518785
2024-06-01,81811.96313260809
2024-06-02,80418.0137796244
2024-06-03,81101.84000972987
2024-06-04,80675.56190565258
2024-06-05,85401.00324292234
2024-06-06,86619.6187822648
2024-06-07,127905.509376629
2024-06-08,96756.39616473395
2024-06-09,86540.93154674326
2024-06-10,86376.23348553869
2024-06-11,83799.62654161244
2024-06-12,82566.74409141378
2024-06-13,84461.58212791356
2024-06-14,84933.74546317181
2024-06-15,83064.37681799385
2024-06-16,80534.39616789189
2024-06-17,79771.54429392563
2024-06-18,80997.47125633972
2024-06-19,80737.38085923235
2024-06-20,80759.892279236
2024-06-21,79815.55233001616
2024-06-22,78359.69330611352
2024-06-23,78297.48197231111
2024-06-24,78165.52386180447
2024-06-25,79477.76964656543
2024-06-26,79163.8302636019
2024-06-27,78445.81978141081
2024-06-28,78329.63707349257
2024-06-29,77579.2712245061
2024-06-30,77772.48522909945
2024-07-01,78160.65082415043
2024-07-02,77773.71988626676
2024-07-03,77641.04625225735
2024-07-04,78027.0312499303
2024-07-05,81528.37483561457
2024-07-06,81370.38106015904
2024-07-07,81203.99120391019
2024-07-08,81360.37632611553
2024-07-09,81233.27408668041
2024-07-10,82045.65301276595
2024-07-11,81305.01912420511
2024-07-12,81168.5007469926
2024-07-13,82253.03608108415
2024-07-14,81037.12168929222
2024-07-15,81150.33589933575
2024-07-16,81094.08548238178
2024-07-17,81253.62514438274
2024-07-18,80120.89162793566
2024-07-19,78554.6553075303
2024-07-20,78026.68101293159
2024-07-21,78004.43997612216
2024-07-22,78394.42106344178
2024-07-23,78202.70849749673
2024-07-24,78421.78486208364
2024-07-25,78214.12228801874
2024-07-26,78207.84875027553
2024-07-27,78230.56726735343
2024-07-28,77855.38949204251
2024-07-29,78059.56656541802
2024-07-30,78198.8505856221
2024-07-31,73509.4364293362
2024-08-01,70814.67547077061
2024-08-02,70852.25037449278
2024-08-03,70706.4059233573
2024-08-04,70425.85505796484
2024-08-05,70535.44069632198
2024-08-06,70619.32907566318
2024-08-07,70746.92845677354
2024-08-08,70817.01460162795
2024-08-09,70726.09860790889
2024-08-10,70427.55575745134
2024-08-11,70158.60146927397
2024-08-12,70607.9950939014
2024-08-13,70424.02628495905
2024-08-14,70632.00931371014
2024-08-15,73620.30949492469
2024-08-16,73757.88249316093
2024-08-17,73373.40130908102
2024-08-18,73324.20010160578
2024-08-19,73889.54486840175
2024-08-20,73891.60736496553
2024-08-21,73605.70972169295
2024-08-22,86882.45322083672
2024-08-23,73628.4164603125
2024-08-24,73408.63851804854
2024-08-25,73517.84191775857
2024-08-26,73736.4939410091
2024-08-27,73580.34370535187
2024-08-28,72503.4239492717
2024-08-29,71589.26917907511
2024-08-30,71482.80668351766
2024-08-31,71132.51610603716
2024-09-01,71231.36497650472
2024-09-02,71245.3361934973
2024-09-03,71422.60904169396
2024-09-04,71403.50146607173
2024-09-05,71758.20694557283
2024-09-06,71339.9902650121
2024-09-07,71094.75343599888
2024-09-08,71058.66598891598
2024-09-09,71218.44758720364
2024-09-10,71329.79274301369
2024-09-11,69459.310804978
2024-09-12,68974.26194128854
2024-09-13,69115.1601327318
2024-09-14,68801.47366576601
2024-09-15,68722.91654096973
2024-09-16,68941.44636605258
2024-09-17,69036.82603892678
2024-09-18,68931.44575400073
2024-09-19,69573.33139079424
2024-09-20,69165.41256373
2024-09-21,68806.4416144643
2024-09-22,68655.7394421732
2024-09-23,68895.50732506816
2024-09-24,68772.25982588509
2024-09-25,69504.59943298041
2024-09-26,72535.90063126606
2024-09-27,72872.81903418108
2024-09-28,72800.50589333281
2024-09-29,72161.42005540332
2024-09-30,72252.01428874745
2024-10-01,72213.9697544303
2024-10-02,72069.55614790208
2024-10-03,72093.9920577807
2024-10-04,72039.03459663462
2024-10-05,72917.6538275872
2024-10-06,72522.34091574409
2024-10-07,72905.02236575428
2024-10-08,73347.59383584782
2024-10-09,71640.89036360628
2024-10-10,71800.12624712133
2024-10-11,75345.86956820193
2024-10-12,75019.80305116565
2024-10-13,72225.00647420257
2024-10-14,72230.12366359231
2024-10-15,71799.53938892213
2024-10-16,76489.08700128297
2024-10-17,76435.06384571582
2024-10-18,72316.12229380898
2024-10-19,70194.8325552856
2024-10-20,69947.87250013051
2024-10-21,70485.15244083457
2024-10-22,71596.0823403821
2024-10-23,69003.57786689812
2024-10-24,72483.56726634901
2024-10-25,70609.31133281297
2024-10-26,67116.90280794445
2024-10-27,66703.2282197292
2024-10-28,66621.79890689428
2024-10-29,67214.50944286717
2024-10-30,66832.88609273496
2024-10-31,74336.06372251372
2024-11-01,66766.24372449222
2024-11-02,66684.88211534751
2024-11-03,66507.33579556529
2024-11-04,66350.83514021614
2024-11-05,62700.883478316
2024-11-06,62831.82467460557
2024-11-07,62592.94070748741
2024-11-08,62908.08496240486
2024-11-09,63665.1178183751
2024-11-10,63217.76371355262
2024-11-11,64055.20619018197
2024-11-12,64471.70048754053
2024-11-13,65090.7615235517
2024-11-14,65692.96520138108
2024-11-15,67286.13451165483
2024-11-16,64116.41119850539
2024-11-17,63086.10800688343
2024-11-18,63906.39560258938
2024-11-19,64100.06503111288
2024-11-20,64219.40338017399
2024-11-21,64560.99219679073
2024-11-22,64028.90028380433
2024-11-23,63383.89412780552
2024-11-24,62774.84469321604
2024-11-25,62760.14852798296
2024-11-26,63817.96274617606
2024-11-27,62889.20393726895
2024-11-28,63322.26739387126
2024-11-29,63584.37654206086
2024-11-30,62549.57345827219
2024-12-01,63872.27254914081
2024-12-02,64044.02326419314
2024-12-03,62365.78169075503
2024-12-04,61952.63903916781
2024-12-05,62230.38122611879
2024-12-06,62471.08799042999
2024-12-07,63065.68814893017
2024-12-08,62408.70246385133
2024-12-09,62314.84866599189
2024-12-10,62476.84630111767
2024-12-11,63019.03157633916
2024-12-12,62998.99582107551
2024-12-13,62093.93116674224
2024-12-14,61908.14536019511
2024-12-15,61789.99893942241
2024-12-16,59536.5498077303
2024-12-17,59647.28591993758
2024-12-18,59604.57194550164
2024-12-19,60763.3318264111
2024-12-20,59772.18451368692
2024-12-21,59209.01217929123
2024-12-22,58873.82575136666
2024-12-23,59316.66286964127
2024-12-24,59222.09170269614
2024-12-25,58852.74696313587
2024-12-26,58977.3741317421
2024-12-27,58642.20862067107
2024-12-28,58644.20183620723
2024-12-29,58546.92602920373
2024-12-30,58041.09404950506
2024-12-31,58030.57523504941
2025-01-01,57874.24404631004
2025-01-02,57829.43934371712
2025-01-03,58011.08559821477
2025-01-04,57905.59600837601
2025-01-05,57875.72978429329
2025-01-06,58109.84652205821
2025-01-07,58185.68049763294
2025-01-08,58356.57879790324
2025-01-09,58100.37785078581
2025-01-10,58115.43891008958
2025-01-11,57972.75975101935
2025-01-12,57679.23996006743
2025-01-13,58022.18112668463
2025-01-14,57685.57292543024
2025-01-15,57845.58666530017
2025-01-16,57973.7227164923
2025-01-17,57997.01521759693
2025-01-18,57726.76386032696
2025-01-19,57702.66473174128
2025-01-20,58360.22472525464
2025-01-21,58246.87384239252
2025-01-22,57837.60220728913
2025-01-23,57799.48039199166
2025-01-24,57754.69624794417
2025-01-25,57678.9972813436
2025-01-26,57411.19594319009
2025-01-27,58564.78739081729
2025-01-28,58666.03141410769
2025-01-29,58688.48888254569
2025-01-30,58704.16375830799
2025-01-31,58866.16705006987
2025-02-01,58565.157798436
2025-02-02,58620.02730281962
2025-02-03,58814.28266936002
2025-02-04,58820.99263315924
2025-02-05,58859.43377313879
2025-02-06,58746.4785646406
2025-02-07,58680.37924283008
2025-02-08,58672.86598368941
2025-02-09,56617.63302018328
2025-02-10,55584.9655454911
2025-02-11,55748.49301596254
2025-02-12,55628.26029558782
2025-02-13,55610.53878346926
2025-02-14,55569.38060591594
2025-02-15,55481.90515635403
2025-02-16,55546.34477840481
2025-02-17,55798.86615083728
2025-02-18,55647.10023933765
2025-02-19,55716.90762702392
2025-02-20,55736.33143206256
2025-02-21,55767.20203588923
2025-02-22,55818.66585911553
2025-02-23,56864.4158934489
2025-02-24,58718.49113733681
2025-02-25,58191.31882326731
2025-02-26,58085.53518418872
2025-02-27,57863.94859282726
2025-02-28,57531.94199882428
2025-03-01,57592.67442914088
2025-03-02,57603.53591968447
2025-03-03,57594.14966132901
2025-03-04,57419.2384775124
2025-03-05,57450.27846514624
2025-03-06,57381.02565073175
2025-03-07,57536.04652930207
2025-03-08,57375.31921015774
2025-03-09,57053.38742748123
2025-03-10,56669.75578859961
2025-03-11,56830.53479955437
2025-03-12,56593.51421804447
2025-03-13,56634.77839290034
2025-03-14,56700.08773783935
2025-03-15,56685.35540541855
2025-03-16,56482.06793254968
2025-03-17,56633.0307014826
2025-03-18,56581.34716662165
2025-03-19,56636.08781689759
2025-03-20,56703.06561825684
2025-03-21,56596.35922326352
2025-03-22,57226.95279152353
2025-03-23,56210.41660754559
2025-03-24,55969.57539586625
2025-03-25,56742.31258362072
2025-03-26,56332.76084392056
2025-03-27,55818.38990353794
2025-03-28,55959.95086779391
2025-03-29,55719.10088239344
2025-03-30,55610.05470189199
2025-03-31,55772.90355209813
2025-04-01,55831.97032835954
2025-04-02,55681.35821860158
2025-04-03,55897.92577396077
2025-04-04,55806.31224478278
2025-04-05,54370.82571870003
2025-04-06,52157.61830617049
2025-04-07,52421.05024992891
2025-04-08,52513.46288233603
2025-04-09,52404.06703275328
2025-04-10,52339.35656679008
2025-04-11,52528.20328793692
2025-04-12,52356.96283008895
2025-04-13,52113.56091011769
2025-04-14,52361.72029109259
2025-04-15,52387.86770613279
2025-04-16,52325.04709220675
2025-04-17,52319.8667300933
2025-04-18,52362.20796647682
2025-04-19,51958.86139557623
2025-04-20,51709.63405288514
2025-04-21,51815.90770443279
2025-04-22,51625.44507562822
2025-04-23,52574.67788074949
2025-04-24,51979.09957967105
2025-04-25,51708.40941194694
2025-04-26,51505.53400390768
2025-04-27,51637.9737116133
2025-04-28,51713.35193923319
2025-04-29,51636.89540446285
2025-04-30,51777.04844142483
2025-05-01,51686.24227851199
2025-05-02,51540.61840847484
2025-05-03,51569.50687169609
2025-05-04,53143.53918264168
2025-05-05,53185.99616288107
2025-05-06,53408.07787194847
2025-05-07,53501.82585381842
2025-05-08,53436.05547030529
2025-05-09,53586.22078637536
2025-05-10,53282.31541049644
2025-05-11,53081.54285172789
2025-05-12,54200.88334158191
2025-05-13,53540.70048140048
2025-05-14,53607.57525666967
2025-05-15,53337.91158708498
2025-05-16,54263.45822378668
2025-05-17,53195.15598099961
2025-05-18,52236.79161005816
2025-05-19,52472.06681809631
2025-05-20,52431.54591607071
2025-05-21,52570.0514839281
2025-05-22,52483.42797742585
2025-05-23,52335.73699966131
2025-05-24,52262.7564309068
2025-05-25,52051.49272377405
2025-05-26,52213.32135231816
2025-05-27,52353.50037344765
2025-05-28,52443.20581127948
2025-05-29,52176.14782502061
2025-05-30,52305.07244862596
2025-05-31,49904.42246585006
2025-06-01,49872.20863162135
2025-06-02,50041.96876178936
2025-06-03,49970.35165103706
2025-06-04,50088.62727742956
2025-06-05,50033.66974143459
2025-06-06,49991.51221062121
2025-06-07,49822.90307094081
2025-06-08,49798.48077491416
2025-06-09,50055.29175088788
2025-06-10,49944.95850282862
2025-06-11,50045.98807579522
2025-06-12,50018.56039043322
2025-06-13,50185.48950252387
2025-06-14,49959.63648232321
2025-06-15,49997.19195985229
2025-06-16,50254.6018694899
2025-06-17,50521.27692650197
2025-06-18,50470.92494434246
2025-06-19,50350.28039275306
2025-06-20,50275.13642177459
2025-06-21,50076.86938827895
2025-06-22,50145.71268884889
2025-06-23,50415.27776624982
2025-06-24,50505.44679163246
2025-06-25,50245.22653165521
2025-06-26,50465.65445778093
2025-06-27,50334.64182269722
2025-06-28,50126.15819441499
2025-06-29,53302.73927905931
2025-06-30,54168.0654125154
2025-07-01,54241.38910604508
2025-07-02,54174.5761413993
2025-07-03,54163.60416879087
2025-07-04,54074.28912116731
2025-07-05,54072.48959886719
2025-07-06,54135.50320388827
2025-07-07,54225.00909112227
2025-07-08,54234.10339480425
2025-07-09,54259.60286030242
2025-07-10,54190.99474295809
2025-07-11,54305.01919868452
2025-07-12,51154.59052376982
2025-07-13,50227.8972138117
2025-07-14,50385.89450768303
2025-07-15,50156.66475535334
2025-07-16,50343.2776931626
2025-07-17,50446.51538471895
2025-07-18,50250.0645718699
2025-07-19,50268.24942747469
2025-07-20,50060.45850682868
2025-07-21,50159.31385854589
2025-07-22,50169.49863115302
2025-07-23,50262.64262665703
2025-07-24,50838.83524981093
2025-07-25,50292.87657859623
2025-07-26,49651.97282065218
2025-07-27,49738.33310949086
2025-07-28,49674.89053467179
2025-07-29,49972.11724552736
2025-07-30,49741.82341980887
2025-07-31,49643.6251954686
2025-08-01,49769.83540373603
2025-08-02,49692.53107014361
2025-08-03,49551.57580842108
2025-08-04,49542.83184148647
2025-08-05,49672.38572153682
2025-08-06,49865.68173618502
2025-08-07,49688.04336553021
2025-08-08,49790.36726525681
2025-08-09,49137.63940158701
2025-08-10,48872.60977108352
2025-08-11,49033.35876263529
2025-08-12,49013.15481180876
2025-08-13,48973.95184412276
2025-08-14,48987.89979184302
2025-08-15,48923.19932362785
2025-08-16,48800.06362281029
2025-08-17,48761.88036475192
2025-08-18,48896.16272631444
2025-08-19,48903.47430100376
2025-08-20,48888.84482014154
2025-08-21,48845.81528443149
2025-08-22,48894.3862745349
2025-08-23,48743.05492209463
2025-08-24,48626.85755865479
2025-08-25,48735.49187352866
2025-08-26,48737.77384119659
2025-08-27,48778.45219416117
2025-08-28,48718.05554354039
2025-08-29,48766.65332683684
2025-08-30,48780.78991835937
2025-08-31,48778.39140587307
2025-09-01,49337.72842885704
2025-09-02,48900.0089397273
2025-09-03,49122.34890168437
2025-09-04,49004.79399676171
2025-09-05,47214.10686043231
2025-09-06,46536.4386377911
2025-09-07,46511.75389963744
2025-09-08,46593.56343702632
2025-09-09,46548.3229868497
2025-09-10,46555.68686472163
2025-09-11,46600.09642960873
2025-09-12,46783.16540007805
2025-09-13,46635.5153519988
2025-09-14,46439.2201219562
2025-09-15,46548.11034012043
2025-09-16,46535.57289285244
2025-09-17,46683.86038372678
2025-09-18,45714.74133186778
2025-09-19,44431.70400341036
2025-09-20,44400.51170968645
2025-09-21,44357.60068464886
2025-09-22,44422.98469487206
2025-09-23,44403.80155313744
2025-09-24,44430.75108809687
2025-09-25,44486.98632920565
2025-09-26,44559.58368792675
2025-09-27,44379.09586055821
2025-09-28,44345.70064054438
2025-09-29,44474.86721938597
2025-09-30,44389.30809271912
2025-10-01,44154.24347054315
2025-10-02,42044.07230556417
2025-10-03,42222.90887187074
2025-10-04,42028.11930942329
2025-10-05,41854.57794433292
2025-10-06,42128.50523891253
2025-10-07,42022.62479293296
2025-10-08,41923.55596949055
2025-10-09,42098.78047010585
2025-10-10,42042.56188674689
2025-10-11,41970.60054430977
2025-10-12,41888.24553652303
2025-10-13,41925.47993327467
2025-10-14,41841.15416214085
2025-10-15,41898.38012444799
2025-10-16,42801.13494337022
2025-10-17,43150.41371785096
2025-10-18,43056.42944035978
2025-10-19,43021.84643519461
2025-10-20,43059.20548732534
2025-10-21,43060.43809377429
2025-10-22,43104.97086619773
2025-10-23,43051.23272846051
2025-10-24,43033.42089559956
2025-10-25,42979.80275355725
2025-10-26,43007.82400860176
2025-10-27,43051.33786207815
2025-10-28,43071.27838108928
2025-10-29,41655.05745747224
2025-10-30,40476.96898655267
2025-10-31,40617.01791762118
2025-11-01,40530.56817200096
2025-11-02,40447.95222136432
2025-11-03,40549.89560195959
2025-11-04,40655.28509246358
2025-11-05,40678.09058342152
2025-11-06,40613.46481941087
2025-11-07,40603.39584662455
2025-11-08,40583.76255962346
2025-11-09,40469.3350073293
2025-11-10,40624.361206645
2025-11-11,40470.11962920847
2025-11-12,40784.89611173554
2025-11-13,41491.06787654001
2025-11-14,41585.73838685964
2025-11-15,41466.01433884685
2025-11-16,41437.56655426538
2025-11-17,41757.33159202798
2025-11-18,41305.04356633921
2025-11-19,41586.88434897486
2025-11-20,41606.94988131955
2025-11-21,41537.84168323217
2025-11-22,41504.64391959255
2025-11-23,41489.94199295663
2025-11-24,41529.32039217011
2025-11-25,41597.73593020301
2025-11-26,41491.3698366083
2025-11-27,42332.07205849776
2025-11-28,42349.97208095095
2025-11-29,42306.29272719412
2025-11-30,42251.58388448982
2025-12-01,42480.19242934287
2025-12-02,42512.31074771596
2025-12-03,42424.81673305947
2025-12-04,42400.19520713509
2025-12-05,42457.15439170016
2025-12-06,42275.68226193675
2025-12-07,42207.60959005374
2025-12-08,42288.04167992398
2025-12-09,42412.8520934845
2025-12-10,42287.76500192121
2025-12-11,42536.7454048225
2025-12-12,42645.97219556158
2025-12-13,42588.49227052678
2025-12-14,42622.2614591334
2025-12-15,42671.10419654444
2025-12-16,42635.90033075543
2025-12-17,42654.56036041176
2025-12-18,42650.30767956578
2025-12-19,42666.13698570876
2025-12-20,42620.56992262921
2025-12-21,42554.90464212786
2025-12-22,42650.51817973221
2025-12-23,42651.13085014671
2025-12-24,42621.67469438512
2025-12-25,42563.63343557789
2025-12-26,42577.0218983657
2025-12-27,42577.15854017698
2025-12-28,42560.54198357319
2025-12-29,42628.87368045751
2025-12-30,42697.77748466659
2025-12-31,42674.84003588062
2026-01-01,42542.83794940021
2026-01-02,42600.46795676363
2026-01-03,42576.06087979985
2026-01-04,42593.23451239167
2026-01-05,42658.13185217015
2026-01-06,42655.00989867163
2026-01-07,42583.33708207884
2026-01-08,42951.69822893739
2026-01-09,43217.18808276507
2026-01-10,43136.07402516666
2026-01-11,37841.26713763671
2026-01-12,41319.49544947369
2026-01-13,44391.69123018405
2026-01-14,37534.99876578996
2026-01-15,43193.11033752157
2026-01-16,43219.72174391627
2026-01-17,43078.6234960588
2026-01-18,43066.0856134376
2026-01-19,43060.34063705374
2026-01-20,43158.89420360381
2026-01-21,43136.73616668078
2026-01-22,43432.95345989293
2026-01-23,44588.37095056378
2026-01-24,44641.72146622169
2026-01-25,44585.39694543221
2026-01-26,44647.76422859278
2026-01-27,44637.58887010224
2026-01-28,44720.05943287798
2026-01-29,44635.55001626164
2026-01-30,44686.33319633148
2026-01-31,44666.26818012767
2026-02-01,44662.83048741955
2026-02-02,44737.06652369518
2026-02-03,44710.07122859466
2026-02-04,44636.95058494408
2026-02-05,44954.49335483382
2026-02-06,44933.19337628406
2026-02-07,46721.89863853465
2026-02-08,50074.42257745527
2026-02-09,50233.28970233857
2026-02-10,50223.24614524635
2026-02-11,50239.62794410187
2026-02-12,50103.30747345109
2026-02-13,50219.26458895658
2026-02-14,50123.51549918101
2026-02-15,50021.38083023136
2026-02-16,50121.95377666951
2026-02-17,50130.39459125562
2026-02-18,50113.93871928861
2026-02-19,48873.03211345484
2026-02-20,43761.62652781868
2026-02-21,43770.02321786102
2026-02-22,43662.77287625297
2026-02-23,43781.68786930564
2026-02-24,43697.22931486652
2026-02-25,43792.55894242218
2026-02-26,43868.05361821868
2026-02-27,43796.50923524568
2026-02-28,43742.33776358213
2026-03-01,43777.13248088562
2026-03-02,43755.5734562588
2026-03-03,43772.44598254702
2026-03-04,43819.09029710939
2026-03-05,43666.27879422875
2026-03-06,43588.53968365797
2026-03-07,43562.72834636612
2026-03-08,43504.31636130864
2026-03-09,43538.4650149195
2026-03-10,43574.95866316837
2026-03-11,43565.55626553684
2026-03-12,43579.82619500007
2026-03-13,43716.77942962384
2026-03-14,43536.53627784168
2026-03-15,43513.4616273324
2026-03-16,43616.14383535561
2026-03-17,43666.99189975741
2026-03-18,43594.4490738638
2026-03-19,43602.80921800048
2026-03-20,43945.32993236573
2026-03-21,47252.35137447398
2026-03-22,47105.21365093258
2026-03-23,47187.61046453898
2026-03-24,47239.78944273853
2026-03-25,47184.15143888894
2026-03-26,47128.50374498781
2026-03-27,47179.00452957018
2026-03-28,47121.33047144486
2026-03-29,47114.47176000383
2026-03-30,47216.62606764786
2026-03-31,47209.08484929398
2026-04-01,47153.92301224104
2026-04-02,47242.81912507877
2026-04-03,46194.32645449608
2026-04-04,45457.23476798354
2026-04-05,45358.45901234027
2026-04-06,45469.50193814478
2026-04-07,45487.07211541723
2026-04-08,45406.54136999285
2026-04-09,45420.02363221032
2026-04-10,45495.51521807506
2026-04-11,45457.2335119565
2026-04-12,45342.13594102269
2026-04-13,45430.82687979534
2026-04-14,45389.58217493001
2026-04-15,45503.30076211809
2026-04-16,45443.89379290451
2026-04-17,45861.69925894764
2026-04-18,46507.16321321652
2026-04-19,46470.03035921817
2026-04-20,46640.00543276336
2026-04-21,46595.21378256092
2026-04-22,46682.59839198962
2026-04-23,46674.59422177821
2026-04-24,46605.29164231476
2026-04-25,46563.46982137394
2026-04-26,46500.71734309011
2026-04-27,46556.75837278826
2026-04-28,46596.75272262162
2026-04-29,46650.24792276019
2026-04-30,46762.0875930924
2026-05-01,46612.18478506691
2026-05-02,47206.3594046719
2026-05-03,47654.75542372713
2026-05-04,47651.28055433562
2026-05-05,47674.05188009442
2026-05-06,47752.1842720053
2026-05-07,47724.03690275905
2026-05-08,47723.12155119314
2026-05-09,48022.41825539813
2026-05-10,47613.38753957744
2026-05-11,47681.62915158539
2026-05-12,47726.94693691999
2026-05-13,47686.38944288054
2026-05-14,47653.56389778018
2026-05-15,47278.81553102856
2026-05-16,46243.46832249114
2026-05-17,46230.89014473752
2026-05-18,46239.61581685286
2026-05-19,46270.21380299634
2026-05-20,46194.7807409376
2026-05-21,46316.34877755159
2026-05-22,46246.64934285785
2026-05-23,46194.22561392613
2026-05-24,46249.04854644589
2026-05-25,46267.72313191171
2026-05-26,46375.15325982191
2026-05-27,46280.06035567228
2026-05-28,46265.14676330645
2026-05-29,45954.50661014493
2026-05-30,45535.08538612585
2026-05-31,45500.22802252846
2026-06-01,45574.18122165032
2026-06-02,45719.35391608273
2026-06-03,45795.15903796999
2026-06-04,45610.21619027347
2026-06-05,45620.82267811926
2026-06-06,45552.25021667068
2026-06-07,45512.60110179176
2026-06-08,45569.02981239299
2026-06-09,45600.72566159419
2026-06-10,45576.23899401061
2026-06-11,45583.49530659556
2026-06-12,45578.40268743494
2026-06-13,45634.63154131926
2026-06-14,50615.84547415871
2026-06-15,50717.55395360282
2026-06-16,50648.07686390027
2026-06-17,50725.93661526127
2026-06-18,50655.93446304728
2026-06-19,50666.65943337464
2026-06-20,50594.63087506778
2026-06-21,50612.03187101946
2026-06-22,50634.08448852398
2026-06-23,50618.91781412105
2026-06-24,50670.14080927477
2026-06-25,50637.22899624294
2026-06-26,50675.44084939657
2026-06-27,47206.68488882387
2026-06-28,47225.23579787892
2026-06-29,47360.50236409353
2026-06-30,47368.2276901572
2026-07-01,47333.75913375827
2026-07-02,47427.12608221644
2026-07-03,47294.26693718047
2026-07-04,47197.35380682418
2026-07-05,47224.89196592027
2026-07-06,47427.4269345478
2026-07-07,47352.24426988255
2026-07-08,47245.4227862824
2026-07-09,47292.86551188957
2026-07-10,47320.99190151958
2026-07-11,49689.16444148293
2026-07-12,49664.85978334538
2026-07-13,49721.64917907509
2026-07-14,49722.07687687031
2026-07-15,49847.91547759377
2026-07-16,49849.39265497679
2026-07-17,49864.19900921982
2026-07-18,49680.62108107049
2026-07-19,49654.33824173751
2026-07-20,49748.65200524227
2026-07-21,49781.2883240903
2026-07-22,49812.39333987961
2026-07-23,49774.28321966122
2026-07-24,49759.08307527983
