date,lth_supply
2010-07-20,1840270.3
2010-07-21,1843444.3
2010-07-22,1876727.54
2010-07-23,1883977.54
2010-07-24,1889277.54
2010-07-25,1895227.54
2010-07-26,1889979.11
2010-07-27,1896929.11
2010-07-28,1904429.11
2010-07-29,1911379.11
2010-07-30,1923129.11
2010-07-31,1934767.56
2010-08-01,1938568.56
2010-08-02,1948418.56
2010-08-03,1955268.56
2010-08-04,1960018.56
2010-08-05,1969918.56
2010-08-06,1976118.56
2010-08-07,1978318.56
2010-08-08,2004615.05
2010-08-09,2014969.87
2010-08-10,2017504.2
2010-08-11,2022154.2
2010-08-12,2028804.2
2010-08-13,2033804.2
2010-08-14,2037904.2
2010-08-15,2042504.2
2010-08-16,2046204.2
2010-08-17,2050504.2
2010-08-18,2053704.2
2010-08-19,2058054.2
2010-08-20,2062794.2
2010-08-21,2070494.2
2010-08-22,2076363.2
2010-08-23,2081565.2
2010-08-24,2088515.2
2010-08-25,2095218.62
2010-08-26,2100518.62
2010-08-27,2105968.62
2010-08-28,2113966.48
2010-08-29,2119166.48
2010-08-30,2124416.48
2010-08-31,2131616.48
2010-09-01,2137216.48
2010-09-02,2143116.48
2010-09-03,2146766.48
2010-09-04,2152116.48
2010-09-05,2155166.04
2010-09-06,2161316.04
2010-09-07,2169766.04
2010-09-08,2178616.04
2010-09-09,2188069.14
2010-09-10,2192622.88
2010-09-11,2196825.68
2010-09-12,2201875.95
2010-09-13,2211345.95
2010-09-14,2216595.95
2010-09-15,2222005.94
2010-09-16,2227655.94
2010-09-17,2210485.14
2010-09-18,2217703.49
2010-09-19,2222753.49
2010-09-20,2231553.91
2010-09-21,2237109.51
2010-09-22,2244259.51
2010-09-23,2249253.51
2010-09-24,2264080.59
2010-09-25,2267893.65
2010-09-26,2279439.71
2010-09-27,2268364.71
2010-09-28,2225103.73
2010-09-29,2229415.75
2010-09-30,2235815.85
2010-10-01,2216965.85
2010-10-02,2226465.85
2010-10-03,2232017.85
2010-10-04,2233827.44
2010-10-05,2215130.95
2010-10-06,2218680.95
2010-10-07,2220430.95
2010-10-08,2222180.95
2010-10-09,2223730.95
2010-10-10,2226131.21
2010-10-11,2228831.21
2010-10-12,2232832.21
2010-10-13,2219832.27
2010-10-14,2230982.27
2010-10-15,2230632.77
2010-10-16,2218790.32
2010-10-17,2219665.32
2010-10-18,2221717.96
2010-10-19,2225217.96
2010-10-20,2228117.96
2010-10-21,2232621.87
2010-10-22,2236171.87
2010-10-23,2263021.87
2010-10-24,2265973.57
2010-10-25,2271773.57
2010-10-26,2276583.57
2010-10-27,2279293.57
2010-10-28,2278792.57
2010-10-29,2288576.52
2010-10-30,2295626.52
2010-10-31,2300326.52
2010-11-01,2301919.32
2010-11-02,2305819.32
2010-11-03,2309346.02
2010-11-04,2312346.02
2010-11-05,2313073.9
2010-11-06,2316910.9
2010-11-07,2319610.9
2010-11-08,2322940.9
2010-11-09,2325490.9
2010-11-10,2331690.9
2010-11-11,2349235.14
2010-11-12,2362603.52
2010-11-13,2366117.52
2010-11-14,2367817.52
2010-11-15,2339718.82
2010-11-16,2347066.83
2010-11-17,2355543.84
2010-11-18,2358523.92
2010-11-19,2362642.66
2010-11-20,2365597.67
2010-11-21,2389845.67
2010-11-22,2393305.67
2010-11-23,2395186.67
2010-11-24,2395739.59
2010-11-25,2398629.59
2010-11-26,2407680.59
2010-11-27,2414505.59
2010-11-28,2419733.96
2010-11-29,2424418.96
2010-11-30,2427329.96
2010-12-01,2431904.99
2010-12-02,2431606.37
2010-12-03,2436225.37
2010-12-04,2439279.38
2010-12-05,2442954.38
2010-12-06,2446753.88
2010-12-07,2446359.89
2010-12-08,2456419.89
2010-12-09,2460019.38
2010-12-10,2463052.72
2010-12-11,2469191.72
2010-12-12,2473776.53
2010-12-13,2478110.58
2010-12-14,2525269.51
2010-12-15,2555327.8
2010-12-16,2581551.0
2010-12-17,2617693.28
2010-12-18,2644975.39
2010-12-19,2653860.34
2010-12-20,2650113.76
2010-12-21,2633384.66
2010-12-22,2641019.67
2010-12-23,2649254.03
2010-12-24,2656424.51
2010-12-25,2666385.43
2010-12-26,2694971.5
2010-12-27,2702421.99
2010-12-28,2715247.84
2010-12-29,2720916.34
2010-12-30,2729133.94
2010-12-31,2733785.3
2011-01-01,2744019.37
2011-01-02,2748323.54
2011-01-03,2755154.24
2011-01-04,2762935.67
2011-01-05,2768284.93
2011-01-06,2774312.35
2011-01-07,2783328.97
2011-01-08,2786269.91
2011-01-09,2790127.19
2011-01-10,2794257.35
2011-01-11,2787866.9
2011-01-12,2796723.93
2011-01-13,2804526.36
2011-01-14,2810256.31
2011-01-15,2824961.76
2011-01-16,2826878.23
2011-01-17,2833767.23
2011-01-18,2839088.95
2011-01-19,2838180.81
2011-01-20,2841675.88
2011-01-21,2845328.5
2011-01-22,2851802.91
2011-01-23,2857091.0
2011-01-24,2859342.39
2011-01-25,2865107.28
2011-01-26,2861870.5
2011-01-27,2864729.0
2011-01-28,2863777.64
2011-01-29,2858042.93
2011-01-30,2863428.5500003
2011-01-31,2865995.1200003
2011-02-01,2867378.9900008
2011-02-02,2871191.720001
2011-02-03,2875633.8300014
2011-02-04,2878584.9600015
2011-02-05,2881226.7600015
2011-02-06,2884658.0000015
2011-02-07,2886485.7800015
2011-02-08,2891583.7000015
2011-02-09,2894716.2700015
2011-02-10,2897971.5500016
2011-02-11,2893363.3300016
2011-02-12,2900652.6300017
2011-02-13,2903160.6200017
2011-02-14,2881678.2200019
2011-02-15,2883550.8900019
2011-02-16,2888839.3700019
2011-02-17,2894087.08039838
2011-02-18,2899333.50039838
2011-02-19,2901479.94039838
2011-02-20,2915669.57039838
2011-02-21,2923066.4200019
2011-02-22,2927371.8400019
2011-02-23,2931785.0300019
2011-02-24,2934185.0600019
2011-02-25,2943631.3800019
2011-02-26,2933260.9000019
2011-02-27,2934474.8500019
2011-02-28,2938278.9000019
2011-03-01,2938696.3400019
2011-03-02,2955982.340162
2011-03-03,2964336.650162
2011-03-04,2966830.470162
2011-03-05,2965066.49102412
2011-03-06,2981107.55102412
2011-03-07,2982315.39102412
2011-03-08,2990306.63102412
2011-03-09,2996363.55102412
2011-03-10,3002403.32102412
2011-03-11,3004826.53102412
2011-03-12,3008533.68102412
2011-03-13,3029223.81102412
2011-03-14,3037057.27102412
2011-03-15,3038530.02102412
2011-03-16,3038894.13102412
2011-03-17,3040426.45102412
2011-03-18,3044395.90102412
2011-03-19,3049537.42102412
2011-03-20,3053919.12102412
2011-03-21,3055766.09102412
2011-03-22,3069954.87102412
2011-03-23,3076954.58142
2011-03-24,3064618.08142
2011-03-25,3074086.02918615
2011-03-26,3077621.31918615
2011-03-27,3075845.14918615
2011-03-28,3079826.56918615
2011-03-29,3088281.72918615
2011-03-30,3114670.57918615
2011-03-31,3125548.42918615
2011-04-01,3129504.00918615
2011-04-02,3133602.72918615
2011-04-03,3136910.73918615
2011-04-04,3129021.39918575
2011-04-05,3130711.45918575
2011-04-06,3139679.44918575
2011-04-07,3142101.47918575
2011-04-08,3148855.18918575
2011-04-09,3158911.21918575
2011-04-10,3164149.36918575
2011-04-11,3166536.50918575
2011-04-12,3227610.46918575
2011-04-13,3233511.83918575
2011-04-14,3237856.52918575
2011-04-15,3237603.25918575
2011-04-16,3229258.70918575
2011-04-17,3233578.98918575
2011-04-18,3236228.39918575
2011-04-19,3238755.90918575
2011-04-20,3244978.42918575
2011-04-21,3249072.89918575
2011-04-22,3254235.93918575
2011-04-23,3253434.50918575
2011-04-24,3253799.71918575
2011-04-25,3254409.21918575
2011-04-26,3254187.65918575
2011-04-27,3255719.32918575
2011-04-28,3254351.91918575
2011-04-29,3254269.69918575
2011-04-30,3303312.15918575
2011-05-01,3300585.30918575
2011-05-02,3296741.36918575
2011-05-03,3293528.65918575
2011-05-04,3305077.02918575
2011-05-05,3306039.11918575
2011-05-06,3307467.61918575
2011-05-07,3305861.09918575
2011-05-08,3306702.01213884
2011-05-09,3303592.60213884
2011-05-10,3298462.37213884
2011-05-11,3292426.71304611
2011-05-12,3248427.16304611
2011-05-13,3233592.0330472
2011-05-14,3227608.4530472
2011-05-15,3242272.481248
2011-05-16,3200711.92521697
2011-05-17,3213430.18465843
2011-05-18,3211146.73318516
2011-05-19,3203231.05317054
2011-05-20,3198355.81813522
2011-05-21,3195608.06914644
2011-05-22,3205475.67170168
2011-05-23,3237428.43170168
2011-05-24,3231112.19170168
2011-05-25,3228482.49950372
2011-05-26,3235638.60950372
2011-05-27,3234611.67665246
2011-05-28,3237933.85665246
2011-05-29,3238863.76665246
2011-05-30,3232046.25665246
2011-05-31,3246418.86660863
2011-06-01,3246571.66660863
2011-06-02,3230955.5823543
2011-06-03,3193175.04045374
2011-06-04,3191507.78494693
2011-06-05,3166909.94494693
2011-06-06,3168547.71494693
2011-06-07,3163920.54494693
2011-06-08,3106990.21494693
2011-06-09,3098510.64868154
2011-06-10,3081210.58587764
2011-06-11,3050755.33650021
2011-06-12,3052296.6893208
2011-06-13,3022010.8093208
2011-06-14,2954411.84865125
2011-06-15,2874233.53865125
2011-06-16,2834840.59865125
2011-06-17,2834311.63768617
2011-06-18,2854555.41087065
2011-06-19,2842014.42827536
2011-06-20,2852814.05209232
2011-06-21,2876972.32147294
2011-06-22,2887169.92108165
2011-06-23,2891012.43108165
2011-06-24,2895896.99164019
2011-06-25,2900539.56720585
2011-06-26,2883192.41900233
2011-06-27,2856034.85900233
2011-06-28,2849836.90482992
2011-06-29,2846318.86482992
2011-06-30,2854021.03482992
2011-07-01,2853576.40482992
2011-07-02,2854796.35482992
2011-07-03,2857465.75984701
2011-07-04,2858623.35743955
2011-07-05,2856043.70743955
2011-07-06,2866569.43743955
2011-07-07,2865579.05743955
2011-07-08,2874083.30743955
2011-07-09,2878980.0131825
2011-07-10,2867103.81510773
2011-07-11,2865754.86510773
2011-07-12,2869748.85510773
2011-07-13,2873019.42510773
2011-07-14,2875520.87510773
2011-07-15,2884677.51510773
2011-07-16,2890659.42510773
2011-07-17,2897524.73510773
2011-07-18,2898145.69328748
2011-07-19,2903270.84328748
2011-07-20,2908511.93328748
2011-07-21,2912712.38328748
2011-07-22,2915499.62674941
2011-07-23,2922320.93674941
2011-07-24,2922735.72674941
2011-07-25,2935392.67674941
2011-07-26,2936742.52674941
2011-07-27,2939931.24221763
2011-07-28,2943274.12221763
2011-07-29,2945477.70221763
2011-07-30,2949433.73221763
2011-07-31,2954055.43221763
2011-08-01,2968463.05366612
2011-08-02,2997299.31624896
2011-08-03,3175878.38624896
2011-08-04,3316650.12830047
2011-08-05,3317589.59980047
2011-08-06,3321036.85980046
2011-08-07,3322693.48980047
2011-08-08,3331866.02980047
2011-08-09,3335968.51050047
2011-08-10,3337887.51050047
2011-08-11,3339845.50050047
2011-08-12,3341058.98165578
2011-08-13,3342088.26165578
2011-08-14,3361731.05165578
2011-08-15,3364198.06665578
2011-08-16,3380910.23665578
2011-08-17,3388216.22731114
2011-08-18,3395072.86731114
2011-08-19,3401500.65731114
2011-08-20,3411444.35731114
2011-08-21,3414775.30731114
2011-08-22,3416097.081962
2011-08-23,3423001.531962
2011-08-24,3426216.842162
2011-08-25,3390011.96313352
2011-08-26,3385166.21341928
2011-08-27,3389290.51341928
2011-08-28,3388681.14352927
2011-08-29,3382471.41352927
2011-08-30,3384262.25352927
2011-08-31,3385949.68352927
2011-09-01,3392052.48487929
2011-09-02,3392434.63536505
2011-09-03,3394490.36536505
2011-09-04,3415855.95536505
2011-09-05,3416334.18484647
2011-09-06,3414654.52484647
2011-09-07,3413685.06484647
2011-09-08,3411529.3844998
2011-09-09,3393647.9644998
2011-09-10,3396000.50498556
2011-09-11,3396479.14508556
2011-09-12,3397701.99508556
2011-09-13,3399784.26075385
2011-09-14,3391984.57954658
2011-09-15,3393142.85374658
2011-09-16,3394803.07374658
2011-09-17,3399098.95274658
2011-09-18,3402020.55323234
2011-09-19,3402948.96323234
2011-09-20,3404109.42323234
2011-09-21,3407110.36527581
2011-09-22,3411609.49328171
2011-09-23,3413761.39374604
2011-09-24,3418520.64374603
2011-09-25,3422515.20374603
2011-09-26,3432756.94394603
2011-09-27,3437576.18394603
2011-09-28,3440180.50394603
2011-09-29,3449639.5327998
2011-09-30,3456544.7712367
2011-10-01,3461610.02586036
2011-10-02,3467659.4159997
2011-10-03,3473917.03215827
2011-10-04,3477403.46010759
2011-10-05,3484083.00164539
2011-10-06,3567312.11058437
2011-10-07,3571101.99021966
2011-10-08,3575813.48179217
2011-10-09,3578383.45218107
2011-10-10,3581191.86538243
2011-10-11,3591308.527021
2011-10-12,3602310.05196896
2011-10-13,3610948.66813124
2011-10-14,3616810.09756008
2011-10-15,3623704.71111316
2011-10-16,3626584.04117591
2011-10-17,3610780.03445759
2011-10-18,3614186.11649431
2011-10-19,3622124.8634878
2011-10-20,3625402.44128416
2011-10-21,3629300.80473861
2011-10-22,3638250.93873801
2011-10-23,3644192.75658255
2011-10-24,3648363.74894053
2011-10-25,3654287.11328407
2011-10-26,3665388.91103929
2011-10-27,3669711.67468046
2011-10-28,3677901.04066871
2011-10-29,3686046.69072045
2011-10-30,3687134.51928043
2011-10-31,3700031.20374773
2011-11-01,3711430.17498479
2011-11-02,3729999.0958329
2011-11-03,3736952.47218516
2011-11-04,3743277.57824521
2011-11-05,3813180.59502816
2011-11-06,3831580.02949696
2011-11-07,3852815.26917245
2011-11-08,3861262.70379257
2011-11-09,3866954.91481849
2011-11-10,3925766.57770628
2011-11-11,3960651.48827422
2011-11-12,3977505.98747485
2011-11-13,3993394.41615284
2011-11-14,4011319.07409191
2011-11-15,4018552.05690587
2011-11-16,4206713.20054772
2011-11-17,4236263.77204307
2011-11-18,4301311.25332847
2011-11-19,4319352.49360894
2011-11-20,4329345.57402489
2011-11-21,4403857.52782998
2011-11-22,4411627.63517209
2011-11-23,4446499.61625399
2011-11-24,4459732.88834668
2011-11-25,4467592.33801815
2011-11-26,4497676.62138302
2011-11-27,4509464.16255796
2011-11-28,4518392.80264867
2011-11-29,4566914.18607482
2011-11-30,4582933.21235172
2011-12-01,4591205.85639968
2011-12-02,4611439.07462169
2011-12-03,4655849.95799286
2011-12-04,4697316.77475137
2011-12-05,4700543.18702369
2011-12-06,4711409.29897444
2011-12-07,4727551.65572469
2011-12-08,4732161.62703883
2011-12-09,4739439.59505646
2011-12-10,4745666.96381017
2011-12-11,4743293.16684271
2011-12-12,4762578.94665128
2011-12-13,4776548.52819335
2011-12-14,4785858.5034435
2011-12-15,4796325.20069127
2011-12-16,4799998.17936753
2011-12-17,4810013.14428096
2011-12-18,4814923.8359451
2011-12-19,4814709.12738186
2011-12-20,4815744.56134827
2011-12-21,4823410.84943438
2011-12-22,4827430.09109748
2011-12-23,4835747.02480563
2011-12-24,4842430.9285697
2011-12-25,4843664.80765741
2011-12-26,4847395.51829853
2011-12-27,4857636.43917192
2011-12-28,4863770.55152913
2011-12-29,4871085.32616703
2011-12-30,4887177.44753201
2011-12-31,4894084.54503578
2012-01-01,4909662.83270607
2012-01-02,4903465.70252074
2012-01-03,4907321.57611686
2012-01-04,4917601.07118024
2012-01-05,4924047.77014262
2012-01-06,4927270.23199748
2012-01-07,4930817.85597302
2012-01-08,4940717.15006519
2012-01-09,4948880.00757412
2012-01-10,4989692.21187001
2012-01-11,4995245.3011811
2012-01-12,4970072.65122962
2012-01-13,4974454.37938178
2012-01-14,4977479.63956965
2012-01-15,4980458.62476649
2012-01-16,4987106.95719769
2012-01-17,4996289.51576249
2012-01-18,5000424.87556353
2012-01-19,5003669.40288637
2012-01-20,5004659.40996872
2012-01-21,5043130.39647892
2012-01-22,5045902.3347985
2012-01-23,5048789.29717897
2012-01-24,5052752.24987776
2012-01-25,5055870.31562451
2012-01-26,5059223.75886283
2012-01-27,5119404.39328972
2012-01-28,5124280.98542925
2012-01-29,5128226.11885373
2012-01-30,5131378.3633579
2012-01-31,5138249.30639547
2012-02-01,5140526.95313872
2012-02-02,5145778.75529727
2012-02-03,5151577.5350907
2012-02-04,5160420.83219087
2012-02-05,5164467.44340606
2012-02-06,5164667.45534245
2012-02-07,5167122.34878004
2012-02-08,5173051.76258788
2012-02-09,5198514.22926675
2012-02-10,5198604.32779764
2012-02-11,5188232.00593075
2012-02-12,5192984.4395162
2012-02-13,5152224.95904625
2012-02-14,5127598.50710548
2012-02-15,5130887.53276843
2012-02-16,5132234.36449263
2012-02-17,5136602.97189789
2012-02-18,5135644.05886952
2012-02-19,5137868.60395793
2012-02-20,5143375.73383207
2012-02-21,5147580.93025758
2012-02-22,5149378.09039899
2012-02-23,5152110.27581128
2012-02-24,5150616.0562319
2012-02-25,5155176.23159303
2012-02-26,5158478.60526319
2012-02-27,5160792.10640126
2012-02-28,5165352.42492577
2012-02-29,5149956.6427852
2012-03-01,5155112.0602355
2012-03-02,5158063.00100699
2012-03-03,5155358.95856072
2012-03-04,5159134.59831268
2012-03-05,5160611.16983405
2012-03-06,5163572.46500704
2012-03-07,5167471.77620266
2012-03-08,5169729.01530078
2012-03-09,5171910.67988827
2012-03-10,5176315.73192307
2012-03-11,5174677.84188366
2012-03-12,5180629.06953992
2012-03-13,5180092.85643745
2012-03-14,5184049.48551428
2012-03-15,5188416.45419668
2012-03-16,5186565.77091488
2012-03-17,5187595.17945508
2012-03-18,5185365.93055448
2012-03-19,5190863.46350853
2012-03-20,5212445.20952032
2012-03-21,5212822.10701651
2012-03-22,5219351.41852849
2012-03-23,5216642.51172572
2012-03-24,5218002.31640451
2012-03-25,5223316.35420144
2012-03-26,5238860.62186752
2012-03-27,5243301.61444611
2012-03-28,5247039.01614887
2012-03-29,5260398.59808639
2012-03-30,5214620.06667858
2012-03-31,5224290.67365604
2012-04-01,5245852.25657882
2012-04-02,5247588.85785957
2012-04-03,5239076.1262809
2012-04-04,5241227.43684677
2012-04-05,5242235.92889985
2012-04-06,5242070.91184521
2012-04-07,5247097.24483622
2012-04-08,5249626.20511841
2012-04-09,5249753.82644726
2012-04-10,5255769.07937948
2012-04-11,5252171.15825083
2012-04-12,5355138.01666401
2012-04-13,5355238.13279545
2012-04-14,5358953.36826951
2012-04-15,5362312.56090536
2012-04-16,5361727.66352562
2012-04-17,5371194.79960129
2012-04-18,5377134.7655347
2012-04-19,5581387.07626021
2012-04-20,5586015.04544192
2012-04-21,5596102.73796286
2012-04-22,5601095.82145627
2012-04-23,5600644.74417981
2012-04-24,5612038.49671385
2012-04-25,5509379.40127364
2012-04-26,5509092.34444112
2012-04-27,5515762.81160632
2012-04-28,5520791.73648639
2012-04-29,5552846.83571038
2012-04-30,5547050.95949326
2012-05-01,5556855.98695275
2012-05-02,5565075.15835459
2012-05-03,5569860.30201901
2012-05-04,5577025.59151943
2012-05-05,5582196.97196404
2012-05-06,5583660.375503
2012-05-07,5586575.71928109
2012-05-08,5597421.22732864
2012-05-09,5600101.55952905
2012-05-10,5606465.82041571
2012-05-11,5621832.42524606
2012-05-12,5600595.76737242
2012-05-13,5600677.95802374
2012-05-14,5596736.75556009
2012-05-15,5598291.38911832
2012-05-16,5598502.9677179
2012-05-17,5606554.10623053
2012-05-18,5606723.20084704
2012-05-19,5612274.8196731
2012-05-20,5608145.64034949
2012-05-21,5604452.89384592
2012-05-22,5605291.63351713
2012-05-23,5636810.7042927
2012-05-24,5646566.358563
2012-05-25,5666229.81035203
2012-05-26,5667719.18160687
2012-05-27,5665927.06586376
2012-05-28,5667968.99750236
2012-05-29,5669734.87608171
2012-05-30,5674843.90923909
2012-05-31,5648821.55447189
2012-06-01,5654999.74762352
2012-06-02,5659397.01480696
2012-06-03,5661771.61936888
2012-06-04,5714684.44331643
2012-06-05,5716989.44627756
2012-06-06,5724915.12022665
2012-06-07,5733747.10347853
2012-06-08,5743124.1332891
2012-06-09,5753673.98338725
2012-06-10,5762524.11737648
2012-06-11,5774200.28154861
2012-06-12,5817917.52288714
2012-06-13,5828919.08453663
2012-06-14,5830680.80048846
2012-06-15,5837671.04589817
2012-06-16,5875081.27051889
2012-06-17,5886084.82635362
2012-06-18,5892281.85886601
2012-06-19,5898350.67798437
2012-06-20,5892837.49760088
2012-06-21,5900817.05906616
2012-06-22,5944820.28949627
2012-06-23,5959770.16710724
2012-06-24,5954136.18221648
2012-06-25,5968865.8520747
2012-06-26,5976342.12403917
2012-06-27,5983987.08035189
2012-06-28,5992913.35280964
2012-06-29,6009256.82811312
2012-06-30,6018409.33664848
2012-07-01,6022297.12858523
2012-07-02,6030751.64733583
2012-07-03,6042316.44252917
2012-07-04,6054238.41725778
2012-07-05,6068918.45266011
2012-07-06,6073205.06087458
2012-07-07,6071359.28397506
2012-07-08,6088236.33874509
2012-07-09,6087068.591001
2012-07-10,6048103.54431144
2012-07-11,6050421.76761603
2012-07-12,6055044.67577038
2012-07-13,6048195.86315249
2012-07-14,6017953.91694216
2012-07-15,6022993.46492171
2012-07-16,6024049.3322787
2012-07-17,5989249.87388285
2012-07-18,5994017.64360235
2012-07-19,5999973.62978152
2012-07-20,6007047.78641523
2012-07-21,6011916.58947644
2012-07-22,6018835.18906895
2012-07-23,6020240.98220562
2012-07-24,6023879.44239721
2012-07-25,6026942.46713463
2012-07-26,6032306.94534566
2012-07-27,6031171.93590255
2012-07-28,6031141.71135527
2012-07-29,6062950.45104968
2012-07-30,6068128.35282237
2012-07-31,6073025.3553601
2012-08-01,6076013.48914301
2012-08-02,6092374.33159376
2012-08-03,6096333.5886396
2012-08-04,6115111.32504671
2012-08-05,6118539.76427745
2012-08-06,6119533.95266727
2012-08-07,6116107.79466405
2012-08-08,6099568.37374734
2012-08-09,6106463.24164174
2012-08-10,6110466.80489807
2012-08-11,6111303.48466883
2012-08-12,6113775.43850979
2012-08-13,6115775.37976728
2012-08-14,6115636.65167295
2012-08-15,6108476.65865893
2012-08-16,6107473.35745976
2012-08-17,6075943.82643052
2012-08-18,6054104.79617295
2012-08-19,6043715.84689632
2012-08-20,6043197.94987371
2012-08-21,6043161.55255852
2012-08-22,6045618.55718919
2012-08-23,6043087.28756789
2012-08-24,6044123.30145816
2012-08-25,6051779.72601435
2012-08-26,6054717.49140369
2012-08-27,6041968.8712451
2012-08-28,6037742.88190669
2012-08-29,6043428.6575716
2012-08-30,6055328.48719624
2012-08-31,6000718.54860437
2012-09-01,6051050.78650252
2012-09-02,6053265.11153791
2012-09-03,6054495.53103502
2012-09-04,6067386.0286712
2012-09-05,6070222.51041163
2012-09-06,6067282.93270365
2012-09-07,6070118.91795965
2012-09-08,6073509.44690266
2012-09-09,6076986.63725097
2012-09-10,6043416.55171779
2012-09-11,6047273.96035288
2012-09-12,6050044.01263758
2012-09-13,6056676.32524331
2012-09-14,6069665.40973771
2012-09-15,6066117.93496531
2012-09-16,6068069.1089448
2012-09-17,6055701.61421922
2012-09-18,6038760.65880774
2012-09-19,6039682.17199863
2012-09-20,6033248.69208321
2012-09-21,6028398.67906479
2012-09-22,6022902.59114058
2012-09-23,6025433.44697262
2012-09-24,6015863.41334909
2012-09-25,6015144.38044657
2012-09-26,6017676.48198151
2012-09-27,6022840.47828989
2012-09-28,6013602.6304141
2012-09-29,6013462.79886114
2012-09-30,6017139.81065052
2012-10-01,6019201.68782292
2012-10-02,6022442.83265004
2012-10-03,6014001.41827049
2012-10-04,6014129.44348416
2012-10-05,6017268.12900181
2012-10-06,6022342.55803922
2012-10-07,6025768.24974918
2012-10-08,6084572.44037994
2012-10-09,6086616.4605976
2012-10-10,6084756.10481212
2012-10-11,6089072.97897442
2012-10-12,6087961.612558
2012-10-13,6091093.95807329
2012-10-14,6118963.01473925
2012-10-15,6116977.19777098
2012-10-16,6127791.5820608
2012-10-17,6119679.91905397
2012-10-18,6121406.41045782
2012-10-19,6122676.75595325
2012-10-20,6158270.46497882
2012-10-21,6148893.99060282
2012-10-22,6151529.18355024
2012-10-23,6154693.40246803
2012-10-24,6157440.35405099
2012-10-25,6154424.53060859
2012-10-26,6144632.73809094
2012-10-27,6148201.0467012
2012-10-28,6150019.50502673
2012-10-29,6155804.61612453
2012-10-30,6153589.40701822
2012-10-31,6153407.23151283
2012-11-01,6159868.31364853
2012-11-02,6164253.38860768
2012-11-03,6170065.37167709
2012-11-04,6165512.41953376
2012-11-05,6170857.35909233
2012-11-06,6179034.99429709
2012-11-07,6182775.18936138
2012-11-08,6185060.25811853
2012-11-09,6192350.83515635
2012-11-10,6196485.06308022
2012-11-11,6196100.44424134
2012-11-12,6189771.99874267
2012-11-13,6197890.05816676
2012-11-14,6201861.47904434
2012-11-15,6233937.41827706
2012-11-16,6234932.84777628
2012-11-17,6239434.63936937
2012-11-18,6244617.09245249
2012-11-19,6250037.84659618
2012-11-20,6258268.87965988
2012-11-21,6266959.65832478
2012-11-22,6272283.73698172
2012-11-23,6275225.62332951
2012-11-24,6282818.35962355
2012-11-25,6281534.7725171
2012-11-26,6279884.44252343
2012-11-27,6288248.58032518
2012-11-28,6291080.04273715
2012-11-29,6294483.48614705
2012-11-30,6294067.57935724
2012-12-01,6297961.92168267
2012-12-02,6303634.24804304
2012-12-03,6305923.63082091
2012-12-04,6286039.25636434
2012-12-05,6296256.92865074
2012-12-06,6306566.41153462
2012-12-07,6299690.62925839
2012-12-08,6307836.34540612
2012-12-09,6319951.57191633
2012-12-10,6319451.36709242
2012-12-11,6324046.06012254
2012-12-12,6324883.39755145
2012-12-13,6328236.62677275
2012-12-14,6331939.63269146
2012-12-15,6355952.24603541
2012-12-16,6408615.40225605
2012-12-17,6412970.45315841
2012-12-18,6419469.77675884
2012-12-19,6446511.63273954
2012-12-20,6448500.67719773
2012-12-21,6452607.48736471
2012-12-22,6462302.94776929
2012-12-23,6473390.06402517
2012-12-24,6489887.02947474
2012-12-25,6507119.11457233
2012-12-26,6518747.2038637
2012-12-27,6532627.45949553
2012-12-28,6552687.40778326
2012-12-29,6569259.76518446
2012-12-30,6571048.62770379
2012-12-31,6566242.50903416
2013-01-01,6579696.03938839
2013-01-02,6591735.36544141
2013-01-03,6597018.46328717
2013-01-04,6604039.17191174
2013-01-05,6619736.98081969
2013-01-06,6626530.09566333
2013-01-07,6631300.55965101
2013-01-08,6635206.36895038
2013-01-09,6637388.20718181
2013-01-10,6664583.52778018
2013-01-11,6671331.60433371
2013-01-12,6678092.52011611
2013-01-13,6680409.92562883
2013-01-14,6682898.57710249
2013-01-15,6691734.55517676
2013-01-16,6699100.88111166
2013-01-17,6700390.52320115
2013-01-18,6714491.84586072
2013-01-19,6738279.25127684
2013-01-20,6771916.11420615
2013-01-21,6772695.10199124
2013-01-22,6757637.08109236
2013-01-23,6767095.41853292
2013-01-24,6768824.06924101
2013-01-25,6770454.70615324
2013-01-26,6770901.96954687
2013-01-27,6760178.62490018
2013-01-28,6775814.64204425
2013-01-29,6768886.16997463
2013-01-30,6757601.61866444
2013-01-31,6743394.19148765
2013-02-01,6688838.05221543
2013-02-02,6685457.20745522
2013-02-03,6683928.13635773
2013-02-04,6675178.22970017
2013-02-05,6673161.15814185
2013-02-06,6679523.64571688
2013-02-07,6680834.37010609
2013-02-08,6679380.22851367
2013-02-09,6668101.20047825
2013-02-10,6672197.71169732
2013-02-11,6670241.40125616
2013-02-12,6666602.54408821
2013-02-13,6663684.65051499
2013-02-14,6659580.17977546
2013-02-15,6641156.32893758
2013-02-16,6642901.45093412
2013-02-17,6656204.35792307
2013-02-18,6647077.10363058
2013-02-19,6661416.42083486
2013-02-20,6673736.78562479
2013-02-21,6677605.3192881
2013-02-22,6677904.03249186
2013-02-23,6682476.8491955
2013-02-24,6693195.74778655
2013-02-25,6628202.16156982
2013-02-26,6632121.04452959
2013-02-27,6639646.50288863
2013-02-28,6613334.19375509
2013-03-01,6620890.29332163
2013-03-02,6634372.10564949
2013-03-03,6639330.15101127
2013-03-04,6651721.65652509
2013-03-05,6645476.71614383
2013-03-06,6626106.79966034
2013-03-07,6627899.11466649
2013-03-08,6629722.40291354
2013-03-09,6622920.54684732
2013-03-10,6627173.19034638
2013-03-11,6620567.21215466
2013-03-12,6612715.81994716
2013-03-13,6601703.11816002
2013-03-14,6608133.40309142
2013-03-15,6602483.72697952
2013-03-16,6609014.4486415
2013-03-17,6605214.09328442
2013-03-18,6609158.25006109
2013-03-19,6606122.28513471
2013-03-20,6607938.25335902
2013-03-21,6594091.30421493
2013-03-22,6573554.19149107
2013-03-23,6564322.5631548
2013-03-24,6551985.68597997
2013-03-25,6524766.21551877
2013-03-26,6512774.13917855
2013-03-27,6497004.59781026
2013-03-28,6489728.64399337
2013-03-29,6478771.06943672
2013-03-30,6439442.12360828
2013-03-31,6438427.07878847
2013-04-01,6394298.42338823
2013-04-02,6373868.48104326
2013-04-03,6312504.06004427
2013-04-04,6298794.6658733
2013-04-05,6227837.83735709
2013-04-06,6222355.26519506
2013-04-07,6206395.25213951
2013-04-08,6180770.98189875
2013-04-09,6070763.57539835
2013-04-10,6024993.605258
2013-04-11,5995904.24316258
2013-04-12,5982705.99175723
2013-04-13,5969779.24040654
2013-04-14,5959049.20654771
2013-04-15,5946708.40709587
2013-04-16,5908916.63706384
2013-04-17,5900797.56724776
2013-04-18,5900915.89358644
2013-04-19,5905667.61077509
2013-04-20,5910357.53281058
2013-04-21,5898887.18497955
2013-04-22,5893409.442574
2013-04-23,5876212.12361528
2013-04-24,5860802.90805851
2013-04-25,5860114.61518119
2013-04-26,5862540.86665937
2013-04-27,5862492.67665389
2013-04-28,5886584.32305692
2013-04-29,5895210.55052115
2013-04-30,5902100.12992131
2013-05-01,5890335.22340226
2013-05-02,5890883.57254711
2013-05-03,5857964.5841769
2013-05-04,5866074.19145913
2013-05-05,5857393.42410974
2013-05-06,5857758.12054885
2013-05-07,5856298.74857739
2013-05-08,5889801.53771148
2013-05-09,5893206.11739705
2013-05-10,5891088.53749624
2013-05-11,5885256.04732755
2013-05-12,5890545.80732348
2013-05-13,5892875.77608553
2013-05-14,5901672.80400526
2013-05-15,5898293.11117638
2013-05-16,5902149.7239158
2013-05-17,5909384.99761903
2013-05-18,5905083.80066136
2013-05-19,5906992.70284704
2013-05-20,5914719.94658414
2013-05-21,5930337.05870217
2013-05-22,5977849.74130979
2013-05-23,5981153.28012177
2013-05-24,5995982.7355807
2013-05-25,5960890.13066899
2013-05-26,5963951.32749847
2013-05-27,5964923.54257077
2013-05-28,5965663.6511258
2013-05-29,5959291.76961139
2013-05-30,5958999.17957758
2013-05-31,5954057.57907166
2013-06-01,5955054.41319885
2013-06-02,5958501.73348886
2013-06-03,5959981.18880192
2013-06-04,5961337.98363494
2013-06-05,5951835.51618781
2013-06-06,5935962.78683046
2013-06-07,5942793.64328261
2013-06-08,5991491.55904487
2013-06-09,5984749.36374686
2013-06-10,5986299.4605093
2013-06-11,5980527.11590809
2013-06-12,5982939.90310839
2013-06-13,5985110.38040301
2013-06-14,5982020.05523255
2013-06-15,5988331.73064714
2013-06-16,5989305.99470957
2013-06-17,5998948.28660116
2013-06-18,6009855.99965717
2013-06-19,6024521.5774307
2013-06-20,6030778.94922083
2013-06-21,6039507.07660149
2013-06-22,6054381.22958713
2013-06-23,6056975.06358873
2013-06-24,6057931.05336084
2013-06-25,6059913.58760235
2013-06-26,6074819.01868484
2013-06-27,6080172.5691869
2013-06-28,6084182.95922811
2013-06-29,6088514.06169539
2013-06-30,6100075.20344674
2013-07-01,6086569.68033142
2013-07-02,6081121.77018851
2013-07-03,6127813.18800665
2013-07-04,6146478.8964942
2013-07-05,6148537.00524383
2013-07-06,6208037.9087818
2013-07-07,6218183.24628316
2013-07-08,6222963.93633303
2013-07-09,6234371.63583015
2013-07-10,6214694.6141114
2013-07-11,6215225.6451917
2013-07-12,6214043.67819923
2013-07-13,6241024.9530987
2013-07-14,6252934.46092325
2013-07-15,6255783.25930677
2013-07-16,6261516.52107966
2013-07-17,6267904.83226249
2013-07-18,6274351.68913473
2013-07-19,6280455.86394595
2013-07-20,6288857.31280098
2013-07-21,6292867.61872389
2013-07-22,6301241.11744794
2013-07-23,6307619.10325091
2013-07-24,6312551.84248236
2013-07-25,6317016.71257129
2013-07-26,6320701.99873981
2013-07-27,6323998.19936232
2013-07-28,6332863.43440745
2013-07-29,6336435.25221749
2013-07-30,6403150.66299317
2013-07-31,6417058.7270496
2013-08-01,6421847.86424564
2013-08-02,6421366.68125404
2013-08-03,6387826.02592702
2013-08-04,6388715.37663095
2013-08-05,6396618.40024241
2013-08-06,6404760.01879414
2013-08-07,6432727.24450422
2013-08-08,6447205.33469712
2013-08-09,6460664.55403323
2013-08-10,6475201.5277751
2013-08-11,6490538.77867929
2013-08-12,6495716.65730531
2013-08-13,6478619.27772014
2013-08-14,6485408.74695342
2013-08-15,6485313.27722805
2013-08-16,6494541.81613481
2013-08-17,6501298.24796437
2013-08-18,6503419.47620212
2013-08-19,6507073.76247852
2013-08-20,6513594.87734243
2013-08-21,6524041.37591871
2013-08-22,6542873.73099835
2013-08-23,6553567.63007797
2013-08-24,6585290.3547602
2013-08-25,6598881.05959642
2013-08-26,6605900.48045746
2013-08-27,6623418.01171537
2013-08-28,6637397.46438589
2013-08-29,6652914.00923282
2013-08-30,6664171.17095472
2013-08-31,6685347.70677047
2013-09-01,6751920.90278679
2013-09-02,6762881.37802435
2013-09-03,6786356.29557006
2013-09-04,6824879.42513077
2013-09-05,6865121.55033108
2013-09-06,6894499.08727808
2013-09-07,6912824.81987905
2013-09-08,6937329.50906862
2013-09-09,6951378.02385687
2013-09-10,6980433.80326673
2013-09-11,7089486.5023619
2013-09-12,7144856.05324872
2013-09-13,7201473.19357382
2013-09-14,7215983.70092018
2013-09-15,7234987.22557728
2013-09-16,7252305.78531677
2013-09-17,7281570.04776252
2013-09-18,7301741.55000028
2013-09-19,7315800.25459122
2013-09-20,7355998.87966948
2013-09-21,7373916.67909991
2013-09-22,7381451.66081635
2013-09-23,7403002.45646953
2013-09-24,7413203.23479765
2013-09-25,7438960.34936546
2013-09-26,7493441.75740052
2013-09-27,7549667.6359535
2013-09-28,7585262.94032122
2013-09-29,7597149.75279013
2013-09-30,7612411.83337921
2013-10-01,7646995.04821869
2013-10-02,7668601.48160313
2013-10-03,7791293.51345029
2013-10-04,7801544.80082992
2013-10-05,7853422.9008227
2013-10-06,7858088.47244891
2013-10-07,7816238.51004971
2013-10-08,7834715.84819708
2013-10-09,7843387.70930872
2013-10-10,7847102.16229005
2013-10-11,7862007.08714059
2013-10-12,7879076.74389223
2013-10-13,7907500.98571704
2013-10-14,7907587.29043857
2013-10-15,7915857.96109281
2013-10-16,7921718.86021763
2013-10-17,7965031.80201891
2013-10-18,7973827.53330439
2013-10-19,7977323.02353104
2013-10-20,7983504.01759931
2013-10-21,7934955.65986048
2013-10-22,7890552.8108504
2013-10-23,7886031.29952436
2013-10-24,7888741.36473133
2013-10-25,7712771.17557361
2013-10-26,7727831.56705728
2013-10-27,7735456.65951063
2013-10-28,7737969.88716597
2013-10-29,7736608.33817201
2013-10-30,7743189.5786982
2013-10-31,7750131.05226988
2013-11-01,7754441.19953854
2013-11-02,7759478.21804389
2013-11-03,7756262.40807948
2013-11-04,7763570.59222687
2013-11-05,7756973.79874222
2013-11-06,7748446.16938405
2013-11-07,7722044.11450822
2013-11-08,7724040.18133215
2013-11-09,7702017.20825509
2013-11-10,7686490.45804588
2013-11-11,7665146.01113807
2013-11-12,7641082.95141922
2013-11-13,7613118.31852712
2013-11-14,7564462.51217682
2013-11-15,7532057.99492196
2013-11-16,7521675.00505771
2013-11-17,7498013.02600955
2013-11-18,7462147.08290841
2013-11-19,7413985.16729507
2013-11-20,7372808.85785485
2013-11-21,7351770.55551504
2013-11-22,7344750.16300467
2013-11-23,7310522.78983195
2013-11-24,7296756.63235736
2013-11-25,7244695.41605623
2013-11-26,7102275.1407177
2013-11-27,7060540.63452734
2013-11-28,7030065.58239227
2013-11-29,7008964.22598672
2013-11-30,7000165.35524146
2013-12-01,6986672.44487061
2013-12-02,6971078.54941007
2013-12-03,6965153.49588328
2013-12-04,6969548.18097154
2013-12-05,6958009.45678493
2013-12-06,6954764.02743963
2013-12-07,6965970.73737442
2013-12-08,6969049.14654241
2013-12-09,6963740.79429747
2013-12-10,6962620.20861086
2013-12-11,6957975.34686281
2013-12-12,6960140.62245549
2013-12-13,6962295.73546667
2013-12-14,6962783.05878707
2013-12-15,6955989.36587213
2013-12-16,6940923.91994014
2013-12-17,6945296.43848031
2013-12-18,6934463.3076318
2013-12-19,6971080.20709356
2013-12-20,6963108.11359865
2013-12-21,6846244.60037296
2013-12-22,6850098.14314804
2013-12-23,6856291.69787272
2013-12-24,6856952.81854593
2013-12-25,6774518.19371379
2013-12-26,6779372.38081475
2013-12-27,6766982.17876909
2013-12-28,6769714.62951949
2013-12-29,6773385.00656169
2013-12-30,6777047.64398278
2013-12-31,6782556.44464147
2014-01-01,6799526.74176191
2014-01-02,6801364.02988342
2014-01-03,6800413.72872099
2014-01-04,6774392.8200022
2014-01-05,6775717.66047794
2014-01-06,6773457.41221376
2014-01-07,6780164.52995832
2014-01-08,6782526.00426809
2014-01-09,6788352.40019603
2014-01-10,6789380.47486793
2014-01-11,6772682.34454957
2014-01-12,6775955.81306484
2014-01-13,6775734.42508276
2014-01-14,6790101.69246225
2014-01-15,6792428.72170061
2014-01-16,6801526.93710429
2014-01-17,6816171.11011854
2014-01-18,6816864.50635031
2014-01-19,6814163.9758773
2014-01-20,6815755.77078309
2014-01-21,6823639.47392629
2014-01-22,6828087.78159671
2014-01-23,6836518.67278343
2014-01-24,6831916.23479116
2014-01-25,6833934.06946009
2014-01-26,6846183.10190612
2014-01-27,6844941.3477022
2014-01-28,6848303.48065505
2014-01-29,6850013.95314412
2014-01-30,6853896.03265982
2014-01-31,6858170.69542228
2014-02-01,6854522.99949607
2014-02-02,6864203.35742154
2014-02-03,6869749.6370071
2014-02-04,6874994.07538921
2014-02-05,6733034.78952529
2014-02-06,6733088.6205923
2014-02-07,6736259.76838404
2014-02-08,6738354.39817625
2014-02-09,6737704.07466193
2014-02-10,6737456.65934452
2014-02-11,6744611.33681595
2014-02-12,6743149.0106109
2014-02-13,6746810.81367164
2014-02-14,6745736.30058448
2014-02-15,6750519.65074007
2014-02-16,6747014.91397094
2014-02-17,6749267.19499851
2014-02-18,6739035.86662904
2014-02-19,6743095.72815172
2014-02-20,6746120.90699821
2014-02-21,6767099.85172392
2014-02-22,6771654.73994534
2014-02-23,6773602.32861384
2014-02-24,6777393.00488528
2014-02-25,6774958.94935368
2014-02-26,6783955.10735321
2014-02-27,6788196.10060935
2014-02-28,6771693.66884942
2014-03-01,6765654.29124214
2014-03-02,6762983.41980022
2014-03-03,6761340.21328572
2014-03-04,6765305.95134445
2014-03-05,6762416.41099631
2014-03-06,6793929.16041234
2014-03-07,6599281.1107499
2014-03-08,6599313.93814228
2014-03-09,6488358.28569832
2014-03-10,6474329.8779072
2014-03-11,6520923.53339855
2014-03-12,6511660.23267471
2014-03-13,6517425.55895463
2014-03-14,6521900.49613458
2014-03-15,6533260.16151953
2014-03-16,6533172.36469199
2014-03-17,6536238.26322449
2014-03-18,6534678.46801491
2014-03-19,6543933.98838277
2014-03-20,6548834.86773214
2014-03-21,6512870.71243685
2014-03-22,6523974.11301769
2014-03-23,6535526.19887394
2014-03-24,6537466.66645037
2014-03-25,6536964.57915517
2014-03-26,6553385.45665604
2014-03-27,6635407.59731066
2014-03-28,6652580.78542473
2014-03-29,6802765.27369213
2014-03-30,6880491.76715867
2014-03-31,6882441.93397573
2014-04-01,6883185.66092178
2014-04-02,6907168.65328917
2014-04-03,6902830.93322906
2014-04-04,6910796.00641469
2014-04-05,6912958.34215162
2014-04-06,6912271.95905629
2014-04-07,6915472.4556088
2014-04-08,6929943.31741365
2014-04-09,6936047.0051305
2014-04-10,6938209.61503099
2014-04-11,6959325.35453359
2014-04-12,6988849.2323913
2014-04-13,7017534.81734466
2014-04-14,7037069.00925214
2014-04-15,7062911.88511506
2014-04-16,7055071.42777335
2014-04-17,7071004.87775193
2014-04-18,7112392.75940793
2014-04-19,7140156.92817697
2014-04-20,7165398.98327933
2014-04-21,7189411.04425273
2014-04-22,7221364.52094971
2014-04-23,7253957.4512665
2014-04-24,7292688.62671736
2014-04-25,7319172.44289264
2014-04-26,7357363.2870788
2014-04-27,7426023.10325538
2014-04-28,7444156.51511856
2014-04-29,7491396.52110046
2014-04-30,7668991.98957114
2014-05-01,7712484.23801169
2014-05-02,7752047.03303702
2014-05-03,7794412.46060312
2014-05-04,7811214.30845291
2014-05-05,7829929.2346922
2014-05-06,7855318.70206747
2014-05-07,7890218.24881843
2014-05-08,7914389.45471055
2014-05-09,7947398.96382811
2014-05-10,7974415.38642734
2014-05-11,7997755.00115925
2014-05-12,8019504.60098383
2014-05-13,8042560.66972327
2014-05-14,8038785.41128266
2014-05-15,8055965.09499867
2014-05-16,8078497.52125553
2014-05-17,8094273.0821494
2014-05-18,8102078.95905163
2014-05-19,8113024.27527735
2014-05-20,8141138.92593846
2014-05-21,8152494.47774335
2014-05-22,8180219.03422062
2014-05-23,8246437.09567756
2014-05-24,8267934.77570933
2014-05-25,8399276.55540733
2014-05-26,8406539.31614137
2014-05-27,8383644.60854105
2014-05-28,8399379.42079871
2014-05-29,8509896.14243562
2014-05-30,8523987.45109053
2014-05-31,8533651.78048019
2014-06-01,8527504.21072595
2014-06-02,8531836.91356344
2014-06-03,8553088.43156226
2014-06-04,8562432.86433735
2014-06-05,8561608.62377802
2014-06-06,8564942.64161812
2014-06-07,8588745.36139005
2014-06-08,8598160.70073659
2014-06-09,8612508.76419513
2014-06-10,8629569.80074631
2014-06-11,8639729.84779691
2014-06-12,8470817.94009934
2014-06-13,8473980.94538
2014-06-14,8478402.1392827
2014-06-15,8502058.68576857
2014-06-16,8508943.41234866
2014-06-17,8516250.86502965
2014-06-18,8547341.32646222
2014-06-19,8575970.91635346
2014-06-20,8591451.41044784
2014-06-21,8598339.22432692
2014-06-22,8599035.49072833
2014-06-23,8601600.06362925
2014-06-24,8606640.93079904
2014-06-25,8615611.94322104
2014-06-26,8614641.99646368
2014-06-27,8619107.31744948
2014-06-28,8633719.08075995
2014-06-29,8625717.684446
2014-06-30,8622739.78873734
2014-07-01,8641329.00152381
2014-07-02,8643989.98821495
2014-07-03,8641777.12107346
2014-07-04,8649423.16148359
2014-07-05,8654273.03687531
2014-07-06,8659293.81627385
2014-07-07,8666603.38943817
2014-07-08,8673363.12113945
2014-07-09,8674427.44741307
2014-07-10,8760763.94447227
2014-07-11,8805911.83525824
2014-07-12,8823745.78968551
2014-07-13,8839022.28463608
2014-07-14,8846384.20929139
2014-07-15,8856772.51102155
2014-07-16,8876275.86018954
2014-07-17,8885241.00537427
2014-07-18,8889772.74716115
2014-07-19,8888471.87950083
2014-07-20,8898453.22792361
2014-07-21,8908569.0135392
2014-07-22,8925611.13623031
2014-07-23,8962983.4675166
2014-07-24,8965325.78328843
2014-07-25,8974155.81069956
2014-07-26,8980713.17134974
2014-07-27,8985760.69273908
2014-07-28,8985386.98797779
2014-07-29,8987155.04563633
2014-07-30,9048329.22371636
2014-07-31,9056113.69371126
2014-08-01,9064022.56214442
2014-08-02,9090187.53226811
2014-08-03,9108905.50117992
2014-08-04,9125132.08908498
2014-08-05,9093632.61026838
2014-08-06,9166131.70122952
2014-08-07,9211262.51634643
2014-08-08,9254592.58461327
2014-08-09,9271404.08881231
2014-08-10,9274588.40233797
2014-08-11,9281296.85092004
2014-08-12,9298048.22073029
2014-08-13,9302303.72777611
2014-08-14,9368481.60511804
2014-08-15,9386282.49490633
2014-08-16,9393801.67479298
2014-08-17,9497474.65340884
2014-08-18,9505447.01485871
2014-08-19,9511346.1430018
2014-08-20,9520311.85367917
2014-08-21,9520973.51959879
2014-08-22,9540585.56529969
2014-08-23,9579292.99183163
2014-08-24,9584730.45000538
2014-08-25,9580021.46043226
2014-08-26,9581892.48014355
2014-08-27,9594477.37450871
2014-08-28,9602435.75266629
2014-08-29,9592924.85193446
2014-08-30,9610993.33540018
2014-08-31,9614231.71611882
2014-09-01,9611198.8089886
2014-09-02,9623386.91237544
2014-09-03,9629022.52317551
2014-09-04,9629189.03344427
2014-09-05,9629730.10342604
2014-09-06,9622820.24607332
2014-09-07,9619885.13747237
2014-09-08,9628075.24280711
2014-09-09,9605561.98621818
2014-09-10,9606661.92605013
2014-09-11,9615591.49934728
2014-09-12,9634604.1582279
2014-09-13,9640404.07247141
2014-09-14,9642333.87391971
2014-09-15,9634736.75393172
2014-09-16,9640018.33925221
2014-09-17,9643055.21644962
2014-09-18,9679073.89023678
2014-09-19,9692202.16538665
2014-09-20,9662099.42693636
2014-09-21,9658722.84308009
2014-09-22,9662370.6900687
2014-09-23,9662170.40329443
2014-09-24,9669701.73000389
2014-09-25,9696793.00686009
2014-09-26,9694256.28692261
2014-09-27,9697234.55001015
2014-09-28,9692620.89506057
2014-09-29,9675254.03543302
2014-09-30,9673219.60679358
2014-10-01,9682024.81695188
2014-10-02,9676442.42602866
2014-10-03,9663737.67300253
2014-10-04,9653644.65564453
2014-10-05,9605080.68070103
2014-10-06,9594489.41166429
2014-10-07,9585924.19693399
2014-10-08,9572360.17514776
2014-10-09,9575991.12225583
2014-10-10,9566133.74517492
2014-10-11,9566380.3831442
2014-10-12,9547425.98916097
2014-10-13,9543353.6112579
2014-10-14,9538180.57434103
2014-10-15,9537036.72879121
2014-10-16,9539828.02461477
2014-10-17,9537752.66624681
2014-10-18,9546019.62019981
2014-10-19,9547294.7410441
2014-10-20,9548615.90499652
2014-10-21,9559613.5670309
2014-10-22,9564390.44599025
2014-10-23,9566916.40420241
2014-10-24,9560648.05378246
2014-10-25,9567111.60568003
2014-10-26,9570669.05280627
2014-10-27,9573388.10171864
2014-10-28,9579719.50717072
2014-10-29,9644191.51782161
2014-10-30,9642376.17787087
2014-10-31,9646859.78015385
2014-11-01,9660928.2886722
2014-11-02,9664843.99349915
2014-11-03,9667875.06679518
2014-11-04,9673181.73740215
2014-11-05,9687096.62802945
2014-11-06,9707608.65821106
2014-11-07,9692652.17595466
2014-11-08,9693962.98056955
2014-11-09,9683251.3392494
2014-11-10,9683191.21578656
2014-11-11,9706468.53922687
2014-11-12,9769161.71029291
2014-11-13,9845298.83962412
2014-11-14,10055081.04648448
2014-11-15,10061349.42588301
2014-11-16,10062489.89776756
2014-11-17,10065627.39082315
2014-11-18,10066433.77966542
2014-11-19,10055944.73328827
2014-11-20,10047633.84461822
2014-11-21,10051604.05077658
2014-11-22,10053316.90529863
2014-11-23,10056343.36756452
2014-11-24,10057001.06360357
2014-11-25,10064713.53455753
2014-11-26,10099736.21711662
2014-11-27,10106164.33014867
2014-11-28,9947057.14968382
2014-11-29,9947758.29927715
2014-11-30,9947419.49608636
2014-12-01,9959756.34284998
2014-12-02,9969430.06024136
2014-12-03,9985039.57555637
2014-12-04,9946457.93162818
2014-12-05,9958681.83595556
2014-12-06,9964780.01302408
2014-12-07,9964475.78866801
2014-12-08,9820875.9554854
2014-12-09,9784726.13826491
2014-12-10,9785613.90343747
2014-12-11,9791433.82545143
2014-12-12,9796016.43830088
2014-12-13,9798494.48925369
2014-12-14,9801308.09004239
2014-12-15,9801407.48166493
2014-12-16,9803796.43035261
2014-12-17,9804692.191413
2014-12-18,9805465.58602073
2014-12-19,9808133.46359011
2014-12-20,9810379.71035415
2014-12-21,9824110.5585758
2014-12-22,9823232.3801209
2014-12-23,9843749.72821489
2014-12-24,9790680.925004
2014-12-25,9798360.87185977
2014-12-26,9802312.85154506
2014-12-27,9808306.30182305
2014-12-28,9813496.80067535
2014-12-29,9813458.81787754
2014-12-30,9775510.29775545
2014-12-31,9774179.90740246
2015-01-01,9781090.92151988
2015-01-02,9787003.00197979
2015-01-03,9791229.36914095
2015-01-04,9787243.26768579
2015-01-05,9784223.28794065
2015-01-06,9784288.63255837
2015-01-07,9859474.19620906
2015-01-08,9856201.65025389
2015-01-09,9859280.73572317
2015-01-10,9859015.61418849
2015-01-11,9857411.14537799
2015-01-12,9855575.81959562
2015-01-13,9841222.13546831
2015-01-14,9823227.4619226
2015-01-15,9826443.42180834
2015-01-16,9831433.53207755
2015-01-17,9839872.51773322
2015-01-18,9841748.03561758
2015-01-19,9846799.78509491
2015-01-20,9859721.19076764
2015-01-21,9850701.53925641
2015-01-22,9855169.1726535
2015-01-23,9878172.72438483
2015-01-24,9882831.00360847
2015-01-25,9892211.55251816
2015-01-26,9844060.44064779
2015-01-27,9842861.835372
2015-01-28,9844833.34350413
2015-01-29,9848681.35203949
2015-01-30,9856520.52710679
2015-01-31,9866093.48089057
2015-02-01,9880776.37670266
2015-02-02,9881380.1082361
2015-02-03,9890985.50216105
2015-02-04,9889143.84087595
2015-02-05,9888467.56810933
2015-02-06,9893473.685815
2015-02-07,9901945.21096398
2015-02-08,9916821.75204054
2015-02-09,9918309.26696805
2015-02-10,9923178.62991502
2015-02-11,9931518.1997242
2015-02-12,9935950.38318618
2015-02-13,9936148.68842614
2015-02-14,9936407.42535919
2015-02-15,9936728.62855033
2015-02-16,9935742.63913545
2015-02-17,9946247.02705911
2015-02-18,9950021.1480374
2015-02-19,9927671.75291832
2015-02-20,9915977.49180702
2015-02-21,9930445.49801624
2015-02-22,9956354.16203778
2015-02-23,9952436.35442078
2015-02-24,9952801.04162683
2015-02-25,9947280.3379639
2015-02-26,9950429.72357677
2015-02-27,9952111.09254181
2015-02-28,9949838.24897443
2015-03-01,9939650.88788739
2015-03-02,9940926.41971082
2015-03-03,9929290.13341381
2015-03-04,9932869.56298883
2015-03-05,9917163.8425922
2015-03-06,9913820.94206993
2015-03-07,9907534.42158895
2015-03-08,9900900.35810019
2015-03-09,9913993.00877016
2015-03-10,9887034.71824819
2015-03-11,9898851.31831124
2015-03-12,9915377.86494909
2015-03-13,9912171.82555756
2015-03-14,9928641.77629999
2015-03-15,9930226.0455658
2015-03-16,9943324.41744262
2015-03-17,9950082.03304238
2015-03-18,9946851.10374465
2015-03-19,9975951.6446683
2015-03-20,9978909.88629767
2015-03-21,9981566.48038775
2015-03-22,9984371.41685723
2015-03-23,9985154.35700726
2015-03-24,9985489.16207009
2015-03-25,9981347.79065106
2015-03-26,9982762.94177135
2015-03-27,9980638.32967825
2015-03-28,9983608.51212968
2015-03-29,9996853.30240382
2015-03-30,9998502.71386091
2015-03-31,10007370.75977503
2015-04-01,9994254.06625716
2015-04-02,9987747.37086962
2015-04-03,9993357.34734324
2015-04-04,9997291.31137573
2015-04-05,9999513.30204753
2015-04-06,9999966.44145465
2015-04-07,10002090.59900488
2015-04-08,10009773.61542873
2015-04-09,10013090.81901394
2015-04-10,9980405.4203428
2015-04-11,9984127.89571002
2015-04-12,9984466.53170955
2015-04-13,9989714.59525013
2015-04-14,9999391.95332655
2015-04-15,9979472.92948685
2015-04-16,9989507.932393
2015-04-17,9994651.38863702
2015-04-18,10007415.7515814
2015-04-19,10012494.36336011
2015-04-20,10011086.31860489
2015-04-21,10011758.79325279
2015-04-22,10016404.228253
2015-04-23,9954738.00251899
2015-04-24,9971681.59881681
2015-04-25,9975189.0328545
2015-04-26,9976502.37391888
2015-04-27,9972221.61588746
2015-04-28,9974205.31108108
2015-04-29,9981595.96513177
2015-04-30,9985935.5288533
2015-05-01,9989476.07334567
2015-05-02,10071260.34029218
2015-05-03,10075348.26626343
2015-05-04,10077835.83689576
2015-05-05,10079268.20609627
2015-05-06,10091426.16484646
2015-05-07,10099425.99696279
2015-05-08,10163807.00646761
2015-05-09,10191463.17693936
2015-05-10,10229352.253788
2015-05-11,10223357.293764
2015-05-12,10273848.25381812
2015-05-13,10297662.04738974
2015-05-14,10301897.77059362
2015-05-15,10305603.1682857
2015-05-16,10311532.55260995
2015-05-17,10316745.25037933
2015-05-18,10317859.58204942
2015-05-19,10324136.73353679
2015-05-20,10330326.60025942
2015-05-21,10338106.40611977
2015-05-22,10347279.35297975
2015-05-23,10372610.21124284
2015-05-24,10384200.50236765
2015-05-25,10386314.45663784
2015-05-26,10395700.35433718
2015-05-27,10398299.93444232
2015-05-28,10457307.20144853
2015-05-29,10455145.66487937
2015-05-30,10422708.74701632
2015-05-31,10421397.64684841
2015-06-01,10415621.87707177
2015-06-02,10426891.49036258
2015-06-03,10466938.68990282
2015-06-04,10488078.07902265
2015-06-05,10489046.30009851
2015-06-06,10494697.62377877
2015-06-07,10492136.78704394
2015-06-08,10498543.00778734
2015-06-09,10507750.68812675
2015-06-10,10522360.80453231
2015-06-11,10537200.488593
2015-06-12,10684045.09279763
2015-06-13,10686929.82325981
2015-06-14,10702639.05275929
2015-06-15,10706947.18241185
2015-06-16,10711142.6468057
2015-06-17,10727994.8152527
2015-06-18,10757932.45567251
2015-06-19,10788441.24063988
2015-06-20,10787766.1794872
2015-06-21,10792507.60124633
2015-06-22,10797261.72691877
2015-06-23,10799200.27494767
2015-06-24,10801543.89495826
2015-06-25,10810323.08647219
2015-06-26,10823744.13684724
2015-06-27,10827982.11177141
2015-06-28,10834187.224441
2015-06-29,10834597.10378942
2015-06-30,10845548.74883907
2015-07-01,10850494.5095616
2015-07-02,10852038.57711352
2015-07-03,10844731.75818803
2015-07-04,10854465.0400388
2015-07-05,10882816.95264478
2015-07-06,10880754.33331715
2015-07-07,10878077.58243324
2015-07-08,10880939.33196557
2015-07-09,10883105.09894081
2015-07-10,10877041.63344867
2015-07-11,10870396.78790753
2015-07-12,10859711.03574511
2015-07-13,10862419.0593732
2015-07-14,10865609.42408917
2015-07-15,10871634.82117113
2015-07-16,10874918.23386581
2015-07-17,10873809.83721224
2015-07-18,10879220.65393911
2015-07-19,10888961.83584699
2015-07-20,10879962.97332248
2015-07-21,10881658.56658195
2015-07-22,10887603.24608603
2015-07-23,10893350.23941909
2015-07-24,10898655.93714749
2015-07-25,10923823.68875325
2015-07-26,10923349.26495894
2015-07-27,10923611.90727081
2015-07-28,10923296.56264793
2015-07-29,10922622.75893252
2015-07-30,10944979.73158903
2015-07-31,10944683.39116003
2015-08-01,10948183.45132095
2015-08-02,10957959.01698943
2015-08-03,10956252.84753565
2015-08-04,10955710.85590469
2015-08-05,10992557.1762665
2015-08-06,10997863.7575977
2015-08-07,11007872.56327994
2015-08-08,11024490.24329419
2015-08-09,10919001.53813864
2015-08-10,11007640.19170576
2015-08-11,11079137.79550331
2015-08-12,11128047.05240177
2015-08-13,11151453.98766979
2015-08-14,11304311.95109865
2015-08-15,11304536.13387326
2015-08-16,11312798.41912396
2015-08-17,11312281.83496171
2015-08-18,11316826.47070839
2015-08-19,11323489.46304843
2015-08-20,11332325.11581739
2015-08-21,11338903.17694865
2015-08-22,11343264.88048769
2015-08-23,11335634.45263039
2015-08-24,11304850.23849675
2015-08-25,11266383.53950282
2015-08-26,11217762.97299146
2015-08-27,11226625.3894902
2015-08-28,11248955.77982166
2015-08-29,11257924.90522614
2015-08-30,11254043.10438007
2015-08-31,11253275.3344358
2015-09-01,11252858.86782179
2015-09-02,11259522.0084494
2015-09-03,11264633.52307951
2015-09-04,11276334.44499829
2015-09-05,11279711.47679974
2015-09-06,11274927.44990862
2015-09-07,11276722.0718905
2015-09-08,11277101.79818333
2015-09-09,11275660.77074899
2015-09-10,11266490.09966317
2015-09-11,11271977.47825109
2015-09-12,11316056.83792942
2015-09-13,11320828.94620883
2015-09-14,11324213.92688963
2015-09-15,11329862.36754564
2015-09-16,11336004.63725915
2015-09-17,11359699.06470804
2015-09-18,11362941.97270335
2015-09-19,11369878.72175623
2015-09-20,11376821.12823156
2015-09-21,11372066.62371375
2015-09-22,11370392.53434192
2015-09-23,11363053.76024662
2015-09-24,11373890.26922702
2015-09-25,11443742.95265382
2015-09-26,11451253.89690975
2015-09-27,11457135.55902586
2015-09-28,11452307.21027679
2015-09-29,11461282.66215761
2015-09-30,11463098.0749313
2015-10-01,11459621.57340586
2015-10-02,11464658.62443205
2015-10-03,11460775.63900078
2015-10-04,11459729.08726827
2015-10-05,11459684.07179395
2015-10-06,11468682.49267684
2015-10-07,11428568.53331262
2015-10-08,11423157.71730784
2015-10-09,11425191.93008627
2015-10-10,11424727.21556787
2015-10-11,11426753.09334266
2015-10-12,11415745.79835294
2015-10-13,11415436.09002967
2015-10-14,11414023.80740712
2015-10-15,11417108.02003727
2015-10-16,11423967.97134539
2015-10-17,11423260.84729125
2015-10-18,11422629.63993752
2015-10-19,11418069.28536136
2015-10-20,11418403.89181664
2015-10-21,11413040.71247657
2015-10-22,11411328.06329142
2015-10-23,11410841.13078698
2015-10-24,11420019.00233849
2015-10-25,11416088.57025554
2015-10-26,11413820.07741592
2015-10-27,11411027.65694119
2015-10-28,11253269.43366842
2015-10-29,11253087.17872644
2015-10-30,11226728.3651238
2015-10-31,11215004.42809631
2015-11-01,11231807.98790793
2015-11-02,11231504.05844679
2015-11-03,11196104.41952058
2015-11-04,11157181.57049514
2015-11-05,11138087.95598294
2015-11-06,11134534.90488701
2015-11-07,11117115.68286659
2015-11-08,11110156.93355813
2015-11-09,11051914.32498139
2015-11-10,11032494.70411221
2015-11-11,11020180.20307724
2015-11-12,11017621.7138675
2015-11-13,11001788.44312891
2015-11-14,11002076.1846623
2015-11-15,10997505.14715821
2015-11-16,11002044.40839563
2015-11-17,10998520.69748034
2015-11-18,11001929.76123583
2015-11-19,11002606.36145655
2015-11-20,11002520.13804025
2015-11-21,11025011.97657542
2015-11-22,11020892.06735722
2015-11-23,11026739.56996612
2015-11-24,11032736.81929622
2015-11-25,11038595.96871217
2015-11-26,11041510.15751608
2015-11-27,11036165.83607766
2015-11-28,11044025.86046504
2015-11-29,11050978.89506692
2015-11-30,11052359.34313438
2015-12-01,11052486.80868677
2015-12-02,11051890.26464604
2015-12-03,11053989.2257005
2015-12-04,11049328.10399492
2015-12-05,11057628.28039965
2015-12-06,11038388.39521467
2015-12-07,11039102.22277352
2015-12-08,11046641.54438769
2015-12-09,11011939.88199052
2015-12-10,11021870.91322802
2015-12-11,11015969.12503001
2015-12-12,11016378.91878265
2015-12-13,11009746.28287784
2015-12-14,11015488.37698596
2015-12-15,11012359.95145988
2015-12-16,11014300.62358403
2015-12-17,11017296.75469563
2015-12-18,11016190.49714364
2015-12-19,10984085.14483008
2015-12-20,10985668.46526054
2015-12-21,10982338.61579948
2015-12-22,10980292.61540082
2015-12-23,10979491.41092165
2015-12-24,10976302.70239373
2015-12-25,10949801.68357156
2015-12-26,10951047.46606375
2015-12-27,10957877.66856822
2015-12-28,10959765.91011167
2015-12-29,10975977.62896087
2015-12-30,10976056.18854033
2015-12-31,10980228.48762697
2016-01-01,10988641.50256132
2016-01-02,10991009.32326292
2016-01-03,10993377.51290963
2016-01-04,10993734.87182813
2016-01-05,10991861.69344738
2016-01-06,10996430.36886674
2016-01-07,10971231.34016069
2016-01-08,10948479.00834289
2016-01-09,10949083.00866277
2016-01-10,10937191.34049457
2016-01-11,11031899.26151997
2016-01-12,11070120.65202761
2016-01-13,11058088.0071938
2016-01-14,11059987.76284687
2016-01-15,11042686.60288739
2016-01-16,11040877.49904873
2016-01-17,11040964.25894558
2016-01-18,11039628.33016919
2016-01-19,11039800.65230763
2016-01-20,11040527.93151119
2016-01-21,11047224.58277371
2016-01-22,11007751.88263523
2016-01-23,10979697.51978519
2016-01-24,10982480.59583888
2016-01-25,10975655.36182626
2016-01-26,10983867.33021219
2016-01-27,10994291.72971006
2016-01-28,11003806.18328076
2016-01-29,11009901.26149861
2016-01-30,10998827.20849234
2016-01-31,10993290.81886471
2016-02-01,10992092.29604142
2016-02-02,11021081.67861654
2016-02-03,11026097.45452119
2016-02-04,11023232.5280646
2016-02-05,11024489.17077297
2016-02-06,11023359.77803131
2016-02-07,11022915.73825925
2016-02-08,11026071.08970705
2016-02-09,11022557.41624811
2016-02-10,11022303.49557551
2016-02-11,11020307.55743323
2016-02-12,11028694.92847083
2016-02-13,11027688.78237411
2016-02-14,11025480.71271165
2016-02-15,11013130.45760874
2016-02-16,11008290.20811684
2016-02-17,10986101.29810743
2016-02-18,10988667.41799399
2016-02-19,10979279.16201816
2016-02-20,10976994.20933382
2016-02-21,10975253.2493592
2016-02-22,10975118.83378552
2016-02-23,10978256.58985038
2016-02-24,10973420.38095854
2016-02-25,10965204.92052816
2016-02-26,10966389.75689766
2016-02-27,10969589.12294274
2016-02-28,10964932.07939997
2016-02-29,10952410.74232835
2016-03-01,10884910.67224372
2016-03-02,10884731.27599015
2016-03-03,10877091.74812766
2016-03-04,10885851.20744565
2016-03-05,10862376.59229925
2016-03-06,10856781.00128569
2016-03-07,10844398.32072483
2016-03-08,10838007.46007687
2016-03-09,10827230.69488665
2016-03-10,10850260.69985263
2016-03-11,10847826.69364883
2016-03-12,10846165.0754168
2016-03-13,10839656.96096851
2016-03-14,10834617.99399466
2016-03-15,10834171.19260999
2016-03-16,10827404.96500156
2016-03-17,10838698.69230457
2016-03-18,10839455.28297504
2016-03-19,10841889.03110218
2016-03-20,10842793.19708354
2016-03-21,10829890.80081825
2016-03-22,10827435.18213694
2016-03-23,10842967.05555084
2016-03-24,10845638.47929784
2016-03-25,10833991.71249118
2016-03-26,10834453.12227365
2016-03-27,10836047.90452846
2016-03-28,10831424.07663692
2016-03-29,10839363.40762701
2016-03-30,10842407.16241341
2016-03-31,10832010.50293063
2016-04-01,10833962.06080048
2016-04-02,10855724.95142036
2016-04-03,10865225.58046571
2016-04-04,10881540.14167399
2016-04-05,10883188.90645136
2016-04-06,10898586.04512079
2016-04-07,10880567.9769616
2016-04-08,10980376.93334677
2016-04-09,11005890.70118577
2016-04-10,10986591.2680163
2016-04-11,10986307.41114948
2016-04-12,10999107.21948918
2016-04-13,11011362.90029825
2016-04-14,11017404.99566749
2016-04-15,11022902.08774161
2016-04-16,11040383.91629095
2016-04-17,11040060.09157397
2016-04-18,11041410.52114014
2016-04-19,11045585.79362744
2016-04-20,11063794.02297913
2016-04-21,11066486.00281367
2016-04-22,11061332.65236291
2016-04-23,11062449.57061618
2016-04-24,11051089.92131203
2016-04-25,11040263.49084687
2016-04-26,11035896.51282461
2016-04-27,11040582.33581283
2016-04-28,11040747.72285249
2016-04-29,11038751.76702638
2016-04-30,11048383.38473855
2016-05-01,11036211.3516999
2016-05-02,11036717.14525903
2016-05-03,11038210.27740495
2016-05-04,11136599.49811017
2016-05-05,11139106.73279985
2016-05-06,11145282.13433633
2016-05-07,11138416.84660685
2016-05-08,11138820.54056023
2016-05-09,11140768.85117963
2016-05-10,11138303.13046029
2016-05-11,11128842.67906843
2016-05-12,11134810.90539286
2016-05-13,11167357.60872261
2016-05-14,11173053.38523189
2016-05-15,11177650.65203242
2016-05-16,11174397.51302873
2016-05-17,11089016.99535272
2016-05-18,11089307.70561385
2016-05-19,11085197.51841127
2016-05-20,11074886.32944526
2016-05-21,11081074.34068078
2016-05-22,11091185.31490152
2016-05-23,11082752.88375966
2016-05-24,11082833.9363078
2016-05-25,11072767.51025571
2016-05-26,11067257.04006216
2016-05-27,11026212.96216375
2016-05-28,11046948.95499604
2016-05-29,11037995.36434973
2016-05-30,11032749.67031398
2016-05-31,11031663.60757161
2016-06-01,11027222.9908006
2016-06-02,11015484.05359873
2016-06-03,11014208.47326149
2016-06-04,11015309.29449954
2016-06-05,11013398.41791002
2016-06-06,11003687.53648363
2016-06-07,11000659.69284054
2016-06-08,10996843.9833831
2016-06-09,11001929.83823892
2016-06-10,11007043.8597999
2016-06-11,11005149.00510384
2016-06-12,10965207.77699909
2016-06-13,10956475.40019108
2016-06-14,10955171.8329377
2016-06-15,10956637.89468858
2016-06-16,10945573.99357214
2016-06-17,10939634.91896486
2016-06-18,10943587.04015261
2016-06-19,10949391.51863121
2016-06-20,10938544.80730519
2016-06-21,10933790.05245171
2016-06-22,10933366.64344087
2016-06-23,10936198.87302768
2016-06-24,10936836.81182641
2016-06-25,10901065.65464251
2016-06-26,10946109.35870803
2016-06-27,10955503.85460932
2016-06-28,10971808.78533959
2016-06-29,10983561.40247654
2016-06-30,10965769.29204729
2016-07-01,10971780.28525532
2016-07-02,10975087.3563227
2016-07-03,10981624.44157031
2016-07-04,10991180.06500337
2016-07-05,10989314.8918555
2016-07-06,10995408.36123465
2016-07-07,10995935.55580349
2016-07-08,10995066.80392403
2016-07-09,11009429.98196566
2016-07-10,11004020.3731785
2016-07-11,10997698.82798338
2016-07-12,11001728.89105867
2016-07-13,11006102.62719752
2016-07-14,11012532.37072379
2016-07-15,11022638.95882673
2016-07-16,11030721.25997913
2016-07-17,11032143.53610079
2016-07-18,11034820.1462492
2016-07-19,11038746.53936429
2016-07-20,11044859.47235037
2016-07-21,11073068.59143089
2016-07-22,11072017.01937325
2016-07-23,11088413.71478169
2016-07-24,11083738.54936232
2016-07-25,11074737.73512207
2016-07-26,11083647.94153375
2016-07-27,11087808.11869116
2016-07-28,11100983.13174167
2016-07-29,11107301.54856066
2016-07-30,11103775.02025323
2016-07-31,11104392.29659485
2016-08-01,11109114.23499508
2016-08-02,11105241.38209342
2016-08-03,11149802.36184204
2016-08-04,11110708.92585027
2016-08-05,11117972.95284462
2016-08-06,11122025.41614102
2016-08-07,11129629.30575794
2016-08-08,11138759.34417207
2016-08-09,11147122.52796132
2016-08-10,11167239.53173578
2016-08-11,11186293.52016957
2016-08-12,11195471.36227483
2016-08-13,11218694.6177269
2016-08-14,11215567.46743726
2016-08-15,11221625.10341164
2016-08-16,11218416.94595497
2016-08-17,11229181.05184717
2016-08-18,11235675.24835435
2016-08-19,11233998.61364415
2016-08-20,11222865.98254409
2016-08-21,11225489.22968412
2016-08-22,11228326.38161813
2016-08-23,11241112.58503127
2016-08-24,11255536.82728086
2016-08-25,11231215.43491584
2016-08-26,11230424.85517654
2016-08-27,11254225.89125562
2016-08-28,11260468.17874391
2016-08-29,11265721.89424318
2016-08-30,11251878.87006669
2016-08-31,11245681.01275651
2016-09-01,11253128.47808072
2016-09-02,11258894.46418392
2016-09-03,11274012.29505669
2016-09-04,11276330.30288684
2016-09-05,11283430.12868563
2016-09-06,11313829.1883318
2016-09-07,11321578.42814074
2016-09-08,11339984.03294871
2016-09-09,11391794.31365073
2016-09-10,11411727.13937854
2016-09-11,11419236.13009115
2016-09-12,11438743.10813127
2016-09-13,11435880.55858977
2016-09-14,11444492.90563236
2016-09-15,11454122.82556184
2016-09-16,11451884.3194776
2016-09-17,11467146.10470739
2016-09-18,11475570.98185572
2016-09-19,11480501.80203619
2016-09-20,11481130.76004297
2016-09-21,11489573.71093403
2016-09-22,11504663.77274856
2016-09-23,11536006.60994395
2016-09-24,11540239.70514523
2016-09-25,11535309.64846263
2016-09-26,11540933.57465975
2016-09-27,11550847.756041
2016-09-28,11557604.49854731
2016-09-29,11578363.53669045
2016-09-30,11585852.39623926
2016-10-01,11595704.61449945
2016-10-02,11601011.77328891
2016-10-03,11588733.48031646
2016-10-04,11585433.50921568
2016-10-05,11589665.08247023
2016-10-06,11610461.4070114
2016-10-07,11613377.62355762
2016-10-08,11617480.06143235
2016-10-09,11629554.95748428
2016-10-10,11628090.99993273
2016-10-11,11619393.07941915
2016-10-12,11602982.19662862
2016-10-13,11620380.82560539
2016-10-14,11627508.08879646
2016-10-15,11633180.77662325
2016-10-16,11648339.07395376
2016-10-17,11632454.6767763
2016-10-18,11623130.02526299
2016-10-19,11718675.01033257
2016-10-20,11722662.6192222
2016-10-21,11722233.23030191
2016-10-22,11723839.16704016
2016-10-23,11721945.57159504
2016-10-24,11713676.46989956
2016-10-25,11710938.3819373
2016-10-26,11706320.96634992
2016-10-27,11698526.67879949
2016-10-28,11704404.22431268
2016-10-29,11704578.63726924
2016-10-30,11710183.08512715
2016-10-31,11717163.84483077
2016-11-01,11731765.44047486
2016-11-02,11733948.24483048
2016-11-03,11735470.27480965
2016-11-04,11736547.00524951
2016-11-05,11745666.14695896
2016-11-06,11750032.90552148
2016-11-07,11755165.26607836
2016-11-08,11752937.14273151
2016-11-09,11751626.72598376
2016-11-10,11752065.75931621
2016-11-11,11751989.79592872
2016-11-12,11775738.08046911
2016-11-13,11791246.20682622
2016-11-14,11811271.24076945
2016-11-15,11820555.14524738
2016-11-16,11818450.81428219
2016-11-17,11811938.10966279
2016-11-18,11846720.40416795
2016-11-19,11889092.41189982
2016-11-20,11897797.29289747
2016-11-21,11895550.25375384
2016-11-22,11903135.73533009
2016-11-23,11938800.40882295
2016-11-24,11922299.75426478
2016-11-25,11929650.14237899
2016-11-26,11934159.88245541
2016-11-27,11951016.76624071
2016-11-28,11945212.74097317
2016-11-29,11953136.27924923
2016-11-30,11951161.84444329
2016-12-01,11948893.91978036
2016-12-02,11943579.93547017
2016-12-03,11860446.8731313
2016-12-04,11864653.69529378
2016-12-05,11861569.79547979
2016-12-06,11867466.24509548
2016-12-07,11876629.58619711
2016-12-08,11869359.17584445
2016-12-09,11880760.3155706
2016-12-10,11882143.1936631
2016-12-11,11888913.28891909
2016-12-12,11895038.34450111
2016-12-13,11910180.1071539
2016-12-14,11910631.80820928
2016-12-15,11905054.4873694
2016-12-16,11897454.24814029
2016-12-17,11898893.28620325
2016-12-18,11889225.18411179
2016-12-19,11890293.33901975
2016-12-20,11888102.55055229
2016-12-21,11871551.79145268
2016-12-22,11854292.72597215
2016-12-23,11829664.54612208
2016-12-24,11825264.50643681
2016-12-25,11817513.73653818
2016-12-26,11843104.03239786
2016-12-27,11837077.34729009
2016-12-28,11822794.11903641
2016-12-29,11815617.77831158
2016-12-30,11808027.19980917
2016-12-31,11809411.15143782
2017-01-01,11801220.25518831
2017-01-02,11784494.99356252
2017-01-03,11778519.10145851
2017-01-04,11883864.11645069
2017-01-05,11773760.49665827
2017-01-06,11757256.62001777
2017-01-07,11754914.83605785
2017-01-08,11747909.63047767
2017-01-09,11730594.2315174
2017-01-10,11725274.43096254
2017-01-11,11701011.09769422
2017-01-12,11708850.62200725
2017-01-13,11703875.12162052
2017-01-14,11709460.97548069
2017-01-15,11714380.60805977
2017-01-16,11716691.10308287
2017-01-17,11711226.89817405
2017-01-18,11716821.44746398
2017-01-19,11724135.95143361
2017-01-20,11731295.9581553
2017-01-21,11742408.17446463
2017-01-22,11738506.95925275
2017-01-23,11743516.7511255
2017-01-24,11725440.39954367
2017-01-25,11725232.24241037
2017-01-26,11750422.54408324
2017-01-27,11775017.82262533
2017-01-28,11786938.90919497
2017-01-29,11763886.07745343
2017-01-30,11766040.5232989
2017-01-31,11766646.56068725
2017-02-01,11767841.81833504
2017-02-02,11766401.53233551
2017-02-03,11751110.05128458
2017-02-04,11751786.47168421
2017-02-05,11749565.73734222
2017-02-06,11743267.85959223
2017-02-07,11728474.20392198
2017-02-08,11732135.13344821
2017-02-09,11717655.67037904
2017-02-10,11707997.82478672
2017-02-11,11711208.3069255
2017-02-12,11705242.32113379
2017-02-13,11702651.42973994
2017-02-14,11698069.25429527
2017-02-15,11708862.27212036
2017-02-16,11712443.3440972
2017-02-17,11709043.14038058
2017-02-18,11722842.36736151
2017-02-19,11721756.25231995
2017-02-20,11721856.24924081
2017-02-21,11717746.28085127
2017-02-22,11703286.29349685
2017-02-23,11696585.11543876
2017-02-24,11677770.19793178
2017-02-25,11674368.78347022
2017-02-26,11674473.85934709
2017-02-27,11673613.39571711
2017-02-28,11671165.83928832
2017-03-01,11668595.5664285
2017-03-02,11666778.95468025
2017-03-03,11665392.96641916
2017-03-04,11662963.91364199
2017-03-05,11661561.31520279
2017-03-06,11645779.57099099
2017-03-07,11641509.74171313
2017-03-08,11645610.30498637
2017-03-09,11645660.49818718
2017-03-10,11635671.882453
2017-03-11,11634892.03498596
2017-03-12,11637035.36029986
2017-03-13,11589904.86276625
2017-03-14,11586640.33085745
2017-03-15,11584135.9089317
2017-03-16,11568863.78857507
2017-03-17,11547738.47788813
2017-03-18,11509159.1680467
2017-03-19,11494611.59712515
2017-03-20,11493255.6906496
2017-03-21,11477503.09601381
2017-03-22,11486193.75264558
2017-03-23,11478110.08990223
2017-03-24,11405059.99633465
2017-03-25,11383997.8461136
2017-03-26,11370796.44715018
2017-03-27,11363594.08980423
2017-03-28,11362211.71542548
2017-03-29,11366452.48951858
2017-03-30,11358555.40402989
2017-03-31,11373875.29501688
2017-04-01,11373191.19840551
2017-04-02,11373857.26713545
2017-04-03,11369443.96050036
2017-04-04,11371431.15715698
2017-04-05,11371282.30543722
2017-04-06,11368057.79325685
2017-04-07,11362604.36063344
2017-04-08,11364662.51034105
2017-04-09,11367968.89013586
2017-04-10,11364318.57091188
2017-04-11,11360560.50532508
2017-04-12,11379044.73978366
2017-04-13,11383030.98714185
2017-04-14,11377522.8861602
2017-04-15,11382183.19873674
2017-04-16,11386404.75890188
2017-04-17,11383756.2852667
2017-04-18,11385391.6089692
2017-04-19,11389246.12286764
2017-04-20,11390452.82513412
2017-04-21,11396390.07537703
2017-04-22,11404038.71889607
2017-04-23,11402141.41974657
2017-04-24,11393593.67779972
2017-04-25,11389497.98011496
2017-04-26,11389418.14752179
2017-04-27,11399767.43085593
2017-04-28,11382599.58428259
2017-04-29,11385719.32716111
2017-04-30,11389856.16388181
2017-05-01,11373967.78279811
2017-05-02,11375565.17964986
2017-05-03,11412910.65957145
2017-05-04,11403545.80678349
2017-05-05,11378794.4044187
2017-05-06,11378605.13565972
2017-05-07,11462721.59152854
2017-05-08,11446306.37971899
2017-05-09,11427502.23279221
2017-05-10,11428586.36144504
2017-05-11,11418055.98896404
2017-05-12,11411993.40463895
2017-05-13,11411692.75234843
2017-05-14,11416733.30024407
2017-05-15,11406536.1133142
2017-05-16,11408335.22302552
2017-05-17,11394584.72803631
2017-05-18,11391358.39388156
2017-05-19,11382947.70308456
2017-05-20,11379032.54748794
2017-05-21,11372137.4504654
2017-05-22,11323071.43185789
2017-05-23,11297451.24053148
2017-05-24,11274491.13723878
2017-05-25,11233457.30524513
2017-05-26,11226204.34285717
2017-05-27,11220011.73313678
2017-05-28,11216903.14259677
2017-05-29,11213000.37588493
2017-05-30,11198609.00650391
2017-05-31,11196660.14881568
2017-06-01,11193713.96173275
2017-06-02,11197090.36453681
2017-06-03,11195246.65592876
2017-06-04,11197677.30462286
2017-06-05,11194059.743213
2017-06-06,11197469.3598393
2017-06-07,11210669.85393462
2017-06-08,11204329.14208648
2017-06-09,11202304.00800364
2017-06-10,11185041.78662156
2017-06-11,11186119.92753565
2017-06-12,11149938.30653776
2017-06-13,11110033.89648627
2017-06-14,11094568.70450412
2017-06-15,11108076.03716345
2017-06-16,11093909.75509766
2017-06-17,11110614.25810945
2017-06-18,11077322.32650189
2017-06-19,11069546.20455193
2017-06-20,11055039.53094273
2017-06-21,11050101.14291775
2017-06-22,11041911.33377067
2017-06-23,11038569.34672296
2017-06-24,11030135.99449637
2017-06-25,11026371.98662934
2017-06-26,11042103.1342719
2017-06-27,11032213.20012309
2017-06-28,11026677.67643486
2017-06-29,11023405.20307918
2017-06-30,11018168.07004777
2017-07-01,11014197.71894907
2017-07-02,11008139.35042042
2017-07-03,11007285.32648586
2017-07-04,11003723.78300662
2017-07-05,10987912.76224608
2017-07-06,10982371.52526328
2017-07-07,10974046.19430628
2017-07-08,10979388.62008463
2017-07-09,10980672.32765883
2017-07-10,10977966.50760432
2017-07-11,10974616.92103826
2017-07-12,10983084.01088893
2017-07-13,10974724.46256459
2017-07-14,10970450.83537886
2017-07-15,10973807.39642633
2017-07-16,10975152.93575908
2017-07-17,10949973.50530868
2017-07-18,10945593.80614313
2017-07-19,10943331.06051118
2017-07-20,10931062.45939246
2017-07-21,10927043.10358139
2017-07-22,10926444.87697853
2017-07-23,10925116.64780899
2017-07-24,10942794.19400114
2017-07-25,10874822.43782541
2017-07-26,10875854.28581124
2017-07-27,10855131.86132668
2017-07-28,10783679.88594706
2017-07-29,10702472.27994418
2017-07-30,10570509.5719341
2017-07-31,10397554.23117725
2017-08-01,10370621.95097507
2017-08-02,10330264.8381969
2017-08-03,10272371.80821536
2017-08-04,10175587.97769845
2017-08-05,10123301.64379747
2017-08-06,10068682.32672066
2017-08-07,10024036.46500185
2017-08-08,9968458.98130362
2017-08-09,9933733.83158694
2017-08-10,9921543.21543173
2017-08-11,9914126.39143431
2017-08-12,9904761.82936386
2017-08-13,9892685.89874363
2017-08-14,9876524.33021594
2017-08-15,9865718.50265821
2017-08-16,9862953.23284009
2017-08-17,9837863.91759037
2017-08-18,9826516.31932249
2017-08-19,9834547.70632828
2017-08-20,9799740.78094094
2017-08-21,9790324.38971761
2017-08-22,9773056.21926002
2017-08-23,9754131.69747649
2017-08-24,9748615.58314921
2017-08-25,9743500.18299878
2017-08-26,9735835.30208802
2017-08-27,9739997.01209923
2017-08-28,9735052.4033755
2017-08-29,9710997.14063733
2017-08-30,9713774.20849829
2017-08-31,9698749.40156078
2017-09-01,9681196.66276314
2017-09-02,9672328.97451146
2017-09-03,9664974.11672679
2017-09-04,9651887.3254546
2017-09-05,9651062.6447672
2017-09-06,9645066.02592257
2017-09-07,9646017.28263979
2017-09-08,9654588.85266351
2017-09-09,9660896.72939526
2017-09-10,9650768.45852836
2017-09-11,9642126.40951684
2017-09-12,9636944.2889504
2017-09-13,9627424.3617174
2017-09-14,9615733.12917932
2017-09-15,9585645.96873131
2017-09-16,9578047.02881234
2017-09-17,9586287.89784794
2017-09-18,9583913.7013074
2017-09-19,9585142.12376563
2017-09-20,9588026.86794758
2017-09-21,9581842.44278329
2017-09-22,9578555.691905
2017-09-23,9576355.31553726
2017-09-24,9575661.53162191
2017-09-25,9509669.5446439
2017-09-26,9496959.6344257
2017-09-27,9498964.88155753
2017-09-28,9492468.52746038
2017-09-29,9499304.0003164
2017-09-30,9494280.7854197
2017-10-01,9496576.5319814
2017-10-02,9491512.51833479
2017-10-03,9486893.57123174
2017-10-04,9483669.79493436
2017-10-05,9454141.64197231
2017-10-06,9468118.50583567
2017-10-07,9469900.54466932
2017-10-08,9460322.54760166
2017-10-09,9450853.00173334
2017-10-10,9441369.56681884
2017-10-11,9443681.74914546
2017-10-12,9444348.25772371
2017-10-13,9438614.14910787
2017-10-14,9445321.70502259
2017-10-15,9443004.92087689
2017-10-16,9424077.29325422
2017-10-17,9413097.66825648
2017-10-18,9407840.97931589
2017-10-19,9407258.27720269
2017-10-20,9410606.60201556
2017-10-21,9416502.48676422
2017-10-22,9396387.74786376
2017-10-23,9374663.64265524
2017-10-24,9387634.32375755
2017-10-25,9385379.28395132
2017-10-26,9392517.90988402
2017-10-27,9414955.95894235
2017-10-28,9424997.42188779
2017-10-29,9419015.00640042
2017-10-30,9407781.97672988
2017-10-31,9409257.21209099
2017-11-01,9402181.19098421
2017-11-02,9393548.12499532
2017-11-03,9399409.05213488
2017-11-04,9400654.5629508
2017-11-05,9386260.43122376
2017-11-06,9399769.89379708
2017-11-07,9387506.72439861
2017-11-08,9391193.54512536
2017-11-09,9388703.52597266
2017-11-10,9379142.92827993
2017-11-11,9365741.1721839
2017-11-12,9245930.32711738
2017-11-13,9204836.74247267
2017-11-14,9219383.22766805
2017-11-15,9248429.30526379
2017-11-16,9228988.46935421
2017-11-17,9217021.40594774
2017-11-18,9213224.3790854
2017-11-19,9210875.50932037
2017-11-20,9187987.21067602
2017-11-21,9190585.22019169
2017-11-22,9195562.06930676
2017-11-23,9194743.53462697
2017-11-24,9177866.45904102
2017-11-25,9168430.15569721
2017-11-26,9161107.74320867
2017-11-27,9145997.78324098
2017-11-28,9128959.85596114
2017-11-29,9116013.20238516
2017-11-30,9114687.57218211
2017-12-01,9107282.99467868
2017-12-02,9121198.19606906
2017-12-03,9138472.75574239
2017-12-04,9129108.85269415
2017-12-05,9134665.80915258
2017-12-06,9127322.76861383
2017-12-07,9054156.33540757
2017-12-08,9034740.82666431
2017-12-09,9039949.87956595
2017-12-10,9032835.1393958
2017-12-11,9025165.16007258
2017-12-12,8966833.41910694
2017-12-13,8952062.67198801
2017-12-14,8947759.25080226
2017-12-15,8929499.46298151
2017-12-16,8927802.94037894
2017-12-17,8908914.209918
2017-12-18,8904457.41603519
2017-12-19,8895196.18602714
2017-12-20,8851846.14321472
2017-12-21,8844663.83304054
2017-12-22,8825333.88071992
2017-12-23,8822135.23517357
2017-12-24,8808920.84905027
2017-12-25,8807537.69197837
2017-12-26,8789153.00007647
2017-12-27,8782613.41631933
2017-12-28,8789681.40280091
2017-12-29,8785454.58406415
2017-12-30,8800833.71618375
2017-12-31,8841274.71444448
2018-01-01,8956192.68209998
2018-01-02,9009891.95621354
2018-01-03,9031771.51160774
2018-01-04,9110414.92217931
2018-01-05,9121715.84218387
2018-01-06,9140155.71997621
2018-01-07,9139967.99187435
2018-01-08,9151816.04164462
2018-01-09,9178036.20343859
2018-01-10,9244217.2982591
2018-01-11,9279293.86959543
2018-01-12,9284917.36714884
2018-01-13,9291851.52428351
2018-01-14,9307321.14227374
2018-01-15,9319632.17097865
2018-01-16,9318634.59829046
2018-01-17,9311767.26376762
2018-01-18,9324406.81915416
2018-01-19,9335803.97505256
2018-01-20,9347961.33884849
2018-01-21,9364341.17217532
2018-01-22,9370055.86002211
2018-01-23,9376168.83975799
2018-01-24,9398982.98389395
2018-01-25,9421879.22927154
2018-01-26,9426111.61326959
2018-01-27,9436005.86490083
2018-01-28,9426568.84938332
2018-01-29,9445312.54873423
2018-01-30,9452744.14828836
2018-01-31,9469426.71509612
2018-02-01,9459107.22611472
2018-02-02,9462951.64644886
2018-02-03,9473982.24105543
2018-02-04,9438806.06022187
2018-02-05,9420359.16560965
2018-02-06,9398517.03309635
2018-02-07,9414845.88895058
2018-02-08,9419705.7273789
2018-02-09,9431094.02990156
2018-02-10,9441928.50162964
2018-02-11,9446656.09851129
2018-02-12,9448262.33042084
2018-02-13,9460404.74357894
2018-02-14,9473689.5736391
2018-02-15,9466825.69912054
2018-02-16,9478649.93734417
2018-02-17,9501616.06842916
2018-02-18,9510476.72948224
2018-02-19,9525092.77156817
2018-02-20,9524550.62323933
2018-02-21,9533708.41861975
2018-02-22,9415656.73340774
2018-02-23,9427151.34352256
2018-02-24,9434377.27899591
2018-02-25,9446778.64272625
2018-02-26,9447914.73422106
2018-02-27,9497520.33156638
2018-02-28,9502629.61387554
2018-03-01,9508035.53140402
2018-03-02,9513038.76953918
2018-03-03,9515933.78919983
2018-03-04,9512837.03392431
2018-03-05,9511752.36138159
2018-03-06,9514053.27150937
2018-03-07,9522998.892009
2018-03-08,9527392.76404158
2018-03-09,9524237.98206868
2018-03-10,9533610.09992167
2018-03-11,9536408.95110398
2018-03-12,9540456.90490031
2018-03-13,9554434.26762312
2018-03-14,9577000.09299086
2018-03-15,9582324.3597501
2018-03-16,9586096.32402006
2018-03-17,9609199.62098724
2018-03-18,9613840.27557679
2018-03-19,9625166.52016237
2018-03-20,9645388.88914765
2018-03-21,9659728.09247708
2018-03-22,9683015.18129948
2018-03-23,9702385.81239459
2018-03-24,9705378.04964971
2018-03-25,9712670.59746341
2018-03-26,9733298.31626665
2018-03-27,9787684.7250814
2018-03-28,9825459.8141207
2018-03-29,9840239.21738772
2018-03-30,9838476.55878571
2018-03-31,9843317.48193836
2018-04-01,9840362.20828371
2018-04-02,9845692.13325699
2018-04-03,9856240.36198873
2018-04-04,9868267.28534183
2018-04-05,9886220.80745886
2018-04-06,9917089.35345587
2018-04-07,9928506.05845922
2018-04-08,9932463.56256284
2018-04-09,9957253.85079634
2018-04-10,9968074.84661129
2018-04-11,9969302.1162136
2018-04-12,9974955.81541509
2018-04-13,9988014.87839458
2018-04-14,10006683.14186871
2018-04-15,10014854.70256462
2018-04-16,10056002.73874005
2018-04-17,10085238.92497347
2018-04-18,10105705.14028785
2018-04-19,10105250.75127963
2018-04-20,10124720.73827259
2018-04-21,10152593.88381181
2018-04-22,10191647.21888653
2018-04-23,10201075.66208273
2018-04-24,10213265.56730843
2018-04-25,10240573.1020856
2018-04-26,10238514.7692925
2018-04-27,10251862.53478162
2018-04-28,10281671.9800099
2018-04-29,10289270.58094086
2018-04-30,10300742.51946324
2018-05-01,10320002.6474952
2018-05-02,10330428.3521155
2018-05-03,10369080.65286498
2018-05-04,10384414.73466765
2018-05-05,10397305.45245103
2018-05-06,10415916.51895548
2018-05-07,10425798.32323957
2018-05-08,10440181.92866567
2018-05-09,10450298.59736765
2018-05-10,10468266.69793466
2018-05-11,10522205.32325554
2018-05-12,10567525.58934717
2018-05-13,10592836.60975132
2018-05-14,10533530.90396085
2018-05-15,10545126.10996964
2018-05-16,10588431.27370831
2018-05-17,10583496.3597009
2018-05-18,10611317.2513627
2018-05-19,10623534.08341441
2018-05-20,10667481.17138334
2018-05-21,10737836.04741999
2018-05-22,10753152.0124972
2018-05-23,10761590.96066885
2018-05-24,10778638.46520479
2018-05-25,10799992.75560547
2018-05-26,10827082.12986454
2018-05-27,10844963.05273049
2018-05-28,10865827.20127443
2018-05-29,10877532.85771117
2018-05-30,10890390.15419473
2018-05-31,10924126.687861
2018-06-01,10945139.55768844
2018-06-02,10972820.44529868
2018-06-03,11079552.33898401
2018-06-04,11152390.65357029
2018-06-05,11181791.17028176
2018-06-06,11217109.5806897
2018-06-07,11236575.86057999
2018-06-08,11268511.21106821
2018-06-09,11302205.12717673
2018-06-10,11330962.39284167
2018-06-11,11430317.0815003
2018-06-12,11479915.5696195
2018-06-13,11499526.43670849
2018-06-14,11519898.86506973
2018-06-15,11552194.9357007
2018-06-16,11588963.67685991
2018-06-17,11613023.34982585
2018-06-18,11637876.18735903
2018-06-19,11667172.52228118
2018-06-20,11704944.63576499
2018-06-21,11739748.66635166
2018-06-22,11765584.43249084
2018-06-23,11786512.42877319
2018-06-24,11811625.19051171
2018-06-25,11828187.12477497
2018-06-26,11848858.69647016
2018-06-27,11817797.34721519
2018-06-28,11829236.46423403
2018-06-29,11843919.75348688
2018-06-30,11900504.12928068
2018-07-01,11919490.09656292
2018-07-02,11929754.6057648
2018-07-03,11946750.82256269
2018-07-04,11961563.06689065
2018-07-05,11986096.65113657
2018-07-06,12008534.19630524
2018-07-07,12043643.05718421
2018-07-08,12060274.36615334
2018-07-09,12105940.34316813
2018-07-10,12139021.58090821
2018-07-11,12173354.25879253
2018-07-12,12194716.53833135
2018-07-13,12222000.44414941
2018-07-14,12259640.58451395
2018-07-15,12274845.17471076
2018-07-16,12287500.60391789
2018-07-17,12307978.29845858
2018-07-18,12321284.18793267
2018-07-19,12342045.5534786
2018-07-20,12367998.30558978
2018-07-21,12376429.55187574
2018-07-22,12385449.24733974
2018-07-23,12385179.61711564
2018-07-24,12382840.30204868
2018-07-25,12401826.333213
2018-07-26,12410556.66774019
2018-07-27,12539682.78140275
2018-07-28,12549474.99530201
2018-07-29,12592729.86802538
2018-07-30,12593575.41138035
2018-07-31,12607837.1142768
2018-08-01,12622166.24101262
2018-08-02,12646437.04379283
2018-08-03,12673302.76008101
2018-08-04,12677210.20141191
2018-08-05,12689851.44250757
2018-08-06,12688935.04147374
2018-08-07,12748906.85907738
2018-08-08,12759577.96225782
2018-08-09,12757286.07837043
2018-08-10,12761407.25569599
2018-08-11,12845332.5752258
2018-08-12,12854960.24377209
2018-08-13,12861308.35716789
2018-08-14,12865872.98317777
2018-08-15,12879795.32841272
2018-08-16,12882626.00385121
2018-08-17,12884558.09655401
2018-08-18,12908162.17482077
2018-08-19,12909596.48557377
2018-08-20,12917804.47433168
2018-08-21,12926564.99655744
2018-08-22,12927993.48877455
2018-08-23,12927446.15503075
2018-08-24,12939853.39356915
2018-08-25,12933124.60744804
2018-08-26,12930660.00814365
2018-08-27,12921896.60271104
2018-08-28,12929288.25602739
2018-08-29,12940867.47168657
2018-08-30,12942760.65708571
2018-08-31,12951758.24066002
2018-09-01,12979393.27520569
2018-09-02,12987129.02294234
2018-09-03,12995263.9070503
2018-09-04,13000409.84550992
2018-09-05,13006090.51336656
2018-09-06,13008704.20178363
2018-09-07,13012183.11402379
2018-09-08,13014473.15381019
2018-09-09,13022306.65049655
2018-09-10,13034584.2105127
2018-09-11,13030199.32598919
2018-09-12,13048648.71514694
2018-09-13,12992383.560394
2018-09-14,13009343.64549414
2018-09-15,13019816.5891085
2018-09-16,13024877.63639046
2018-09-17,13028109.63089823
2018-09-18,13037085.4279961
2018-09-19,13044534.25252509
2018-09-20,13043621.6333682
2018-09-21,13036494.37678655
2018-09-22,13066452.97097043
2018-09-23,13077491.37447712
2018-09-24,13085426.50961289
2018-09-25,13070446.08545979
2018-09-26,13097582.14998436
2018-09-27,13106470.06679153
2018-09-28,13092356.42987537
2018-09-29,13097965.71017098
2018-09-30,13119310.42250096
2018-10-01,13117148.7570324
2018-10-02,13117709.82026573
2018-10-03,13118788.62383519
2018-10-04,13153887.49667225
2018-10-05,13159983.5668077
2018-10-06,13171157.08874003
2018-10-07,13177706.3827754
2018-10-08,13183328.59986027
2018-10-09,13188501.72994292
2018-10-10,13184196.01257258
2018-10-11,13178676.76203534
2018-10-12,13177919.87828381
2018-10-13,13185381.80099035
2018-10-14,13184766.37157268
2018-10-15,13180966.7695776
2018-10-16,13208854.48911274
2018-10-17,13222657.57185805
2018-10-18,13243543.18139861
2018-10-19,13320026.7455481
2018-10-20,13333635.29333185
2018-10-21,13338257.64411225
2018-10-22,13326657.60568027
2018-10-23,13323757.69421879
2018-10-24,13333549.52222274
2018-10-25,13341669.22043293
2018-10-26,13321699.9650138
2018-10-27,13324964.35546011
2018-10-28,13325695.46915349
2018-10-29,13325181.50554624
2018-10-30,13328576.96643683
2018-10-31,13339486.88784873
2018-11-01,13341987.15093884
2018-11-02,13343751.1020762
2018-11-03,13354411.57435289
2018-11-04,13351552.18748644
2018-11-05,13348379.5771612
2018-11-06,13353261.89450972
2018-11-07,13363652.53852055
2018-11-08,13370605.09957625
2018-11-09,13376202.70453993
2018-11-10,13392415.57855747
2018-11-11,13396737.04921132
2018-11-12,13407939.72235695
2018-11-13,13412673.19875266
2018-11-14,13396195.50047967
2018-11-15,13275923.70328438
2018-11-16,13271431.48878521
2018-11-17,13276905.72577516
2018-11-18,13277349.76722319
2018-11-19,13268749.51678134
2018-11-20,13236714.06674918
2018-11-21,13237800.01808749
2018-11-22,13234744.72282801
2018-11-23,13240614.31971746
2018-11-24,13240378.31604941
2018-11-25,13230003.99158116
2018-11-26,13221909.23098949
2018-11-27,13204857.65740749
2018-11-28,13187052.32628481
2018-11-29,13197788.62663519
2018-11-30,13076758.35083394
2018-12-01,13027820.92604699
2018-12-02,13028732.83551262
2018-12-03,13006840.52491391
2018-12-04,12726958.45183855
2018-12-05,12573518.36390971
2018-12-06,12475382.40007246
2018-12-07,12465215.59324499
2018-12-08,12491790.90889456
2018-12-09,12491968.02187482
2018-12-10,12482459.05501469
2018-12-11,12441755.09226187
2018-12-12,12447277.81257736
2018-12-13,12453240.89334156
2018-12-14,12453945.38407724
2018-12-15,12454486.0817237
2018-12-16,12457448.53055726
2018-12-17,12455146.70694803
2018-12-18,12441128.72177982
2018-12-19,12434462.72661651
2018-12-20,12434862.61558549
2018-12-21,12433245.70130522
2018-12-22,12440941.88208146
2018-12-23,12444087.37549883
2018-12-24,12441869.2055079
2018-12-25,12449486.96165249
2018-12-26,12457314.01170857
2018-12-27,12458611.70651014
2018-12-28,12452871.1170531
2018-12-29,12407797.76998347
2018-12-30,12404301.11514207
2018-12-31,12436689.25167998
2019-01-01,12446232.59348503
2019-01-02,12457623.89518423
2019-01-03,12459294.174849
2019-01-04,12460726.93794833
2019-01-05,12469810.27797486
2019-01-06,12465805.73093352
2019-01-07,12458262.23338624
2019-01-08,12456493.43769947
2019-01-09,12460498.60908419
2019-01-10,12449566.99841933
2019-01-11,12352691.04864537
2019-01-12,12363067.69249961
2019-01-13,12367273.65791831
2019-01-14,12354524.64046366
2019-01-15,12286076.53168539
2019-01-16,12280998.55498106
2019-01-17,12289013.13461183
2019-01-18,12296558.42834105
2019-01-19,12324777.99101452
2019-01-20,12326316.93924462
2019-01-21,12320300.32007806
2019-01-22,12315759.61773049
2019-01-23,12326160.93290846
2019-01-24,12345256.81544816
2019-01-25,12360499.86682936
2019-01-26,12364222.80565636
2019-01-27,12383267.03992152
2019-01-28,12382139.87526028
2019-01-29,12395911.83325032
2019-01-30,12399124.24281484
2019-01-31,12406201.01994705
2019-02-01,12427183.18845756
2019-02-02,12433120.01706339
2019-02-03,12436989.12029594
2019-02-04,12435710.75093243
2019-02-05,12441298.60618967
2019-02-06,12435733.80358328
2019-02-07,12434915.51848179
2019-02-08,12435481.44148885
2019-02-09,12448032.13748049
2019-02-10,12450871.15632836
2019-02-11,12455626.72846584
2019-02-12,12462723.66586391
2019-02-13,12456671.83447803
2019-02-14,12461443.0677398
2019-02-15,12519111.27559395
2019-02-16,12513518.19399562
2019-02-17,12515777.31883527
2019-02-18,12509880.59954233
2019-02-19,12499695.97955878
2019-02-20,12482350.58301795
2019-02-21,12476756.1323833
2019-02-22,12485152.67565936
2019-02-23,12469652.05587233
2019-02-24,12474954.91509477
2019-02-25,12464563.267781
2019-02-26,12465635.15066771
2019-02-27,12471891.49057555
2019-02-28,12394584.33255885
2019-03-01,12396581.72295917
2019-03-02,12399915.80349255
2019-03-03,12404652.65103339
2019-03-04,12408282.18637454
2019-03-05,12414239.64419363
2019-03-06,12420843.79212058
2019-03-07,12421748.77255348
2019-03-08,12420423.82975661
2019-03-09,12423286.93772821
2019-03-10,12421636.27709063
2019-03-11,12415608.48824462
2019-03-12,12408453.39191022
2019-03-13,12412187.74654674
2019-03-14,12423167.55655313
2019-03-15,12426178.88358779
2019-03-16,12437377.37350876
2019-03-17,12441172.67444336
2019-03-18,12439699.00067646
2019-03-19,12459049.59270261
2019-03-20,12460552.57294214
2019-03-21,12455778.9355968
2019-03-22,12462373.43561722
2019-03-23,12467381.66059097
2019-03-24,12471754.37472515
2019-03-25,12471302.92128027
2019-03-26,12481723.81002691
2019-03-27,12491735.49400386
2019-03-28,12495827.08326428
2019-03-29,12483978.50736471
2019-03-30,12521095.60279971
2019-03-31,12514613.22171679
2019-04-01,12511707.08750255
2019-04-02,12505868.08236229
2019-04-03,12493520.54416206
2019-04-04,12534900.76366226
2019-04-05,12514497.34475889
2019-04-06,12523297.969236
2019-04-07,12526226.70974762
2019-04-08,12515917.88622814
2019-04-09,12521474.03491864
2019-04-10,12515920.31900896
2019-04-11,12513945.97652867
2019-04-12,12513220.00041461
2019-04-13,12529675.66431646
2019-04-14,12493378.9350855
2019-04-15,12493920.59622052
2019-04-16,12499869.51716862
2019-04-17,12497868.35875149
2019-04-18,12506382.71882834
2019-04-19,12519927.42054601
2019-04-20,12529847.70360069
2019-04-21,12535317.31107103
2019-04-22,12522541.05000014
2019-04-23,12537020.77349278
2019-04-24,12510905.62072906
2019-04-25,12513259.66226682
2019-04-26,12492611.28948942
2019-04-27,12508576.12395664
2019-04-28,12512763.14848371
2019-04-29,12506671.13703209
2019-04-30,12515035.91601385
2019-05-01,12506742.8896365
2019-05-02,12512158.89882568
2019-05-03,12514744.65192972
2019-05-04,12613274.58349798
2019-05-05,12671426.70883904
2019-05-06,12674633.91319563
2019-05-07,12759855.46663338
2019-05-08,13049115.92403164
2019-05-09,13189540.36922699
2019-05-10,13290514.36615498
2019-05-11,13292328.71113335
2019-05-12,13285893.06232347
2019-05-13,13262130.95576427
2019-05-14,13219472.99422434
2019-05-15,13183551.27959428
2019-05-16,13176910.52723151
2019-05-17,13183559.77526645
2019-05-18,13189720.67579821
2019-05-19,13183905.90416173
2019-05-20,13175072.55984027
2019-05-21,13167761.27670116
2019-05-22,13163929.62222134
2019-05-23,13171314.29553796
2019-05-24,13177096.36698534
2019-05-25,13177783.3181263
2019-05-26,13174335.34835137
2019-05-27,13173426.96225685
2019-05-28,13166629.78154156
2019-05-29,13147485.12481007
2019-05-30,13143832.84701515
2019-05-31,13141286.22670467
2019-06-01,13146650.17270165
2019-06-02,13145227.71718076
2019-06-03,13118435.2370332
2019-06-04,13079709.75214615
2019-06-05,13014412.49530983
2019-06-06,13011357.57917425
2019-06-07,13016392.09777272
2019-06-08,13020078.10844236
2019-06-09,13011268.63135826
2019-06-10,13005418.95778724
2019-06-11,13006402.45308388
2019-06-12,13000063.45960811
2019-06-13,13000903.5590148
2019-06-14,12985046.40230748
2019-06-15,12987531.55165175
2019-06-16,12980111.14565493
2019-06-17,12969881.94213789
2019-06-18,12992168.20510877
2019-06-19,13038432.41884419
2019-06-20,13050385.59052473
2019-06-21,13045433.42163704
2019-06-22,13028657.87217322
2019-06-23,13021858.99290258
2019-06-24,13010753.34343985
2019-06-25,13007166.29856644
2019-06-26,12969488.54498278
2019-06-27,12943206.32935593
2019-06-28,12897789.71054461
2019-06-29,12899100.75670528
2019-06-30,12874047.33701787
2019-07-01,12867961.59923633
2019-07-02,12852696.33363852
2019-07-03,12841510.71361191
2019-07-04,12836067.6868189
2019-07-05,12824949.62542001
2019-07-06,12860533.2386768
2019-07-07,12858701.52373811
2019-07-08,12848433.22123408
2019-07-09,12838431.57953199
2019-07-10,12830550.47795079
2019-07-11,12814797.97977473
2019-07-12,12810059.91094862
2019-07-13,12814339.42470453
2019-07-14,12811618.96774064
2019-07-15,12810684.68743843
2019-07-16,12802024.45034947
2019-07-17,12758849.11065711
2019-07-18,12776914.96887354
2019-07-19,12760845.40668622
2019-07-20,12757608.31311458
2019-07-21,12769866.79440175
2019-07-22,12769225.92845327
2019-07-23,12771999.27784852
2019-07-24,12746392.14777269
2019-07-25,12751111.81463037
2019-07-26,12778645.34605283
2019-07-27,12782217.79633285
2019-07-28,12784703.57416212
2019-07-29,12578880.50583265
2019-07-30,12589210.18450294
2019-07-31,12592296.56196265
2019-08-01,12591808.36725864
2019-08-02,12663664.2462773
2019-08-03,12667664.47371357
2019-08-04,12659830.71372357
2019-08-05,12606048.81849418
2019-08-06,12588310.53921795
2019-08-07,12576867.91441387
2019-08-08,12568413.31368111
2019-08-09,12573859.26728646
2019-08-10,12580723.62185281
2019-08-11,12575551.51049077
2019-08-12,12572835.36024054
2019-08-13,12569660.15125039
2019-08-14,12575697.12870895
2019-08-15,12577887.8933379
2019-08-16,12587024.36302904
2019-08-17,12603509.14270251
2019-08-18,12606380.59406907
2019-08-19,12602231.82726624
2019-08-20,12606422.65506814
2019-08-21,12609836.75704491
2019-08-22,12616317.94916404
2019-08-23,12616375.93878653
2019-08-24,12646042.89237011
2019-08-25,12647033.00009623
2019-08-26,12644200.55615319
2019-08-27,12630799.89149867
2019-08-28,12643904.73448016
2019-08-29,12645394.91189528
2019-08-30,12646300.6860567
2019-08-31,12650634.89773719
2019-09-01,12645903.2022119
2019-09-02,12645120.89952065
2019-09-03,12646172.98209943
2019-09-04,12651214.76173231
2019-09-05,12663027.84133401
2019-09-06,12577426.62968765
2019-09-07,12584502.25235652
2019-09-08,12585546.36786507
2019-09-09,12585511.9894907
2019-09-10,12592783.12035099
2019-09-11,12597714.34417661
2019-09-12,12602179.141834
2019-09-13,12604984.08602608
2019-09-14,12614628.6622942
2019-09-15,12614711.72543659
2019-09-16,12640408.63017028
2019-09-17,12646538.05900689
2019-09-18,12642678.09732086
2019-09-19,12649486.03291304
2019-09-20,12652298.09181877
2019-09-21,12660948.38390866
2019-09-22,12664628.8018178
2019-09-23,12664193.80816092
2019-09-24,12615551.74883216
2019-09-25,12606177.07347818
2019-09-26,12663784.77865353
2019-09-27,12663271.42064157
2019-09-28,12672295.85066317
2019-09-29,12671751.64930332
2019-09-30,12671909.10045945
2019-10-01,12683584.54920694
2019-10-02,12689229.27262589
2019-10-03,12749640.66754896
2019-10-04,12757879.81628556
2019-10-05,12769462.39957425
2019-10-06,12770671.77556544
2019-10-07,12766560.8315056
2019-10-08,12754437.24566239
2019-10-09,12759025.75220903
2019-10-10,12773219.60061486
2019-10-11,12800418.93089274
2019-10-12,12807565.26053101
2019-10-13,12867260.4909713
2019-10-14,12771880.74378835
2019-10-15,12789055.35593481
2019-10-16,12809906.22314229
2019-10-17,12818806.68176876
2019-10-18,12811178.56788214
2019-10-19,12830559.45575137
2019-10-20,12839392.94950013
2019-10-21,12823296.95387442
2019-10-22,12839419.72371436
2019-10-23,12850943.97461627
2019-10-24,12859339.68847263
2019-10-25,12850938.88328484
2019-10-26,12884736.88243439
2019-10-27,12891340.33481084
2019-10-28,12873567.5464219
2019-10-29,12868741.50139784
2019-10-30,12877110.14726173
2019-10-31,12893121.44579896
2019-11-01,12847533.85974793
2019-11-02,12856205.70293792
2019-11-03,12861801.21526909
2019-11-04,12864887.49697914
2019-11-05,12849964.45803284
2019-11-06,12842027.90525074
2019-11-07,12960811.77569435
2019-11-08,12973923.47841242
2019-11-09,12978467.30593789
2019-11-10,12981905.69638803
2019-11-11,12978251.46507935
2019-11-12,12982782.39310649
2019-11-13,12952529.22459453
2019-11-14,12977830.58157527
2019-11-15,12977491.6717267
2019-11-16,12984578.88056217
2019-11-17,12995603.42362891
2019-11-18,12986865.77240683
2019-11-19,13003018.12817572
2019-11-20,13012843.53078533
2019-11-21,13032661.81591197
2019-11-22,12973482.8648589
2019-11-23,12976759.94870556
2019-11-24,12994473.86968965
2019-11-25,12986006.97991456
2019-11-26,12989221.96132425
2019-11-27,13000369.75536532
2019-11-28,13051564.59061097
2019-11-29,13085247.95089544
2019-11-30,13117144.48976924
2019-12-01,13137017.62420469
2019-12-02,13170337.56283239
2019-12-03,13179571.37982083
2019-12-04,13184150.77709612
2019-12-05,13199889.48929822
2019-12-06,13227304.21734679
2019-12-07,13237573.10974938
2019-12-08,13243844.89142849
2019-12-09,13245230.01965921
2019-12-10,13264908.7855908
2019-12-11,13272392.28008014
2019-12-12,13294245.22665612
2019-12-13,13333766.56688765
2019-12-14,13362702.37174138
2019-12-15,13364531.82441485
2019-12-16,13367015.732366
2019-12-17,13367840.11919564
2019-12-18,13378408.6660341
2019-12-19,13374790.7060155
2019-12-20,13336586.23800777
2019-12-21,13428023.29402936
2019-12-22,13437167.68163557
2019-12-23,13436696.06556968
2019-12-24,13435418.34668784
2019-12-25,13436145.30875769
2019-12-26,13455946.17885048
2019-12-27,13452682.60932086
2019-12-28,13456344.08170813
2019-12-29,13460333.73598846
2019-12-30,13457188.94009101
2019-12-31,13574344.29543756
2020-01-01,13585807.06064065
2020-01-02,13586070.66196793
2020-01-03,13591321.73395852
2020-01-04,13596489.46656999
2020-01-05,13598248.52505616
2020-01-06,13605134.87028901
2020-01-07,13652452.79702373
2020-01-08,13699848.53026244
2020-01-09,13728576.7126146
2020-01-10,13736997.72789769
2020-01-11,13746622.92458081
2020-01-12,13750131.15966515
2020-01-13,13750583.57569537
2020-01-14,13704050.04071183
2020-01-15,13692849.2620712
2020-01-16,13689051.60749768
2020-01-17,13694714.95729696
2020-01-18,13700036.12531975
2020-01-19,13700061.91947034
2020-01-20,13697351.97140813
2020-01-21,13700325.78404935
2020-01-22,13705533.59835325
2020-01-23,13701037.74427535
2020-01-24,13708655.26902736
2020-01-25,13714152.11705085
2020-01-26,13720351.93739512
2020-01-27,13724644.8128932
2020-01-28,13732099.19151942
2020-01-29,13715159.13289905
2020-01-30,13714497.54802946
2020-01-31,13706561.72431671
2020-02-01,13711590.74409484
2020-02-02,13703462.9017204
2020-02-03,13614793.52244545
2020-02-04,13622947.32517671
2020-02-05,13628891.50131413
2020-02-06,13610225.80034152
2020-02-07,13531642.4475567
2020-02-08,13626070.32409095
2020-02-09,13618341.64463498
2020-02-10,13596668.21342223
2020-02-11,13594270.44121439
2020-02-12,13593879.31678777
2020-02-13,13590100.76656344
2020-02-14,13586221.50253625
2020-02-15,13585104.89380541
2020-02-16,13587493.28642459
2020-02-17,13587578.3186208
2020-02-18,13589717.790694
2020-02-19,13583345.0206445
2020-02-20,13558100.12170966
2020-02-21,13561009.20441739
2020-02-22,13572477.55222258
2020-02-23,13574902.5403465
2020-02-24,13572774.83714246
2020-02-25,13565562.3272381
2020-02-26,13580007.32687123
2020-02-27,13660261.87399581
2020-02-28,13691443.6928173
2020-02-29,13709022.68880478
2020-03-01,13728729.4667609
2020-03-02,13723030.90446816
2020-03-03,13708847.72537693
2020-03-04,13713327.50624475
2020-03-05,13700498.85379121
2020-03-06,13702029.55322363
2020-03-07,13705342.49664418
2020-03-08,13703939.43788011
2020-03-09,13687922.4249293
2020-03-10,13684703.58825418
2020-03-11,13675170.94093095
2020-03-12,13607527.43820629
2020-03-13,13563370.16699887
2020-03-14,13546814.11152746
2020-03-15,13538747.49153324
2020-03-16,13516969.38108908
2020-03-17,13488663.1076288
2020-03-18,13495482.09617848
2020-03-19,13489121.22811357
2020-03-20,13486013.37181199
2020-03-21,13494324.30325696
2020-03-22,13492513.078313
2020-03-23,13478615.36225777
2020-03-24,13488408.33320825
2020-03-25,13469873.57805502
2020-03-26,13461594.29685248
2020-03-27,13485695.75434915
2020-03-28,13488598.28318991
2020-03-29,13485972.80461654
2020-03-30,13482786.28073253
2020-03-31,13506436.53161084
2020-04-01,13512532.60193233
2020-04-02,13511076.31260521
2020-04-03,13512655.46483123
2020-04-04,13553482.75490407
2020-04-05,13555074.86327405
2020-04-06,13548857.11774032
2020-04-07,13535591.59365803
2020-04-08,13560288.88508831
2020-04-09,13566066.78617374
2020-04-10,13567876.8545133
2020-04-11,13574709.64422363
2020-04-12,13575395.16566796
2020-04-13,13574135.1652206
2020-04-14,13576670.73820623
2020-04-15,13582784.69613757
2020-04-16,13595067.26608545
2020-04-17,13598802.80787983
2020-04-18,13613909.91528206
2020-04-19,13613698.86254021
2020-04-20,13611036.79996116
2020-04-21,13626643.03456621
2020-04-22,13642442.16821005
2020-04-23,13651359.46310684
2020-04-24,13677580.97347822
2020-04-25,13701466.94933014
2020-04-26,13717458.77148859
2020-04-27,13774440.21476014
2020-04-28,13781300.80248418
2020-04-29,13763158.5834094
2020-04-30,13770595.09726101
2020-05-01,13774336.24775815
2020-05-02,13790055.70053977
2020-05-03,13793505.95643012
2020-05-04,13794141.5159408
2020-05-05,13794917.21361264
2020-05-06,13777535.25200039
2020-05-07,13737872.64847169
2020-05-08,13727070.88959873
2020-05-09,13720395.48779376
2020-05-10,13714497.74208473
2020-05-11,13695066.77542265
2020-05-12,13697268.66666736
2020-05-13,13717125.49297942
2020-05-14,13717539.83608357
2020-05-15,13711360.0294329
2020-05-16,13712757.48828162
2020-05-17,13712833.42038618
2020-05-18,13710590.42273888
2020-05-19,13712850.76107578
2020-05-20,13711045.2238648
2020-05-21,13709836.20837511
2020-05-22,13715032.71430185
2020-05-23,13729868.92284279
2020-05-24,13730815.14983726
2020-05-25,13735545.11996872
2020-05-26,13739555.78797576
2020-05-27,13743370.65958919
2020-05-28,13739293.57979777
2020-05-29,13733154.21205899
2020-05-30,13733121.69265159
2020-05-31,13730250.83343817
2020-06-01,13673813.12877167
2020-06-02,13667693.36729227
2020-06-03,13666866.74838921
2020-06-04,13658711.20786774
2020-06-05,13662714.77537958
2020-06-06,13662696.26788585
2020-06-07,13663867.57845552
2020-06-08,13641596.81369757
2020-06-09,13648270.8099528
2020-06-10,13654313.74462844
2020-06-11,13660183.50925367
2020-06-12,13664662.81280979
2020-06-13,13666286.88340911
2020-06-14,13662798.03068486
2020-06-15,13661701.7311017
2020-06-16,13659705.86075371
2020-06-17,13666323.8806992
2020-06-18,13674288.5101632
2020-06-19,13686414.0464607
2020-06-20,13694431.76763987
2020-06-21,13709038.73133594
2020-06-22,13703659.26193746
2020-06-23,13700100.74245054
2020-06-24,13682526.94968309
2020-06-25,13697058.18483529
2020-06-26,13698832.39077652
2020-06-27,13699706.01052133
2020-06-28,13704578.13678139
2020-06-29,13695936.92291432
2020-06-30,13692632.00422425
2020-07-01,13697736.67089925
2020-07-02,13704181.84518532
2020-07-03,13711728.80965697
2020-07-04,13725916.22807434
2020-07-05,13730359.96869144
2020-07-06,13735258.77438915
2020-07-07,13739378.23421205
2020-07-08,13723140.44805274
2020-07-09,13724056.53806926
2020-07-10,13774563.33462206
2020-07-11,13845306.46769956
2020-07-12,13954332.66095954
2020-07-13,13954094.84420733
2020-07-14,13946453.99012506
2020-07-15,13970967.06306638
2020-07-16,13979090.83121259
2020-07-17,13994114.40673398
2020-07-18,13997161.96100249
2020-07-19,13998735.2254116
2020-07-20,14000046.5028253
2020-07-21,13993476.65168184
2020-07-22,13986463.74591347
2020-07-23,13985394.78046295
2020-07-24,13987077.2743202
2020-07-25,13993241.95274262
2020-07-26,13991850.65640114
2020-07-27,14000448.61722246
2020-07-28,13964952.86876097
2020-07-29,13962445.79165092
2020-07-30,13952915.29710358
2020-07-31,13952436.37568709
2020-08-01,13953755.89839334
2020-08-02,13942932.35840267
2020-08-03,13938478.41507558
2020-08-04,13936837.38124286
2020-08-05,13938882.18238887
2020-08-06,13932497.60484062
2020-08-07,13919167.21233814
2020-08-08,13922755.86017502
2020-08-09,13915525.46259917
2020-08-10,13913791.13191161
2020-08-11,13885178.22014912
2020-08-12,13882539.38661071
2020-08-13,13887792.36322326
2020-08-14,13904807.60111336
2020-08-15,13961903.3556597
2020-08-16,13983539.65304698
2020-08-17,13969247.70865436
2020-08-18,13992963.99875184
2020-08-19,14033450.68681573
2020-08-20,14043491.20992408
2020-08-21,14056660.9675408
2020-08-22,14095088.91967996
2020-08-23,14101880.03885955
2020-08-24,14101145.26133886
2020-08-25,14115021.58804623
2020-08-26,14125592.89197003
2020-08-27,14130798.10181213
2020-08-28,14121630.56840282
2020-08-29,14135381.90241685
2020-08-30,14136436.01455599
2020-08-31,14116017.16696208
2020-09-01,14106145.83311708
2020-09-02,14098374.91241388
2020-09-03,14100375.40115765
2020-09-04,14087551.06185266
2020-09-05,14085622.24972524
2020-09-06,14081958.20164226
2020-09-07,14078139.79859812
2020-09-08,14081429.37380666
2020-09-09,14090560.86738854
2020-09-10,14091725.84984394
2020-09-11,14095810.10131705
2020-09-12,14099791.23192618
2020-09-13,14098034.95953101
2020-09-14,14094658.73547854
2020-09-15,14084989.20114165
2020-09-16,14064982.8111472
2020-09-17,14059442.13475981
2020-09-18,14049488.07226739
2020-09-19,14037385.24113819
2020-09-20,14030958.54770413
2020-09-21,14026993.36695783
2020-09-22,14002135.44817784
2020-09-23,13999712.28103897
2020-09-24,13997270.28382485
2020-09-25,13996753.41139233
2020-09-26,14002600.70648984
2020-09-27,13997474.74399104
2020-09-28,13999868.53572375
2020-09-29,13978969.56478567
2020-09-30,13966150.2450731
2020-10-01,14042191.40133262
2020-10-02,14064075.69624875
2020-10-03,14095453.98650968
2020-10-04,14098015.69080492
2020-10-05,14101101.60872552
2020-10-06,14105479.29588374
2020-10-07,14104219.29160913
2020-10-08,14131492.15097602
2020-10-09,14180801.37614304
2020-10-10,14209998.54131069
2020-10-11,14218065.84220362
2020-10-12,14225378.51692162
2020-10-13,14243901.77020645
2020-10-14,14250455.72190099
2020-10-15,14257534.86049839
2020-10-16,14269487.7877206
2020-10-17,14281108.82394862
2020-10-18,14282540.14926676
2020-10-19,14233982.99513887
2020-10-20,14237421.71497218
2020-10-21,14234116.27834216
2020-10-22,14167143.48148633
2020-10-23,14060705.56645712
2020-10-24,14060463.37884004
2020-10-25,14055853.81845691
2020-10-26,14058703.44482496
2020-10-27,14046030.64559405
2020-10-28,14035315.41243263
2020-10-29,14027952.0447827
2020-10-30,14024904.63719406
2020-10-31,14019934.62652704
2020-11-01,14011936.39995583
2020-11-02,13973262.81783164
2020-11-03,13843056.33282716
2020-11-04,13847871.53119234
2020-11-05,13787592.32474066
2020-11-06,13780337.07135845
2020-11-07,13787645.77018345
2020-11-08,13781328.44540946
2020-11-09,13766045.30965669
2020-11-10,13765082.09855907
2020-11-11,13761598.65849531
2020-11-12,13751001.88018184
2020-11-13,13738197.98223035
2020-11-14,13731385.24991771
2020-11-15,13728006.44088307
2020-11-16,13715767.4938011
2020-11-17,13697014.93601574
2020-11-18,13669723.62403919
2020-11-19,13660801.55903739
2020-11-20,13667159.91359085
2020-11-21,13673296.98422634
2020-11-22,13667128.16661292
2020-11-23,13660073.00457993
2020-11-24,13623431.11991454
2020-11-25,13621628.89208941
2020-11-26,13582189.55363858
2020-11-27,13567609.39312247
2020-11-28,13576404.77210087
2020-11-29,13571843.35505271
2020-11-30,13550031.48121353
2020-12-01,13535253.49228535
2020-12-02,13535977.62867426
2020-12-03,13511189.39334472
2020-12-04,13498393.57778884
2020-12-05,13503039.86321701
2020-12-06,13497332.11442987
2020-12-07,13481534.37657059
2020-12-08,13469946.28568882
2020-12-09,13459522.78247465
2020-12-10,13432009.28974071
2020-12-11,13418558.56811948
2020-12-12,13400310.34360878
2020-12-13,13324683.49235725
2020-12-14,13311615.41280318
2020-12-15,13303435.75829044
2020-12-16,13267396.46238712
2020-12-17,13232040.22479829
2020-12-18,13205074.00444636
2020-12-19,13192276.69845424
2020-12-20,13154063.72590702
2020-12-21,13136213.40462438
2020-12-22,13063131.69947018
2020-12-23,12998916.98890341
2020-12-24,12979614.56994729
2020-12-25,12979781.57304709
2020-12-26,12971473.48436168
2020-12-27,12950015.6766241
2020-12-28,12798789.74280491
2020-12-29,12786832.42697355
2020-12-30,12782747.38309125
2020-12-31,12779695.43027723
2021-01-01,12770000.8459757
2021-01-02,12708384.54584574
2021-01-03,12677300.08768474
2021-01-04,12641235.96210104
2021-01-05,12689802.49019708
2021-01-06,12677718.03950138
2021-01-07,12636367.20850977
2021-01-08,12606667.8866771
2021-01-09,12591401.43899455
2021-01-10,12575835.32446737
2021-01-11,12548007.75737733
2021-01-12,12539081.64834494
2021-01-13,12534954.76120739
2021-01-14,12521461.42734756
2021-01-15,12499330.2034938
2021-01-16,12496952.23843706
2021-01-17,12492708.24774915
2021-01-18,12482344.63266421
2021-01-19,12485674.19537838
2021-01-20,12498746.60883023
2021-01-21,12494459.03713468
2021-01-22,12494857.62278427
2021-01-23,12499179.7223381
2021-01-24,12497856.90987591
2021-01-25,12494603.81118369
2021-01-26,12496445.23603522
2021-01-27,12455005.97710802
2021-01-28,12455639.36186373
2021-01-29,12440752.41213429
2021-01-30,12436426.57485047
2021-01-31,12417165.24117544
2021-02-01,12418576.49261136
2021-02-02,12437473.82363213
2021-02-03,12441410.96208819
2021-02-04,12436563.90785306
2021-02-05,12427859.63049051
2021-02-06,12435559.44215055
2021-02-07,12428015.00366489
2021-02-08,12413600.87828551
2021-02-09,12399030.86642547
2021-02-10,12382114.98222623
2021-02-11,12380460.1349474
2021-02-12,12371387.83517248
2021-02-13,12370578.93218678
2021-02-14,12364314.78936153
2021-02-15,12361703.80666132
2021-02-16,12362990.2221707
2021-02-17,12352569.03319156
2021-02-18,12336535.15172376
2021-02-19,12313686.35252377
2021-02-20,12295739.44787797
2021-02-21,12287840.51202947
2021-02-22,12270949.81982161
2021-02-23,12241604.8842219
2021-02-24,12217739.55279532
2021-02-25,12202007.27745493
2021-02-26,12190604.45439688
2021-02-27,12190527.63452223
2021-02-28,12189112.68885933
2021-03-01,12185165.63814505
2021-03-02,12169442.74560287
2021-03-03,12186096.18445041
2021-03-04,12182074.98556188
2021-03-05,12171373.00202662
2021-03-06,12176301.38484149
2021-03-07,12175333.9272182
2021-03-08,12156151.2305643
2021-03-09,12157988.97089446
2021-03-10,12155246.44820795
2021-03-11,12145050.69353015
2021-03-12,12141032.03771192
2021-03-13,12163843.85243275
2021-03-14,12147708.42269651
2021-03-15,12142416.90736288
2021-03-16,12139785.50220022
2021-03-17,12168812.01109657
2021-03-18,12167623.53238383
2021-03-19,12166308.23916809
2021-03-20,12164053.06618401
2021-03-21,12163040.44205865
2021-03-22,12148815.6903282
2021-03-23,12168623.6359683
2021-03-24,12165310.22045719
2021-03-25,12164350.52785074
2021-03-26,12168777.62306404
2021-03-27,12169352.43475882
2021-03-28,12167257.72471488
2021-03-29,12166099.74266559
2021-03-30,12167102.68294192
2021-03-31,12163734.61076833
2021-04-01,12146880.05565367
2021-04-02,12148642.91602979
2021-04-03,12151901.75680001
2021-04-04,12154849.50964976
2021-04-05,12160741.2513997
2021-04-06,12091907.23981604
2021-04-07,12203974.35981895
2021-04-08,12213949.54649568
2021-04-09,12235026.0307822
2021-04-10,12238114.834106
2021-04-11,12228908.36238502
2021-04-12,12218719.4605897
2021-04-13,12216970.92411245
2021-04-14,12203231.60666178
2021-04-15,12193147.62725814
2021-04-16,12209109.76341698
2021-04-17,12206142.54564627
2021-04-18,12115937.16116647
2021-04-19,12118511.64349986
2021-04-20,12113102.53778962
2021-04-21,12119766.41832231
2021-04-22,12124992.83629004
2021-04-23,12120960.59162705
2021-04-24,12120902.46325286
2021-04-25,12118123.77576959
2021-04-26,12116750.22840349
2021-04-27,12099712.62749923
2021-04-28,12116004.28418619
2021-04-29,12101124.06572418
2021-04-30,12097379.14029471
2021-05-01,12115039.72425894
2021-05-02,12112521.09345177
2021-05-03,12108569.48341696
2021-05-04,12108981.89238156
2021-05-05,12124545.61174165
2021-05-06,12122767.80125999
2021-05-07,12116523.88367287
2021-05-08,12128027.04955568
2021-05-09,12124222.01074326
2021-05-10,12119008.25285579
2021-05-11,12121773.93359486
2021-05-12,12110900.23419809
2021-05-13,12103433.05516433
2021-05-14,12114604.44352806
2021-05-15,12112484.80343847
2021-05-16,12117036.08243652
2021-05-17,12219695.54358751
2021-05-18,12217078.75585799
2021-05-19,12189928.93779313
2021-05-20,12185967.71698809
2021-05-21,12194042.83166021
2021-05-22,12220299.31412059
2021-05-23,12214382.3080606
2021-05-24,12193625.76454242
2021-05-25,12218227.13006513
2021-05-26,12276125.32564269
2021-05-27,12361924.8559975
2021-05-28,12399437.25555748
2021-05-29,12403971.07404429
2021-05-30,12401333.19594934
2021-05-31,12429578.29315584
2021-06-01,12546728.75197547
2021-06-02,12556150.34223757
2021-06-03,12557078.62828961
2021-06-04,12580028.44111795
2021-06-05,12595619.91049533
2021-06-06,12630028.66126714
2021-06-07,12648047.71409424
2021-06-08,12674400.58211588
2021-06-09,12692741.90606461
2021-06-10,12706275.97252937
2021-06-11,12737597.51742513
2021-06-12,12808556.42427767
2021-06-13,12883939.28445651
2021-06-14,12907199.87060337
2021-06-15,12929953.66647785
2021-06-16,12958894.79085578
2021-06-17,12968403.59820496
2021-06-18,13016536.1524217
2021-06-19,13046084.55077867
2021-06-20,13052298.81960885
2021-06-21,13051606.20536674
2021-06-22,13058680.57109703
2021-06-23,13083304.8773592
2021-06-24,13085764.22558434
2021-06-25,13102333.31441899
2021-06-26,13116461.55716421
2021-06-27,13120702.71392695
2021-06-28,13121302.100731
2021-06-29,13126260.30037891
2021-06-30,13133102.8624559
2021-07-01,13155740.08608279
2021-07-02,13169680.13664149
2021-07-03,13187133.18122767
2021-07-04,13199695.66086461
2021-07-05,13211822.45395395
2021-07-06,13220504.23917061
2021-07-07,13225015.56630623
2021-07-08,13236823.74506981
2021-07-09,13252356.20831444
2021-07-10,13280929.41362292
2021-07-11,13289009.84638627
2021-07-12,13276118.45406163
2021-07-13,13287033.49963214
2021-07-14,13371696.3301871
2021-07-15,13421115.15121818
2021-07-16,13442957.09520447
2021-07-17,13451775.11495585
2021-07-18,13473055.07358629
2021-07-19,13475853.88493577
2021-07-20,13469814.19346154
2021-07-21,13472753.47212349
2021-07-22,13477768.85531227
2021-07-23,13535649.19979343
2021-07-24,13561701.28715854
2021-07-25,13614091.27016222
2021-07-26,13575872.04016191
2021-07-27,13551585.15765307
2021-07-28,13605062.53717544
2021-07-29,13521592.99846221
2021-07-30,13564823.58760149
2021-07-31,13584063.4775074
2021-08-01,13591059.25645399
2021-08-02,13595109.64979811
2021-08-03,13608159.48083984
2021-08-04,13618955.40992694
2021-08-05,13625437.98263507
2021-08-06,13626787.63508035
2021-08-07,13668019.29822706
2021-08-08,13674021.51689797
2021-08-09,13678695.03273392
2021-08-10,13694596.60881675
2021-08-11,13704507.28520333
2021-08-12,13720888.33725113
2021-08-13,13775365.27001108
2021-08-14,13798067.13395974
2021-08-15,13810763.58217716
2021-08-16,13826287.1331128
2021-08-17,13842059.43305176
2021-08-18,13907314.79393529
2021-08-19,13924834.84216025
2021-08-20,13929146.07506535
2021-08-21,13934584.14707822
2021-08-22,13941243.37883811
2021-08-23,13943864.65744869
2021-08-24,13950483.97454938
2021-08-25,13941009.75164082
2021-08-26,13934492.17465092
2021-08-27,13949884.35758353
2021-08-28,13973898.86173666
2021-08-29,14008246.90430382
2021-08-30,14005492.54118529
2021-08-31,14006909.83752655
2021-09-01,14010943.47166088
2021-09-02,14020676.23961387
2021-09-03,14041806.5372423
2021-09-04,14051099.59851359
2021-09-05,14057814.04245997
2021-09-06,14054817.41238527
2021-09-07,14052711.33543841
2021-09-08,14139361.29791421
2021-09-09,14136891.03567104
2021-09-10,14145897.34268217
2021-09-11,14151221.83463664
2021-09-12,14181213.92322192
2021-09-13,14191506.90937829
2021-09-14,14199772.79748629
2021-09-15,14203825.77889544
2021-09-16,14235216.39992742
2021-09-17,14248348.3714831
2021-09-18,14268970.46621273
2021-09-19,14276006.49995837
2021-09-20,14342030.47482427
2021-09-21,14358052.92196158
2021-09-22,14362574.39024429
2021-09-23,14369997.82435975
2021-09-24,14410042.52244661
2021-09-25,14446250.58478328
2021-09-26,14367258.68721251
2021-09-27,14390241.67524213
2021-09-28,14397418.49325046
2021-09-29,14418856.5455395
2021-09-30,14421970.48726341
2021-10-01,14478398.60955532
2021-10-02,14494512.13211249
2021-10-03,14497813.59143856
2021-10-04,14492781.57897877
2021-10-05,14499426.98749979
2021-10-06,14520192.27517955
2021-10-07,14525513.57548716
2021-10-08,14534945.44972839
2021-10-09,14613733.24569529
2021-10-10,14620556.82085639
2021-10-11,14625490.00115824
2021-10-12,14621843.12901132
2021-10-13,14630140.92846329
2021-10-14,14669919.19322362
2021-10-15,14673682.7909715
2021-10-16,14688543.22005828
2021-10-17,14697298.81634738
2021-10-18,14689006.72946394
2021-10-19,14662027.33468964
2021-10-20,14650947.42357067
2021-10-21,14700751.64883512
2021-10-22,14717839.65250778
2021-10-23,14736355.9641248
2021-10-24,14685939.5603074
2021-10-25,14679693.19736344
2021-10-26,14685396.21702236
2021-10-27,14703182.34198853
2021-10-28,14711726.36306479
2021-10-29,14715679.57710059
2021-10-30,14721226.04097432
2021-10-31,14740329.38850287
2021-11-01,14717142.28200743
2021-11-02,14678483.01762113
2021-11-03,14657102.6010011
2021-11-04,14658575.55172869
2021-11-05,14663353.68875675
2021-11-06,14660712.99350194
2021-11-07,14662332.75714833
2021-11-08,14648741.01458506
2021-11-09,14649974.45994021
2021-11-10,14643824.45098347
2021-11-11,14648808.65462538
2021-11-12,14656200.89945532
2021-11-13,14656941.87130445
2021-11-14,14656648.68131854
2021-11-15,14660140.10851959
2021-11-16,14623609.09119496
2021-11-17,14620887.93961633
2021-11-18,14614516.37496781
2021-11-19,14617279.40743441
2021-11-20,14628956.56252245
2021-11-21,14633889.50895673
2021-11-22,14627210.57649319
2021-11-23,14629324.42625864
2021-11-24,14632781.93643684
2021-11-25,14560614.46950055
2021-11-26,14573280.52358947
2021-11-27,14578757.8115213
2021-11-28,14573004.61046693
2021-11-29,14563486.37894105
2021-11-30,14567558.41125334
2021-12-01,14558667.18972768
2021-12-02,14567807.23711158
2021-12-03,14574466.22492091
2021-12-04,14639246.15842158
2021-12-05,14636668.93403432
2021-12-06,14628295.25725113
2021-12-07,14591291.9365276
2021-12-08,14591371.84628852
2021-12-09,14586671.67200309
2021-12-10,14577164.7786875
2021-12-11,14575665.46322741
2021-12-12,14576341.97470909
2021-12-13,14573659.60969231
2021-12-14,14555992.72892702
2021-12-15,14552085.30787331
2021-12-16,14543522.34066056
2021-12-17,14542128.77362855
2021-12-18,14548803.35343581
2021-12-19,14573508.8222545
2021-12-20,14567263.04940992
2021-12-21,14568481.33368768
2021-12-22,14567408.89718986
2021-12-23,14547779.28173239
2021-12-24,14559173.52939999
2021-12-25,14556986.32733689
2021-12-26,14549612.70450858
2021-12-27,14558320.98457247
2021-12-28,14590262.23020817
2021-12-29,14648932.18554418
2021-12-30,14683872.06706015
2021-12-31,14777168.38735453
2022-01-01,14780337.06301515
2022-01-02,14791324.82308779
2022-01-03,14787589.54809849
2022-01-04,14780959.8227181
2022-01-05,14774228.88084183
2022-01-06,14757969.57886788
2022-01-07,14756296.21239316
2022-01-08,14759520.18422313
2022-01-09,14762073.36199487
2022-01-10,14762229.94541649
2022-01-11,14768838.80791766
2022-01-12,14769808.11542487
2022-01-13,14791813.37062539
2022-01-14,14791471.27204807
2022-01-15,14795283.73117916
2022-01-16,14807104.46272765
2022-01-17,14808489.73155835
2022-01-18,14811658.34798392
2022-01-19,14804932.77542852
2022-01-20,14810109.21078617
2022-01-21,14804501.33598854
2022-01-22,14796500.09811743
2022-01-23,14792257.08768275
2022-01-24,14783361.18873921
2022-01-25,14778485.91291476
2022-01-26,14782263.86547328
2022-01-27,14776509.01682186
2022-01-28,14785355.56565565
2022-01-29,14785397.65539359
2022-01-30,14785111.78120068
2022-01-31,14784563.56049851
2022-02-01,14691117.16922977
2022-02-02,14701596.53465153
2022-02-03,14705912.41432827
2022-02-04,14718202.03604996
2022-02-05,14726974.25789345
2022-02-06,14730847.35567361
2022-02-07,14726099.89862035
2022-02-08,14725247.14488633
2022-02-09,14726962.45318412
2022-02-10,14727445.33314782
2022-02-11,14725361.79654451
2022-02-12,14729380.3201923
2022-02-13,14730494.44220548
2022-02-14,14731800.79932051
2022-02-15,14728907.57779294
2022-02-16,14731118.33772817
2022-02-17,14735155.68064357
2022-02-18,14745151.61426613
2022-02-19,14748727.65184681
2022-02-20,14749189.01490776
2022-02-21,14739267.77697539
2022-02-22,14743338.42836536
2022-02-23,14735078.21933485
2022-02-24,14736252.62187412
2022-02-25,14729346.95709949
2022-02-26,14732774.64211546
2022-02-27,14728667.73276521
2022-02-28,14578505.96366474
2022-03-01,14573702.83048964
2022-03-02,14578671.61440392
2022-03-03,14568114.70654453
2022-03-04,14564024.61240883
2022-03-05,14568102.66917351
2022-03-06,14570024.6299096
2022-03-07,14562908.93219174
2022-03-08,14553600.1019828
2022-03-09,14551555.82312393
2022-03-10,14555432.95029084
2022-03-11,14534699.68468871
2022-03-12,14537084.81281889
2022-03-13,14538427.36362156
2022-03-14,14545372.27062325
2022-03-15,14552681.20586245
2022-03-16,14565080.34006118
2022-03-17,14542507.3131035
2022-03-18,14548898.17103312
2022-03-19,14557442.08397161
2022-03-20,14562951.1012819
2022-03-21,14555985.44467083
2022-03-22,14562626.44312539
2022-03-23,14570952.68820433
2022-03-24,14588033.24336037
2022-03-25,14541572.51780368
2022-03-26,14559707.33727687
2022-03-27,14562351.28626709
2022-03-28,14599434.84586187
2022-03-29,14593176.86060688
2022-03-30,14602045.39628222
2022-03-31,14601369.04737385
2022-04-01,14598821.77997976
2022-04-02,14605403.39996171
2022-04-03,14609110.28726629
2022-04-04,14603384.40162207
2022-04-05,14605285.46448856
2022-04-06,14607037.4521901
2022-04-07,14652493.23523783
2022-04-08,14656033.39519317
2022-04-09,14673814.97213874
2022-04-10,14681030.90067572
2022-04-11,14678511.03646775
2022-04-12,14659900.55118918
2022-04-13,14666789.04192898
2022-04-14,14641247.06029277
2022-04-15,14646773.46218609
2022-04-16,14832219.97325249
2022-04-17,14839000.34689008
2022-04-18,14840883.83001293
2022-04-19,14852726.66460804
2022-04-20,14865719.19068268
2022-04-21,14836111.35438451
2022-04-22,14849248.99895047
2022-04-23,14856695.51794451
2022-04-24,14859646.97879789
2022-04-25,14859466.5286327
2022-04-26,14855689.05852671
2022-04-27,14862106.44672745
2022-04-28,14865769.13323212
2022-04-29,14903787.93130865
2022-04-30,14908883.61585068
2022-05-01,14910549.71673346
2022-05-02,14896453.80618141
2022-05-03,14888726.6802801
2022-05-04,14897105.38270703
2022-05-05,14906902.05109282
2022-05-06,14908718.03544574
2022-05-07,14919309.62733328
2022-05-08,14924122.65502339
2022-05-09,14909793.85631569
2022-05-10,14913837.06397149
2022-05-11,14900519.70138136
2022-05-12,14888324.53883309
2022-05-13,14878229.17426044
2022-05-14,14846587.6589276
2022-05-15,14852680.09912101
2022-05-16,14843913.69783281
2022-05-17,14839406.70076699
2022-05-18,14844544.06666978
2022-05-19,14829516.21130385
2022-05-20,14827755.26363578
2022-05-21,14831173.56809764
2022-05-22,14836656.5097068
2022-05-23,14830815.88695118
2022-05-24,14830001.70891514
2022-05-25,14834938.28931418
2022-05-26,14858283.46885986
2022-05-27,14879283.332153
2022-05-28,14882553.37898822
2022-05-29,14886448.11973306
2022-05-30,14884898.55516861
2022-05-31,14889752.7411587
2022-06-01,14879402.20779345
2022-06-02,14851709.64724245
2022-06-03,14854634.71127909
2022-06-04,14872799.94296414
2022-06-05,14875488.47109461
2022-06-06,14874931.15452135
2022-06-07,14848712.13555299
2022-06-08,14896602.54300211
2022-06-09,14880990.02707333
2022-06-10,14875412.70759606
2022-06-11,14870031.65769917
2022-06-12,14864288.49670735
2022-06-13,14831797.98121419
2022-06-14,14805149.93483027
2022-06-15,14760139.53853538
2022-06-16,14756623.5351849
2022-06-17,14670135.01262206
2022-06-18,14653407.33442071
2022-06-19,14648539.66837222
2022-06-20,14645414.03889426
2022-06-21,14635570.69921627
2022-06-22,14630699.2526752
2022-06-23,14635918.761904
2022-06-24,14630765.25163428
2022-06-25,14643327.12464021
2022-06-26,14655849.19935998
2022-06-27,14658761.39713992
2022-06-28,14657001.85927196
2022-06-29,14656925.65376963
2022-06-30,14637973.7069804
2022-07-01,14642230.35405133
2022-07-02,14641455.46306126
2022-07-03,14642206.23522862
2022-07-04,14645434.66738632
2022-07-05,14648372.31307665
2022-07-06,14737587.18667615
2022-07-07,14739859.88568294
2022-07-08,14743578.77904622
2022-07-09,14750302.65177479
2022-07-10,14753502.58616286
2022-07-11,14722703.14126768
2022-07-12,14729454.33606498
2022-07-13,14745523.1399007
2022-07-14,14737999.32014508
2022-07-15,14711097.16171717
2022-07-16,14722628.08802562
2022-07-17,14725506.19522918
2022-07-18,14723383.0150043
2022-07-19,14669201.29070197
2022-07-20,14669944.02090041
2022-07-21,14620049.82162713
2022-07-22,14604135.6617417
2022-07-23,14602069.73474243
2022-07-24,14603250.85645272
2022-07-25,14601604.99089573
2022-07-26,14605219.68407131
2022-07-27,14611479.83833244
2022-07-28,14620204.90290654
2022-07-29,14624681.80307427
2022-07-30,14630631.78936796
2022-07-31,14629904.78667603
2022-08-01,14634168.45011361
2022-08-02,14861092.84285046
2022-08-03,14868921.6574564
2022-08-04,14874445.90303145
2022-08-05,14894576.30853104
2022-08-06,14900595.22050681
2022-08-07,14900564.03946316
2022-08-08,14901466.93331947
2022-08-09,14900403.87777312
2022-08-10,14892828.16197628
2022-08-11,14899443.55902573
2022-08-12,14904210.90501476
2022-08-13,14917725.3432786
2022-08-14,14920883.79000693
2022-08-15,14919076.65902649
2022-08-16,14922252.11506236
2022-08-17,14926267.6893112
2022-08-18,14936147.76971713
2022-08-19,14927857.87458518
2022-08-20,14963152.14224645
2022-08-21,14967325.24041411
2022-08-22,14964449.13791352
2022-08-23,14979538.92905235
2022-08-24,14989688.04799948
2022-08-25,14996053.60565164
2022-08-26,15000331.28687032
2022-08-27,15065076.51249311
2022-08-28,15063387.50176575
2022-08-29,15062628.51079175
2022-08-30,15063093.97354617
2022-08-31,15066332.15381093
2022-09-01,15068361.186498
2022-09-02,15078968.48411479
2022-09-03,15086828.94404687
2022-09-04,15088966.63672696
2022-09-05,15093938.79575971
2022-09-06,15092528.97244135
2022-09-07,15106448.51226114
2022-09-08,15110320.24601048
2022-09-09,15113307.22576026
2022-09-10,15117609.95357374
2022-09-11,15120152.64708988
2022-09-12,15119565.20156545
2022-09-13,15106663.47210362
2022-09-14,15103469.24768111
2022-09-15,15103635.47050445
2022-09-16,15115179.22222272
2022-09-17,15117120.86828015
2022-09-18,15117409.03548654
2022-09-19,15108391.76090819
2022-09-20,15107284.81305851
2022-09-21,15111026.0131154
2022-09-22,15120093.52181546
2022-09-23,15159039.37946745
2022-09-24,15176793.08930137
2022-09-25,15212425.49436453
2022-09-26,15212332.84208632
2022-09-27,15210125.68225161
2022-09-28,15207525.98615974
2022-09-29,15210723.76386031
2022-09-30,15210748.93281656
2022-10-01,15216914.11487085
2022-10-02,15223055.68104665
2022-10-03,15226478.75489157
2022-10-04,15229226.43457953
2022-10-05,15227829.94902198
2022-10-06,15233940.1433966
2022-10-07,15238352.06468162
2022-10-08,15236493.77474537
2022-10-09,15242659.8671664
2022-10-10,15244708.01129685
2022-10-11,15258945.68337986
2022-10-12,15274211.46458243
2022-10-13,15297878.84066345
2022-10-14,15325042.24146097
2022-10-15,15349517.92126707
2022-10-16,15368531.23520668
2022-10-17,15353040.7109915
2022-10-18,15318835.19834142
2022-10-19,15328458.8596917
2022-10-20,15335242.40610276
2022-10-21,15348463.92170026
2022-10-22,15345082.34498745
2022-10-23,15352656.56017922
2022-10-24,15354481.8446971
2022-10-25,15359067.92182298
2022-10-26,15357333.0814248
2022-10-27,15356800.59983578
2022-10-28,15361100.07026846
2022-10-29,15371542.28807544
2022-10-30,15372533.47269238
2022-10-31,15373327.56031201
2022-11-01,15378929.43379101
2022-11-02,15388987.51355888
2022-11-03,15392226.18968459
2022-11-04,15359244.48213573
2022-11-05,15372003.26509426
2022-11-06,15384113.84849452
2022-11-07,15353939.13635258
2022-11-08,15362326.7335914
2022-11-09,15328907.39034269
2022-11-10,15312243.88245236
2022-11-11,15288387.56002671
2022-11-12,15258979.44241156
2022-11-13,15258453.89579744
2022-11-14,15245539.84746508
2022-11-15,15265116.04139856
2022-11-16,15249407.67848904
2022-11-17,15249561.37126418
2022-11-18,15138955.0744628
2022-11-19,15184992.3055401
2022-11-20,15200031.45515783
2022-11-21,15201587.78913092
2022-11-22,15192855.0975195
2022-11-23,15153451.08279691
2022-11-24,15157395.47161274
2022-11-25,15160832.22743396
2022-11-26,15166376.14229681
2022-11-27,15177018.367267
2022-11-28,15166599.64213969
2022-11-29,15169884.04381998
2022-11-30,15177083.83035491
2022-12-01,15177314.77769433
2022-12-02,15185752.86267242
2022-12-03,15202985.70974964
2022-12-04,15204287.00568536
2022-12-05,15179494.28890817
2022-12-06,15201175.39872297
2022-12-07,15205380.44660393
2022-12-08,15207685.53295621
2022-12-09,15207517.76962092
2022-12-10,15218051.19820213
2022-12-11,15214248.37796677
2022-12-12,15212692.39658633
2022-12-13,15209718.08604388
2022-12-14,15198239.81986072
2022-12-15,15202320.05716101
2022-12-16,15206700.32986215
2022-12-17,15213475.45608378
2022-12-18,15213807.58367312
2022-12-19,15211184.93667743
2022-12-20,15214599.94869666
2022-12-21,15258006.62893739
2022-12-22,15257927.39253388
2022-12-23,15275553.45390768
2022-12-24,15329370.21304399
2022-12-25,15325575.49763704
2022-12-26,15330651.05990334
2022-12-27,15335364.34812038
2022-12-28,15304614.47132122
2022-12-29,15290782.45369507
2022-12-30,15289833.19445594
2022-12-31,15267855.16568098
2023-01-01,15271789.74878816
2023-01-02,15271031.96990761
2023-01-03,15266862.57665365
2023-01-04,15260244.97726428
2023-01-05,15235378.55240559
2023-01-06,15233435.22224192
2023-01-07,15232213.49986018
2023-01-08,15232830.77679578
2023-01-09,15231030.54374588
2023-01-10,15223479.90188017
2023-01-11,15228524.15812473
2023-01-12,15233544.50674731
2023-01-13,15233582.84976651
2023-01-14,15234457.60638793
2023-01-15,15232916.00430035
2023-01-16,15222692.95367635
2023-01-17,15220695.64591828
2023-01-18,15215888.88948017
2023-01-19,15207675.86042032
2023-01-20,15207891.3163421
2023-01-21,15225381.99131934
2023-01-22,15228213.22440505
2023-01-23,15223587.92564639
2023-01-24,15225681.87157353
2023-01-25,15226778.1432499
2023-01-26,15167329.36279688
2023-01-27,15140770.18836585
2023-01-28,15147220.58735501
2023-01-29,15147667.59062818
2023-01-30,15147708.33300027
2023-01-31,15149784.01675042
2023-02-01,15154662.81331621
2023-02-02,15155168.81997907
2023-02-03,15150473.51350217
2023-02-04,15152189.88506769
2023-02-05,15152564.32433622
2023-02-06,15154020.53074561
2023-02-07,15153641.65537377
2023-02-08,15160690.5162087
2023-02-09,15160260.10385319
2023-02-10,15153813.94487807
2023-02-11,15163713.24183224
2023-02-12,15163730.58070371
2023-02-13,15165283.74664686
2023-02-14,15170556.36263822
2023-02-15,15169052.53864466
2023-02-16,15168515.00711788
2023-02-17,15167659.09541504
2023-02-18,15169909.32286411
2023-02-19,15167594.3896987
2023-02-20,15169431.56414223
2023-02-21,15176721.94250779
2023-02-22,15173610.88525152
2023-02-23,15175045.06797327
2023-02-24,15170457.47697778
2023-02-25,15171477.41324137
2023-02-26,15171400.41491638
2023-02-27,15166981.72803433
2023-02-28,15146337.07177176
2023-03-01,15128090.34346106
2023-03-02,15129115.56345082
2023-03-03,15131288.41351608
2023-03-04,15135340.5196929
2023-03-05,15125306.02753263
2023-03-06,15117453.59810859
2023-03-07,15062849.39101952
2023-03-08,15066565.72903431
2023-03-09,15080580.11144464
2023-03-10,15091068.58711465
2023-03-11,15100756.27882596
2023-03-12,15105710.19119984
2023-03-13,15089870.91647112
2023-03-14,15083239.95589208
2023-03-15,15066789.09286359
2023-03-16,15062629.97739751
2023-03-17,15065871.07264306
2023-03-18,15065200.74082398
2023-03-19,15062805.45772765
2023-03-20,15056408.85961253
2023-03-21,15068581.2103237
2023-03-22,15065358.7875891
2023-03-23,15055895.99711748
2023-03-24,15054038.08161953
2023-03-25,15054281.93181628
2023-03-26,15061406.95785645
2023-03-27,15062729.49512613
2023-03-28,15061691.01445464
2023-03-29,15064897.74140404
2023-03-30,14902205.2511788
2023-03-31,14898120.46985809
2023-04-01,14899374.68062985
2023-04-02,14904172.34732672
2023-04-03,14900904.01931428
2023-04-04,14895450.95901074
2023-04-05,14885694.60221431
2023-04-06,14876348.80440847
2023-04-07,14867739.44683535
2023-04-08,14974929.59142891
2023-04-09,14983285.50242236
2023-04-10,14975382.05065664
2023-04-11,14951693.67739259
2023-04-12,14941130.36081347
2023-04-13,14986700.39230516
2023-04-14,15021163.32703645
2023-04-15,15061506.29779947
2023-04-16,15108791.42560719
2023-04-17,15125206.39003265
2023-04-18,15155490.19515242
2023-04-19,15171276.35771188
2023-04-20,15204787.91308888
2023-04-21,15252887.31350915
2023-04-22,15341158.12011087
2023-04-23,15352214.94595515
2023-04-24,15364544.6893663
2023-04-25,15378917.85133311
2023-04-26,15417734.20355792
2023-04-27,15435384.23987889
2023-04-28,15437394.37888748
2023-04-29,15438655.70396123
2023-04-30,15443539.09431938
2023-05-01,15448709.50938707
2023-05-02,15583065.09891528
2023-05-03,15588295.85526486
2023-05-04,15598177.22834044
2023-05-05,15609392.56970457
2023-05-06,15620503.20156509
2023-05-07,15500540.65954845
2023-05-08,15484285.63967368
2023-05-09,15490735.62041206
2023-05-10,15491508.52797407
2023-05-11,15489247.58193061
2023-05-12,15481861.71288775
2023-05-13,15493361.29014114
2023-05-14,15493542.86936115
2023-05-15,15473685.87839756
2023-05-16,15479840.59973108
2023-05-17,15499248.17834725
2023-05-18,15516167.83719071
2023-05-19,15528653.5876229
2023-05-20,15538104.02575346
2023-05-21,15543903.12920975
2023-05-22,15533067.35035484
2023-05-23,15535008.35545011
2023-05-24,15536215.1866452
2023-05-25,15498947.45923806
2023-05-26,15494281.36687111
2023-05-27,15522836.00903816
2023-05-28,15526192.2176405
2023-05-29,15528263.91888709
2023-05-30,15523008.44925843
2023-05-31,15521053.40890903
2023-06-01,15530805.72757194
2023-06-02,15538283.13731761
2023-06-03,15552040.92508349
2023-06-04,15577495.21673332
2023-06-05,15565234.63736997
2023-06-06,15566660.87389119
2023-06-07,15574376.22103472
2023-06-08,15580525.10329971
2023-06-09,15602159.58389034
2023-06-10,15613113.21366009
2023-06-11,15618138.72967683
2023-06-12,15617779.33302198
2023-06-13,15614131.20414069
2023-06-14,15602966.79658229
2023-06-15,15598770.95691958
2023-06-16,15609278.87641092
2023-06-17,15621491.55915619
2023-06-18,15615724.62979892
2023-06-19,15616764.68245604
2023-06-20,15601441.17621588
2023-06-21,15589133.59087527
2023-06-22,15588552.57783406
2023-06-23,15578384.89054698
2023-06-24,15585229.61390672
2023-06-25,15592387.92055865
2023-06-26,15591173.05900287
2023-06-27,15587786.41102177
2023-06-28,15577905.96860288
2023-06-29,15561277.05133152
2023-06-30,15572743.36775456
2023-07-01,15559349.29766648
2023-07-02,15560123.34146675
2023-07-03,15558806.99903058
2023-07-04,15559346.96791937
2023-07-05,15567325.8239441
2023-07-06,15548524.99011558
2023-07-07,15554758.32672556
2023-07-08,15563129.69712053
2023-07-09,15562464.39291158
2023-07-10,15561624.57949491
2023-07-11,15555380.79285154
2023-07-12,15555197.08356531
2023-07-13,15543598.70317946
2023-07-14,15540209.3099296
2023-07-15,15543193.36301342
2023-07-16,15544934.63953667
2023-07-17,15540818.87438948
2023-07-18,15536897.92309847
2023-07-19,15537478.4223713
2023-07-20,15538174.22136041
2023-07-21,15535664.16804118
2023-07-22,15540272.05866919
2023-07-23,15542168.60365107
2023-07-24,15538039.92978946
2023-07-25,15537820.66854232
2023-07-26,15541134.79430408
2023-07-27,15510499.99947653
2023-07-28,15402558.24379343
2023-07-29,15408579.38065127
2023-07-30,15410188.28837267
2023-07-31,15408039.13639835
2023-08-01,15423541.9215611
2023-08-02,15436063.04782187
2023-08-03,15461633.85674801
2023-08-04,15460544.87258583
2023-08-05,15469373.20115488
2023-08-06,15469153.04434124
2023-08-07,15486022.59330181
2023-08-08,15483463.71783851
2023-08-09,15516708.55302207
2023-08-10,15515749.49100446
2023-08-11,15519684.77344831
2023-08-12,15527709.69749568
2023-08-13,15540222.37418888
2023-08-14,15539869.47302042
2023-08-15,15551047.00117995
2023-08-16,15558072.06415752
2023-08-17,15557831.65850937
2023-08-18,15550586.53764151
2023-08-19,15562548.50045915
2023-08-20,15567552.50733164
2023-08-21,15570269.29261596
2023-08-22,15573204.81372938
2023-08-23,15581568.88958287
2023-08-24,15588250.51465283
2023-08-25,15600700.85835542
2023-08-26,15607162.05124237
2023-08-27,15606905.08279442
2023-08-28,15609904.62931223
2023-08-29,15601061.4229083
2023-08-30,15606767.02873426
2023-08-31,15610520.87166694
2023-09-01,15792849.52658618
2023-09-02,15808425.4132733
2023-09-03,15812836.56181139
2023-09-04,15811901.48520165
2023-09-05,15815995.81875768
2023-09-06,15820362.72162899
2023-09-07,15825933.00312614
2023-09-08,15857749.52949532
2023-09-09,15860689.3218603
2023-09-10,15862523.4053813
2023-09-11,15858424.73420614
2023-09-12,15888462.45523252
2023-09-13,15913791.8494797
2023-09-14,15921963.48744808
2023-09-15,15933333.05536662
2023-09-16,15941182.95383088
2023-09-17,15943251.93368462
2023-09-18,15940782.44380342
2023-09-19,15946347.3230311
2023-09-20,15951406.12152444
2023-09-21,15958368.13587036
2023-09-22,15968995.41267758
2023-09-23,15976964.70980663
2023-09-24,15979545.74281833
2023-09-25,15985755.36209224
2023-09-26,15985122.01757091
2023-09-27,15986225.16167062
2023-09-28,15987610.33698397
2023-09-29,15982386.83695913
2023-09-30,15985108.94626202
2023-10-01,15986395.1450767
2023-10-02,15973395.70577957
2023-10-03,15969939.4962182
2023-10-04,15968272.71243761
2023-10-05,15970896.45180604
2023-10-06,15960834.41900333
2023-10-07,15957789.19247068
2023-10-08,15961870.31709401
2023-10-09,16016838.38582802
2023-10-10,16019548.52428008
2023-10-11,16017012.89040242
2023-10-12,16023739.42485018
2023-10-13,16033285.17874319
2023-10-14,16039647.97952049
2023-10-15,16040243.22897197
2023-10-16,16040483.61983441
2023-10-17,16050108.71196337
2023-10-18,16067282.47688987
2023-10-19,16065986.95863212
2023-10-20,16056616.02458844
2023-10-21,16058550.89496099
2023-10-22,16058985.84891321
2023-10-23,16044753.23135731
2023-10-24,16022207.68111571
2023-10-25,16041009.75287692
2023-10-26,16038034.91223781
2023-10-27,16044893.67881125
2023-10-28,16046726.09237198
2023-10-29,16044013.55223682
2023-10-30,16038832.88257635
2023-10-31,16034374.32725275
2023-11-01,16017839.59435406
2023-11-02,16028389.09101527
2023-11-03,16014756.33794969
2023-11-04,16038519.24952599
2023-11-05,16038874.4990301
2023-11-06,16044689.05419797
2023-11-07,16043539.2639333
2023-11-08,16054248.66216938
2023-11-09,15993401.18841081
2023-11-10,15996463.44879599
2023-11-11,15999309.99196685
2023-11-12,16007217.21121364
2023-11-13,16018254.303898
2023-11-14,16027370.43852637
2023-11-15,16028237.1961566
2023-11-16,16027183.52549058
2023-11-17,16052292.83262119
2023-11-18,16064752.04725824
2023-11-19,16064597.74301777
2023-11-20,16070654.68470974
2023-11-21,16162357.58230174
2023-11-22,16152529.07580412
2023-11-23,16176341.77294355
2023-11-24,16183890.01931707
2023-11-25,16208741.3633724
2023-11-26,16214012.50441577
2023-11-27,16215115.42526404
2023-11-28,16214829.99764498
2023-11-29,16247913.39825551
2023-11-30,16252614.98311892
2023-12-01,16271291.684408
2023-12-02,16279520.03700437
2023-12-03,16284683.06440751
2023-12-04,16268692.97280146
2023-12-05,16260772.34366884
2023-12-06,16231841.42937735
2023-12-07,16228360.19732699
2023-12-08,16248655.99866194
2023-12-09,16244465.25431961
2023-12-10,16242712.11386572
2023-12-11,16227307.68629298
2023-12-12,16198633.2110825
2023-12-13,16200200.84519491
2023-12-14,16213651.40022591
2023-12-15,16224721.56133508
2023-12-16,16224387.31762389
2023-12-17,16226291.0673617
2023-12-18,16217453.58066903
2023-12-19,16221472.43979884
2023-12-20,16205234.15371546
2023-12-21,16208137.57074773
2023-12-22,16197221.03332784
2023-12-23,16215211.04545483
2023-12-24,16203874.15082711
2023-12-25,16202706.93187733
2023-12-26,16204099.95914446
2023-12-27,16164796.32683156
2023-12-28,16159864.97202535
2023-12-29,16177370.17690621
2023-12-30,16287671.28847234
2023-12-31,16284946.07761699
2024-01-01,16284196.94795863
2024-01-02,16276425.34701091
2024-01-03,16263406.08286515
2024-01-04,16071611.39957259
2024-01-05,16053442.93806553
2024-01-06,16053695.63740888
2024-01-07,16050938.9985886
2024-01-08,16043861.59476875
2024-01-09,16029028.69538395
2024-01-10,16023627.68159251
2024-01-11,16015800.0094163
2024-01-12,16008911.2137072
2024-01-13,16009011.94317394
2024-01-14,16008895.78319043
2024-01-15,16003685.30273213
2024-01-16,15947521.57686243
2024-01-17,15928934.0123914
2024-01-18,15917780.1472781
2024-01-19,15907481.35215184
2024-01-20,15927732.19877187
2024-01-21,15929278.53069774
2024-01-22,15908900.75341012
2024-01-23,15889941.04699837
2024-01-24,15848846.04176067
2024-01-25,15840481.06386028
2024-01-26,15828704.49757596
2024-01-27,15839359.2243162
2024-01-28,15842529.55870629
2024-01-29,15833905.34190395
2024-01-30,15807538.76108353
2024-01-31,15820369.23593166
2024-02-01,15816140.47481861
2024-02-02,15812791.49446636
2024-02-03,15817539.74407846
2024-02-04,15817623.37990759
2024-02-05,15811538.96076922
2024-02-06,15799139.19310494
2024-02-07,15795232.5675981
2024-02-08,15797588.37100745
2024-02-09,15791505.07090002
2024-02-10,15788804.15170305
2024-02-11,15786636.09477362
2024-02-12,15773305.82957292
2024-02-13,15768082.89171452
2024-02-14,15725494.95295259
2024-02-15,15718064.94726816
2024-02-16,15705533.03736096
2024-02-17,15706103.75053755
2024-02-18,15709150.68100684
2024-02-19,15683467.43182157
2024-02-20,15681325.49092668
2024-02-21,15685036.26006445
2024-02-22,15678234.29284896
2024-02-23,15649916.46925526
2024-02-24,15648721.87931665
2024-02-25,15664398.72152348
2024-02-26,15650739.01656964
2024-02-27,15637326.84471429
2024-02-28,15573478.6450409
2024-02-29,15549828.16598686
2024-03-01,15506978.22446608
2024-03-02,15517191.53362372
2024-03-03,15512797.45878785
2024-03-04,15483830.36342555
2024-03-05,15430829.41640759
2024-03-06,15291435.33085662
2024-03-07,15253833.59271969
2024-03-08,15228468.83505194
2024-03-09,15225125.44610394
2024-03-10,15228473.11408472
2024-03-11,15199716.28269349
2024-03-12,15186072.80866675
2024-03-13,15174529.72619707
2024-03-14,15152226.33244529
2024-03-15,15138271.27551301
2024-03-16,15135294.93976938
2024-03-17,15115069.51727793
2024-03-18,15103912.21992231
2024-03-19,15098196.86567069
2024-03-20,15087261.45271413
2024-03-21,15070799.69739537
2024-03-22,15110615.05548744
2024-03-23,15021169.91288512
2024-03-24,15018080.29605228
2024-03-25,14912188.49362802
2024-03-26,14913208.16400573
2024-03-27,14919030.68180109
2024-03-28,14902312.22712351
2024-03-29,14907054.99098858
2024-03-30,14914783.84663159
2024-03-31,14913191.44196376
2024-04-01,14849925.33886172
2024-04-02,14815520.12282273
2024-04-03,14807751.65935006
2024-04-04,14814447.8664948
2024-04-05,14818109.97398935
2024-04-06,14820087.92993864
2024-04-07,14820693.8320465
2024-04-08,14817469.19505701
2024-04-09,14812514.2938991
2024-04-10,14812513.48638545
2024-04-11,14810941.63836682
2024-04-12,14815911.36805071
2024-04-13,14821921.21020943
2024-04-14,14819838.63053614
2024-04-15,14813903.95690006
2024-04-16,14804545.98083355
2024-04-17,14803281.23890301
2024-04-18,14789989.84616699
2024-04-19,14787066.11300558
2024-04-20,14794622.53306567
2024-04-21,14795411.17385677
2024-04-22,14793675.24863346
2024-04-23,14800559.00016862
2024-04-24,14742947.22137245
2024-04-25,14752674.85381076
2024-04-26,14763638.9868322
2024-04-27,14764096.38516611
2024-04-28,14755740.20424996
2024-04-29,14750926.36765632
2024-04-30,14748125.70838402
2024-05-01,14744491.61991148
2024-05-02,14745683.26570391
2024-05-03,14759245.48007977
2024-05-04,14765775.45181922
2024-05-05,14768934.74630422
2024-05-06,14768669.34952621
2024-05-07,14779728.45207246
2024-05-08,14785800.00656176
2024-05-09,14807861.59616517
2024-05-10,14818487.82835421
2024-05-11,14825628.65536556
2024-05-12,14826432.74219285
2024-05-13,14825992.75440897
2024-05-14,14838086.7551214
2024-05-15,14855804.34647634
2024-05-16,14858647.916793
2024-05-17,14857608.99835335
2024-05-18,14864772.90535391
2024-05-19,14864896.22269929
2024-05-20,14857353.53185579
2024-05-21,14858234.61788873
2024-05-22,14855620.40060469
2024-05-23,14855826.98999957
2024-05-24,14859399.6369934
2024-05-25,14874915.78731781
2024-05-26,14874578.71289319
2024-05-27,14875341.85695867
2024-05-28,14730619.65617616
2024-05-29,14739267.60396835
2024-05-30,14750115.14329855
2024-05-31,14757904.89785361
2024-06-01,14772865.66933359
2024-06-02,14783571.90226058
2024-06-03,14780569.80209671
2024-06-04,14776639.82580865
2024-06-05,14779620.73829278
2024-06-06,14770040.24601934
2024-06-07,14775186.50749763
2024-06-08,14779876.1272486
2024-06-09,14790767.62215097
2024-06-10,14791720.705725
2024-06-11,14774441.19267126
2024-06-12,14779355.96929126
2024-06-13,14790544.07413952
2024-06-14,14800104.99046032
2024-06-15,14801761.60110262
2024-06-16,14805079.35401448
2024-06-17,14803019.37520032
2024-06-18,14809815.61653194
2024-06-19,14853726.27785587
2024-06-20,14863197.42232652
2024-06-21,14917843.63973902
2024-06-22,14878991.12638412
2024-06-23,14879987.10475488
2024-06-24,14867344.03075303
2024-06-25,14873329.12228006
2024-06-26,14892336.20079626
2024-06-27,14877823.78698407
2024-06-28,14877081.42473994
2024-06-29,14881432.56521673
2024-06-30,14883061.45636721
2024-07-01,14875620.5527855
2024-07-02,14880900.93905265
2024-07-03,14877130.03928488
2024-07-04,14846665.66489044
2024-07-05,14802400.64239844
2024-07-06,14809865.82184931
2024-07-07,14804081.59810661
2024-07-08,14805532.4432459
2024-07-09,14801161.52158504
2024-07-10,14823098.99657163
2024-07-11,14834705.65723948
2024-07-12,14842411.77066151
2024-07-13,14849535.18299021
2024-07-14,14854025.47704602
2024-07-15,14848488.45599934
2024-07-16,14857695.73389815
2024-07-17,14857046.58902981
2024-07-18,14870623.68273972
2024-07-19,14870908.64324165
2024-07-20,14881291.85534669
2024-07-21,14884996.00392229
2024-07-22,14884032.6687182
2024-07-23,14856901.95247355
2024-07-24,14868626.05565097
2024-07-25,14871192.74029405
2024-07-26,14888503.11016758
2024-07-27,14892956.89410273
2024-07-28,14894654.04952108
2024-07-29,14890723.81826735
2024-07-30,14865617.77761974
2024-07-31,14908267.15412948
2024-08-01,15038349.9483586
2024-08-02,15071833.84564337
2024-08-03,15107270.07280739
2024-08-04,15109075.27541155
2024-08-05,15077370.11856256
2024-08-06,15108980.36037314
2024-08-07,15174148.54170292
2024-08-08,15281588.40632778
2024-08-09,15329522.30543851
2024-08-10,15344444.22901671
2024-08-11,15352277.38342556
2024-08-12,15358934.85889718
2024-08-13,15431653.52857084
2024-08-14,15457546.47777724
2024-08-15,15540562.07668079
2024-08-16,15599479.91605606
2024-08-17,15621659.04015788
2024-08-18,15629208.99773866
2024-08-19,15635012.44140619
2024-08-20,15660954.62064196
2024-08-21,15671920.98376873
2024-08-22,15682453.11416711
2024-08-23,15692062.58205401
2024-08-24,15713534.83722598
2024-08-25,15812208.5311298
2024-08-26,15820138.14643664
2024-08-27,15824027.77305758
2024-08-28,15843689.54407922
2024-08-29,15832950.94193014
2024-08-30,15851593.52361386
2024-08-31,15855734.77588841
2024-09-01,15863564.79252378
2024-09-02,15865335.54268388
2024-09-03,16083828.45897633
2024-09-04,16090364.92020894
2024-09-05,16097855.17828945
2024-09-06,16106801.95826789
2024-09-07,16115412.05202469
2024-09-08,16121431.58416302
2024-09-09,16111881.19146398
2024-09-10,16118353.157874
2024-09-11,16123520.21635837
2024-09-12,16127056.82033009
2024-09-13,16115898.74183169
2024-09-14,16123309.83534127
2024-09-15,16128629.579537
2024-09-16,16122144.22715615
2024-09-17,16122661.11843829
2024-09-18,16122715.7863305
2024-09-19,16122845.82909732
2024-09-20,16131321.99861573
2024-09-21,16142858.23465829
2024-09-22,16141478.27199186
2024-09-23,16110592.09205586
2024-09-24,16112849.08708094
2024-09-25,16098000.15874525
2024-09-26,16095365.44781748
2024-09-27,16094991.25940359
2024-09-28,16098849.72787459
2024-09-29,16100612.71879747
2024-09-30,16095461.01750047
2024-10-01,16101188.06571379
2024-10-02,16103682.89146319
2024-10-03,16102704.32312382
2024-10-04,16117434.03563133
2024-10-05,16125184.42925137
2024-10-06,16125719.62402862
2024-10-07,16122376.64477458
2024-10-08,15929211.06686611
2024-10-09,15909743.12760304
2024-10-10,15913419.25624528
2024-10-11,15854406.38170747
2024-10-12,15848635.83369849
2024-10-13,15849373.93220169
2024-10-14,15838508.80198719
2024-10-15,15823533.22004874
2024-10-16,15822156.38469139
2024-10-17,15831871.52952251
2024-10-18,15828500.59497249
2024-10-19,15830840.01848178
2024-10-20,15792249.22664086
2024-10-21,15757792.8901477
2024-10-22,15761797.50674731
2024-10-23,15767981.32555962
2024-10-24,15771490.05199615
2024-10-25,15777470.9053995
2024-10-26,15784024.19293764
2024-10-27,15783785.77169683
2024-10-28,15779531.73254649
2024-10-29,15766059.97212838
2024-10-30,15762250.86921011
2024-10-31,15757383.60855951
2024-11-01,15776992.08094268
2024-11-02,15796799.09862325
2024-11-03,15798434.03853788
2024-11-04,15793624.83572524
2024-11-05,15790212.21191114
2024-11-06,15599928.84067128
2024-11-07,15610128.5983574
2024-11-08,15634544.3873345
2024-11-09,15644858.67242066
2024-11-10,15635266.44101972
2024-11-11,15603202.07138391
2024-11-12,15566662.28898548
2024-11-13,15542914.9646367
2024-11-14,15461772.04111604
2024-11-15,15438943.31817905
2024-11-16,15438693.66667935
2024-11-17,15436679.040083
2024-11-18,15417814.69486271
2024-11-19,15366213.6135031
2024-11-20,15330317.74390934
2024-11-21,15264492.43453945
2024-11-22,15197983.84626513
2024-11-23,15183875.11803098
2024-11-24,15218253.49495246
2024-11-25,15173353.6410851
2024-11-26,15156732.20963062
2024-11-27,15145532.11667322
2024-11-28,15134327.98193289
2024-11-29,15185324.41895701
2024-11-30,15188903.73616563
2024-12-01,15185505.77813699
2024-12-02,15167631.6101186
2024-12-03,15150057.26037937
2024-12-04,15136623.36684652
2024-12-05,15011264.26238782
2024-12-06,14885485.33488302
2024-12-07,14926383.71648938
2024-12-08,14934238.31525455
2024-12-09,14899382.382292
2024-12-10,14889612.07737636
2024-12-11,14876301.88538637
2024-12-12,14872437.74723139
2024-12-13,14856613.93529739
2024-12-14,14865018.7604378
2024-12-15,14845483.7807011
2024-12-16,14822870.49742055
2024-12-17,14768032.43208921
2024-12-18,14747313.95008437
2024-12-19,14671287.8860937
2024-12-20,14649281.11418751
2024-12-21,14669790.38756448
2024-12-22,14666063.58827745
2024-12-23,14586212.18829154
2024-12-24,14561471.44408931
2024-12-25,14586254.20775898
2024-12-26,14577484.66378683
2024-12-27,14584088.76220772
2024-12-28,14586558.90759399
2024-12-29,14579121.70656598
2024-12-30,14524635.87483726
2024-12-31,14509997.61447236
2025-01-01,14502874.52787102
2025-01-02,14511198.52124883
2025-01-03,14517869.91738558
2025-01-04,14533384.01778858
2025-01-05,14533482.11883722
2025-01-06,14527526.25937041
2025-01-07,14519878.75363367
2025-01-08,14517420.01918026
2025-01-09,14523441.51518722
2025-01-10,14527062.9271829
2025-01-11,14547260.88703879
2025-01-12,14546306.91878854
2025-01-13,14548412.62638476
2025-01-14,14547788.66159888
2025-01-15,14538006.10815821
2025-01-16,14535219.23581699
2025-01-17,14530441.38971636
2025-01-18,14522934.6000772
2025-01-19,14515549.13314915
2025-01-20,14506620.89557373
2025-01-21,14492314.99340235
2025-01-22,14481816.65895296
2025-01-23,14449444.20037852
2025-01-24,14449918.87107699
2025-01-25,14457065.71648032
2025-01-26,14460142.19891596
2025-01-27,14438989.75477365
2025-01-28,14435256.37211878
2025-01-29,14487674.47635105
2025-01-30,14487000.55382696
2025-01-31,14490871.1961676
2025-02-01,14492390.84148246
2025-02-02,14490278.58783816
2025-02-03,14471798.78287898
2025-02-04,14416875.28179974
2025-02-05,14404031.69915753
2025-02-06,14393310.05556546
2025-02-07,14390481.00653697
2025-02-08,14403984.54943711
2025-02-09,14389383.11311229
2025-02-10,14385017.0501545
2025-02-11,14379172.27616631
2025-02-12,14379172.41281422
2025-02-13,14376527.92773158
2025-02-14,14380405.93145643
2025-02-15,14390512.34930263
2025-02-16,14390880.50378756
2025-02-17,14390318.1464051
2025-02-18,14391915.9490199
2025-02-19,14393877.26044439
2025-02-20,14397163.44258862
2025-02-21,14394530.22351133
2025-02-22,14399187.46152433
2025-02-23,14402706.10157138
2025-02-24,14400068.95647069
2025-02-25,14382213.34892977
2025-02-26,14371370.05922336
2025-02-27,14369307.95262006
2025-02-28,14359412.67124402
2025-03-01,14363574.72980055
2025-03-02,14363321.08860481
2025-03-03,14353594.05728224
2025-03-04,14350898.95552559
2025-03-05,14349746.5270207
2025-03-06,14333080.49324889
2025-03-07,14322150.128699
2025-03-08,14327837.30613165
2025-03-09,14324632.14467406
2025-03-10,14303501.76206012
2025-03-11,14296221.64768941
2025-03-12,14403784.31286959
2025-03-13,14462230.75258195
2025-03-14,14488029.89255469
2025-03-15,14551248.48029749
2025-03-16,14559644.46373381
2025-03-17,14555728.34564563
2025-03-18,14567309.46000651
2025-03-19,14576526.11033365
2025-03-20,14571953.75585649
2025-03-21,14576860.07054868
2025-03-22,14580756.6434378
2025-03-23,14582032.33545416
2025-03-24,14613537.93401598
2025-03-25,14648629.81132267
2025-03-26,14647792.16367007
2025-03-27,14650689.98476095
2025-03-28,14635317.74206187
2025-03-29,14638957.72475619
2025-03-30,14639601.07940226
2025-03-31,14634209.53970411
2025-04-01,14638610.46607938
2025-04-02,14624089.36559799
2025-04-03,14611413.82686618
2025-04-04,14606551.61906996
2025-04-05,14614246.75836477
2025-04-06,14615179.38719326
2025-04-07,14594697.70610604
2025-04-08,14594538.93392728
2025-04-09,14600148.51078357
2025-04-10,14607330.6441489
2025-04-11,14608002.99086994
2025-04-12,14619766.2965795
2025-04-13,14618641.13795786
2025-04-14,14619498.92193422
2025-04-15,14637463.00154916
2025-04-16,14667249.04124312
2025-04-17,14696000.12675376
2025-04-18,14736020.83649051
2025-04-19,14753708.4916814
2025-04-20,14761866.93505108
2025-04-21,14760924.89101167
2025-04-22,14767911.08161981
2025-04-23,14775009.56832621
2025-04-24,14806293.23707226
2025-04-25,14805498.29954238
2025-04-26,14873929.96696859
2025-04-27,14904879.88673449
2025-04-28,14907404.76968231
2025-04-29,14963096.40336276
2025-04-30,14993920.77994046
2025-05-01,14993033.00484793
2025-05-02,14988666.98742205
2025-05-03,14996241.54632261
2025-05-04,15001202.4028998
2025-05-05,14978792.37214448
2025-05-06,14978057.54199603
2025-05-07,14980158.7278936
2025-05-08,14987120.09778162
2025-05-09,15117981.75571059
2025-05-10,15292950.80978354
2025-05-11,15299867.32340096
2025-05-12,15294010.06887579
2025-05-13,15406879.94480929
2025-05-14,15487060.34991721
2025-05-15,15522791.5889038
2025-05-16,15563465.21013726
2025-05-17,15597785.52863915
2025-05-18,15601365.61037285
2025-05-19,15598359.52424104
2025-05-20,15652550.39913106
2025-05-21,15698461.6603281
2025-05-22,15696710.99161865
2025-05-23,15701640.83685197
2025-05-24,15730377.72203013
2025-05-25,15739084.22459376
2025-05-26,15720984.91561047
2025-05-27,15708448.63777188
2025-05-28,15708119.922687
2025-05-29,15692541.37846467
2025-05-30,15691990.24116134
2025-05-31,15698952.30645892
2025-06-01,15704248.16916982
2025-06-02,15708488.23018736
2025-06-03,15737476.89290433
2025-06-04,15825263.42483162
2025-06-05,15827046.9091789
2025-06-06,15829331.64591916
2025-06-07,15838261.47502052
2025-06-08,15838354.93131081
2025-06-09,15836608.47461046
2025-06-10,15833579.71977942
2025-06-11,15855198.52298414
2025-06-12,15868748.83591686
2025-06-13,15860678.68879849
2025-06-14,15909795.46525795
2025-06-15,15921861.60443574
2025-06-16,15902027.92444247
2025-06-17,15899228.74011106
2025-06-18,15895781.31918903
2025-06-19,15906494.10086347
2025-06-20,15908728.4192461
2025-06-21,15916730.45163977
2025-06-22,15917444.42353582
2025-06-23,15911912.12654443
2025-06-24,15919318.38560954
2025-06-25,15917845.0566807
2025-06-26,15910743.15731919
2025-06-27,15898547.14754798
2025-06-28,15915726.96101053
2025-06-29,15916421.05633965
2025-06-30,15893170.41826661
2025-07-01,15900962.90690714
2025-07-02,15898598.24096242
2025-07-03,15888772.4737284
2025-07-04,15811446.16862532
2025-07-05,15823177.5564385
2025-07-06,15824618.39269564
2025-07-07,15808391.74135054
2025-07-08,15834836.12181631
2025-07-09,15832217.77490813
2025-07-10,15854613.99227586
2025-07-11,15833391.85357174
2025-07-12,15831254.30654921
2025-07-13,15828895.00606775
2025-07-14,15806732.13688455
2025-07-15,15798371.27417088
2025-07-16,15701825.03542007
2025-07-17,15666572.11216031
2025-07-18,15656397.68799291
2025-07-19,15658920.63772745
2025-07-20,15659029.95935545
2025-07-21,15650039.68175952
2025-07-22,15631307.37831247
2025-07-23,15617914.00869916
2025-07-24,15610148.11552887
2025-07-25,15595669.26982981
2025-07-26,15602135.15933297
2025-07-27,15601118.26984044
2025-07-28,15593926.89232446
2025-07-29,15581590.80123466
2025-07-30,15596675.91065344
2025-07-31,15603250.43830124
2025-08-01,15614018.12687993
2025-08-02,15633199.6937403
2025-08-03,15629046.00585172
2025-08-04,15623267.98177586
2025-08-05,15623359.44008827
2025-08-06,15628501.97987636
2025-08-07,15620132.36254333
2025-08-08,15613516.17401601
2025-08-09,15618634.07902415
2025-08-10,15616808.43830638
2025-08-11,15614735.82811196
2025-08-12,15624230.5051329
2025-08-13,15633380.30935173
2025-08-14,15652740.42227365
2025-08-15,15679696.36040115
2025-08-16,15654403.1880152
2025-08-17,15652951.81270137
2025-08-18,15649882.31674891
2025-08-19,15630105.39974094
2025-08-20,15622803.57497524
2025-08-21,15612826.72816152
2025-08-22,15588956.97500058
2025-08-23,15588681.4220419
2025-08-24,15587175.80791151
2025-08-25,15580320.20597934
2025-08-26,15571972.05461995
2025-08-27,15589785.67717671
2025-08-28,15559507.52035465
2025-08-29,15460031.25150881
2025-08-30,15466555.9434167
2025-08-31,15481460.60342976
2025-09-01,15479607.76102189
2025-09-02,15481171.07988083
2025-09-03,15475141.46084583
2025-09-04,15487379.75612512
2025-09-05,15466944.84593164
2025-09-06,15472715.96542601
2025-09-07,15470371.30965498
2025-09-08,15468662.40644133
2025-09-09,15474421.59266698
2025-09-10,15470095.3140526
2025-09-11,15468098.56429544
2025-09-12,15468942.42161926
2025-09-13,15472026.0533491
2025-09-14,15471006.54160104
2025-09-15,15462796.15359088
2025-09-16,15454582.55337879
2025-09-17,15436212.4946945
2025-09-18,15426795.7314999
2025-09-19,15415929.92446329
2025-09-20,15407668.67109623
2025-09-21,15406225.53662078
2025-09-22,15404165.66388134
2025-09-23,15393898.20993252
2025-09-24,15395740.02344754
2025-09-25,15395017.40169745
2025-09-26,15385816.91234483
2025-09-27,15398441.61970498
2025-09-28,15401811.33360501
2025-09-29,15397853.09387777
2025-09-30,15392992.75884197
2025-10-01,15357504.58791107
2025-10-02,15329362.43286827
2025-10-03,15317894.37384593
2025-10-04,15324785.26896103
2025-10-05,15332533.80053837
2025-10-06,15324472.99948625
2025-10-07,15285707.14083843
2025-10-08,15282017.17269825
2025-10-09,15263734.79885028
2025-10-10,15259194.03741651
2025-10-11,15252014.81606393
2025-10-12,15252670.37203839
2025-10-13,15251536.66204747
2025-10-14,15194012.06852195
2025-10-15,15145222.33103016
2025-10-16,15144558.03274752
2025-10-17,15129112.17610872
2025-10-18,15130650.96998725
2025-10-19,15130963.8821669
2025-10-20,15132330.96029654
2025-10-21,15132427.54774218
2025-10-22,15122065.43579373
2025-10-23,15120939.65685209
2025-10-24,15131295.24972642
2025-10-25,15154497.0229773
2025-10-26,15152192.03728173
2025-10-27,15141411.29868236
2025-10-28,15114319.23272087
2025-10-29,15099842.7352843
2025-10-30,15060056.49848754
2025-10-31,15052298.68061815
2025-11-01,15060329.6114011
2025-11-02,15060943.33719501
2025-11-03,15045497.92215664
2025-11-04,15023471.33416427
2025-11-05,15126435.38197342
2025-11-06,15108141.71008064
2025-11-07,15039995.3603944
2025-11-08,15032993.59787479
2025-11-09,15039381.37141763
2025-11-10,15018102.6691972
2025-11-11,14997869.52667552
2025-11-12,14988088.1452537
2025-11-13,14980040.46498293
2025-11-14,14957574.47407432
2025-11-15,14966737.1019941
2025-11-16,14963948.20311858
2025-11-17,14930083.82007924
2025-11-18,14862444.56551722
2025-11-19,14843387.35944672
2025-11-20,14823437.85823815
2025-11-21,14801017.49319637
2025-11-22,14265118.8617259
2025-11-23,14099051.6228688
2025-11-24,14091849.27879538
2025-11-25,14096380.92331596
2025-11-26,14054917.82375518
2025-11-27,14070296.2381368
2025-11-28,14078875.42808395
2025-11-29,14098322.02741313
2025-11-30,14096430.71982539
2025-12-01,14076379.89103535
2025-12-02,14102057.24005382
2025-12-03,14071238.73703885
2025-12-04,14069659.66464588
2025-12-05,14079678.39537245
2025-12-06,14085135.8593743
2025-12-07,14084515.00965653
2025-12-08,14062092.92163833
2025-12-09,14051960.20483283
2025-12-10,14011395.36695078
2025-12-11,14020973.69359671
2025-12-12,14008713.28913515
2025-12-13,14031226.3615626
2025-12-14,14032026.87294261
2025-12-15,14024728.27958094
2025-12-16,14022869.53523243
2025-12-17,14023029.96984192
2025-12-18,14038374.09707461
2025-12-19,14055601.12083107
2025-12-20,14047141.81803148
2025-12-21,14049053.52788609
2025-12-22,14042424.73311715
2025-12-23,14045391.72670832
2025-12-24,14078395.74686956
2025-12-25,14088956.74308226
2025-12-26,14089751.77490237
2025-12-27,14110386.72325314
2025-12-28,14109067.03146471
2025-12-29,14101382.07297035
2025-12-30,14097329.45710604
2025-12-31,14077419.24040566
2026-01-01,14074739.20911148
2026-01-02,14082039.53521802
2026-01-03,14094758.17479466
2026-01-04,14094879.63442612
2026-01-05,14089759.68908104
2026-01-06,14102827.58173049
2026-01-07,14062956.23855108
2026-01-08,14090650.61177903
2026-01-09,14092279.10199269
2026-01-10,14094062.40894907
2026-01-11,14096070.34647291
2026-01-12,14089681.19323821
2026-01-13,14085000.31430887
2026-01-14,14087409.68605067
2026-01-15,14095294.24053173
2026-01-16,14121754.96547077
2026-01-17,14140351.74419567
2026-01-18,14141018.044263
2026-01-19,14147101.3326099
2026-01-20,14149288.29013671
2026-01-21,14168027.44938727
2026-01-22,14173240.02941266
2026-01-23,14189630.91152164
2026-01-24,14210553.13963745
2026-01-25,14220327.21114776
2026-01-26,14226724.16279221
2026-01-27,14234373.6842863
2026-01-28,14243333.92418995
2026-01-29,14253939.92004295
2026-01-30,14258916.11658408
2026-01-31,14285366.70157814
2026-02-01,14299029.7943291
2026-02-02,14279157.19045492
2026-02-03,14291297.38973503
2026-02-04,14295544.68455452
2026-02-05,14267640.96322056
2026-02-06,14262574.66549632
2026-02-07,14274857.59098588
2026-02-08,14282392.34125002
2026-02-09,14273491.88928559
2026-02-10,14262152.89364502
2026-02-11,14262890.83462517
2026-02-12,14269143.04541494
2026-02-13,14266927.74631435
2026-02-14,14283865.67163435
2026-02-15,14295363.09999528
2026-02-16,14294648.2886059
2026-02-17,14306652.32809931
2026-02-18,14318164.18059047
2026-02-19,14351087.21493724
2026-02-20,14368022.87098454
2026-02-21,14382801.048702
2026-02-22,14401497.2479857
2026-02-23,14401877.8895102
2026-02-24,14426033.77823168
2026-02-25,14441259.36409109
2026-02-26,14454751.01438616
2026-02-27,14472131.6481702
2026-02-28,14497215.08094039
2026-03-01,14507354.66354928
2026-03-02,14505333.27998363
2026-03-03,14516391.97669751
2026-03-04,14528489.47041847
2026-03-05,14530030.23810558
2026-03-06,14532271.86143125
2026-03-07,14564362.47695795
2026-03-08,14577648.54031681
2026-03-09,14574799.8662684
2026-03-10,14580616.60315392
2026-03-11,14578762.02371314
2026-03-12,14582959.99513542
2026-03-13,14607482.49951467
2026-03-14,14623002.19907699
2026-03-15,14638436.01920693
2026-03-16,14628803.74231385
2026-03-17,14628267.67629482
2026-03-18,14651171.20586678
2026-03-19,14692651.92566808
2026-03-20,14709522.84920022
2026-03-21,14733183.95089301
2026-03-22,14728775.24004605
2026-03-23,14732635.88459925
2026-03-24,14734069.74567961
2026-03-25,14740511.55935048
2026-03-26,14767015.64062318
2026-03-27,14791855.91936084
2026-03-28,14801501.22336479
2026-03-29,14813821.85387681
2026-03-30,14811374.08026886
2026-03-31,14806216.83235167
2026-04-01,14836312.5238098
2026-04-02,14866008.41111552
2026-04-03,14899685.9929782
2026-04-04,14909376.11433619
2026-04-05,14921013.86707008
2026-04-06,14920342.71386782
2026-04-07,14926991.38866459
2026-04-08,14960823.5897489
2026-04-09,14992704.1786153
2026-04-10,15020442.94057217
2026-04-11,15051700.63623281
2026-04-12,15059029.17846102
2026-04-13,15057113.44066963
2026-04-14,15049511.12359703
2026-04-15,15064675.39403278
2026-04-16,15072970.46740144
2026-04-17,15087722.66114559
2026-04-18,15116234.74249443
2026-04-19,15117804.84981886
2026-04-20,15102469.90323783
2026-04-21,15102573.31107688
2026-04-22,15130216.98158926
2026-04-23,15156828.80554326
2026-04-24,15157564.51051404
2026-04-25,15233625.90798137
2026-04-26,15831361.89304759
2026-04-27,16031921.49873569
2026-04-28,16038434.62223206
2026-04-29,16027862.40827266
2026-04-30,16024702.24167099
2026-05-01,16021402.8657966
2026-05-02,16029988.14153969
2026-05-03,16029767.43462543
2026-05-04,16013726.82475627
2026-05-05,16024416.35317659
2026-05-06,16030977.54683743
2026-05-07,16042155.09861338
2026-05-08,16059251.50242983
2026-05-09,16106218.87331963
2026-05-10,16107001.6386088
2026-05-11,16103935.39026946
2026-05-12,16140405.60148716
2026-05-13,16155368.97143831
2026-05-14,16182749.57282907
2026-05-15,16185078.41059171
2026-05-16,16210514.83541901
2026-05-17,16217922.08096183
2026-05-18,16213168.95754963
2026-05-19,16234825.52771198
2026-05-20,16240373.68201057
2026-05-21,16241744.3048476
2026-05-22,16234402.05076717
2026-05-23,16239689.81464975
2026-05-24,16252727.48953697
2026-05-25,16253665.96408349
2026-05-26,16252057.41720481
2026-05-27,16266007.30154083
2026-05-28,16299939.89291769
2026-05-29,16277685.52259105
2026-05-30,16283190.38157461
2026-05-31,16291012.38857832
2026-06-01,16287445.96518359
2026-06-02,16274433.84226312
2026-06-03,16302287.22825944
2026-06-04,16334525.14440163
2026-06-05,16349192.77925411
2026-06-06,16352133.92745524
2026-06-07,16348451.3121791
2026-06-08,16343639.00294017
2026-06-09,16349484.36092288
2026-06-10,16370669.96112657
2026-06-11,16458659.14526815
2026-06-12,16462199.06603718
2026-06-13,16492013.22128314
2026-06-14,16537109.86348744
2026-06-15,16541858.77597608
2026-06-16,16552630.68761578
2026-06-17,16570045.39613658
2026-06-18,16585044.29778614
2026-06-19,16601152.38162508
2026-06-20,16630457.66846603
2026-06-21,16630518.70225403
2026-06-22,16630475.16492171
2026-06-23,16619161.7325469
2026-06-24,16634258.34147548
2026-06-25,16638389.37169972
2026-06-26,16640195.42699663
2026-06-27,16653562.92567924
2026-06-28,16652540.68168319
2026-06-29,16638335.53608899
2026-06-30,16642853.77908623
2026-07-01,16633965.44143258
2026-07-02,16609785.05833334
2026-07-03,16615812.63620054
2026-07-04,16641404.77598718
2026-07-05,16646038.13907691
2026-07-06,16644318.91039256
2026-07-07,16657408.2087781
2026-07-08,16670442.7665275
2026-07-09,16679908.25897793
2026-07-10,16711299.27717863
2026-07-11,16753245.89292167
2026-07-12,16755734.66540415
2026-07-13,16753635.18708107
2026-07-14,16745554.49895255
2026-07-15,16751014.28608747
2026-07-16,16748409.21658884
2026-07-17,16763685.4968479
2026-07-18,16781571.73685628
2026-07-19,16789852.63611131
2026-07-20,16770792.48417707
2026-07-21,16783431.88019948
2026-07-22,16793475.4131305
2026-07-23,16813189.14723549
2026-07-24,16813766.78431105
