date,miner_revenue
2010-07-17,428.2639755000001
2010-07-18,738.2952472000001
2010-07-19,702.9672719999999
2010-07-20,676.3366666666665
2010-07-21,819.8235000000001
2010-07-22,492.316
2010-07-23,601.0347895000001
2010-07-24,515.403
2010-07-25,583.42145
2010-07-26,680.48456
2010-07-27,496.7489846666667
2010-07-28,468.316845
2010-07-29,622.8615880000001
2010-07-30,584.9969755
2010-07-31,688.6978549999999
2010-08-01,730.163941
2010-08-02,726.0126
2010-08-03,681.0
2010-08-04,704.0925
2010-08-05,664.9
2010-08-06,456.435
2010-08-07,457.38629
2010-08-08,605.955
2010-08-09,674.8067199999999
2010-08-10,668.5000000000001
2010-08-11,780.5500000000001
2010-08-12,759.5000000000001
2010-08-13,693.375
2010-08-14,941.35
2010-08-15,675.7515
2010-08-16,481.468885
2010-08-17,451.50000000000006
2010-08-18,452.30608
2010-08-19,450.225
2010-08-20,632.075
2010-08-21,574.36
2010-08-22,699.6
2010-08-23,691.2914999999999
2010-08-24,698.802
2010-08-25,699.8399999999999
2010-08-26,672.0
2010-08-27,555.75
2010-08-28,549.10000007106
2010-08-29,518.41472
2010-08-30,484.0498892
2010-08-31,552.012000018
2010-09-01,489.0599840124602
2010-09-02,492.18
2010-09-03,498.97
2010-09-04,564.539
2010-09-05,508.200616
2010-09-06,486.64000000616
2010-09-07,492.04
2010-09-08,507.333750012299
2010-09-09,412.4992221061111
2010-09-10,546.93000000618
2010-09-11,509.2800000000001
2010-09-12,544.284225
2010-09-13,531.6390000062179
2010-09-14,629.1990953222049
2010-09-15,510.38
2010-09-16,676.71
2010-09-17,617.552
2010-09-18,722.86098
2010-09-19,652.08
2010-09-20,630.315
2010-09-21,538.790000006265
2010-09-22,539.7306
2010-09-23,729.0269999999999
2010-09-24,709.0799999999999
2010-09-25,638.8060000000002
2010-09-26,637.4475
2010-09-27,709.081244
2010-09-28,656.2821432
2010-09-29,503.9145
2010-09-30,451.86999999999995
2010-10-01,477.2037032
2010-10-02,307.000476963182
2010-10-03,372.7714745955376
2010-10-04,468.8685000606771
2010-10-05,386.82
2010-10-06,538.4505000686447
2010-10-07,536.0
2010-10-08,653.9225
2010-10-09,741.02
2010-10-10,858.85
2010-10-11,755.25000010355
2010-10-12,735.475
2010-10-13,924.03675
2010-10-14,1045.5
2010-10-15,929.25
2010-10-16,1302.9
2010-10-17,1377.0
2010-10-18,1274.882048
2010-10-19,1238.6625
2010-10-20,1306.8
2010-10-21,995.10083097805
2010-10-22,816.1999999999999
2010-10-23,918.71149975
2010-10-24,1178.8525
2010-10-25,1339.8
2010-10-26,1811.115
2010-10-27,1999.005
2010-10-28,1895.445
2010-10-29,2118.5
2010-10-30,2506.14
2010-10-31,1722.875
2010-11-01,1730.175
2010-11-02,1705.44
2010-11-03,1834.45
2010-11-04,2311.5
2010-11-05,2889.705
2010-11-06,4142.0
2010-11-07,4097.0
2010-11-08,3341.45169
2010-11-09,2278.5
2010-11-10,2397.43
2010-11-11,2442.945
2010-11-12,2266.29
2010-11-13,3077.4
2010-11-14,3571.712
2010-11-15,2682.128736
2010-11-16,2216.25
2010-11-17,3042.6100000000006
2010-11-18,3441.23
2010-11-19,2064.022016
2010-11-20,1647.222955
2010-11-21,1937.53782
2010-11-22,2317.204208
2010-11-23,1980.785816
2010-11-24,2504.5152681
2010-11-25,2534.0
2010-11-26,2758.785228
2010-11-27,2547.00566
2010-11-28,2331.304918032785
2010-11-29,2435.3794915
2010-11-30,2102.822082
2010-12-01,2138.5091
2010-12-02,2397.0153
2010-12-03,2372.4250105
2010-12-04,2358.70224689762
2010-12-05,2330.25585
2010-12-06,2458.20921817452
2010-12-07,2827.389435831142
2010-12-08,2841.729552
2010-12-09,2141.977910254744
2010-12-10,1498.3117695
2010-12-11,1995.02673253944
2010-12-12,1881.0326863064
2010-12-13,1609.371608442752
2010-12-14,2109.211568911079
2010-12-15,2352.0161833248
2010-12-16,2162.179888222222
2010-12-17,1992.0562639056
2010-12-18,1940.06603508924
2010-12-19,2208.947766410119
2010-12-20,2122.66788717639
2010-12-21,2340.0264
2010-12-22,1962.54435763
2010-12-23,1803.47055015
2010-12-24,1835.21941673344
2010-12-25,2099.176850886948
2010-12-26,1921.27534597535
2010-12-27,2199.52031097005
2010-12-28,2374.47905334027
2010-12-29,2473.390696551866
2010-12-30,2535.027715656
2010-12-31,2430.007005183
2011-01-01,2715.026745774
2011-01-02,2624.76380056568
2011-01-03,2301.2148349359
2011-01-04,2107.606854417544
2011-01-05,2301.711762535769
2011-01-06,2100.92475963098
2011-01-07,2624.0171280384
2011-01-08,2744.655700583157
2011-01-09,2632.49522
2011-01-10,2645.401483987307
2011-01-11,2808.68756170527
2011-01-12,2662.07264452332
2011-01-13,2985.447920585112
2011-01-14,3620.025975548
2011-01-15,3030.14050640382
2011-01-16,3365.106371699694
2011-01-17,3163.0302471426
2011-01-18,2206.591294561795
2011-01-19,2644.7811495
2011-01-20,3627.0457730013
2011-01-21,3653.194699223053
2011-01-22,3640.926335270258
2011-01-23,3760.558847785656
2011-01-24,3947.156577
2011-01-25,3198.0529142679
2011-01-26,3723.0755037
2011-01-27,3369.848508
2011-01-28,3523.42676
2011-01-29,3534.14401871912
2011-01-30,3744.183699019218
2011-01-31,4676.268076
2011-02-01,5803.945876625313
2011-02-02,5620.635799999999
2011-02-03,5571.237125653039
2011-02-04,7866.80023839972
2011-02-05,8120.926099597331
2011-02-06,7936.788625689184
2011-02-07,9033.7807701156
2011-02-08,7711.362825586561
2011-02-09,10411.22305316257
2011-02-10,9069.792755784332
2011-02-11,9951.580546846435
2011-02-12,10583.82114470027
2011-02-13,10395.252
2011-02-14,10541.245755800006
2011-02-15,11812.7556350265
2011-02-16,11932.64528816
2011-02-17,12012.1284004072
2011-02-18,9528.816417
2011-02-19,7639.8014492
2011-02-20,8415.17
2011-02-21,8094.992145
2011-02-22,9181.14011380909
2011-02-23,10935.340068393
2011-02-24,10285.11689075869
2011-02-25,10250.24943615187
2011-02-26,13220.9369549285
2011-02-27,10858.9612
2011-02-28,6526.200584565277
2011-03-01,5981.81847434223
2011-03-02,7895.52891075
2011-03-03,8740.173455121001
2011-03-04,9958.90949484
2011-03-05,12609.84263297821
2011-03-06,12151.442805945
2011-03-07,9342.250830810299
2011-03-08,8137.825560717399
2011-03-09,6918.727684544635
2011-03-10,5133.028815997775
2011-03-11,5725.792361652
2011-03-12,6427.42008741324
2011-03-13,5222.633170653946
2011-03-14,5013.029721166426
2011-03-15,4879.866323815289
2011-03-16,5849.4885819
2011-03-17,5820.357832720535
2011-03-18,4899.983391063835
2011-03-19,4399.68161160675
2011-03-20,5078.241124282996
2011-03-21,5622.956670712262
2011-03-22,4822.128537101999
2011-03-23,6685.580786961818
2011-03-24,6595.457298664146
2011-03-25,7649.190814779001
2011-03-26,5904.75414152
2011-03-27,5922.141245368557
2011-03-28,6714.9555018
2011-03-29,6461.585429257925
2011-03-30,6162.92217173
2011-03-31,7888.4061712
2011-04-01,6814.799974
2011-04-02,7040.05296541164
2011-04-03,6819.5600592607
2011-04-04,6055.8609412096
2011-04-05,6890.742268
2011-04-06,5479.6188220074
2011-04-07,5542.68401276
2011-04-08,6228.007033798999
2011-04-09,5826.49831864
2011-04-10,6378.056443578849
2011-04-11,6278.8626667228
2011-04-12,7013.0381548884
2011-04-13,9035.93602768069
2011-04-14,8009.074010016
2011-04-15,6713.414502910588
2011-04-16,9085.478563959425
2011-04-17,10177.574857625
2011-04-18,8602.53175428434
2011-04-19,9219.811759068545
2011-04-20,8231.280197816439
2011-04-21,8882.8754704304
2011-04-22,12406.7416629
2011-04-23,14330.57326114
2011-04-24,13133.21288991725
2011-04-25,15145.54211114108
2011-04-26,17509.46287302731
2011-04-27,17402.502189967
2011-04-28,18141.495316995
2011-04-29,28821.3741414432
2011-04-30,32936.18762952
2011-05-01,27180.70523942477
2011-05-02,31535.40388336
2011-05-03,33311.86297457378
2011-05-04,33571.66213211435
2011-05-05,36527.98301051592
2011-05-06,37652.99210733773
2011-05-07,38982.93093859735
2011-05-08,42359.78026746255
2011-05-09,45451.375974986
2011-05-10,53163.12585673215
2011-05-11,52568.96086761
2011-05-12,53817.29422311702
2011-05-13,84902.46468163992
2011-05-14,85123.59937753729
2011-05-15,76977.10802840946
2011-05-16,98917.1609696
2011-05-17,92747.24699082151
2011-05-18,99279.11892078191
2011-05-19,59017.41503783807
2011-05-20,61591.4903351158
2011-05-21,67589.5327932835
2011-05-22,84666.7678783689
2011-05-23,101392.3975949843
2011-05-24,111085.6276618802
2011-05-25,129259.771450461
2011-05-26,130034.5913486541
2011-05-27,71094.29511444463
2011-05-28,64441.56287507383
2011-05-29,75985.42556914735
2011-05-30,67924.71006201011
2011-05-31,65539.81466451174
2011-06-01,90541.96313451037
2011-06-02,101360.7020128222
2011-06-03,144985.6542159243
2011-06-04,209453.1193139668
2011-06-05,173814.905769541
2011-06-06,214565.3131035996
2011-06-07,199554.5562829346
2011-06-08,275493.7536062001
2011-06-09,322495.804201768
2011-06-10,266974.8863292496
2011-06-11,185123.1610942147
2011-06-12,218912.6954479165
2011-06-13,221004.642653399
2011-06-14,239308.8665869223
2011-06-15,272666.5053046212
2011-06-16,156828.0221453149
2011-06-17,147746.421447725
2011-06-18,166713.3072700601
2011-06-19,194521.633088841
2011-06-20,204865.2548534275
2011-06-21,226128.0499839216
2011-06-22,233098.9823236072
2011-06-23,218285.0408555406
2011-06-24,201027.095829905
2011-06-25,128714.5837672328
2011-06-26,122343.2624787382
2011-06-27,141982.3915379143
2011-06-28,135880.3166692803
2011-06-29,145676.232201717
2011-06-30,154552.7810067129
2011-07-01,133179.5555551759
2011-07-02,130356.922059672
2011-07-03,127589.3688747215
2011-07-04,117691.6210099247
2011-07-05,89805.64626429482
2011-07-06,116172.6532254836
2011-07-07,96951.01390996562
2011-07-08,118277.9057455221
2011-07-09,107298.8628168931
2011-07-10,101204.1156456995
2011-07-11,111767.6193505843
2011-07-12,98995.42416523678
2011-07-13,133472.0293982661
2011-07-14,100971.6908493911
2011-07-15,112086.0461751644
2011-07-16,107847.5048083285
2011-07-17,112087.0672581896
2011-07-18,114269.766984418
2011-07-19,98483.69511113915
2011-07-20,101473.5881922191
2011-07-21,103574.5230857185
2011-07-22,103585.8701092036
2011-07-23,99969.4470623112
2011-07-24,116176.7328438146
2011-07-25,115690.9771508278
2011-07-26,122263.0382508287
2011-07-27,121119.7569839576
2011-07-28,104586.4265323082
2011-07-29,110914.1959636451
2011-07-30,102926.6889091702
2011-07-31,117165.0521116858
2011-08-01,108139.4990432203
2011-08-02,92951.74885013387
2011-08-03,72767.28179354039
2011-08-04,69380.19144726593
2011-08-05,68470.99719355926
2011-08-06,39875.67877771385
2011-08-07,51501.01553404313
2011-08-08,53305.22257733146
2011-08-09,71280.62772036818
2011-08-10,76219.23831687255
2011-08-11,64842.49027516181
2011-08-12,62022.75996357961
2011-08-13,65871.4829239637
2011-08-14,71022.99004950917
2011-08-15,71949.50648946683
2011-08-16,80657.14682418761
2011-08-17,74826.95147424417
2011-08-18,78162.72617776762
2011-08-19,76397.986068425
2011-08-20,87089.61386038721
2011-08-21,90650.09434915899
2011-08-22,92532.08065795162
2011-08-23,84763.51129353145
2011-08-24,72793.36909577051
2011-08-25,65426.02032358274
2011-08-26,60155.39307096556
2011-08-27,52443.41330067892
2011-08-28,52696.06236947163
2011-08-29,61927.86466439236
2011-08-30,64293.29828057439
2011-08-31,63781.04477668348
2011-09-01,53122.47199019451
2011-09-02,67316.62852526567
2011-09-03,61505.21846486563
2011-09-04,54878.12358768347
2011-09-05,59181.04768520853
2011-09-06,51873.09433153388
2011-09-07,48923.81634351301
2011-09-08,42169.13659307905
2011-09-09,38966.75810719644
2011-09-10,31708.43387435206
2011-09-11,36994.04597005055
2011-09-12,40341.11320690523
2011-09-13,40914.111869736
2011-09-14,41043.91223533438
2011-09-15,37521.32432585863
2011-09-16,28408.80256952686
2011-09-17,31948.06274392913
2011-09-18,41410.21435560911
2011-09-19,34720.97427075104
2011-09-20,42843.75220772391
2011-09-21,41354.13134919092
2011-09-22,40525.08603832563
2011-09-23,36981.38810390267
2011-09-24,35328.09040684599
2011-09-25,36274.14996121832
2011-09-26,32637.690669816
2011-09-27,31339.31968578603
2011-09-28,34634.32648014553
2011-09-29,29920.1784640433
2011-09-30,31427.82041549634
2011-10-01,35897.70733033776
2011-10-02,30429.39541429791
2011-10-03,36469.49439671076
2011-10-04,27794.2211118
2011-10-05,35398.88238657505
2011-10-06,30338.61657657849
2011-10-07,29500.66364044413
2011-10-08,23848.20439031125
2011-10-09,26065.34334242579
2011-10-10,25148.39497946788
2011-10-11,18430.79826634905
2011-10-12,24919.209001997
2011-10-13,19640.65791219211
2011-10-14,27729.77401959687
2011-10-15,25794.82254623256
2011-10-16,21267.09171361327
2011-10-17,15082.31194388404
2011-10-18,14462.93397825258
2011-10-19,15051.37959323982
2011-10-20,13515.14369276287
2011-10-21,15510.25662884027
2011-10-22,15388.62569588247
2011-10-23,17099.20455211979
2011-10-24,16128.17686791273
2011-10-25,17897.39714363787
2011-10-26,16230.67034956347
2011-10-27,15208.73222433318
2011-10-28,16731.98450237643
2011-10-29,20173.06430173015
2011-10-30,18117.57381751891
2011-10-31,21256.67808944774
2011-11-01,23743.7270195243
2011-11-02,25064.17155777418
2011-11-03,19731.05443715979
2011-11-04,22467.18055834726
2011-11-05,21710.05326529239
2011-11-06,21317.36129244486
2011-11-07,19850.83195558242
2011-11-08,22703.03463440106
2011-11-09,23742.7890376169
2011-11-10,20085.92295264431
2011-11-11,18293.91163011999
2011-11-12,21679.06847992694
2011-11-13,21579.6428369077
2011-11-14,15322.91007241149
2011-11-15,19183.71238289077
2011-11-16,17342.83276587191
2011-11-17,15643.9075407075
2011-11-18,13646.21564794236
2011-11-19,13533.39458325998
2011-11-20,15737.7277889827
2011-11-21,13513.57018112548
2011-11-22,16295.56883092996
2011-11-23,15632.95957654033
2011-11-24,13725.80559519921
2011-11-25,16840.54917380605
2011-11-26,14827.1807646313
2011-11-27,14125.07774652511
2011-11-28,16183.07772531106
2011-11-29,18988.39312024773
2011-11-30,23859.67190305289
2011-12-01,27936.19799651231
2011-12-02,22724.09611372638
2011-12-03,21169.1422005401
2011-12-04,19239.09758967331
2011-12-05,22532.01238553166
2011-12-06,25949.40160917747
2011-12-07,20530.23431657001
2011-12-08,24515.64070784498
2011-12-09,21781.71254665928
2011-12-10,22000.32998573875
2011-12-11,25422.63088007548
2011-12-12,20534.12989620939
2011-12-13,21462.51555527333
2011-12-14,24091.81681709701
2011-12-15,17956.2241823715
2011-12-16,18927.57396296565
2011-12-17,24011.74587934638
2011-12-18,22995.9367865239
2011-12-19,28029.4560680825
2011-12-20,26696.70038312588
2011-12-21,28938.18566557213
2011-12-22,28934.44523586572
2011-12-23,27835.09135865524
2011-12-24,28573.8485460084
2011-12-25,36769.85958047025
2011-12-26,35515.71769042572
2011-12-27,29793.46125292642
2011-12-28,32438.4125051148
2011-12-29,28766.64273979593
2011-12-30,30173.86550511144
2011-12-31,35666.92838884369
2012-01-01,40398.513960954
2012-01-02,39415.65841359611
2012-01-03,38849.38770818405
2012-01-04,41706.1198226226
2012-01-05,51364.28838222955
2012-01-06,57301.639043171
2012-01-07,62697.75751146919
2012-01-08,58136.78793472684
2012-01-09,51833.85123555532
2012-01-10,45501.87609133536
2012-01-11,52824.0903171231
2012-01-12,52963.50526101705
2012-01-13,44957.29567899081
2012-01-14,50711.41754068356
2012-01-15,48935.91701434831
2012-01-16,58433.38020754393
2012-01-17,43745.96106827709
2012-01-18,37933.18589907033
2012-01-19,47831.59934138883
2012-01-20,46358.58491988263
2012-01-21,50586.78746531755
2012-01-22,42902.70390395962
2012-01-23,53946.84194433365
2012-01-24,43613.85298126716
2012-01-25,42927.7627641087
2012-01-26,36855.81268087041
2012-01-27,37396.72446988482
2012-01-28,40859.58222920963
2012-01-29,46169.51162962937
2012-01-30,47376.02545174847
2012-01-31,41256.35440582367
2012-02-01,42851.86973012026
2012-02-02,48565.22119386606
2012-02-03,47081.91342273803
2012-02-04,46152.68759144987
2012-02-05,40383.43374415704
2012-02-06,40099.2403928763
2012-02-07,38623.70228258187
2012-02-08,40628.49572895132
2012-02-09,42380.53288338284
2012-02-10,40851.49306526485
2012-02-11,41744.6782435623
2012-02-12,43587.14116638088
2012-02-13,36231.33022264147
2012-02-14,30658.8744710229
2012-02-15,28646.72040970229
2012-02-16,29501.59647715247
2012-02-17,33427.01308672311
2012-02-18,36242.99676440923
2012-02-19,34600.99069929008
2012-02-20,30628.93693808312
2012-02-21,27766.13218275865
2012-02-22,35366.01490816315
2012-02-23,41687.20455722288
2012-02-24,37489.74634716976
2012-02-25,39451.95352088981
2012-02-26,36961.7155278861
2012-02-27,38219.98988903801
2012-02-28,38920.75049885601
2012-02-29,43513.59881867449
2012-03-01,37189.1048021508
2012-03-02,31623.42000864971
2012-03-03,26102.76120254565
2012-03-04,32837.13165516188
2012-03-05,36117.06478031236
2012-03-06,34234.18339633357
2012-03-07,37922.32940280233
2012-03-08,38475.33400375496
2012-03-09,40861.81872755318
2012-03-10,36814.5428105168
2012-03-11,32725.66850454898
2012-03-12,40716.40341199926
2012-03-13,42259.51778198086
2012-03-14,36926.55288612618
2012-03-15,31465.57344742964
2012-03-16,40926.75846805846
2012-03-17,44053.56719089425
2012-03-18,42254.50953816104
2012-03-19,33585.82221123715
2012-03-20,38722.9623164488
2012-03-21,37968.06652978011
2012-03-22,37384.11210514622
2012-03-23,29473.79892391653
2012-03-24,43005.60263696328
2012-03-25,35748.9928645914
2012-03-26,34907.17568355362
2012-03-27,37540.81222919418
2012-03-28,36100.62213231422
2012-03-29,33554.85657808546
2012-03-30,37436.75731617482
2012-03-31,41624.44360927027
2012-04-01,34245.41469496741
2012-04-02,28909.71162918671
2012-04-03,32955.94337784808
2012-04-04,33726.72906279648
2012-04-05,28800.14568876519
2012-04-06,33570.82393027673
2012-04-07,30214.19003328944
2012-04-08,35977.409979542
2012-04-09,35428.63582415791
2012-04-10,35561.09651923193
2012-04-11,34768.96714400688
2012-04-12,31149.59517310153
2012-04-13,30379.71066377063
2012-04-14,34528.68882717565
2012-04-15,26602.12582183806
2012-04-16,37122.5430935916
2012-04-17,33608.11892348006
2012-04-18,33268.22470709402
2012-04-19,40111.63332093201
2012-04-20,41369.4508857179
2012-04-21,40333.63905825217
2012-04-22,36449.93970093437
2012-04-23,33766.94662819667
2012-04-24,35211.14234378564
2012-04-25,32615.42738050203
2012-04-26,39570.08238116508
2012-04-27,34490.45685536697
2012-04-28,37876.87221156699
2012-04-29,43762.17257499647
2012-04-30,44208.41533251487
2012-05-01,42512.4585329106
2012-05-02,37770.34333466997
2012-05-03,40098.75999015024
2012-05-04,40846.40378589528
2012-05-05,42429.71244077342
2012-05-06,41446.44282449564
2012-05-07,43195.72196191785
2012-05-08,44457.90034148785
2012-05-09,41419.75015177975
2012-05-10,31415.73490153166
2012-05-11,35480.20410008657
2012-05-12,31462.38148126678
2012-05-13,34567.9246974749
2012-05-14,34944.44821146905
2012-05-15,32830.28136220668
2012-05-16,30633.14472309544
2012-05-17,29572.66489720974
2012-05-18,37193.20602962655
2012-05-19,38229.61714848247
2012-05-20,35222.9651487677
2012-05-21,32165.29768013543
2012-05-22,29292.30657184668
2012-05-23,33458.44057149897
2012-05-24,32093.43459590886
2012-05-25,31168.85289921338
2012-05-26,36312.54111251057
2012-05-27,40670.25249901132
2012-05-28,36564.27842094438
2012-05-29,32532.22271264659
2012-05-30,33731.11160368058
2012-05-31,35889.10888130278
2012-06-01,40039.66714026577
2012-06-02,42029.28137604443
2012-06-03,39675.87099073552
2012-06-04,40912.5362773473
2012-06-05,39896.14359853966
2012-06-06,41844.16011350402
2012-06-07,38981.5347389741
2012-06-08,39796.63216423165
2012-06-09,47385.90126356547
2012-06-10,45500.03047093061
2012-06-11,39172.94399547637
2012-06-12,44602.39608801089
2012-06-13,44627.23207505823
2012-06-14,46756.15069654867
2012-06-15,52151.51679089532
2012-06-16,50377.05465033779
2012-06-17,50823.82572766758
2012-06-18,55255.67985020245
2012-06-19,47929.82326425709
2012-06-20,48514.7049240186
2012-06-21,45507.83926840398
2012-06-22,45160.00259535029
2012-06-23,52917.51433873223
2012-06-24,41685.60610731073
2012-06-25,48676.7264531896
2012-06-26,47942.60408042823
2012-06-27,54092.40432293854
2012-06-28,45354.88216957195
2012-06-29,48632.50470136046
2012-06-30,44247.03102251302
2012-07-01,47129.82473861047
2012-07-02,51500.6113091825
2012-07-03,51679.44123143543
2012-07-04,48912.17627017538
2012-07-05,48028.20135938632
2012-07-06,51481.31821644244
2012-07-07,56551.51525237686
2012-07-08,52090.39225710778
2012-07-09,56724.86312303108
2012-07-10,54171.95125894121
2012-07-11,48158.089225007
2012-07-12,57769.56186743839
2012-07-13,62427.24142156379
2012-07-14,60850.34045550553
2012-07-15,53481.20397235674
2012-07-16,63767.10429342477
2012-07-17,75400.75758055107
2012-07-18,70671.87607653136
2012-07-19,59973.16489343512
2012-07-20,63505.14804551464
2012-07-21,62537.99636710286
2012-07-22,65508.78219566839
2012-07-23,59716.4655625061
2012-07-24,69062.9397477984
2012-07-25,70542.43010052985
2012-07-26,75284.96641782318
2012-07-27,79362.9398339
2012-07-28,67909.51177782423
2012-07-29,72450.90310815444
2012-07-30,80131.11023464137
2012-07-31,60784.63659367438
2012-08-01,63868.88442721225
2012-08-02,87441.45290843795
2012-08-03,88116.95890569755
2012-08-04,85237.14808495349
2012-08-05,75649.40941262677
2012-08-06,76161.13907547343
2012-08-07,90008.19271426054
2012-08-08,92392.0592913074
2012-08-09,94774.31431747603
2012-08-10,89135.52325071915
2012-08-11,96936.07045228755
2012-08-12,92606.21137609085
2012-08-13,96482.34566690697
2012-08-14,95912.01429143005
2012-08-15,111054.9009416196
2012-08-16,104149.384547289
2012-08-17,80951.46445317476
2012-08-18,86307.02868125009
2012-08-19,72247.46091998853
2012-08-20,87914.01301426704
2012-08-21,85937.34154927869
2012-08-22,76377.4959089522
2012-08-23,83535.3233877232
2012-08-24,78746.24163924297
2012-08-25,73087.66097942252
2012-08-26,94693.43714088076
2012-08-27,79548.22185180063
2012-08-28,82326.52568012796
2012-08-29,91539.39182013048
2012-08-30,83259.89379394474
2012-08-31,71160.88019403623
2012-09-01,80667.01511182505
2012-09-02,84004.75293357829
2012-09-03,83005.84190476782
2012-09-04,79608.39299362223
2012-09-05,99076.27375545898
2012-09-06,95917.28932742638
2012-09-07,92647.55554421328
2012-09-08,80278.22505673456
2012-09-09,88277.22842250999
2012-09-10,83720.42885301844
2012-09-11,81732.79383329279
2012-09-12,88109.12138191388
2012-09-13,74148.38941567135
2012-09-14,95263.17442853918
2012-09-15,84287.02787933218
2012-09-16,95673.01302360128
2012-09-17,100109.4759828544
2012-09-18,102936.4224157802
2012-09-19,88548.5430873204
2012-09-20,93984.07429634608
2012-09-21,104672.6844436307
2012-09-22,96080.9081672165
2012-09-23,95796.73541281336
2012-09-24,92844.98755490484
2012-09-25,84508.66171131349
2012-09-26,86571.14031123887
2012-09-27,99355.17410700979
2012-09-28,97741.3359907848
2012-09-29,104026.7517354669
2012-09-30,98521.02864503712
2012-10-01,79113.10793251068
2012-10-02,93051.30404155325
2012-10-03,86285.66079594514
2012-10-04,85298.12435169035
2012-10-05,86710.568384841
2012-10-06,97193.0589724174
2012-10-07,74158.98114179939
2012-10-08,104933.2950530129
2012-10-09,84681.50328535723
2012-10-10,90385.04463410139
2012-10-11,83278.1440790532
2012-10-12,89077.0216299966
2012-10-13,88054.20688325402
2012-10-14,74677.97963203334
2012-10-15,99978.78533673694
2012-10-16,91860.9760309585
2012-10-17,85454.9320770844
2012-10-18,93749.80742484171
2012-10-19,79602.56907260756
2012-10-20,92674.77764247412
2012-10-21,94156.38795945492
2012-10-22,92394.70680572033
2012-10-23,76367.46170597909
2012-10-24,94613.11145503109
2012-10-25,77073.42611632866
2012-10-26,84150.34941994026
2012-10-27,90445.46320553927
2012-10-28,88787.95093953084
2012-10-29,83871.35434072564
2012-10-30,77807.40086904413
2012-10-31,79733.12167898413
2012-11-01,72748.36176803177
2012-11-02,74753.93645522856
2012-11-03,77889.8148208092
2012-11-04,85174.34502295198
2012-11-05,85917.0200504112
2012-11-06,73392.85829164973
2012-11-07,85690.9328711074
2012-11-08,83863.38881736623
2012-11-09,82405.83033760874
2012-11-10,78534.9687890783
2012-11-11,77608.14174427743
2012-11-12,72248.38234976257
2012-11-13,76395.13827763044
2012-11-14,78539.7562470374
2012-11-15,75972.9747175739
2012-11-16,85523.60307956833
2012-11-17,82823.71249958623
2012-11-18,85044.44954774585
2012-11-19,86181.14802297897
2012-11-20,86066.423193028
2012-11-21,89264.83023043351
2012-11-22,89012.92411758685
2012-11-23,100868.4172514623
2012-11-24,93668.43172040241
2012-11-25,91658.43259236166
2012-11-26,96263.3570713119
2012-11-27,91185.58294982152
2012-11-28,106281.7683128853
2012-11-29,52036.7959730175
2012-11-30,39517.17784334908
2012-12-01,47759.56405741513
2012-12-02,44647.97174545311
2012-12-03,46736.01854847177
2012-12-04,37925.5672229175
2012-12-05,40623.44967697858
2012-12-06,46165.72443109158
2012-12-07,43722.55333802778
2012-12-08,47067.26379489775
2012-12-09,42371.6293099893
2012-12-10,48537.88981234618
2012-12-11,49065.96012987784
2012-12-12,44743.21662660583
2012-12-13,45580.49547942615
2012-12-14,36488.87144507061
2012-12-15,39509.40260454876
2012-12-16,37545.27088531327
2012-12-17,42074.68788139537
2012-12-18,41937.657537386
2012-12-19,48506.13439629006
2012-12-20,36344.00959332825
2012-12-21,42462.86889034505
2012-12-22,51812.65013181572
2012-12-23,41093.99405808256
2012-12-24,43692.16590554007
2012-12-25,41767.34731548142
2012-12-26,52202.47116708581
2012-12-27,52530.24234744615
2012-12-28,57202.7047235905
2012-12-29,48437.0545626852
2012-12-30,56318.57950465741
2012-12-31,53702.38400954504
2013-01-01,53876.8543395464
2013-01-02,50273.01244245756
2013-01-03,53916.2792895931
2013-01-04,50897.74390442854
2013-01-05,46765.977440834
2013-01-06,48127.2335196035
2013-01-07,55914.411362568
2013-01-08,45324.98473707
2013-01-09,44580.2206261916
2013-01-10,53597.51710796
2013-01-11,41545.44781464
2013-01-12,42873.7741785363
2013-01-13,45887.3160657076
2013-01-14,55620.43349840718
2013-01-15,43474.51763242944
2013-01-16,48184.6745432785
2013-01-17,43149.447078881
2013-01-18,47672.51312957122
2013-01-19,60190.2736654578
2013-01-20,50886.30903442
2013-01-21,55231.42794838812
2013-01-22,63035.60312582451
2013-01-23,55902.095024825
2013-01-24,68192.1373711942
2013-01-25,60627.59804042699
2013-01-26,68738.63119492313
2013-01-27,67279.865382048
2013-01-28,69417.7601261593
2013-01-29,77392.5597734895
2013-01-30,75074.8380023795
2013-01-31,99697.4092472094
2013-02-01,75899.23611041483
2013-02-02,77280.62362716724
2013-02-03,95432.87377822072
2013-02-04,84147.956290713
2013-02-05,86506.4406624192
2013-02-06,76995.6996798915
2013-02-07,84637.7494629953
2013-02-08,85667.18311130829
2013-02-09,83746.80970729192
2013-02-10,96301.0934194036
2013-02-11,96329.4429236328
2013-02-12,89728.93006062819
2013-02-13,108667.8656463595
2013-02-14,104625.617850154
2013-02-15,122372.22508128
2013-02-16,131333.878225275
2013-02-17,127394.2748732308
2013-02-18,109566.795791164
2013-02-19,118189.2450009284
2013-02-20,146403.6510540273
2013-02-21,133544.7121869
2013-02-22,130818.836915936
2013-02-23,122537.2369654524
2013-02-24,117482.8441271544
2013-02-25,157220.4580273357
2013-02-26,130835.256242549
2013-02-27,153187.203118198
2013-02-28,142695.5803252226
2013-03-01,133647.4218386759
2013-03-02,125577.7704356672
2013-03-03,138861.4559772521
2013-03-04,165571.885129524
2013-03-05,144405.660907872
2013-03-06,171069.3188535383
2013-03-07,169291.9820978008
2013-03-08,177123.9209525648
2013-03-09,196747.32869152
2013-03-10,209978.1095931085
2013-03-11,200233.59139102
2013-03-12,154323.5680294732
2013-03-13,186911.955165817
2013-03-14,212570.510209815
2013-03-15,205400.1624545325
2013-03-16,205935.3186983162
2013-03-17,247528.2278718129
2013-03-18,240199.3770834889
2013-03-19,255561.283180905
2013-03-20,342406.5831548297
2013-03-21,397309.0848119728
2013-03-22,404914.755626163
2013-03-23,350018.480458314
2013-03-24,335443.0284869858
2013-03-25,273728.6358127377
2013-03-26,304900.8215872105
2013-03-27,297818.305706877
2013-03-28,412509.7193235102
2013-03-29,396964.7439129
2013-03-30,404902.1062616071
2013-03-31,410639.0218633284
2013-04-01,522812.0078420564
2013-04-02,531096.5739091116
2013-04-03,589268.130199751
2013-04-04,529815.2623307711
2013-04-05,568184.0305965511
2013-04-06,580053.27881625
2013-04-07,681150.7952171469
2013-04-08,726286.8686558607
2013-04-09,1020984.700515675
2013-04-10,774746.6346646746
2013-04-11,329959.024290098
2013-04-12,474557.6653323395
2013-04-13,391202.1131340828
2013-04-14,353359.0299911397
2013-04-15,308896.1121344
2013-04-16,304347.8228951035
2013-04-17,389293.416695528
2013-04-18,405414.6068217797
2013-04-19,410224.9984946743
2013-04-20,489138.9333121694
2013-04-21,521365.8860380909
2013-04-22,476729.073197527
2013-04-23,583934.5130349286
2013-04-24,614406.285986058
2013-04-25,618730.0250021823
2013-04-26,592618.0546951052
2013-04-27,478179.8862948265
2013-04-28,603089.5704976039
2013-04-29,629887.6493174965
2013-04-30,526336.1797612051
2013-05-01,445504.6832066275
2013-05-02,362151.5448988522
2013-05-03,339962.9332157653
2013-05-04,453654.6058459714
2013-05-05,486193.8147059652
2013-05-06,473167.1401994212
2013-05-07,471128.8908145485
2013-05-08,474115.6729378108
2013-05-09,465096.5175458924
2013-05-10,514472.4934521262
2013-05-11,532148.4128939759
2013-05-12,487377.783118225
2013-05-13,511071.0970562719
2013-05-14,418332.951194394
2013-05-15,389357.1553714866
2013-05-16,428052.6413641375
2013-05-17,479272.6518693683
2013-05-18,446040.0045648969
2013-05-19,456433.3107834874
2013-05-20,384367.2325529455
2013-05-21,448446.4883064844
2013-05-22,470335.062396425
2013-05-23,545675.3904369522
2013-05-24,549823.6171153178
2013-05-25,537725.3534101802
2013-05-26,533857.3068457304
2013-05-27,561662.0060940046
2013-05-28,504097.606213096
2013-05-29,553849.3141412893
2013-05-30,574183.2645628001
2013-05-31,565243.5791839302
2013-06-01,690837.8706880172
2013-06-02,614646.0984627643
2013-06-03,663039.0411949175
2013-06-04,647236.171461013
2013-06-05,564762.7582379405
2013-06-06,542524.2622221281
2013-06-07,448317.7776528527
2013-06-08,498798.3014212939
2013-06-09,399713.4567811244
2013-06-10,457364.8160094614
2013-06-11,488246.6962383804
2013-06-12,542522.2832008097
2013-06-13,478825.8012081392
2013-06-14,450111.5093021162
2013-06-15,434498.9344883885
2013-06-16,460955.4363209894
2013-06-17,366185.317147
2013-06-18,368680.0314936951
2013-06-19,361747.6765184127
2013-06-20,403732.6173876745
2013-06-21,430996.8827668906
2013-06-22,445558.427754
2013-06-23,417494.4449603601
2013-06-24,375881.4673586388
2013-06-25,387308.3035701389
2013-06-26,432525.8612879581
2013-06-27,407283.6096948546
2013-06-28,381592.6082391531
2013-06-29,378110.4891097716
2013-06-30,344876.2903950033
2013-07-01,331199.0978318953
2013-07-02,337210.2934155772
2013-07-03,360396.1078354375
2013-07-04,328708.9964610004
2013-07-05,314119.6853129324
2013-07-06,311427.6929498579
2013-07-07,344144.7366286826
2013-07-08,358346.098511614
2013-07-09,349482.1241662573
2013-07-10,421650.5745478014
2013-07-11,382103.9587243768
2013-07-12,349937.5797258713
2013-07-13,360470.372480026
2013-07-14,389245.4601826476
2013-07-15,386558.8456087282
2013-07-16,378788.1438890235
2013-07-17,422000.0644013953
2013-07-18,343835.5899769154
2013-07-19,371570.3854944247
2013-07-20,394768.9449130862
2013-07-21,429229.6080179129
2013-07-22,355910.7071842059
2013-07-23,308139.6200288074
2013-07-24,354264.1335275293
2013-07-25,331983.7605626754
2013-07-26,370774.5863279885
2013-07-27,401757.6010809696
2013-07-28,390762.6846341153
2013-07-29,418425.5857069332
2013-07-30,480265.8081582622
2013-07-31,471439.6304208943
2013-08-01,431063.0100820139
2013-08-02,462776.2124497124
2013-08-03,408613.392498402
2013-08-04,434337.3278138054
2013-08-05,464833.2007593711
2013-08-06,468089.7000307848
2013-08-07,454405.2902449092
2013-08-08,487755.9625034336
2013-08-09,451657.1725768048
2013-08-10,493699.6897622568
2013-08-11,511469.5782146156
2013-08-12,517509.9730991176
2013-08-13,450479.2969404212
2013-08-14,418444.381430673
2013-08-15,423166.2023740358
2013-08-16,417262.5440007225
2013-08-17,476768.4576985853
2013-08-18,486167.672319789
2013-08-19,460114.76957666
2013-08-20,501398.4449459742
2013-08-21,544657.1989013352
2013-08-22,595779.6251246987
2013-08-23,531388.9094912963
2013-08-24,501928.0401579673
2013-08-25,430654.4249675446
2013-08-26,468641.2812131931
2013-08-27,502014.4172561929
2013-08-28,555605.2995201681
2013-08-29,563338.0135626586
2013-08-30,645364.3199538789
2013-08-31,719665.2551181681
2013-09-01,725201.0400565433
2013-09-02,705296.1119744872
2013-09-03,630554.4867208572
2013-09-04,501189.7604326454
2013-09-05,552723.9917328994
2013-09-06,546047.7569047082
2013-09-07,437655.2331640381
2013-09-08,467578.1714437636
2013-09-09,619014.4686182666
2013-09-10,585981.2178304711
2013-09-11,639389.1759455281
2013-09-12,678293.9241816604
2013-09-13,653327.0835055091
2013-09-14,680989.8670584501
2013-09-15,570636.9518889392
2013-09-16,490853.7744370606
2013-09-17,606287.8184399618
2013-09-18,537741.5850719559
2013-09-19,601131.8007770402
2013-09-20,618230.6590427948
2013-09-21,586385.613016898
2013-09-22,628250.832607851
2013-09-23,648736.7503748231
2013-09-24,659786.4773587983
2013-09-25,638801.4145687297
2013-09-26,509003.264382611
2013-09-27,575002.8924396313
2013-09-28,564220.8485667161
2013-09-29,543075.1365625391
2013-09-30,517719.919524775
2013-10-01,601031.0146587519
2013-10-02,499402.9184631595
2013-10-03,589222.3358786947
2013-10-04,551750.7946113254
2013-10-05,667003.8190179125
2013-10-06,569107.8138553957
2013-10-07,485999.6898904407
2013-10-08,502654.4534448307
2013-10-09,567226.722103652
2013-10-10,612578.139644284
2013-10-11,592138.9683580179
2013-10-12,687106.6073825936
2013-10-13,736404.078882614
2013-10-14,850490.1537004611
2013-10-15,941806.5984135151
2013-10-16,729561.7811795005
2013-10-17,606143.2958218812
2013-10-18,739736.556390466
2013-10-19,931469.5363120399
2013-10-20,833467.8875224713
2013-10-21,956503.515877988
2013-10-22,1169645.773518769
2013-10-23,1134636.372896608
2013-10-24,1053714.321878002
2013-10-25,1110606.574265532
2013-10-26,823344.2394358064
2013-10-27,880323.7503723851
2013-10-28,864307.4872535948
2013-10-29,825922.4136670228
2013-10-30,972319.4710461419
2013-10-31,1077909.413466584
2013-11-01,1060925.831280371
2013-11-02,1038961.052511315
2013-11-03,1016472.222789309
2013-11-04,1121649.349893596
2013-11-05,1067894.465449772
2013-11-06,1111603.334813538
2013-11-07,1077117.836980139
2013-11-08,1155222.318830404
2013-11-09,1257824.35539319
2013-11-10,1406168.109312394
2013-11-11,1628655.123442948
2013-11-12,1791514.839769277
2013-11-13,1664682.118686172
2013-11-14,1912168.815691465
2013-11-15,1723623.278911506
2013-11-16,2123867.345082057
2013-11-17,2216169.582408856
2013-11-18,2619631.31483078
2013-11-19,2192737.219151292
2013-11-20,2469245.382933093
2013-11-21,2718449.155094821
2013-11-22,3441687.499135562
2013-11-23,3542943.854343145
2013-11-24,3391178.093653468
2013-11-25,3533485.428938828
2013-11-26,3664459.149699351
2013-11-27,4199978.872919508
2013-11-28,4614112.336876557
2013-11-29,4933072.018604678
2013-11-30,4941830.479281176
2013-12-01,4664533.766136076
2013-12-02,4163830.321243471
2013-12-03,5292340.943286529
2013-12-04,4873152.833487345
2013-12-05,4383666.686131429
2013-12-06,4234608.775650564
2013-12-07,3408406.68591177
2013-12-08,3843516.653017018
2013-12-09,3965344.291119737
2013-12-10,4719682.081736057
2013-12-11,3634561.641251896
2013-12-12,3548348.14029352
2013-12-13,3864511.929766135
2013-12-14,4228063.680718232
2013-12-15,3823812.656025681
2013-12-16,3481620.062891189
2013-12-17,3440276.852163225
2013-12-18,2600868.699710318
2013-12-19,3880000.749881892
2013-12-20,2715374.057432833
2013-12-21,2412358.62829059
2013-12-22,2598636.527421213
2013-12-23,2818158.549572294
2013-12-24,2764452.756513242
2013-12-25,2760099.269030579
2013-12-26,3356112.884403556
2013-12-27,3338049.402354257
2013-12-28,2689582.630693698
2013-12-29,3068574.079656769
2013-12-30,3191694.653591576
2013-12-31,3375026.39384111
2014-01-01,3868258.988231352
2014-01-02,2638172.417808463
2014-01-03,3263026.467005997
2014-01-04,2931512.810731781
2014-01-05,4378078.021787249
2014-01-06,4292900.016580268
2014-01-07,3506214.033467976
2014-01-08,3981946.206641729
2014-01-09,4284436.251747786
2014-01-10,4005245.497699698
2014-01-11,4702788.045134719
2014-01-12,4373957.147990549
2014-01-13,3485053.614373262
2014-01-14,3317916.333456181
2014-01-15,3878685.866642546
2014-01-16,3777835.007594633
2014-01-17,3030857.282184104
2014-01-18,3539815.947215799
2014-01-19,3564764.103719374
2014-01-20,4042775.319373755
2014-01-21,3436101.743663759
2014-01-22,3941064.125042996
2014-01-23,3601715.90031664
2014-01-24,3694509.987063693
2014-01-25,3332866.716646019
2014-01-26,3105992.965547965
2014-01-27,3258100.74361972
2014-01-28,3037036.568756261
2014-01-29,3028145.161413771
2014-01-30,3528530.862415987
2014-01-31,3705339.667878479
2014-02-01,3851469.244441658
2014-02-02,3777828.445751823
2014-02-03,3668280.98530047
2014-02-04,3457382.174844443
2014-02-05,3290645.785834988
2014-02-06,3483019.70052031
2014-02-07,2755762.93646094
2014-02-08,3100416.910246021
2014-02-09,2378540.809569837
2014-02-10,2693876.5722546
2014-02-11,2776796.229082657
2014-02-12,2914281.823714378
2014-02-13,2704495.127390516
2014-02-14,3210737.141980524
2014-02-15,3071611.468549032
2014-02-16,3032653.098462429
2014-02-17,2465765.986216322
2014-02-18,2572092.615167886
2014-02-19,3133224.986132968
2014-02-20,2497794.334104165
2014-02-21,2216976.986521059
2014-02-22,2759517.182148102
2014-02-23,2561761.552631529
2014-02-24,2571675.004894967
2014-02-25,2167745.368096506
2014-02-26,2702082.876728175
2014-02-27,2748774.046340407
2014-02-28,2504255.09273231
2014-03-01,2047450.622764063
2014-03-02,1977631.365181418
2014-03-03,2515899.42433155
2014-03-04,2520076.291203375
2014-03-05,2623016.598898425
2014-03-06,2904184.167473428
2014-03-07,2632845.021809442
2014-03-08,2613838.121982492
2014-03-09,2864763.140695559
2014-03-10,2354686.206599995
2014-03-11,2676874.503133294
2014-03-12,2894509.248368139
2014-03-13,2607890.523884753
2014-03-14,2102802.089191949
2014-03-15,2636293.739732077
2014-03-16,2721674.117398412
2014-03-17,2515098.129659402
2014-03-18,2248687.609384966
2014-03-19,2453019.600245729
2014-03-20,2605329.419285927
2014-03-21,2658922.442568315
2014-03-22,2409242.456185777
2014-03-23,3000574.800854509
2014-03-24,2756686.858428544
2014-03-25,2300089.223638857
2014-03-26,2310643.870797203
2014-03-27,2048521.655645814
2014-03-28,2185943.978536454
2014-03-29,2157088.657492268
2014-03-30,1610704.736837747
2014-03-31,2062382.113384859
2014-04-01,2054963.071089932
2014-04-02,2170984.128867596
2014-04-03,2298698.044378469
2014-04-04,2209125.935145411
2014-04-05,1987176.432858157
2014-04-06,1733249.00410635
2014-04-07,1701178.669559385
2014-04-08,1525369.729777385
2014-04-09,1792300.285785991
2014-04-10,1415155.0820367
2014-04-11,1794824.299275383
2014-04-12,1707900.519069723
2014-04-13,1953135.672182024
2014-04-14,2222189.553798236
2014-04-15,2385059.497596781
2014-04-16,2105091.141085207
2014-04-17,2113072.491187972
2014-04-18,1934927.029139161
2014-04-19,2013116.153136121
2014-04-20,2232197.250791994
2014-04-21,2131955.698226065
2014-04-22,1893966.380921339
2014-04-23,2036664.65480784
2014-04-24,1903391.042432495
2014-04-25,2130705.575483583
2014-04-26,1882973.20417169
2014-04-27,1927211.690715892
2014-04-28,1688381.200574998
2014-04-29,1920852.14081152
2014-04-30,1543295.386175591
2014-05-01,2032082.461860366
2014-05-02,1834177.965882687
2014-05-03,1566071.932696271
2014-05-04,1646552.042843662
2014-05-05,1358984.77868161
2014-05-06,2082270.308307625
2014-05-07,1758628.960620269
2014-05-08,1839129.278678354
2014-05-09,1925774.160320524
2014-05-10,2047644.013757376
2014-05-11,1673013.495510698
2014-05-12,1820264.61169102
2014-05-13,1783816.960795651
2014-05-14,1676964.294459837
2014-05-15,1913803.206556506
2014-05-16,2029099.575272291
2014-05-17,1950464.730068779
2014-05-18,1925555.895592872
2014-05-19,1876208.955858272
2014-05-20,2171230.969091935
2014-05-21,2166230.120716606
2014-05-22,2283597.015039546
2014-05-23,2166066.05639934
2014-05-24,2039560.484359408
2014-05-25,2312433.751081329
2014-05-26,2312394.793908433
2014-05-27,1955790.034780162
2014-05-28,2459726.830025726
2014-05-29,2017300.205204477
2014-05-30,2600631.039481663
2014-05-31,2311653.475421604
2014-06-01,2762388.108333132
2014-06-02,3202312.302204644
2014-06-03,2990228.627634944
2014-06-04,2914379.521130453
2014-06-05,2521793.210443048
2014-06-06,2262611.71677224
2014-06-07,2552119.974900035
2014-06-08,2242851.975609627
2014-06-09,2535631.644121947
2014-06-10,2715248.947264191
2014-06-11,2279152.505458383
2014-06-12,2462714.993697411
2014-06-13,2419170.552928318
2014-06-14,2533635.291932159
2014-06-15,2810062.840093154
2014-06-16,2765845.696657779
2014-06-17,2796931.280692597
2014-06-18,2405487.02648871
2014-06-19,2483218.589619013
2014-06-20,2744932.967653748
2014-06-21,2744434.017100042
2014-06-22,2705595.505589669
2014-06-23,2594697.517058496
2014-06-24,2700984.688169332
2014-06-25,2627241.015749307
2014-06-26,2483761.252639175
2014-06-27,2961073.828293919
2014-06-28,2692680.947694709
2014-06-29,2359797.402322284
2014-06-30,2115258.941117455
2014-07-01,2133582.752998525
2014-07-02,2234781.343846451
2014-07-03,2254265.735686668
2014-07-04,2609468.080361114
2014-07-05,2402072.716554195
2014-07-06,2247381.680119575
2014-07-07,2342389.661405593
2014-07-08,2348783.24760913
2014-07-09,2588043.802765231
2014-07-10,2304389.485988953
2014-07-11,2479999.235860279
2014-07-12,2503675.731077709
2014-07-13,2528121.880983355
2014-07-14,2098779.194189557
2014-07-15,2486453.420959924
2014-07-16,2225047.278324449
2014-07-17,2689524.405959288
2014-07-18,2722688.644226267
2014-07-19,2793057.816719774
2014-07-20,2430778.219551228
2014-07-21,2416177.128914637
2014-07-22,2206722.419577076
2014-07-23,2269558.144116919
2014-07-24,2165119.031147821
2014-07-25,2462946.620450866
2014-07-26,2001664.357007355
2014-07-27,2269520.099090463
2014-07-28,2216267.570659992
2014-07-29,2185596.869970611
2014-07-30,2428607.392458083
2014-07-31,2247398.043531582
2014-08-01,2354323.270030476
2014-08-02,2406411.043159662
2014-08-03,2262999.10203671
2014-08-04,1889664.474966398
2014-08-05,1965674.955884655
2014-08-06,2395573.775061272
2014-08-07,2345669.490681069
2014-08-08,2332288.457739174
2014-08-09,2686535.655874056
2014-08-10,2605252.357350761
2014-08-11,2618535.779942797
2014-08-12,2477177.498809549
2014-08-13,1986041.55080244
2014-08-14,2289429.980500859
2014-08-15,2073639.968382615
2014-08-16,2071677.856132726
2014-08-17,2136053.794206831
2014-08-18,2347981.227539047
2014-08-19,2289467.906699785
2014-08-20,2194850.343806639
2014-08-21,2152562.875996908
2014-08-22,2026106.239133613
2014-08-23,2013849.254914863
2014-08-24,1857492.342137399
2014-08-25,1731688.145100638
2014-08-26,2227352.243582061
2014-08-27,2168229.036925253
2014-08-28,2196044.319756671
2014-08-29,2168751.733041634
2014-08-30,2284134.901903318
2014-08-31,2254989.820817604
2014-09-01,1621365.826833989
2014-09-02,1746722.09603633
2014-09-03,2010229.49806893
2014-09-04,1935470.593105957
2014-09-05,1736726.293668731
2014-09-06,2151456.53246843
2014-09-07,1854386.567672955
2014-09-08,1690621.662817717
2014-09-09,1734502.880161876
2014-09-10,1880697.886689737
2014-09-11,2033855.035386508
2014-09-12,1830736.139695165
2014-09-13,2163556.077654245
2014-09-14,1880026.785772373
2014-09-15,1860550.119559698
2014-09-16,1986835.064363167
2014-09-17,2108880.230877767
2014-09-18,1910122.703499311
2014-09-19,1695977.712726093
2014-09-20,1811363.223922411
2014-09-21,1635596.349998182
2014-09-22,1671007.079493424
2014-09-23,1653408.594349253
2014-09-24,1657149.360837886
2014-09-25,1765601.997878396
2014-09-26,1364552.176460796
2014-09-27,1346495.241890085
2014-09-28,1223776.781778909
2014-09-29,1285477.106673947
2014-09-30,1497197.317978634
2014-10-01,1492740.053208232
2014-10-02,1299674.1015648
2014-10-03,1308690.310532928
2014-10-04,1261679.79215832
2014-10-05,1368750.152561958
2014-10-06,1324535.201043672
2014-10-07,1124721.882369752
2014-10-08,1286036.185695234
2014-10-09,1353926.973505665
2014-10-10,1403331.386313194
2014-10-11,1308520.261385963
2014-10-12,1408494.775014371
2014-10-13,1525402.383714724
2014-10-14,1333352.729151872
2014-10-15,1492652.860426234
2014-10-16,1422073.438280039
2014-10-17,1364349.805748759
2014-10-18,1606135.140876082
2014-10-19,1296115.309278429
2014-10-20,1311087.97190795
2014-10-21,1480883.166306939
2014-10-22,1525030.544683148
2014-10-23,1350599.307216047
2014-10-24,1428230.643463924
2014-10-25,1352977.848755355
2014-10-26,1113425.956969149
2014-10-27,1399905.514969439
2014-10-28,1232176.732287419
2014-10-29,1303269.864723962
2014-10-30,1475814.253623583
2014-10-31,1592074.47856842
2014-11-01,1294261.842070599
2014-11-02,1261019.454933129
2014-11-03,1382612.186496116
2014-11-04,1341277.193237462
2014-11-05,1170636.247971881
2014-11-06,1352207.631180017
2014-11-07,1287597.430265075
2014-11-08,1326208.277802042
2014-11-09,1376364.5345943
2014-11-10,1349485.16200593
2014-11-11,1197599.235122305
2014-11-12,1565962.544354808
2014-11-13,1530272.308749876
2014-11-14,1543331.129595193
2014-11-15,1322420.339595544
2014-11-16,1466269.294339968
2014-11-17,1403953.187718538
2014-11-18,1448995.176760467
2014-11-19,1340594.916628568
2014-11-20,1234529.476140536
2014-11-21,1117180.222200502
2014-11-22,1364136.369993882
2014-11-23,1309712.366367895
2014-11-24,1386175.390550785
2014-11-25,1247336.465222237
2014-11-26,1263354.098502699
2014-11-27,1307464.307343168
2014-11-28,1398743.208989278
2014-11-29,1479513.605101869
2014-11-30,1511545.118642126
2014-12-01,1229284.183582617
2014-12-02,1426891.783479729
2014-12-03,1094243.222470367
2014-12-04,1353032.765091918
2014-12-05,1471055.76309616
2014-12-06,1288632.069676443
2014-12-07,1192123.948894943
2014-12-08,1479367.089343353
2014-12-09,1253706.620170357
2014-12-10,1244719.283497665
2014-12-11,1295186.220387165
2014-12-12,1247947.199188045
2014-12-13,1284649.847180985
2014-12-14,1263237.909685307
2014-12-15,1231914.156984758
2014-12-16,1180760.796546023
2014-12-17,1033998.298083292
2014-12-18,1011398.229977837
2014-12-19,1095747.12054389
2014-12-20,1114516.877906308
2014-12-21,1061471.255008583
2014-12-22,1357519.165242903
2014-12-23,1266722.324693809
2014-12-24,1229162.249689638
2014-12-25,1265766.04410424
2014-12-26,1257742.628778312
2014-12-27,1207025.331078672
2014-12-28,1345736.904560417
2014-12-29,1285591.013283321
2014-12-30,1211110.099700097
2014-12-31,1223425.658648705
2015-01-01,1297884.220100891
2015-01-02,1305941.814064402
2015-01-03,1149515.495363539
2015-01-04,1140111.351633544
2015-01-05,1083974.087005872
2015-01-06,1096915.795284464
2015-01-07,972338.4699711041
2015-01-08,1049347.130682276
2015-01-09,1033316.979639089
2015-01-10,1015481.320113874
2015-01-11,1030868.88499583
2015-01-12,956679.9969428915
2015-01-13,721793.6720438359
2015-01-14,626880.6957169073
2015-01-15,797214.8049952249
2015-01-16,723744.4372363678
2015-01-17,691675.6939668029
2015-01-18,813586.0122048601
2015-01-19,781470.9009244635
2015-01-20,626118.2752147043
2015-01-21,849990.1292720418
2015-01-22,789780.367899011
2015-01-23,727502.3452594351
2015-01-24,788324.2751093003
2015-01-25,798906.8639210889
2015-01-26,875511.1485041833
2015-01-27,979971.6115061457
2015-01-28,968389.9855982395
2015-01-29,967928.9793155435
2015-01-30,790788.6558030074
2015-01-31,902738.1415802708
2015-02-01,884589.1830511311
2015-02-02,948899.5863374792
2015-02-03,725858.2833934972
2015-02-04,905499.8127129538
2015-02-05,864624.7195748371
2015-02-06,988427.4731905481
2015-02-07,912976.4359927786
2015-02-08,741712.3077754442
2015-02-09,892832.366002883
2015-02-10,797324.2001436575
2015-02-11,871093.174836919
2015-02-12,665713.1558201195
2015-02-13,868464.0998039234
2015-02-14,1031983.602237
2015-02-15,825908.7516697079
2015-02-16,924119.5564817138
2015-02-17,915423.1933616798
2015-02-18,994950.4667374598
2015-02-19,1005338.67608798
2015-02-20,972807.2753092557
2015-02-21,874983.436937049
2015-02-22,895548.4636181504
2015-02-23,852723.9071417009
2015-02-24,776943.899134441
2015-02-25,950130.2293889369
2015-02-26,892391.5222522154
2015-02-27,968194.8856918755
2015-02-28,904029.6661848889
2015-03-01,909159.2523548511
2015-03-02,1094816.740905344
2015-03-03,1120199.606089438
2015-03-04,956125.6920396254
2015-03-05,914242.9669306931
2015-03-06,1014859.9391541
2015-03-07,972691.7456937942
2015-03-08,1077226.225648361
2015-03-09,1042101.995879375
2015-03-10,1115797.811124755
2015-03-11,1146193.652589267
2015-03-12,973046.9354977878
2015-03-13,1046494.030211981
2015-03-14,931128.5121524454
2015-03-15,1030534.738502105
2015-03-16,1016844.005000195
2015-03-17,919994.3116794387
2015-03-18,991509.3857975514
2015-03-19,902571.1561677278
2015-03-20,898619.2999462204
2015-03-21,990105.5714632492
2015-03-22,955664.2400117769
2015-03-23,969772.5900189992
2015-03-24,1065901.368754826
2015-03-25,1003815.833875
2015-03-26,927035.3514445673
2015-03-27,1063121.060038801
2015-03-28,940769.7121613245
2015-03-29,933780.6647602646
2015-03-30,885757.3947593925
2015-03-31,921149.7947622376
2015-04-01,821358.8351708733
2015-04-02,1057899.993180066
2015-04-03,934144.9148222429
2015-04-04,975014.4396536673
2015-04-05,970362.9797724853
2015-04-06,811854.3670919712
2015-04-07,969146.2797531683
2015-04-08,772246.3584536408
2015-04-09,817965.8006514081
2015-04-10,905317.2324237793
2015-04-11,832637.3777593424
2015-04-12,760061.4179385421
2015-04-13,881295.9318093724
2015-04-14,820733.3447496494
2015-04-15,686160.5981979978
2015-04-16,783615.7744903521
2015-04-17,705987.1139131957
2015-04-18,819070.5818138616
2015-04-19,813337.3943805627
2015-04-20,870923.4581635278
2015-04-21,904502.0934907252
2015-04-22,891771.1203449065
2015-04-23,771275.9927977768
2015-04-24,719768.4095157618
2015-04-25,945848.6627895628
2015-04-26,798764.3255039251
2015-04-27,782591.9396059405
2015-04-28,865790.8923278344
2015-04-29,720217.2256469971
2015-04-30,796916.3981701027
2015-05-01,864461.6464704997
2015-05-02,864901.4635307587
2015-05-03,848415.6073909578
2015-05-04,769269.909534406
2015-05-05,913269.8151553527
2015-05-06,922233.2969448274
2015-05-07,840677.7161548582
2015-05-08,920314.7924912451
2015-05-09,785686.7061985119
2015-05-10,780474.6774812838
2015-05-11,958651.3486268003
2015-05-12,908945.9248868284
2015-05-13,960861.6072186594
2015-05-14,916580.4591680516
2015-05-15,877833.4858418218
2015-05-16,783195.9297211354
2015-05-17,1014899.394048099
2015-05-18,844393.337841333
2015-05-19,757470.9037229113
2015-05-20,853218.9022485673
2015-05-21,916375.5261780685
2015-05-22,831249.0045250477
2015-05-23,671499.1635338904
2015-05-24,880007.8693136672
2015-05-25,837658.767197866
2015-05-26,854767.7950271016
2015-05-27,821579.9373354957
2015-05-28,786491.618263963
2015-05-29,914585.208765458
2015-05-30,791775.8665572038
2015-05-31,859591.3568052439
2015-06-01,742627.7843935209
2015-06-02,849799.4808864609
2015-06-03,804834.5247099635
2015-06-04,793140.0354529666
2015-06-05,778430.1428553072
2015-06-06,1004726.439880703
2015-06-07,835465.2090613998
2015-06-08,896163.1312859483
2015-06-09,868544.6087400567
2015-06-10,970275.8621877
2015-06-11,777959.9693074315
2015-06-12,818565.1759707031
2015-06-13,930074.0137174724
2015-06-14,863123.6006782484
2015-06-15,856440.2698197417
2015-06-16,745160.0766436977
2015-06-17,989033.057509451
2015-06-18,977723.7092789545
2015-06-19,904972.1236377966
2015-06-20,828002.5309804755
2015-06-21,760539.999080568
2015-06-22,951587.612023715
2015-06-23,859843.4682490915
2015-06-24,940667.9352082383
2015-06-25,925417.3876607578
2015-06-26,939760.1295962647
2015-06-27,815271.4630171902
2015-06-28,881177.1486650998
2015-06-29,904010.4771653928
2015-06-30,962212.4102351316
2015-07-01,877391.9103614555
2015-07-02,986937.3804674909
2015-07-03,1037403.183309974
2015-07-04,994008.3511679887
2015-07-05,970010.938065907
2015-07-06,1220296.170938269
2015-07-07,902257.4250583126
2015-07-08,1103291.413524142
2015-07-09,906906.0138535772
2015-07-10,1111743.920686492
2015-07-11,1093097.630092811
2015-07-12,1066951.504585972
2015-07-13,1092887.731811207
2015-07-14,1042877.512512799
2015-07-15,1099634.930642431
2015-07-16,940355.491456473
2015-07-17,1035401.910320131
2015-07-18,1043871.159874775
2015-07-19,1051882.238669803
2015-07-20,1102205.521163397
2015-07-21,886503.9220944019
2015-07-22,1077394.76592924
2015-07-23,977756.420778318
2015-07-24,1228499.921381278
2015-07-25,1119150.000793024
2015-07-26,1061459.352479212
2015-07-27,1105194.682737597
2015-07-28,1011862.985814809
2015-07-29,1113986.514213429
2015-07-30,975242.4576474016
2015-07-31,1085962.684027257
2015-08-01,1100160.620868367
2015-08-02,1071507.537347315
2015-08-03,1109876.757223523
2015-08-04,979642.6104236039
2015-08-05,946438.2603529447
2015-08-06,1005427.155678208
2015-08-07,964271.9964532375
2015-08-08,1060640.072848824
2015-08-09,954755.8625865004
2015-08-10,1113070.321720787
2015-08-11,1107549.831209641
2015-08-12,848983.5545261498
2015-08-13,978567.3082954853
2015-08-14,950698.3407347095
2015-08-15,903853.5993894291
2015-08-16,896670.3710506993
2015-08-17,949213.6122803151
2015-08-18,789332.3938950804
2015-08-19,892387.7173616013
2015-08-20,889313.575760464
2015-08-21,966672.2981400662
2015-08-22,917967.5083903192
2015-08-23,771352.8591770394
2015-08-24,823313.657526816
2015-08-25,758643.0468074107
2015-08-26,915771.2563549266
2015-08-27,777936.4038731477
2015-08-28,902799.2451122479
2015-08-29,925613.4323979847
2015-08-30,862717.8028491825
2015-08-31,911454.8941970539
2015-09-01,883796.3927168379
2015-09-02,929808.4594963801
2015-09-03,835782.7342560384
2015-09-04,907692.3237382387
2015-09-05,874120.5154032878
2015-09-06,871747.4341656612
2015-09-07,923040.7606622956
2015-09-08,836640.5228152291
2015-09-09,895443.8082352048
2015-09-10,1026888.718061091
2015-09-11,960042.4978574511
2015-09-12,801275.23522568
2015-09-13,874963.9320306357
2015-09-14,883735.6775317751
2015-09-15,927380.1420984755
2015-09-16,819820.4118845031
2015-09-17,844290.0905713683
2015-09-18,863881.0641975375
2015-09-19,729194.2290715202
2015-09-20,743096.009802844
2015-09-21,754520.4245822423
2015-09-22,911564.1959816033
2015-09-23,913693.3385410137
2015-09-24,826355.6607835712
2015-09-25,971073.4700190965
2015-09-26,867995.2323410979
2015-09-27,873725.0982292828
2015-09-28,862418.4853872075
2015-09-29,1037840.887395401
2015-09-30,882704.7113610103
2015-10-01,892737.9956403736
2015-10-02,827878.4099642966
2015-10-03,873601.663717925
2015-10-04,920090.4635002358
2015-10-05,926622.9200469368
2015-10-06,882409.0132038324
2015-10-07,815069.3742166429
2015-10-08,856860.7793854708
2015-10-09,775587.0590315193
2015-10-10,989740.0225095804
2015-10-11,913449.4660000304
2015-10-12,880302.8411698347
2015-10-13,862621.2643125668
2015-10-14,968737.6223619161
2015-10-15,1063956.001227547
2015-10-16,953475.8900443185
2015-10-17,934102.1552198362
2015-10-18,963432.4672883106
2015-10-19,1097801.608183914
2015-10-20,874835.1435264462
2015-10-21,973301.8976308155
2015-10-22,1027673.376212376
2015-10-23,1046157.45010939
2015-10-24,1035709.417836329
2015-10-25,1108575.878228584
2015-10-26,1183793.439374927
2015-10-27,1093435.092639814
2015-10-28,1060641.432308709
2015-10-29,1200626.267672943
2015-10-30,1416669.303657096
2015-10-31,1155909.600584615
2015-11-01,1265449.609862373
2015-11-02,1400375.127330674
2015-11-03,1577840.568777739
2015-11-04,1600903.755024251
2015-11-05,1421014.61136683
2015-11-06,1369452.440566917
2015-11-07,1475850.230040707
2015-11-08,1304452.258533922
2015-11-09,1422805.458554052
2015-11-10,1235462.672828939
2015-11-11,1311645.864873166
2015-11-12,1371748.601773987
2015-11-13,1348427.299652416
2015-11-14,1191869.875312004
2015-11-15,1288653.759169465
2015-11-16,1443859.28486675
2015-11-17,1261452.247491191
2015-11-18,1289476.359466979
2015-11-19,1118749.110877688
2015-11-20,1351913.991188593
2015-11-21,1427355.570569549
2015-11-22,1399919.440759428
2015-11-23,1324968.731941883
2015-11-24,1257133.194683999
2015-11-25,1225861.026246607
2015-11-26,1562984.966223296
2015-11-27,1199113.549642234
2015-11-28,1382084.931915478
2015-11-29,1392301.810774569
2015-11-30,1539694.724007111
2015-12-01,1517312.918193111
2015-12-02,1458116.300389179
2015-12-03,1294023.079949731
2015-12-04,1401460.347338428
2015-12-05,1709106.587282739
2015-12-06,1552775.983206357
2015-12-07,1463988.226062005
2015-12-08,1837799.19633837
2015-12-09,1769370.028747845
2015-12-10,2247668.646758323
2015-12-11,1832132.502697567
2015-12-12,1784992.69640884
2015-12-13,1552818.291371365
2015-12-14,2181801.504141331
2015-12-15,2141277.657912984
2015-12-16,1867291.758539059
2015-12-17,1783516.856254329
2015-12-18,1974215.404300115
2015-12-19,1827418.091766899
2015-12-20,1839315.780724105
2015-12-21,1646558.357492599
2015-12-22,1647033.585088159
2015-12-23,1754091.846549121
2015-12-24,1588863.279824131
2015-12-25,1859701.10421597
2015-12-26,1802104.536963697
2015-12-27,2175462.966550838
2015-12-28,1604869.625212202
2015-12-29,1734519.175399856
2015-12-30,1774414.467301573
2015-12-31,1538223.862801992
2016-01-01,1476353.191856242
2016-01-02,1590239.901673044
2016-01-03,1572754.056282618
2016-01-04,1976747.627147965
2016-01-05,1714160.853586059
2016-01-06,1528557.981235242
2016-01-07,1702742.492521717
2016-01-08,1978550.814049868
2016-01-09,1711198.484936057
2016-01-10,1976723.910721782
2016-01-11,1923064.840542153
2016-01-12,1865928.205122749
2016-01-13,1615665.105477479
2016-01-14,1443516.989905189
2016-01-15,1118373.95506225
2016-01-16,1391566.624848038
2016-01-17,1445059.784981871
2016-01-18,1680014.655749975
2016-01-19,1267697.470501804
2016-01-20,1612541.390399224
2016-01-21,1422354.135941805
2016-01-22,1703808.663909985
2016-01-23,1746382.995514867
2016-01-24,1738160.119146879
2016-01-25,1602026.419316395
2016-01-26,1585082.061583743
2016-01-27,1547859.46193531
2016-01-28,1404102.899516221
2016-01-29,1617544.814082698
2016-01-30,1778814.819434149
2016-01-31,1677691.756631354
2016-02-01,1515558.775661942
2016-02-02,1700202.313414218
2016-02-03,1665677.422562242
2016-02-04,1644800.099575755
2016-02-05,1821012.835198923
2016-02-06,1891224.675183229
2016-02-07,1670941.350520961
2016-02-08,1389145.298755641
2016-02-09,1655718.504805112
2016-02-10,1570793.441359445
2016-02-11,1822382.252226168
2016-02-12,1649653.899396873
2016-02-13,1537176.310783886
2016-02-14,1701574.505397965
2016-02-15,1532267.48581341
2016-02-16,1422158.573946417
2016-02-17,1625920.523087834
2016-02-18,1797678.045508987
2016-02-19,1543419.541826634
2016-02-20,1647789.893107163
2016-02-21,1420789.906828775
2016-02-22,1409067.151292371
2016-02-23,1446966.532030945
2016-02-24,1269854.789428415
2016-02-25,1660534.395152231
2016-02-26,1525594.785060089
2016-02-27,1604261.865939833
2016-02-28,1464743.957707699
2016-02-29,1475230.039854988
2016-03-01,1553149.910202411
2016-03-02,1687711.141498399
2016-03-03,1438697.320068393
2016-03-04,1599038.287129508
2016-03-05,1519121.994917481
2016-03-06,1512953.726647957
2016-03-07,1390617.652476384
2016-03-08,1602408.156565287
2016-03-09,1755479.676002633
2016-03-10,1628954.794345027
2016-03-11,1695269.572826677
2016-03-12,1490615.00745199
2016-03-13,1386718.550065434
2016-03-14,1594247.421988863
2016-03-15,1690102.644131928
2016-03-16,1601683.064872843
2016-03-17,1494631.805875654
2016-03-18,1409002.955186669
2016-03-19,1406750.911748198
2016-03-20,1516481.723364414
2016-03-21,1447798.284672361
2016-03-22,1558986.814360944
2016-03-23,1571345.417694726
2016-03-24,1532502.772333807
2016-03-25,1533328.747437428
2016-03-26,1609669.752114155
2016-03-27,1511659.731930588
2016-03-28,1815890.291750945
2016-03-29,1657317.08441344
2016-03-30,1536985.226274109
2016-03-31,1307236.290474601
2016-04-01,1617863.091153977
2016-04-02,1479374.389467118
2016-04-03,1508676.831075313
2016-04-04,1748689.177825044
2016-04-05,1656445.436796747
2016-04-06,1678276.291324454
2016-04-07,1482345.26717288
2016-04-08,1525552.110047051
2016-04-09,1712747.673541151
2016-04-10,1839460.882175995
2016-04-11,1640894.313815495
2016-04-12,1600719.50542998
2016-04-13,1761729.932272291
2016-04-14,1764627.011571648
2016-04-15,1514904.904259464
2016-04-16,1509588.72326288
2016-04-17,1708933.349249961
2016-04-18,1459579.871905492
2016-04-19,1656564.282234792
2016-04-20,1844253.090162228
2016-04-21,1724387.955696857
2016-04-22,1621050.9930677
2016-04-23,1654852.667094786
2016-04-24,1540814.030794736
2016-04-25,1495156.569107386
2016-04-26,1931357.065757424
2016-04-27,1454330.081999353
2016-04-28,1546991.93263903
2016-04-29,1829740.850397856
2016-04-30,1673289.894630115
2016-05-01,1776234.672705595
2016-05-02,1769603.893952684
2016-05-03,1724677.615412662
2016-05-04,1891540.265885151
2016-05-05,1760640.512049865
2016-05-06,1887409.615064131
2016-05-07,1746614.279225742
2016-05-08,1954596.271649849
2016-05-09,2001719.231269375
2016-05-10,1808698.257640226
2016-05-11,1531937.395803084
2016-05-12,1604294.019563378
2016-05-13,1760685.716232881
2016-05-14,1672408.512205009
2016-05-15,1622904.712063056
2016-05-16,1630050.963936517
2016-05-17,1626322.202152482
2016-05-18,1766715.99062424
2016-05-19,1339756.727460711
2016-05-20,1681390.777907662
2016-05-21,1596760.413895461
2016-05-22,2048199.578171817
2016-05-23,2027292.922606848
2016-05-24,1664652.436824018
2016-05-25,1584148.226419693
2016-05-26,1557804.487533426
2016-05-27,1668937.464356335
2016-05-28,1767704.306689025
2016-05-29,1944892.331881357
2016-05-30,1945134.928420711
2016-05-31,1715476.398373208
2016-06-01,1942426.988413187
2016-06-02,1887668.828386223
2016-06-03,2054766.841320097
2016-06-04,1734624.392989573
2016-06-05,2467646.901809047
2016-06-06,2517805.06955759
2016-06-07,2053779.979468972
2016-06-08,2128206.939067873
2016-06-09,2411148.081695559
2016-06-10,2117978.334183544
2016-06-11,2396058.738294361
2016-06-12,2484655.743918194
2016-06-13,2883693.905006994
2016-06-14,2308186.177757647
2016-06-15,2708632.070097527
2016-06-16,2926494.826326178
2016-06-17,2864084.972745311
2016-06-18,3044951.473117173
2016-06-19,3444433.919703337
2016-06-20,2987790.783284043
2016-06-21,2536286.780970166
2016-06-22,1974256.623859615
2016-06-23,2245168.452533625
2016-06-24,2202316.182119917
2016-06-25,2736742.88826936
2016-06-26,2348125.001999996
2016-06-27,2455226.227798875
2016-06-28,2435103.982649744
2016-06-29,2364693.913747926
2016-06-30,2564413.810904177
2016-07-01,2665391.755385193
2016-07-02,2655894.222634306
2016-07-03,2576620.319837801
2016-07-04,2609754.253985841
2016-07-05,2464426.028346498
2016-07-06,2407272.42083001
2016-07-07,2230892.831922445
2016-07-08,2451802.471413307
2016-07-09,2479668.402215551
2016-07-10,1295159.375793896
2016-07-11,1201268.923895815
2016-07-12,1223212.915492864
2016-07-13,1091372.206291476
2016-07-14,1193467.238920901
2016-07-15,1161405.66990642
2016-07-16,1335377.321194836
2016-07-17,1298736.773200358
2016-07-18,1288747.906683769
2016-07-19,1120204.11283483
2016-07-20,1294075.764542814
2016-07-21,1149692.032374894
2016-07-22,1095970.855090029
2016-07-23,1116558.404242832
2016-07-24,1058036.461292249
2016-07-25,1121180.141885305
2016-07-26,1101168.127424975
2016-07-27,1099811.343179407
2016-07-28,1160194.429911662
2016-07-29,1255104.303666075
2016-07-30,1017469.790735114
2016-07-31,1251827.154880014
2016-08-01,1197505.756036333
2016-08-02,1085691.929255425
2016-08-03,1226960.480032847
2016-08-04,1158078.950181855
2016-08-05,1265693.411178338
2016-08-06,1260829.407877989
2016-08-07,1139118.301604688
2016-08-08,1145589.552180013
2016-08-09,951815.9276372497
2016-08-10,1164685.410121567
2016-08-11,1147195.958231892
2016-08-12,1136114.463402064
2016-08-13,1229918.807214424
2016-08-14,1202367.344932538
2016-08-15,1074443.767450121
2016-08-16,1024222.035873983
2016-08-17,924845.6506878964
2016-08-18,1148112.88543628
2016-08-19,1150698.376922683
2016-08-20,1160607.128994461
2016-08-21,1211685.832899156
2016-08-22,1192895.56691725
2016-08-23,1109069.370432183
2016-08-24,1137194.539405114
2016-08-25,972749.1050254165
2016-08-26,991079.7137796114
2016-08-27,1056603.269916418
2016-08-28,1120811.763296083
2016-08-29,1103910.287031693
2016-08-30,1218196.706218706
2016-08-31,992441.0199792737
2016-09-01,1038323.18515768
2016-09-02,1132658.987474109
2016-09-03,973800.3226189803
2016-09-04,1396569.156666786
2016-09-05,1098895.62207506
2016-09-06,1074672.741755341
2016-09-07,1207828.829806791
2016-09-08,1166658.20584155
2016-09-09,1143983.462296705
2016-09-10,1239460.537451716
2016-09-11,1271722.753009969
2016-09-12,1271384.353178967
2016-09-13,1295994.1779146
2016-09-14,1224997.212520307
2016-09-15,1201285.736176492
2016-09-16,1094838.488803361
2016-09-17,1271512.243087356
2016-09-18,1139730.689506114
2016-09-19,1051898.645454222
2016-09-20,1186778.757120436
2016-09-21,1276675.835436489
2016-09-22,1086674.123953173
2016-09-23,1058812.860247963
2016-09-24,1282580.409243205
2016-09-25,1418440.332350149
2016-09-26,1196048.487623992
2016-09-27,1300226.421089021
2016-09-28,1158241.313554644
2016-09-29,1124520.56947301
2016-09-30,1122501.012453668
2016-10-01,1243956.623319687
2016-10-02,1109864.166419819
2016-10-03,1202727.511356552
2016-10-04,1245531.702861071
2016-10-05,1321494.844143925
2016-10-06,1277872.491824776
2016-10-07,1148646.499825329
2016-10-08,1349428.661501858
2016-10-09,1267177.854171247
2016-10-10,999636.6130158878
2016-10-11,1167398.290586103
2016-10-12,1187863.944560311
2016-10-13,1059170.058615689
2016-10-14,1128073.575215294
2016-10-15,1170032.224900405
2016-10-16,1077559.612312103
2016-10-17,1043478.901069531
2016-10-18,1279867.196330394
2016-10-19,1021508.237823156
2016-10-20,1109247.986526554
2016-10-21,1340452.211054916
2016-10-22,1258711.824852157
2016-10-23,1214444.916029576
2016-10-24,1212326.835417654
2016-10-25,1198586.830080353
2016-10-26,1246322.467816443
2016-10-27,1468481.972659593
2016-10-28,1356121.452896728
2016-10-29,1382089.190328046
2016-10-30,1508520.276683314
2016-10-31,1334057.024466824
2016-11-01,1371176.305238273
2016-11-02,1292820.07344831
2016-11-03,1387253.159716575
2016-11-04,1080273.42734182
2016-11-05,1348380.565307745
2016-11-06,1420693.834517738
2016-11-07,1347297.034274282
2016-11-08,1565212.495554179
2016-11-09,1385666.627932707
2016-11-10,1556645.092982766
2016-11-11,1512285.013350202
2016-11-12,1516250.208948729
2016-11-13,1290759.241426527
2016-11-14,1571449.983487999
2016-11-15,1446896.981861258
2016-11-16,1634660.575276102
2016-11-17,1516553.155762251
2016-11-18,1447188.346180634
2016-11-19,1386781.652222592
2016-11-20,1220976.690640243
2016-11-21,1349667.9607598
2016-11-22,1328839.236501674
2016-11-23,1443519.44656996
2016-11-24,1593874.566302319
2016-11-25,1507678.68962925
2016-11-26,1476207.790723591
2016-11-27,1371095.903031427
2016-11-28,1576302.853719842
2016-11-29,1437500.547297515
2016-11-30,1391623.412218371
2016-12-01,1442462.105442393
2016-12-02,1468825.290944097
2016-12-03,1725902.373339841
2016-12-04,1486155.483460897
2016-12-05,1508293.778548615
2016-12-06,1514824.013172295
2016-12-07,1746246.455361991
2016-12-08,1579310.399363443
2016-12-09,1377901.405962991
2016-12-10,1346807.974005107
2016-12-11,1857456.119323178
2016-12-12,1590161.748870027
2016-12-13,1804970.265924028
2016-12-14,1424699.838232115
2016-12-15,1310041.204157056
2016-12-16,1374491.351040755
2016-12-17,1484253.13997047
2016-12-18,1457023.104286557
2016-12-19,1575218.452258227
2016-12-20,1460085.026590339
2016-12-21,1751950.832119369
2016-12-22,1795604.249897393
2016-12-23,1832984.714319709
2016-12-24,1602940.006171506
2016-12-25,1901130.229165215
2016-12-26,1679175.522728828
2016-12-27,1901716.682793956
2016-12-28,2108401.660324371
2016-12-29,1923936.555109621
2016-12-30,1982188.397818018
2016-12-31,1869995.760267731
2017-01-01,2006886.083220972
2017-01-02,2130535.46435346
2017-01-03,2220473.13170676
2017-01-04,2359731.055258427
2017-01-05,1870442.461520983
2017-01-06,1901231.699468653
2017-01-07,1659236.008894064
2017-01-08,2004473.509930008
2017-01-09,1624877.06914211
2017-01-10,1919261.521048439
2017-01-11,1596506.415907371
2017-01-12,1828358.025812268
2017-01-13,1630607.644976369
2017-01-14,1844226.866907675
2017-01-15,1797060.815375953
2017-01-16,1844490.187210165
2017-01-17,1888437.441801393
2017-01-18,1759721.484743576
2017-01-19,2064405.003845183
2017-01-20,2208469.969115867
2017-01-21,2177881.353445511
2017-01-22,2095231.223912883
2017-01-23,1683846.184302294
2017-01-24,1778113.549856743
2017-01-25,1792487.275621545
2017-01-26,1889635.377237103
2017-01-27,2063373.295236943
2017-01-28,1870374.3432466
2017-01-29,2020078.021320812
2017-01-30,1784356.744680146
2017-01-31,1897224.104715544
2017-02-01,2523624.882219641
2017-02-02,2121728.25009929
2017-02-03,2060316.272564548
2017-02-04,2006409.723697306
2017-02-05,2156915.853060364
2017-02-06,1757192.835416509
2017-02-07,2169094.630032645
2017-02-08,2088596.151021885
2017-02-09,2260189.704776754
2017-02-10,1976418.892643473
2017-02-11,1886869.789627879
2017-02-12,1866727.725714396
2017-02-13,2179217.357653945
2017-02-14,2282923.286341936
2017-02-15,1897225.081231027
2017-02-16,2130591.937537353
2017-02-17,2165318.091563785
2017-02-18,2166091.293359477
2017-02-19,1907750.39494723
2017-02-20,2183308.58143564
2017-02-21,2130684.112874586
2017-02-22,2154665.060420742
2017-02-23,2455684.153450821
2017-02-24,2683176.944232827
2017-02-25,2632914.592166101
2017-02-26,2824766.136398367
2017-02-27,2384145.557551629
2017-02-28,2558937.27214937
2017-03-01,2493476.468105456
2017-03-02,2803529.095675988
2017-03-03,2773256.140065009
2017-03-04,2370324.31085295
2017-03-05,2624257.208923167
2017-03-06,2585315.523836895
2017-03-07,2697929.340118383
2017-03-08,2310087.790090769
2017-03-09,2493894.485821233
2017-03-10,2455396.158445908
2017-03-11,2465634.952238017
2017-03-12,2629880.147402098
2017-03-13,2530515.706415793
2017-03-14,2753228.63935816
2017-03-15,2539049.817002914
2017-03-16,2562304.554006052
2017-03-17,2333877.365232168
2017-03-18,2110049.425473417
2017-03-19,2315754.843960827
2017-03-20,2025904.632472017
2017-03-21,2253660.547200431
2017-03-22,2337274.641806419
2017-03-23,2142910.42333805
2017-03-24,2269049.383495082
2017-03-25,1773287.422891985
2017-03-26,2160571.169901674
2017-03-27,1921054.818129804
2017-03-28,2269435.36767913
2017-03-29,2016311.382676508
2017-03-30,2338478.17979903
2017-03-31,2062349.765459619
2017-04-01,2007037.704966121
2017-04-02,2369210.646641808
2017-04-03,2787002.867398464
2017-04-04,2014935.131531968
2017-04-05,2562192.940344544
2017-04-06,2456965.833951533
2017-04-07,2685130.013979318
2017-04-08,2230589.168537985
2017-04-09,2606797.997244222
2017-04-10,2446110.905859916
2017-04-11,2826455.97815905
2017-04-12,2413314.155155988
2017-04-13,2119602.646049444
2017-04-14,2313658.096421543
2017-04-15,2445588.837309726
2017-04-16,2311139.757472851
2017-04-17,2266935.478631594
2017-04-18,2457757.512585943
2017-04-19,2417371.9337614
2017-04-20,2413717.710199892
2017-04-21,2912660.32069256
2017-04-22,2474899.025616593
2017-04-23,2603439.386598979
2017-04-24,2183820.947013912
2017-04-25,2712801.386452148
2017-04-26,2804717.607462405
2017-04-27,2819887.662007836
2017-04-28,2632965.936570257
2017-04-29,3276143.110103565
2017-04-30,2886167.450334762
2017-05-01,2996938.921841419
2017-05-02,3294156.702341838
2017-05-03,2896144.67435512
2017-05-04,3740643.173830041
2017-05-05,2859863.49163864
2017-05-06,3798452.861629608
2017-05-07,3776650.340442707
2017-05-08,4367781.584365414
2017-05-09,3852688.922881998
2017-05-10,3857077.270716654
2017-05-11,3609271.110162216
2017-05-12,3807553.295299576
2017-05-13,4069211.15021891
2017-05-14,4217882.114689963
2017-05-15,4229658.716778681
2017-05-16,3465743.494100926
2017-05-17,4371824.181999022
2017-05-18,4098311.894599036
2017-05-19,4901267.127408478
2017-05-20,5030311.689163218
2017-05-21,4495677.034520687
2017-05-22,4718460.313944649
2017-05-23,5825237.808752223
2017-05-24,5829821.832520383
2017-05-25,5913178.618347075
2017-05-26,5412969.932579996
2017-05-27,5464366.619909814
2017-05-28,5528020.679859333
2017-05-29,5446669.320601571
2017-05-30,6174849.080420357
2017-05-31,6022303.871606859
2017-06-01,6514103.156782575
2017-06-02,5690970.721657583
2017-06-03,7493350.535664564
2017-06-04,6189854.43009822
2017-06-05,6806139.920265397
2017-06-06,6893773.687744237
2017-06-07,7376567.887001432
2017-06-08,7158192.136786155
2017-06-09,6584688.256343495
2017-06-10,6287784.668653677
2017-06-11,6524696.15829199
2017-06-12,5969400.204419104
2017-06-13,6069396.373858794
2017-06-14,5387891.326700564
2017-06-15,5670404.315539335
2017-06-16,5530491.308300865
2017-06-17,5616371.787654385
2017-06-18,5252221.384317569
2017-06-19,5902858.25710422
2017-06-20,5779149.529711124
2017-06-21,5871489.283090679
2017-06-22,5884622.120080176
2017-06-23,6286320.143260787
2017-06-24,5476775.694906679
2017-06-25,4461323.700798484
2017-06-26,5202767.391396613
2017-06-27,5145831.563403017
2017-06-28,5998232.301671663
2017-06-29,4672383.921809347
2017-06-30,5616249.976165292
2017-07-01,5580006.782515433
2017-07-02,6391843.524207975
2017-07-03,6125331.948858874
2017-07-04,5745500.781899668
2017-07-05,5454501.056960878
2017-07-06,5245356.393640011
2017-07-07,5227907.89154383
2017-07-08,5770975.528493988
2017-07-09,4716335.230832835
2017-07-10,6237133.59415039
2017-07-11,5471403.568995418
2017-07-12,5811209.970452889
2017-07-13,5082966.270708147
2017-07-14,4331616.190811788
2017-07-15,3872783.474244349
2017-07-16,4219972.486919868
2017-07-17,4560679.198648186
2017-07-18,5270839.272246672
2017-07-19,4669895.500926187
2017-07-20,6394117.071367108
2017-07-21,5765870.297040829
2017-07-22,6140319.500375199
2017-07-23,6271736.968801283
2017-07-24,6604219.181786109
2017-07-25,5171759.96402206
2017-07-26,5060716.327640336
2017-07-27,5567647.641081791
2017-07-28,5746515.73116542
2017-07-29,5719804.621500378
2017-07-30,5400739.857734419
2017-07-31,5743795.177662876
2017-08-01,5294121.592664571
2017-08-02,5484323.202230633
2017-08-03,5155056.156679093
2017-08-04,6713303.72068474
2017-08-05,7552482.658861588
2017-08-06,5916469.761985449
2017-08-07,6904758.509798757
2017-08-08,7550722.883421773
2017-08-09,6292696.755531425
2017-08-10,6411951.671360941
2017-08-11,7431520.699991599
2017-08-12,7353526.612613512
2017-08-13,8271905.589836677
2017-08-14,8099756.076039154
2017-08-15,9358203.218131103
2017-08-16,8623679.267900929
2017-08-17,11137124.67377161
2017-08-18,9029173.42362582
2017-08-19,8906572.566484982
2017-08-20,7423208.485760234
2017-08-21,6930573.724472455
2017-08-22,5915772.681687601
2017-08-23,10442184.7330984
2017-08-24,7104608.42027233
2017-08-25,7356844.176670497
2017-08-26,7540693.198982244
2017-08-27,9974427.931024654
2017-08-28,8728424.455095846
2017-08-29,10672939.96601687
2017-08-30,11392983.8295835
2017-08-31,11615952.16258153
2017-09-01,12612005.77425765
2017-09-02,10849499.86284223
2017-09-03,10006970.42333136
2017-09-04,10907871.19746826
2017-09-05,12148548.10350752
2017-09-06,10593788.68780097
2017-09-07,11357788.39099175
2017-09-08,10442433.38985403
2017-09-09,9775645.04978588
2017-09-10,7940177.759362468
2017-09-11,9823424.371163175
2017-09-12,10389617.59222614
2017-09-13,9703250.343426207
2017-09-14,7547188.733803137
2017-09-15,8998460.295526607
2017-09-16,8286436.116380651
2017-09-17,8515436.139109233
2017-09-18,7189252.697427532
2017-09-19,8306016.497451001
2017-09-20,6226453.491744227
2017-09-21,8452141.60091547
2017-09-22,6706304.560957984
2017-09-23,8224744.424151478
2017-09-24,6955673.353997439
2017-09-25,6700795.532208798
2017-09-26,7286774.836277164
2017-09-27,8320131.603459051
2017-09-28,9828038.779808529
2017-09-29,9260340.800007634
2017-09-30,7918476.685985587
2017-10-01,7643859.095166878
2017-10-02,9027125.753427636
2017-10-03,10519857.15796234
2017-10-04,7636784.234754321
2017-10-05,7438429.318780418
2017-10-06,9321600.925400319
2017-10-07,9223123.351600848
2017-10-08,10978272.72174565
2017-10-09,10313621.93777253
2017-10-10,10277581.82216896
2017-10-11,9083429.633426817
2017-10-12,11313698.82421959
2017-10-13,11140983.08097102
2017-10-14,11555042.23323838
2017-10-15,14796332.40068263
2017-10-16,13621730.75522073
2017-10-17,12637072.53046664
2017-10-18,11592901.53527625
2017-10-19,13776100.22118382
2017-10-20,14390708.25411361
2017-10-21,12514313.00436033
2017-10-22,14579153.59445005
2017-10-23,13682558.3031097
2017-10-24,12623021.91213152
2017-10-25,14100454.64140897
2017-10-26,13917699.20724065
2017-10-27,8475432.693104206
2017-10-28,7119488.802905058
2017-10-29,13555081.70570588
2017-10-30,12864324.54939373
2017-10-31,12604957.60163167
2017-11-01,15199995.20211208
2017-11-02,15137561.23145401
2017-11-03,12646845.60912937
2017-11-04,14030911.96241653
2017-11-05,14486854.09148925
2017-11-06,13244060.30716511
2017-11-07,15987157.82084371
2017-11-08,15402363.5360196
2017-11-09,16224734.58867517
2017-11-10,11995675.94652565
2017-11-11,8378579.021843211
2017-11-12,9358575.345976362
2017-11-13,16531959.05681809
2017-11-14,14609712.80784298
2017-11-15,18230731.631753
2017-11-16,18849486.43529345
2017-11-17,19141629.83084465
2017-11-18,15483077.92591066
2017-11-19,18054957.62551712
2017-11-20,20665058.12291441
2017-11-21,20021888.55647236
2017-11-22,17367230.06984825
2017-11-23,17907343.10835714
2017-11-24,17219899.52376531
2017-11-25,18821258.51152602
2017-11-26,19667950.00061999
2017-11-27,23035163.08497094
2017-11-28,21791424.90238872
2017-11-29,24199857.39165337
2017-11-30,23472420.62137343
2017-12-01,27532507.07983297
2017-12-02,24062771.88555526
2017-12-03,26944711.08688003
2017-12-04,28930680.9658347
2017-12-05,28611806.05830985
2017-12-06,36291749.52823077
2017-12-07,38824648.87126811
2017-12-08,42088067.8560026
2017-12-09,41312060.53887334
2017-12-10,37746664.12754937
2017-12-11,43982284.92186444
2017-12-12,42842546.19295048
2017-12-13,48406926.05157422
2017-12-14,49111301.90957636
2017-12-15,47731137.20910763
2017-12-16,52328533.06041969
2017-12-17,54622521.08072601
2017-12-18,54400445.77661972
2017-12-19,42793799.56108803
2017-12-20,42976950.26940777
2017-12-21,43166100.7642882
2017-12-22,48552332.96588094
2017-12-23,41488061.65314802
2017-12-24,39410930.95691395
2017-12-25,33450994.54331959
2017-12-26,39413124.62018367
2017-12-27,42068313.62874886
2017-12-28,38286880.64186555
2017-12-29,41263886.46027332
2017-12-30,33338731.18346331
2017-12-31,35890063.40189312
2018-01-01,32508204.06904105
2018-01-02,41054411.7809817
2018-01-03,40868531.13647819
2018-01-04,43605783.36168371
2018-01-05,42136316.45233734
2018-01-06,47769017.16356834
2018-01-07,43819229.39738016
2018-01-08,41538049.76310741
2018-01-09,40398164.40212432
2018-01-10,41511379.64890675
2018-01-11,41395727.74871921
2018-01-12,39222183.49300702
2018-01-13,33995997.69433124
2018-01-14,33166186.28251072
2018-01-15,32377489.23672963
2018-01-16,29745038.38274226
2018-01-17,30766510.90987869
2018-01-18,31828773.41967332
2018-01-19,29399230.02127782
2018-01-20,33880217.01715457
2018-01-21,30710693.38273083
2018-01-22,25897821.17131356
2018-01-23,26986052.61513707
2018-01-24,28198206.38364252
2018-01-25,24457160.47587794
2018-01-26,23808762.67547183
2018-01-27,24148690.71680035
2018-01-28,24705780.07058438
2018-01-29,22251489.92856847
2018-01-30,22338030.34188624
2018-01-31,16389588.4152491
2018-02-01,19957302.31346311
2018-02-02,20892305.82281059
2018-02-03,19539686.81560594
2018-02-04,19102801.46811678
2018-02-05,17135192.55455303
2018-02-06,17660326.19462273
2018-02-07,14287762.4940443
2018-02-08,14188238.11775123
2018-02-09,15410791.08107532
2018-02-10,16018673.79139863
2018-02-11,15738600.04118393
2018-02-12,19054315.74947819
2018-02-13,18048519.81618627
2018-02-14,21823887.82455127
2018-02-15,17124534.91520965
2018-02-16,20685480.40679742
2018-02-17,21216889.1039496
2018-02-18,21923509.61027649
2018-02-19,23312448.096637
2018-02-20,20547605.19038673
2018-02-21,23018382.92077794
2018-02-22,19010522.79764325
2018-02-23,19818781.83409853
2018-02-24,18729300.65892448
2018-02-25,21058872.61432213
2018-02-26,18750150.26575471
2018-02-27,21993333.8903658
2018-02-28,20679334.03337196
2018-03-01,23156499.97466502
2018-03-02,22084261.45773245
2018-03-03,26288017.66182989
2018-03-04,21683589.08251582
2018-03-05,22070646.27617212
2018-03-06,21422248.82149579
2018-03-07,19904608.72676865
2018-03-08,19359646.97869661
2018-03-09,17366404.47011957
2018-03-10,15872562.40114688
2018-03-11,18698543.08529083
2018-03-12,18833379.43482982
2018-03-13,18717738.12361294
2018-03-14,15191974.79386425
2018-03-15,15245743.37658053
2018-03-16,16507029.34238311
2018-03-17,14915523.97635984
2018-03-18,15730525.97746329
2018-03-19,16987541.38182464
2018-03-20,14429830.10875086
2018-03-21,17242665.36219443
2018-03-22,15831610.05863794
2018-03-23,14895754.59547724
2018-03-24,17120086.12861753
2018-03-25,14506222.55109361
2018-03-26,15615715.84203928
2018-03-27,15111989.0065666
2018-03-28,13658715.40485703
2018-03-29,13804465.31327221
2018-03-30,14140637.62422429
2018-03-31,11305171.30811997
2018-04-01,13984690.63124661
2018-04-02,13949021.22214775
2018-04-03,15383171.81345952
2018-04-04,12762099.59995883
2018-04-05,13448639.64841858
2018-04-06,11665464.335713
2018-04-07,15719638.44829698
2018-04-08,14282165.03528536
2018-04-09,12579503.49337779
2018-04-10,14177375.40297975
2018-04-11,14122990.60015904
2018-04-12,15541758.75804328
2018-04-13,16493540.76578955
2018-04-14,13879940.17916898
2018-04-15,17227691.10797561
2018-04-16,14400049.03595002
2018-04-17,16217951.16586849
2018-04-18,16532650.3883367
2018-04-19,18657870.82501594
2018-04-20,15388898.00923034
2018-04-21,17908017.84985971
2018-04-22,17796422.57311901
2018-04-23,17340556.44086328
2018-04-24,19980180.80602156
2018-04-25,14380061.49169341
2018-04-26,16984903.24417137
2018-04-27,16497239.38100021
2018-04-28,15341401.11333492
2018-04-29,18923259.84124462
2018-04-30,18255979.22724371
2018-05-01,18272594.27739484
2018-05-02,16518080.19362986
2018-05-03,18797513.19614531
2018-05-04,17142384.27240027
2018-05-05,20002995.33743066
2018-05-06,16821811.16908621
2018-05-07,17904828.59232658
2018-05-08,16388652.80058624
2018-05-09,18933226.2583069
2018-05-10,17644489.37147143
2018-05-11,13760973.67798438
2018-05-12,17771170.93811793
2018-05-13,16342331.42429224
2018-05-14,14695262.12098852
2018-05-15,15862447.68830353
2018-05-16,18972888.06525262
2018-05-17,13778495.89237696
2018-05-18,15843938.80792057
2018-05-19,16124219.77191532
2018-05-20,15540841.17093088
2018-05-21,16766510.70377544
2018-05-22,15407052.10172189
2018-05-23,15554870.53520644
2018-05-24,13798643.03893295
2018-05-25,16623980.87371142
2018-05-26,15066570.94064626
2018-05-27,15239769.89745988
2018-05-28,14120416.49102468
2018-05-29,13188768.16059861
2018-05-30,16276303.34924172
2018-05-31,16081960.04161703
2018-06-01,15797323.71605533
2018-06-02,14653282.84657428
2018-06-03,15848186.35918695
2018-06-04,17310380.37580859
2018-06-05,16822178.94773255
2018-06-06,14217037.35089185
2018-06-07,13880506.92603908
2018-06-08,13969356.64784806
2018-06-09,13663958.72674035
2018-06-10,10882947.39185899
2018-06-11,12247235.40410661
2018-06-12,12045080.17987373
2018-06-13,11574390.76618475
2018-06-14,12965410.63340554
2018-06-15,12506232.01377717
2018-06-16,13675208.85187742
2018-06-17,12916753.42368195
2018-06-18,13921417.42459656
2018-06-19,13662227.31750616
2018-06-20,14507759.58426154
2018-06-21,14812705.19907058
2018-06-22,11902335.55431434
2018-06-23,12530555.16429463
2018-06-24,13352536.30812898
2018-06-25,12503605.87816381
2018-06-26,11322720.9844483
2018-06-27,9506572.063708495
2018-06-28,11745834.04095622
2018-06-29,11912199.48968296
2018-06-30,11425672.18546751
2018-07-01,11845445.4889927
2018-07-02,11814119.03960374
2018-07-03,9655965.291263307
2018-07-04,11129560.39266811
2018-07-05,11508032.0380693
2018-07-06,13494219.01789789
2018-07-07,13489743.81088877
2018-07-08,13460760.03843553
2018-07-09,11602999.61471627
2018-07-10,11931184.42537123
2018-07-11,10919884.09221935
2018-07-12,11094340.36454238
2018-07-13,11269556.58980043
2018-07-14,10526693.77624468
2018-07-15,10670065.45716364
2018-07-16,10272944.91533557
2018-07-17,14728540.47050941
2018-07-18,16266033.98058656
2018-07-19,16175663.54705555
2018-07-20,14328068.86880147
2018-07-21,12833464.63427942
2018-07-22,16986653.04944298
2018-07-23,16206595.47351016
2018-07-24,16992956.83543709
2018-07-25,18320784.39287698
2018-07-26,16590019.28556769
2018-07-27,17219573.43037552
2018-07-28,14979444.11162686
2018-07-29,17599395.461737
2018-07-30,13908607.23225716
2018-07-31,14485233.53823485
2018-08-01,14458984.57432345
2018-08-02,14662938.0388112
2018-08-03,15602875.23103928
2018-08-04,15591784.57704006
2018-08-05,14224334.73598765
2018-08-06,11506110.19971145
2018-08-07,12873364.80662716
2018-08-08,12505989.3028521
2018-08-09,12369228.20535923
2018-08-10,13732623.82717967
2018-08-11,13462512.73804378
2018-08-12,12355111.89741343
2018-08-13,11934148.00928198
2018-08-14,10703530.22402069
2018-08-15,12804700.20819347
2018-08-16,12643461.56475014
2018-08-17,12666949.75871935
2018-08-18,12953064.78996396
2018-08-19,11903151.25497598
2018-08-20,12005542.81294629
2018-08-21,12178875.30354062
2018-08-22,12908461.65165803
2018-08-23,12297385.52642709
2018-08-24,12388439.01621931
2018-08-25,11481203.3558568
2018-08-26,14709304.10959242
2018-08-27,16138344.71904048
2018-08-28,13892477.18752017
2018-08-29,12409180.75508865
2018-08-30,13607798.54032016
2018-08-31,13811435.68230903
2018-09-01,13715771.56420839
2018-09-02,13202891.92554007
2018-09-03,13221324.21378013
2018-09-04,11773760.88723961
2018-09-05,11468095.00082512
2018-09-06,12464239.87253573
2018-09-07,12460594.49391874
2018-09-08,11786052.5395336
2018-09-09,12959808.45998959
2018-09-10,10807800.13433833
2018-09-11,11294293.10545432
2018-09-12,13509575.91870581
2018-09-13,12196659.13774497
2018-09-14,10884156.69816483
2018-09-15,11554981.01169066
2018-09-16,11404141.71715003
2018-09-17,10709173.49761301
2018-09-18,11426408.86747481
2018-09-19,12579347.07341077
2018-09-20,12676768.73005162
2018-09-21,12295413.91030195
2018-09-22,13149713.00775969
2018-09-23,12673217.84654866
2018-09-24,12303799.24298882
2018-09-25,13744751.03031101
2018-09-26,11421677.90033286
2018-09-27,12099799.69421322
2018-09-28,12978076.0804751
2018-09-29,12669857.86502409
2018-09-30,13606795.13102681
2018-10-01,13154296.43185145
2018-10-02,11395959.45725263
2018-10-03,11924869.68218052
2018-10-04,12453416.62768394
2018-10-05,10902839.98443365
2018-10-06,10411222.47332489
2018-10-07,11806506.64936025
2018-10-08,11337362.55702494
2018-10-09,10901727.27252714
2018-10-10,11956271.85687014
2018-10-11,12535157.21459244
2018-10-12,10466489.03845286
2018-10-13,11167911.98823614
2018-10-14,9044567.267043909
2018-10-15,13528208.83823682
2018-10-16,11266164.0865282
2018-10-17,11415527.43125635
2018-10-18,11285693.85346793
2018-10-19,11591350.44243322
2018-10-20,11692889.47459014
2018-10-21,11262846.77173427
2018-10-22,12686628.29629941
2018-10-23,12573168.79439502
2018-10-24,9284836.092519477
2018-10-25,11212684.39048989
2018-10-26,11695200.35249688
2018-10-27,11101356.60709897
2018-10-28,11458291.74200554
2018-10-29,11681488.4896713
2018-10-30,12313288.25877739
2018-10-31,12977620.85246564
2018-11-01,12384200.75855747
2018-11-02,11540373.17771198
2018-11-03,12888492.47229523
2018-11-04,9885141.554282328
2018-11-05,11689556.82010646
2018-11-06,10452284.15336021
2018-11-07,10729142.62636938
2018-11-08,9902113.71058223
2018-11-09,10283018.59028098
2018-11-10,10599358.75120172
2018-11-11,11786739.77762331
2018-11-12,11275118.84667678
2018-11-13,9650739.085955009
2018-11-14,9804218.019824155
2018-11-15,9180587.589437876
2018-11-16,8986099.734765088
2018-11-17,10187804.60356306
2018-11-18,8745265.243463902
2018-11-19,7873206.200291075
2018-11-20,7591135.414270415
2018-11-21,6270224.140117278
2018-11-22,6833283.751512634
2018-11-23,6951388.411858487
2018-11-24,7062587.961279593
2018-11-25,6502549.824333105
2018-11-26,5382439.281419029
2018-11-27,6387286.422335807
2018-11-28,6449775.182684227
2018-11-29,5803271.728260729
2018-11-30,5234550.262372629
2018-12-01,6665492.18652806
2018-12-02,5993393.710807874
2018-12-03,5668350.608629636
2018-12-04,7020288.594083708
2018-12-05,6199013.333276344
2018-12-06,6042125.002978342
2018-12-07,4980096.667490738
2018-12-08,5586993.590361786
2018-12-09,5846810.207710207
2018-12-10,5514024.310143378
2018-12-11,5429082.286153574
2018-12-12,5299687.774060466
2018-12-13,5496562.18078045
2018-12-14,5998368.39510743
2018-12-15,6088493.85721885
2018-12-16,4727714.906924299
2018-12-17,7165068.338573479
2018-12-18,6010907.45747053
2018-12-19,7102989.418799479
2018-12-20,7087295.570145495
2018-12-21,6935754.643151225
2018-12-22,8851944.280465627
2018-12-23,8858538.253077118
2018-12-24,7846831.026098325
2018-12-25,7653060.46668118
2018-12-26,7629833.587835231
2018-12-27,8020902.112014123
2018-12-28,8266770.91237099
2018-12-29,6661528.724153232
2018-12-30,8561797.130712513
2018-12-31,7308280.694534104
2019-01-01,7196915.597608916
2019-01-02,7514098.135382099
2019-01-03,7506869.741772005
2019-01-04,7261510.209037231
2019-01-05,7873296.087661457
2019-01-06,7251953.288599587
2019-01-07,7189201.84784621
2019-01-08,8605374.622608444
2019-01-09,8370753.850813406
2019-01-10,7270702.090528919
2019-01-11,6908931.561190374
2019-01-12,6377735.888060004
2019-01-13,6133172.872573179
2019-01-14,6976622.007833316
2019-01-15,6065465.454545573
2019-01-16,6170574.19139199
2019-01-17,5928132.488113766
2019-01-18,6379001.95853594
2019-01-19,6265146.596435351
2019-01-20,7122746.980206424
2019-01-21,6778174.53403772
2019-01-22,5933545.95872497
2019-01-23,6624134.306105223
2019-01-24,7383020.806165989
2019-01-25,6302982.911108117
2019-01-26,6824888.842299595
2019-01-27,6199266.975617976
2019-01-28,6377518.786128746
2019-01-29,6370634.7771819
2019-01-30,5999012.932555789
2019-01-31,6798693.197962576
2019-02-01,7005605.018741385
2019-02-02,6414931.609740369
2019-02-03,6022115.460738107
2019-02-04,6410913.061124929
2019-02-05,6418643.699220371
2019-02-06,7070674.313003932
2019-02-07,7453238.590561764
2019-02-08,7537198.161986256
2019-02-09,6949829.131461167
2019-02-10,6497619.007119128
2019-02-11,6696578.71810511
2019-02-12,5971776.207132361
2019-02-13,7074356.250131571
2019-02-14,6468529.569698898
2019-02-15,5847759.276947144
2019-02-16,6889346.459369457
2019-02-17,7378771.764030342
2019-02-18,7700732.320141084
2019-02-19,7839400.811872061
2019-02-20,6645896.718529162
2019-02-21,6016116.304776886
2019-02-22,8260780.559585095
2019-02-23,7516425.197143933
2019-02-24,6645832.685129898
2019-02-25,7046703.799047107
2019-02-26,7901616.606227122
2019-02-27,6913215.703101577
2019-02-28,7346199.604894145
2019-03-01,7938021.606023564
2019-03-02,6479430.322874566
2019-03-03,7100444.959601404
2019-03-04,6547762.184415296
2019-03-05,7365720.643433666
2019-03-06,6398763.082331034
2019-03-07,7091376.836576239
2019-03-08,7248940.687131747
2019-03-09,6929883.816486467
2019-03-10,6796984.970659289
2019-03-11,7053774.435141002
2019-03-12,7114664.524065276
2019-03-13,6733093.518046917
2019-03-14,7729448.740009954
2019-03-15,7694165.985743643
2019-03-16,8340196.863772461
2019-03-17,7420256.16383127
2019-03-18,8210056.639636683
2019-03-19,8944120.498930505
2019-03-20,8334984.854403807
2019-03-21,7349527.849239996
2019-03-22,8207356.926253792
2019-03-23,7388747.216676969
2019-03-24,7598381.702228876
2019-03-25,7448746.666855475
2019-03-26,6820126.888055878
2019-03-27,7807681.904166775
2019-03-28,7620692.678202866
2019-03-29,7739706.899655475
2019-03-30,7342391.743826569
2019-03-31,7314214.333046219
2019-04-01,7324817.377871697
2019-04-02,10149729.22055659
2019-04-03,9464687.286915252
2019-04-04,9375290.758332059
2019-04-05,10526006.27379221
2019-04-06,9205918.870646717
2019-04-07,9607647.132651933
2019-04-08,10476917.64833304
2019-04-09,9186364.086831508
2019-04-10,10446667.22038153
2019-04-11,10522917.01457718
2019-04-12,10116968.15970963
2019-04-13,8937991.870587882
2019-04-14,8176892.971494058
2019-04-15,9582539.611254511
2019-04-16,9894177.13958471
2019-04-17,9464284.91474325
2019-04-18,10253457.36657334
2019-04-19,10496487.61467834
2019-04-20,9050011.182858255
2019-04-21,11029315.14381338
2019-04-22,9423181.790124262
2019-04-23,8616958.085728835
2019-04-24,11848786.82896854
2019-04-25,9805299.64062408
2019-04-26,10450059.27702705
2019-04-27,9305415.107031448
2019-04-28,11021913.9173499
2019-04-29,11065600.95904112
2019-04-30,9819902.450775642
2019-05-01,11899144.59967852
2019-05-02,13018403.83852905
2019-05-03,11428551.73682241
2019-05-04,9972863.67368105
2019-05-05,9702078.932466337
2019-05-06,11292429.07911269
2019-05-07,9816015.96160389
2019-05-08,12041167.26976909
2019-05-09,12236862.03605144
2019-05-10,10757040.61089958
2019-05-11,12622402.93126613
2019-05-12,14496119.26573262
2019-05-13,17173357.42841076
2019-05-14,16250152.95366052
2019-05-15,16860462.87882079
2019-05-16,16188671.84533778
2019-05-17,15506174.25218563
2019-05-18,14889655.25919445
2019-05-19,17731658.70714695
2019-05-20,17538850.90050298
2019-05-21,16843896.34516654
2019-05-22,17400314.02003758
2019-05-23,16858977.84907489
2019-05-24,16808490.27026935
2019-05-25,15123634.02363587
2019-05-26,18721997.64353265
2019-05-27,20042237.72799992
2019-05-28,19558440.91480097
2019-05-29,20452385.03913032
2019-05-30,18191026.78340888
2019-05-31,14314202.16797834
2019-06-01,17536994.85809302
2019-06-02,15355741.26417535
2019-06-03,13853774.88175642
2019-06-04,16489266.23304676
2019-06-05,16887790.60559184
2019-06-06,16310547.93171997
2019-06-07,16740662.43748117
2019-06-08,12892371.73606704
2019-06-09,14608511.21383459
2019-06-10,16504146.46745032
2019-06-11,15038916.05756897
2019-06-12,14214772.85609783
2019-06-13,16427741.73396919
2019-06-14,19383493.96331147
2019-06-15,16828139.80754117
2019-06-16,15283229.02403951
2019-06-17,16598071.05127539
2019-06-18,19537884.61241036
2019-06-19,21505922.17438453
2019-06-20,18215502.87809146
2019-06-21,18099465.7228909
2019-06-22,20158520.20501329
2019-06-23,25411984.87748045
2019-06-24,25476754.45759305
2019-06-25,22934105.9073498
2019-06-26,29212815.74371987
2019-06-27,22025086.4176046
2019-06-28,27508051.8709532
2019-06-29,27311477.69189149
2019-06-30,21688345.83797254
2019-07-01,20275352.20763727
2019-07-02,22625176.11427318
2019-07-03,26832338.32732852
2019-07-04,24346412.39376069
2019-07-05,26783608.85807899
2019-07-06,25507876.58756429
2019-07-07,22423078.77719739
2019-07-08,28164556.93325456
2019-07-09,25074466.43965919
2019-07-10,20636833.67847476
2019-07-11,19195473.8758251
2019-07-12,25020420.60890779
2019-07-13,20549752.12622766
2019-07-14,19011068.59532312
2019-07-15,20593911.50380346
2019-07-16,19819184.47662625
2019-07-17,16742334.50744946
2019-07-18,16897173.5869899
2019-07-19,16286595.4792818
2019-07-20,24368578.50120754
2019-07-21,20137883.59844835
2019-07-22,20977679.96039862
2019-07-23,18208553.26008026
2019-07-24,17555917.36411187
2019-07-25,19143235.43012331
2019-07-26,20944727.48432013
2019-07-27,18281939.33815829
2019-07-28,21155256.18101062
2019-07-29,20373572.85271293
2019-07-30,17626885.86692854
2019-07-31,22098778.53726725
2019-08-01,18945415.43927591
2019-08-02,22689684.33351481
2019-08-03,23699342.06059276
2019-08-04,23116614.96880726
2019-08-05,21601491.49064306
2019-08-06,23625576.19011394
2019-08-07,23684827.82628248
2019-08-08,22082326.48801955
2019-08-09,22573199.75934432
2019-08-10,21881365.77714956
2019-08-11,22388536.74649297
2019-08-12,19498917.39237488
2019-08-13,22201240.34959325
2019-08-14,19662273.70639187
2019-08-15,20791663.6904397
2019-08-16,19595417.9621576
2019-08-17,16732814.84920177
2019-08-18,16466025.69799321
2019-08-19,22696326.05386794
2019-08-20,21087218.70100086
2019-08-21,17764152.38543442
2019-08-22,18403051.24642263
2019-08-23,20336893.07343343
2019-08-24,20625644.52312212
2019-08-25,19862157.47860507
2019-08-26,18107534.88961727
2019-08-27,17534168.58827255
2019-08-28,18746398.46255516
2019-08-29,19937350.30714223
2019-08-30,19527105.48327226
2019-08-31,20214975.48600295
2019-09-01,17638138.96847736
2019-09-02,19568427.71952291
2019-09-03,22192345.14891499
2019-09-04,18406287.38263141
2019-09-05,22200084.74368915
2019-09-06,20834948.63072843
2019-09-07,20000854.17050178
2019-09-08,23328392.3953551
2019-09-09,19199401.29233534
2019-09-10,23391663.28137876
2019-09-11,23764236.28615106
2019-09-12,20867224.80195606
2019-09-13,19711360.08929178
2019-09-14,20286495.32251848
2019-09-15,19202695.8332385
2019-09-16,21239652.22256346
2019-09-17,19301125.22978304
2019-09-18,22529214.5551386
2019-09-19,19368053.98090298
2019-09-20,19544047.88590727
2019-09-21,21025378.77993038
2019-09-22,20976901.56564098
2019-09-23,14177525.86069338
2019-09-24,17249421.53117641
2019-09-25,16913089.71603265
2019-09-26,17619310.31810597
2019-09-27,13898280.44688586
2019-09-28,16579771.93566285
2019-09-29,13947316.20375904
2019-09-30,13817693.88386335
2019-10-01,15316295.09651747
2019-10-02,15839349.99592837
2019-10-03,15490656.7329187
2019-10-04,15306568.63133343
2019-10-05,16255299.40618655
2019-10-06,15009673.07041483
2019-10-07,16179595.61680119
2019-10-08,16785952.33027473
2019-10-09,15088670.72551516
2019-10-10,17668186.76497223
2019-10-11,16457759.40181886
2019-10-12,14042945.93227379
2019-10-13,14908146.23586999
2019-10-14,14327155.03623775
2019-10-15,15910407.61766734
2019-10-16,14637177.19065529
2019-10-17,15398882.63489748
2019-10-18,16153822.12507597
2019-10-19,14329085.31870852
2019-10-20,15128185.59466513
2019-10-21,16539536.70078253
2019-10-22,17249818.91062941
2019-10-23,15996155.5639852
2019-10-24,12681399.52548468
2019-10-25,15244269.73283371
2019-10-26,16627663.43361325
2019-10-27,14066564.99672376
2019-10-28,15873438.7239797
2019-10-29,16011119.30867456
2019-10-30,15735210.19437612
2019-10-31,15489693.55212751
2019-11-01,15420333.31825948
2019-11-02,15877466.82151575
2019-11-03,16171455.52530249
2019-11-04,15988141.44866137
2019-11-05,17235448.11877492
2019-11-06,15800866.41854048
2019-11-07,16007127.89353493
2019-11-08,14467635.85983748
2019-11-09,16126321.98816399
2019-11-10,19012006.47622159
2019-11-11,16786406.57462537
2019-11-12,15123993.46305436
2019-11-13,15181694.58358461
2019-11-14,18658657.02177864
2019-11-15,17022588.44246328
2019-11-16,16007459.49895152
2019-11-17,16682168.40006381
2019-11-18,14776963.33746488
2019-11-19,15356691.16231217
2019-11-20,14468978.48951915
2019-11-21,13366220.07466484
2019-11-22,12345539.49234854
2019-11-23,16128534.78520255
2019-11-24,11657945.25565186
2019-11-25,11402202.52985455
2019-11-26,11303104.42073062
2019-11-27,13354899.19341302
2019-11-28,15405777.56124173
2019-11-29,13449578.99398605
2019-11-30,12125638.77086533
2019-12-01,13065119.05485248
2019-12-02,13468295.42780859
2019-12-03,14651120.15342868
2019-12-04,15369962.39239881
2019-12-05,13671993.16252492
2019-12-06,13863044.88511438
2019-12-07,14768949.39305454
2019-12-08,14107172.16895819
2019-12-09,13853366.71454265
2019-12-10,13626684.79687542
2019-12-11,12087723.06502565
2019-12-12,12207427.240775
2019-12-13,13971288.4064555
2019-12-14,13568101.85532432
2019-12-15,11240998.46506702
2019-12-16,13754720.32434899
2019-12-17,11804370.47504482
2019-12-18,12377852.05400592
2019-12-19,14344758.13677885
2019-12-20,14257551.75195263
2019-12-21,15937213.80535281
2019-12-22,15966985.8304176
2019-12-23,13286163.27596383
2019-12-24,11549350.9302614
2019-12-25,11744330.50561173
2019-12-26,15250480.46676813
2019-12-27,13348162.18843435
2019-12-28,13734339.81723489
2019-12-29,14374685.0297998
2019-12-30,15265000.50094381
2019-12-31,13152344.43894276
2020-01-01,15731050.71328512
2020-01-02,12408492.30862839
2020-01-03,15642225.07817302
2020-01-04,15663222.33281764
2020-01-05,15187623.71392196
2020-01-06,13272009.13450039
2020-01-07,18176081.96770794
2020-01-08,14596441.13825049
2020-01-09,15699750.11647774
2020-01-10,15472554.37955245
2020-01-11,16508008.94659375
2020-01-12,15569347.00191849
2020-01-13,14708783.1793774
2020-01-14,16231800.92686954
2020-01-15,16899403.26224291
2020-01-16,17546608.07827236
2020-01-17,17963377.61851774
2020-01-18,14914508.6105272
2020-01-19,16468015.83658629
2020-01-20,16603137.08760361
2020-01-21,16905981.23697425
2020-01-22,17115905.53275752
2020-01-23,16884803.1580203
2020-01-24,16182303.58357805
2020-01-25,17249425.0254767
2020-01-26,15457727.5294227
2020-01-27,14543383.57433849
2020-01-28,16826627.27038508
2020-01-29,18823552.64768615
2020-01-30,18729349.37866091
2020-01-31,17041632.98727018
2020-02-01,17893254.74697498
2020-02-02,16861428.63977332
2020-02-03,17393132.56182428
2020-02-04,15366598.89040199
2020-02-05,19351259.82515016
2020-02-06,16682780.72577341
2020-02-07,17319272.82112524
2020-02-08,17353577.07477265
2020-02-09,19553405.35462624
2020-02-10,15317128.35109761
2020-02-11,19234352.68778811
2020-02-12,18708875.90020439
2020-02-13,18349484.79888487
2020-02-14,17712714.68523408
2020-02-15,17840404.06970726
2020-02-16,17864054.61722269
2020-02-17,19253906.35124426
2020-02-18,19331473.46958744
2020-02-19,17284591.54471258
2020-02-20,15416113.5285547
2020-02-21,18883257.5737768
2020-02-22,18049722.69036645
2020-02-23,17774432.78874728
2020-02-24,17221128.20253794
2020-02-25,17053169.30984421
2020-02-26,15259908.17904755
2020-02-27,16382781.17967764
2020-02-28,17389375.04189912
2020-02-29,15128373.96310239
2020-03-01,19070260.63229539
2020-03-02,16715999.82171784
2020-03-03,17032688.25894373
2020-03-04,18462274.61321471
2020-03-05,18717422.37092439
2020-03-06,17914359.73151933
2020-03-07,17650574.48926571
2020-03-08,16148674.64908475
2020-03-09,15046427.43245021
2020-03-10,13281941.44113891
2020-03-11,12004227.48904611
2020-03-12,9461496.693466883
2020-03-13,9134979.640800975
2020-03-14,8588054.94969744
2020-03-15,8258070.857019641
2020-03-16,7768363.333750028
2020-03-17,8379120.198624448
2020-03-18,6855233.124044174
2020-03-19,8707507.574032644
2020-03-20,8923558.288476823
2020-03-21,9858727.381994782
2020-03-22,9455197.624372346
2020-03-23,9335286.73447698
2020-03-24,11410119.10587391
2020-03-25,7981786.493824694
2020-03-26,13807853.9258968
2020-03-27,12806406.20798188
2020-03-28,10712523.03199031
2020-03-29,11317157.34085619
2020-03-30,12016903.14026559
2020-03-31,12993336.86793663
2020-04-01,12778157.15782268
2020-04-02,13165493.58208626
2020-04-03,11288974.87359336
2020-04-04,13574528.03103721
2020-04-05,14955653.58460747
2020-04-06,11750124.65129604
2020-04-07,15244691.07719392
2020-04-08,13369905.54334658
2020-04-09,14224533.6489244
2020-04-10,14125586.41980009
2020-04-11,13713586.81764263
2020-04-12,13474459.08068228
2020-04-13,14746004.01202059
2020-04-14,14520394.36925287
2020-04-15,14211766.112185
2020-04-16,13882755.82944553
2020-04-17,11450470.4551522
2020-04-18,14294667.31126164
2020-04-19,13775078.08887777
2020-04-20,14001960.76898113
2020-04-21,12971127.82655785
2020-04-22,11837468.50479347
2020-04-23,13494096.99188897
2020-04-24,13868222.83640799
2020-04-25,13078236.55813264
2020-04-26,13312200.10279253
2020-04-27,13957057.99110899
2020-04-28,15246057.34903677
2020-04-29,16407128.73348076
2020-04-30,15532528.47641453
2020-05-01,16583328.60053562
2020-05-02,17235732.73385643
2020-05-03,19195744.29891967
2020-05-04,18205695.43004561
2020-05-05,18396727.99866441
2020-05-06,18446363.6015425
2020-05-07,19224139.62052461
2020-05-08,17901083.20262164
2020-05-09,17138021.57665663
2020-05-10,19172120.77000538
2020-05-11,17639050.79757251
2020-05-12,8997090.839457907
2020-05-13,7907852.603945576
2020-05-14,8360167.293653487
2020-05-15,8793509.296371073
2020-05-16,8401079.417353654
2020-05-17,7137931.660093267
2020-05-18,9378325.078872053
2020-05-19,8761663.850462703
2020-05-20,8675310.75394725
2020-05-21,9267058.853159789
2020-05-22,7827186.06600576
2020-05-23,7846950.062266936
2020-05-24,7020615.842523575
2020-05-25,7784133.258549456
2020-05-26,7553846.306829378
2020-05-27,8631773.247745322
2020-05-28,8637125.859598463
2020-05-29,8382176.385614769
2020-05-30,10117964.01590684
2020-05-31,9438525.385548115
2020-06-01,9328611.72193387
2020-06-02,8618787.13630037
2020-06-03,9172764.971603373
2020-06-04,9863777.1483024
2020-06-05,11356294.20776651
2020-06-06,12129816.30792788
2020-06-07,9955660.743649937
2020-06-08,10300447.83991094
2020-06-09,10140207.95258989
2020-06-10,10496455.09826286
2020-06-11,11141278.7760529
2020-06-12,9943213.804614965
2020-06-13,9556066.878991863
2020-06-14,10126437.56889115
2020-06-15,8477377.228744954
2020-06-16,9427117.897521188
2020-06-17,8632444.105016056
2020-06-18,7650735.713610211
2020-06-19,8757759.896527488
2020-06-20,8273396.321468714
2020-06-21,8719842.969930118
2020-06-22,8972934.131605715
2020-06-23,9949430.619637562
2020-06-24,8481470.960142782
2020-06-25,8536266.309686996
2020-06-26,9706613.831131643
2020-06-27,8017503.523306933
2020-06-28,8763858.126086585
2020-06-29,8645143.303640006
2020-06-30,8788460.64770541
2020-07-01,9923280.824146487
2020-07-02,9862534.439026296
2020-07-03,9746462.908508765
2020-07-04,9235701.38183669
2020-07-05,9473675.753575493
2020-07-06,9289307.007305836
2020-07-07,9689583.45820054
2020-07-08,9344651.322897699
2020-07-09,10039102.8273778
2020-07-10,9786062.794860007
2020-07-11,9311491.471223393
2020-07-12,9040739.74657619
2020-07-13,8870802.99229014
2020-07-14,8900793.31574299
2020-07-15,8520106.351468842
2020-07-16,8480787.411182238
2020-07-17,7455426.234871577
2020-07-18,8140247.984380061
2020-07-19,7942826.338450209
2020-07-20,8809268.337906156
2020-07-21,8282935.226212364
2020-07-22,9937572.008348754
2020-07-23,9436346.83467357
2020-07-24,10783723.09348308
2020-07-25,9450185.172617676
2020-07-26,10540233.50166636
2020-07-27,11600772.7252921
2020-07-28,11933487.12261865
2020-07-29,12204259.47378572
2020-07-30,11384826.5348114
2020-07-31,12781788.2240626
2020-08-01,11584520.31298998
2020-08-02,10925385.7627313
2020-08-03,12849846.57938113
2020-08-04,11327337.44359316
2020-08-05,11075034.74356139
2020-08-06,13802998.07949284
2020-08-07,12606573.39991814
2020-08-08,11351712.56945148
2020-08-09,12112165.86068819
2020-08-10,11752405.82733786
2020-08-11,12715271.72756223
2020-08-12,12807300.37594752
2020-08-13,12124500.2589573
2020-08-14,13542485.39291729
2020-08-15,12368919.4108206
2020-08-16,12019598.83807393
2020-08-17,10571358.59689691
2020-08-18,12385898.33692852
2020-08-19,11877419.99999703
2020-08-20,12394384.25558777
2020-08-21,12796348.28519579
2020-08-22,11029037.91328076
2020-08-23,12138731.21882329
2020-08-24,11892664.78872331
2020-08-25,10123937.91678162
2020-08-26,11441287.75784958
2020-08-27,10520627.68728755
2020-08-28,12948678.08902375
2020-08-29,11263324.80958245
2020-08-30,10046807.19961505
2020-08-31,12024661.9022493
2020-09-01,13027448.96829672
2020-09-02,11732293.84994399
2020-09-03,9629942.989309438
2020-09-04,10503545.91535161
2020-09-05,10181156.84360452
2020-09-06,10365032.80447435
2020-09-07,12344632.87005119
2020-09-08,10666580.80910321
2020-09-09,10451760.77567312
2020-09-10,11377583.23467905
2020-09-11,9960613.8344851
2020-09-12,11701660.89725994
2020-09-13,10959506.92030527
2020-09-14,12555026.45271282
2020-09-15,11359835.7373993
2020-09-16,11484393.81647543
2020-09-17,12957588.40938927
2020-09-18,12046272.26679352
2020-09-19,10859161.34595014
2020-09-20,10068786.24422441
2020-09-21,10122845.20713085
2020-09-22,9278297.635448974
2020-09-23,10058327.60827575
2020-09-24,10087435.97361229
2020-09-25,12130084.22264298
2020-09-26,10529372.479563
2020-09-27,10640663.98004682
2020-09-28,9252282.62970499
2020-09-29,10460712.60456163
2020-09-30,11542923.14276369
2020-10-01,9316999.70837622
2020-10-02,10285262.35335903
2020-10-03,10714491.24555016
2020-10-04,11130709.70707441
2020-10-05,10504969.78222273
2020-10-06,9817649.378914088
2020-10-07,11254979.78964892
2020-10-08,12177888.51843358
2020-10-09,11045470.24034761
2020-10-10,10952950.87331296
2020-10-11,10544396.84672135
2020-10-12,11625804.73644271
2020-10-13,12700735.79502207
2020-10-14,11478668.39216056
2020-10-15,11748352.06633942
2020-10-16,11694558.81253801
2020-10-17,11547001.64899832
2020-10-18,9031089.758672493
2020-10-19,9767261.340111319
2020-10-20,11563625.62150932
2020-10-21,11915072.36956776
2020-10-22,13267113.35904779
2020-10-23,12447073.10914457
2020-10-24,13687400.24507898
2020-10-25,10374725.64870339
2020-10-26,10441996.25465702
2020-10-27,11060713.73734685
2020-10-28,11305049.84210058
2020-10-29,12564772.90576186
2020-10-30,12972085.3347447
2020-10-31,13369624.49483909
2020-11-01,13151253.03181
2020-11-02,10890647.7190455
2020-11-03,16201148.70115116
2020-11-04,16935721.83636084
2020-11-05,18344327.15611812
2020-11-06,18604003.06446476
2020-11-07,15557904.28720503
2020-11-08,14838663.2955862
2020-11-09,19913351.71069654
2020-11-10,16414929.54854555
2020-11-11,16107108.30757661
2020-11-12,17955961.62625354
2020-11-13,15811020.96424794
2020-11-14,15217917.05228501
2020-11-15,15641793.17205976
2020-11-16,18104158.18572211
2020-11-17,18935745.82343393
2020-11-18,20553334.40712889
2020-11-19,16921356.38449452
2020-11-20,20978168.40330468
2020-11-21,20609037.33549066
2020-11-22,20606905.86781754
2020-11-23,17887853.24843875
2020-11-24,17865303.26327349
2020-11-25,20028689.05487244
2020-11-26,17813354.83353111
2020-11-27,17895397.15521488
2020-11-28,18056301.20088395
2020-11-29,17736881.91413523
2020-11-30,15329853.04136692
2020-12-01,20661657.30914675
2020-12-02,18240584.19185016
2020-12-03,21906354.31885675
2020-12-04,18920912.02102279
2020-12-05,18556506.17842061
2020-12-06,17367146.4604585
2020-12-07,19312753.93727231
2020-12-08,17818010.46084782
2020-12-09,17473423.39394069
2020-12-10,16177436.29523845
2020-12-11,16867931.3217652
2020-12-12,16460994.99066958
2020-12-13,19421400.47698963
2020-12-14,18582202.5029293
2020-12-15,18356512.18106457
2020-12-16,20782617.01682554
2020-12-17,22089823.2953108
2020-12-18,27157274.3390742
2020-12-19,26414476.86752136
2020-12-20,23956366.19634942
2020-12-21,22613822.0722854
2020-12-22,24395122.18118384
2020-12-23,25736580.27960319
2020-12-24,21244012.8032436
2020-12-25,24502678.27191683
2020-12-26,24480847.20255424
2020-12-27,26836571.11084734
2020-12-28,29796384.31557372
2020-12-29,28851168.21964374
2020-12-30,34020017.71443649
2020-12-31,33367992.55745599
2021-01-01,28772880.89955451
2021-01-02,32575931.48393245
2021-01-03,35373912.38654556
2021-01-04,37996263.16292435
2021-01-05,37293781.8917621
2021-01-06,45501418.80335959
2021-01-07,45707006.4518638
2021-01-08,43237398.04125568
2021-01-09,39553278.38984975
2021-01-10,41771642.70734175
2021-01-11,39054274.39106993
2021-01-12,36925936.97680003
2021-01-13,40552003.34892559
2021-01-14,41550498.655056
2021-01-15,40990940.29381242
2021-01-16,36468950.32770346
2021-01-17,32109363.88152581
2021-01-18,36309680.37472601
2021-01-19,37111258.24454722
2021-01-20,34655132.87358672
2021-01-21,28551392.39393793
2021-01-22,32868502.95656338
2021-01-23,33716964.77233737
2021-01-24,29913451.20125711
2021-01-25,31581100.34706002
2021-01-26,35438002.54979552
2021-01-27,29543366.24104904
2021-01-28,33196702.63586771
2021-01-29,38348405.59125322
2021-01-30,33862901.28929993
2021-01-31,33126171.130681
2021-02-01,29232195.04467354
2021-02-02,39249031.57840741
2021-02-03,40138155.06664812
2021-02-04,43086972.56572121
2021-02-05,45751255.349107
2021-02-06,43672541.51690505
2021-02-07,41226439.77105188
2021-02-08,52726130.15512942
2021-02-09,50698401.68273255
2021-02-10,47665444.1535101
2021-02-11,47410869.86260937
2021-02-12,51751548.34986742
2021-02-13,52980830.91833591
2021-02-14,50170969.06531688
2021-02-15,51506558.29890315
2021-02-16,43091595.61149491
2021-02-17,52353024.33236704
2021-02-18,51856292.21803306
2021-02-19,62305112.58227706
2021-02-20,59520614.29326103
2021-02-21,57277324.56931839
2021-02-22,52093346.12097228
2021-02-23,47434864.68470335
2021-02-24,58752310.61536103
2021-02-25,53230051.31407331
2021-02-26,47059160.04696313
2021-02-27,50282789.38275202
2021-02-28,40686010.78204086
2021-03-01,46500199.21788942
2021-03-02,49685074.11397117
2021-03-03,54891230.22335015
2021-03-04,44292832.8970883
2021-03-05,51147030.20801841
2021-03-06,50270505.38362484
2021-03-07,50447773.76675197
2021-03-08,55409573.36412065
2021-03-09,53610386.02219837
2021-03-10,58458937.86714844
2021-03-11,54105662.8395391
2021-03-12,60511791.40843242
2021-03-13,61868760.32057044
2021-03-14,63890197.25976646
2021-03-15,57934006.89124213
2021-03-16,58839408.31870489
2021-03-17,56155228.63240544
2021-03-18,62937358.34957352
2021-03-19,60787364.49903977
2021-03-20,61141323.76748641
2021-03-21,59586829.72099766
2021-03-22,56179512.64309412
2021-03-23,59696056.35260817
2021-03-24,54486830.67324939
2021-03-25,54120089.71065741
2021-03-26,51346154.30548329
2021-03-27,59453401.84405703
2021-03-28,58888836.55854234
2021-03-29,59184633.80220655
2021-03-30,59474135.05341555
2021-03-31,63889657.13625551
2021-04-01,58897127.32876926
2021-04-02,57278282.9698363
2021-04-03,52033668.21681684
2021-04-04,57559907.3230383
2021-04-05,62989701.3392036
2021-04-06,58617028.62451909
2021-04-07,60846276.24433465
2021-04-08,54184947.42760019
2021-04-09,62111725.75576172
2021-04-10,64052784.30041865
2021-04-11,58373649.4404335
2021-04-12,59422520.60615317
2021-04-13,62925040.97234664
2021-04-14,61659674.88282393
2021-04-15,77859488.90967184
2021-04-16,48308162.4214053
2021-04-17,44528099.12187945
2021-04-18,55586310.53543791
2021-04-19,45754452.45722437
2021-04-20,62120207.74986643
2021-04-21,47776053.14804656
2021-04-22,61841746.96262737
2021-04-23,56816153.71819897
2021-04-24,53754202.65991544
2021-04-25,48919093.97092539
2021-04-26,47539090.14052319
2021-04-27,57719988.93595767
2021-04-28,56077702.80215014
2021-04-29,48595653.17306922
2021-04-30,60632030.24326552
2021-05-01,56127286.99681029
2021-05-02,69846629.64307342
2021-05-03,69622303.28558312
2021-05-04,65634739.6709954
2021-05-05,62084631.75659178
2021-05-06,66202400.7151453
2021-05-07,67659813.06641386
2021-05-08,67932489.81408323
2021-05-09,71756060.9620791
2021-05-10,68442235.80899303
2021-05-11,65606474.17921017
2021-05-12,57503014.81582342
2021-05-13,53614241.13908894
2021-05-14,45422303.69096622
2021-05-15,38903703.76703017
2021-05-16,40702721.64796977
2021-05-17,36112994.81761976
2021-05-18,29753290.6555583
2021-05-19,33584425.77761061
2021-05-20,33725374.54227199
2021-05-21,30508731.11847484
2021-05-22,31147369.10540166
2021-05-23,28788629.08802263
2021-05-24,34195088.13247088
2021-05-25,32654574.14556213
2021-05-26,32997350.50174835
2021-05-27,30722575.88731854
2021-05-28,29026748.79784807
2021-05-29,26735695.55394866
2021-05-30,33380924.31604376
2021-05-31,34583293.3861355
2021-06-01,34252375.23399884
2021-06-02,40997712.42075451
2021-06-03,37944935.48219085
2021-06-04,31838858.86364748
2021-06-05,30146505.61931236
2021-06-06,34368350.83811422
2021-06-07,29071778.24070184
2021-06-08,32331267.18547293
2021-06-09,30609894.87912679
2021-06-10,28803147.76665642
2021-06-11,25956708.31647321
2021-06-12,30558524.12959995
2021-06-13,33097135.83054919
2021-06-14,35728972.47030947
2021-06-15,34504799.41669609
2021-06-16,30929722.0647762
2021-06-17,32159130.57222598
2021-06-18,28787712.14549041
2021-06-19,23840364.15062745
2021-06-20,24242417.11551539
2021-06-21,22000721.46881855
2021-06-22,20023829.46591417
2021-06-23,23129422.45390446
2021-06-24,24388676.22035463
2021-06-25,23171625.37008457
2021-06-26,18731024.92404213
2021-06-27,13450537.22597655
2021-06-28,20770929.93006479
2021-06-29,22101961.13966075
2021-06-30,21403940.49869025
2021-07-01,22617718.43308841
2021-07-02,21190281.26769958
2021-07-03,29575729.59408475
2021-07-04,26893617.83373054
2021-07-05,29511070.96467206
2021-07-06,31924055.12738007
2021-07-07,27304083.89710574
2021-07-08,29497881.524149
2021-07-09,28648353.46525068
2021-07-10,34370750.6663673
2021-07-11,27386846.93225474
2021-07-12,27087420.42635784
2021-07-13,28758591.06226384
2021-07-14,35676201.8192064
2021-07-15,26056751.63700004
2021-07-16,30006068.53765672
2021-07-17,28594735.7270788
2021-07-18,29016694.49284385
2021-07-19,33347320.65256701
2021-07-20,23240368.64171505
2021-07-21,29583974.87480313
2021-07-22,31373249.95453776
2021-07-23,28911848.73498595
2021-07-24,33419777.45476798
2021-07-25,34043813.85187951
2021-07-26,35747323.16077083
2021-07-27,42404271.94005951
2021-07-28,39893160.22384974
2021-07-29,40637886.48511986
2021-07-30,44272014.24201887
2021-07-31,41639591.49885187
2021-08-01,39016070.81101114
2021-08-02,35303764.60500658
2021-08-03,40795582.72357211
2021-08-04,34429241.5362137
2021-08-05,41462942.97462694
2021-08-06,43168574.80020184
2021-08-07,47109341.41317031
2021-08-08,43668890.52102674
2021-08-09,44597243.24213015
2021-08-10,47655275.2664749
2021-08-11,42493891.60043755
2021-08-12,42499817.94751818
2021-08-13,43578744.11414498
2021-08-14,48787525.3142051
2021-08-15,53993903.19288366
2021-08-16,47043392.81396306
2021-08-17,48747075.69041393
2021-08-18,38491460.58721707
2021-08-19,45568749.33714884
2021-08-20,50116109.75273897
2021-08-21,52520601.85314063
2021-08-22,51128117.96415818
2021-08-23,61714030.00726991
2021-08-24,46681648.16037297
2021-08-25,49591245.59727012
2021-08-26,43376750.62818827
2021-08-27,45318584.19116234
2021-08-28,43601565.80540748
2021-08-29,48151325.58242844
2021-08-30,40325892.19198183
2021-08-31,43163475.89706486
2021-09-01,42619213.41114314
2021-09-02,46935005.90293293
2021-09-03,47182398.45334431
2021-09-04,48990065.40818617
2021-09-05,53577380.90964836
2021-09-06,57461408.43143535
2021-09-07,45611573.28494459
2021-09-08,41536792.53227749
2021-09-09,40365315.13070498
2021-09-10,38788425.9388146
2021-09-11,42250628.64447085
2021-09-12,42732788.22277066
2021-09-13,45410601.13696012
2021-09-14,50080324.1295969
2021-09-15,43548202.49024675
2021-09-16,41431671.06292859
2021-09-17,44076451.38793449
2021-09-18,47286090.68326822
2021-09-19,47647062.143015
2021-09-20,44575589.91670354
2021-09-21,31837772.53589116
2021-09-22,37099936.57831804
2021-09-23,46911577.40993614
2021-09-24,40276922.03724528
2021-09-25,38837748.37236851
2021-09-26,37937295.28060512
2021-09-27,41462789.56691776
2021-09-28,39541071.2325006
2021-09-29,34219173.93581782
2021-09-30,47405138.27316712
2021-10-01,42885361.96473242
2021-10-02,56635283.11239558
2021-10-03,45688822.87299749
2021-10-04,48527006.30409833
2021-10-05,53636852.94724096
2021-10-06,46382949.64856637
2021-10-07,48839541.37802142
2021-10-08,41526886.12886027
2021-10-09,52435627.28493304
2021-10-10,55029583.56438159
2021-10-11,53598233.51979637
2021-10-12,48024319.72472924
2021-10-13,61570852.91681578
2021-10-14,50043881.35937768
2021-10-15,55508552.80908541
2021-10-16,51570230.75804849
2021-10-17,62339542.02708092
2021-10-18,58308414.28673937
2021-10-19,63194853.75616106
2021-10-20,62696409.17415658
2021-10-21,58971254.2620016
2021-10-22,60926014.60736822
2021-10-23,56275676.30811199
2021-10-24,58765160.76870671
2021-10-25,72508451.84123191
2021-10-26,57500946.91460764
2021-10-27,58275845.78542174
2021-10-28,58708570.61443479
2021-10-29,67486965.62642089
2021-10-30,60449279.06402113
2021-10-31,53864290.07421064
2021-11-01,57413580.6855482
2021-11-02,63492466.72802924
2021-11-03,64396592.6146649
2021-11-04,55913766.94248924
2021-11-05,60281959.00131371
2021-11-06,59849644.73097871
2021-11-07,61094423.93255556
2021-11-08,58116353.76521482
2021-11-09,65155972.86343373
2021-11-10,61555584.0589007
2021-11-11,65014188.63174255
2021-11-12,58007519.21122517
2021-11-13,62337124.3805247
2021-11-14,64683863.36643001
2021-11-15,60964830.85773952
2021-11-16,57326190.28664059
2021-11-17,57020308.75230025
2021-11-18,51857389.49197369
2021-11-19,50542074.69017324
2021-11-20,54939194.03698172
2021-11-21,48930908.80740414
2021-11-22,50347915.61959901
2021-11-23,48227430.59888504
2021-11-24,56915420.68338414
2021-11-25,48754474.33121744
2021-11-26,45136898.67269872
2021-11-27,49207548.15308632
2021-11-28,50115018.21551497
2021-11-29,52316809.20331768
2021-11-30,48386130.92928813
2021-12-01,50138433.92184255
2021-12-02,55750135.11611187
2021-12-03,57168234.94116259
2021-12-04,48287428.95045491
2021-12-05,52093212.59345558
2021-12-06,54935148.7774939
2021-12-07,49270968.85679672
2021-12-08,53570047.12196388
2021-12-09,49386229.85630885
2021-12-10,46628333.44279543
2021-12-11,46969323.74995812
2021-12-12,44181842.98726279
2021-12-13,41814419.51190514
2021-12-14,45349706.20573152
2021-12-15,43589883.92305657
2021-12-16,34780386.08584122
2021-12-17,43744040.14470588
2021-12-18,37983002.2580022
2021-12-19,43901725.47273037
2021-12-20,42683607.31227511
2021-12-21,49845582.10145922
2021-12-22,45525801.49656398
2021-12-23,48789459.31457874
2021-12-24,48296134.23420057
2021-12-25,46956144.03698272
2021-12-26,42944318.52356224
2021-12-27,47481131.02102071
2021-12-28,40774821.64400338
2021-12-29,42818393.00619493
2021-12-30,35929377.8727326
2021-12-31,43981098.04242114
2022-01-01,51635456.54976442
2022-01-02,47191328.59251761
2022-01-03,41197674.23038326
2022-01-04,42805304.41351935
2022-01-05,41555464.45877486
2022-01-06,40035872.70777857
2022-01-07,36963200.35360315
2022-01-08,37974326.4334594
2022-01-09,37263287.1661924
2022-01-10,37594353.71574641
2022-01-11,42687951.26252779
2022-01-12,38681399.35543503
2022-01-13,48099013.60657289
2022-01-14,43248708.2933444
2022-01-15,45139729.10404523
2022-01-16,47440100.34328192
2022-01-17,42883049.84021326
2022-01-18,36418197.37937396
2022-01-19,45484069.39617502
2022-01-20,43401470.91541871
2022-01-21,30961345.04881804
2022-01-22,29733909.265384
2022-01-23,32228218.23298297
2022-01-24,34791769.79692548
2022-01-25,35499877.55934351
2022-01-26,30383558.15645422
2022-01-27,30847980.4777649
2022-01-28,36846011.14747488
2022-01-29,35985795.24528237
2022-01-30,35017166.32549749
2022-01-31,34870593.27250066
2022-02-01,37900421.12969087
2022-02-02,35761993.83062859
2022-02-03,34403850.53784876
2022-02-04,34311235.68883207
2022-02-05,31392414.88679098
2022-02-06,41786286.87041872
2022-02-07,37972550.66240593
2022-02-08,43095912.49328227
2022-02-09,39450257.85507713
2022-02-10,40862488.3423042
2022-02-11,38346851.33224606
2022-02-12,49842097.84605468
2022-02-13,42081903.03984044
2022-02-14,41213371.40205383
2022-02-15,49338712.4273091
2022-02-16,43324641.20900835
2022-02-17,40190708.85387494
2022-02-18,33903302.21487712
2022-02-19,37644406.11846494
2022-02-20,34834650.00917688
2022-02-21,28807076.46714945
2022-02-22,36749592.21361018
2022-02-23,35280646.785701
2022-02-24,31994977.16377283
2022-02-25,33295004.77201755
2022-02-26,30769355.48441855
2022-02-27,32089284.24570763
2022-02-28,41987985.81690693
2022-03-01,45764251.34506724
2022-03-02,38631790.40645143
2022-03-03,40136647.98542885
2022-03-04,34608664.85845453
2022-03-05,30745261.25274982
2022-03-06,31822714.6967819
2022-03-07,35596130.14655105
2022-03-08,36231714.70522815
2022-03-09,36678213.10646413
2022-03-10,36215936.34027132
2022-03-11,33903085.98182707
2022-03-12,38268539.0126832
2022-03-13,35963317.94472279
2022-03-14,38293330.42329052
2022-03-15,34547464.74799775
2022-03-16,40279858.67199948
2022-03-17,41123062.19846288
2022-03-18,37818863.45765857
2022-03-19,41210956.59834247
2022-03-20,39964769.82297633
2022-03-21,39673289.14667302
2022-03-22,39901826.33283871
2022-03-23,39336643.466259
2022-03-24,39787164.73176328
2022-03-25,43846611.86137869
2022-03-26,45163914.40514369
2022-03-27,38686981.51565743
2022-03-28,47277965.03530573
2022-03-29,45289908.43261784
2022-03-30,40265922.00727501
2022-03-31,40050221.86551803
2022-04-01,41673937.73580624
2022-04-02,39316328.05326603
2022-04-03,40830173.62170254
2022-04-04,46619464.91791268
2022-04-05,41804028.43739114
2022-04-06,40945069.10152324
2022-04-07,37978670.69144679
2022-04-08,35918028.58600508
2022-04-09,41249983.57328305
2022-04-10,37273823.98409794
2022-04-11,34242766.11954085
2022-04-12,38841571.03373726
2022-04-13,36504600.42400869
2022-04-14,34872540.36728104
2022-04-15,40398824.06477401
2022-04-16,34115310.35139275
2022-04-17,41176338.65825696
2022-04-18,34543685.61878069
2022-04-19,32553135.77660802
2022-04-20,41742453.32230475
2022-04-21,43247665.79113712
2022-04-22,33966792.46772069
2022-04-23,40551020.78748609
2022-04-24,42465965.36405323
2022-04-25,41505704.83085763
2022-04-26,33741086.03987799
2022-04-27,42131115.85591415
2022-04-28,33246258.20825303
2022-04-29,36713579.50278707
2022-04-30,35754159.1514652
2022-05-01,40464841.16183726
2022-05-02,38941829.82815298
2022-05-03,35756878.84757646
2022-05-04,36720728.80598405
2022-05-05,36697717.37421878
2022-05-06,32609603.60090496
2022-05-07,32256300.74246001
2022-05-08,33341520.58148019
2022-05-09,30036299.72296095
2022-05-10,30191970.71066
2022-05-11,26815463.75013102
2022-05-12,25416593.84690241
2022-05-13,28720675.91142798
2022-05-14,27296448.41928419
2022-05-15,24376435.1951213
2022-05-16,31247565.89427843
2022-05-17,28543313.17178424
2022-05-18,24564210.40003146
2022-05-19,23652489.07222563
2022-05-20,23871375.05804402
2022-05-21,25180406.40182865
2022-05-22,23488086.27614713
2022-05-23,29574247.52104387
2022-05-24,22724510.03255982
2022-05-25,27190106.72083092
2022-05-26,26370768.19118055
2022-05-27,25172924.11400747
2022-05-28,27196424.85724308
2022-05-29,27694929.50288647
2022-05-30,30937031.12870017
2022-05-31,29485802.78383569
2022-06-01,25883256.27336798
2022-06-02,24397964.23405283
2022-06-03,27096025.66351104
2022-06-04,26288957.8825976
2022-06-05,27568432.29468118
2022-06-06,29809909.3471919
2022-06-07,31921610.48872183
2022-06-08,33944283.7789054
2022-06-09,27780928.92488906
2022-06-10,27113906.99913516
2022-06-11,27615500.79699837
2022-06-12,21511455.93426275
2022-06-13,19335919.1679981
2022-06-14,20839377.14698615
2022-06-15,23854340.84667019
2022-06-16,15625023.28136175
2022-06-17,14262752.74210881
2022-06-18,18944522.06144743
2022-06-19,17326796.10532642
2022-06-20,17343135.26059924
2022-06-21,19765450.16686922
2022-06-22,16451522.53424525
2022-06-23,20338420.52415059
2022-06-24,17489572.45663613
2022-06-25,20560436.96125146
2022-06-26,18412455.72704265
2022-06-27,17926740.29225528
2022-06-28,18792575.90277817
2022-06-29,19229989.21444094
2022-06-30,21449805.42433561
2022-07-01,16538154.17115058
2022-07-02,16852074.10396421
2022-07-03,18888468.1916193
2022-07-04,18374271.51324926
2022-07-05,15278286.19779252
2022-07-06,16824487.78596523
2022-07-07,21767831.26973135
2022-07-08,20684181.34839835
2022-07-09,18422286.58949449
2022-07-10,20209416.25504205
2022-07-11,15675326.33576521
2022-07-12,18570321.76250495
2022-07-13,14350381.40132922
2022-07-14,16593083.21701761
2022-07-15,19027924.25409127
2022-07-16,19994633.98221605
2022-07-17,16467983.32923258
2022-07-18,18831692.08577925
2022-07-19,20803904.47362829
2022-07-20,18961014.93274662
2022-07-21,20678319.06881585
2022-07-22,19235172.62769398
2022-07-23,21938900.8608955
2022-07-24,22443043.501849
2022-07-25,19252497.39501362
2022-07-26,21523369.89093785
2022-07-27,23899375.90393119
2022-07-28,21393371.32957255
2022-07-29,22091324.9412226
2022-07-30,19369159.66015593
2022-07-31,22429651.58506206
2022-08-01,20157840.30530726
2022-08-02,22612193.90255497
2022-08-03,21066220.95045982
2022-08-04,19076098.37138766
2022-08-05,22250960.47716941
2022-08-06,23422865.60980025
2022-08-07,23285435.38083618
2022-08-08,21790679.0879034
2022-08-09,21242606.42017703
2022-08-10,22595061.99339789
2022-08-11,21410285.99029773
2022-08-12,23911327.56479534
2022-08-13,21507331.97117091
2022-08-14,20414005.64209725
2022-08-15,22137449.71701083
2022-08-16,22382335.71090914
2022-08-17,19154920.5300386
2022-08-18,21242583.57183784
2022-08-19,23520735.69448153
2022-08-20,19905078.11135998
2022-08-21,19827312.90758071
2022-08-22,19593254.69734002
2022-08-23,23387966.49969379
2022-08-24,19736433.98704475
2022-08-25,21704458.39931259
2022-08-26,22485500.49019288
2022-08-27,18355046.8568639
2022-08-28,19919813.03390585
2022-08-29,20127860.20659494
2022-08-30,20277180.07451315
2022-08-31,18551852.2776585
2022-09-01,17644726.42556742
2022-09-02,16445975.87765352
2022-09-03,18492749.00665466
2022-09-04,21186896.73211345
2022-09-05,19243621.91025834
2022-09-06,17017323.95822904
2022-09-07,17887263.40619029
2022-09-08,15639246.81906633
2022-09-09,20004523.48409421
2022-09-10,21540739.12819822
2022-09-11,25117664.2182295
2022-09-12,21647232.99417406
2022-09-13,17601599.4797857
2022-09-14,16423301.1809253
2022-09-15,18452657.70379531
2022-09-16,16180919.32862927
2022-09-17,21729481.0047015
2022-09-18,18923520.83985023
2022-09-19,16151139.08673142
2022-09-20,18217893.89920123
2022-09-21,16594511.5700618
2022-09-22,15786161.90460957
2022-09-23,16593031.09801968
2022-09-24,17499661.6258336
2022-09-25,17465386.02167588
2022-09-26,18282231.37698744
2022-09-27,15731490.33036968
2022-09-28,18488134.07813628
2022-09-29,17756811.03359851
2022-09-30,20868128.41678763
2022-10-01,22081916.6846503
2022-10-02,18862187.1394269
2022-10-03,19112783.94201419
2022-10-04,20926148.91159583
2022-10-05,22242432.27297219
2022-10-06,20030406.31518405
2022-10-07,21096717.66291912
2022-10-08,21362201.51572618
2022-10-09,19316102.91460447
2022-10-10,20253049.37458597
2022-10-11,18861146.52843063
2022-10-12,16584307.3215795
2022-10-13,17612442.75723728
2022-10-14,18993895.3482842
2022-10-15,18290529.27024779
2022-10-16,17498429.63665157
2022-10-17,18585800.4070948
2022-10-18,17486315.81286227
2022-10-19,18381084.94390604
2022-10-20,17508425.10842013
2022-10-21,18922343.77050084
2022-10-22,16504548.85409653
2022-10-23,19109721.77287321
2022-10-24,16672694.56916296
2022-10-25,15664186.22207359
2022-10-26,20617248.60512706
2022-10-27,17467844.3381679
2022-10-28,20858852.03940177
2022-10-29,18910996.83608643
2022-10-30,17671525.63648992
2022-10-31,22480644.56004058
2022-11-01,18739933.84273149
2022-11-02,15711387.46231699
2022-11-03,21092174.49097253
2022-11-04,17467139.39350753
2022-11-05,20420147.37108865
2022-11-06,18211947.99834634
2022-11-07,18861553.54937368
2022-11-08,19287288.8107776
2022-11-09,15168748.59616114
2022-11-10,16571793.23541405
2022-11-11,14617706.74819032
2022-11-12,17804853.35427933
2022-11-13,13446986.83400801
2022-11-14,13168188.75655601
2022-11-15,16953182.17182243
2022-11-16,16213556.58991812
2022-11-17,14968252.43999369
2022-11-18,15234144.42238235
2022-11-19,15811707.69748548
2022-11-20,15484777.58431481
2022-11-21,13137474.19594742
2022-11-22,13174174.16364187
2022-11-23,15127959.33099396
2022-11-24,13839048.80284745
2022-11-25,13151943.58527089
2022-11-26,11610231.65656259
2022-11-27,14274990.62983272
2022-11-28,14464660.07103089
2022-11-29,13849080.39602351
2022-11-30,15282215.8451905
2022-12-01,16718163.68086883
2022-12-02,13832279.23634065
2022-12-03,14240170.92095016
2022-12-04,15284959.60571982
2022-12-05,15851524.10400803
2022-12-06,14800105.73093889
2022-12-07,18423361.40162665
2022-12-08,18254434.64535847
2022-12-09,16516557.73605632
2022-12-10,16691787.11422841
2022-12-11,15853344.87471424
2022-12-12,15600140.25288928
2022-12-13,18574828.28245972
2022-12-14,16759378.01927913
2022-12-15,15444586.11595848
2022-12-16,13784252.5421486
2022-12-17,14783072.02285855
2022-12-18,15399253.10528191
2022-12-19,14280564.30039821
2022-12-20,15092396.21975394
2022-12-21,15302640.21851127
2022-12-22,14488426.80083537
2022-12-23,14148309.70560278
2022-12-24,9670299.627729455
2022-12-25,15069860.65495773
2022-12-26,13915977.71809758
2022-12-27,12410132.03485664
2022-12-28,17717119.85214633
2022-12-29,15000827.43884126
2022-12-30,16760262.05069024
2022-12-31,16341127.58079204
2023-01-01,16219639.12849691
2023-01-02,16423893.88107945
2023-01-03,16269448.78764734
2023-01-04,15322407.15034565
2023-01-05,16766391.87062241
2023-01-06,19305108.58875017
2023-01-07,16457564.19575686
2023-01-08,16426652.42826372
2023-01-09,16517979.39151272
2023-01-10,18612533.69822001
2023-01-11,16682583.28784166
2023-01-12,18120073.56120188
2023-01-13,20071373.76992613
2023-01-14,22760732.94276083
2023-01-15,21431290.56329595
2023-01-16,19669324.45842787
2023-01-17,20931730.76392666
2023-01-18,18465856.71103641
2023-01-19,19434507.01831689
2023-01-20,19141258.99372531
2023-01-21,20033501.03792005
2023-01-22,21750521.04113138
2023-01-23,23009772.36987555
2023-01-24,18625266.41506213
2023-01-25,25619532.78709809
2023-01-26,22582944.64212004
2023-01-27,22536586.57116443
2023-01-28,24433518.7471842
2023-01-29,24123790.55941584
2023-01-30,19934151.20893193
2023-01-31,17060533.73655236
2023-02-01,20826984.06489739
2023-02-02,21805372.08671107
2023-02-03,20072120.85098875
2023-02-04,20295604.97223592
2023-02-05,22137795.1488222
2023-02-06,21338570.58173953
2023-02-07,21172392.46615388
2023-02-08,20212936.56587576
2023-02-09,22578577.87573292
2023-02-10,20464658.01056707
2023-02-11,20716515.21119221
2023-02-12,22458416.90960294
2023-02-13,21800335.67721331
2023-02-14,21967165.00086743
2023-02-15,25610160.53862729
2023-02-16,26903881.30660044
2023-02-17,26001672.46421303
2023-02-18,26359439.19672557
2023-02-19,25038595.98581663
2023-02-20,23230059.96223872
2023-02-21,25903680.7866949
2023-02-22,21613016.8918292
2023-02-23,26048180.9568488
2023-02-24,20008317.95332959
2023-02-25,15864211.51598824
2023-02-26,25072046.01168263
2023-02-27,21112688.87225048
2023-02-28,20428134.89761577
2023-03-01,25742190.10008511
2023-03-02,21693449.69728869
2023-03-03,24100779.1886668
2023-03-04,21681093.80725825
2023-03-05,22134134.60125954
2023-03-06,19042561.98941009
2023-03-07,23485517.21814033
2023-03-08,18627830.63098717
2023-03-09,18100350.64972368
2023-03-10,18036929.38144093
2023-03-11,21872888.59698484
2023-03-12,22734699.27466913
2023-03-13,24334871.26509956
2023-03-14,23534491.06537527
2023-03-15,23217023.01160672
2023-03-16,21816207.22237559
2023-03-17,26338513.64688618
2023-03-18,28232731.67020642
2023-03-19,26795884.12798636
2023-03-20,27499448.8983753
2023-03-21,26325334.37788852
2023-03-22,28123693.08217141
2023-03-23,33516561.58650074
2023-03-24,29006598.05017351
2023-03-25,25752770.13015505
2023-03-26,25825040.62256835
2023-03-27,25750509.12835903
2023-03-28,23602820.76969041
2023-03-29,26826823.45535771
2023-03-30,27916817.6195403
2023-03-31,26024229.24029783
2023-04-01,25811958.66517595
2023-04-02,26945588.2055864
2023-04-03,23504060.24200894
2023-04-04,29472728.07015347
2023-04-05,25378990.92869119
2023-04-06,28964261.39604535
2023-04-07,25537466.18170506
2023-04-08,26284239.91070211
2023-04-09,26339775.32820257
2023-04-10,23422092.41891608
2023-04-11,30059153.21558928
2023-04-12,30622568.06620155
2023-04-13,27760827.3941961
2023-04-14,27512754.70526102
2023-04-15,30574949.96848287
2023-04-16,23971857.80510126
2023-04-17,29152623.67213887
2023-04-18,32132080.54767903
2023-04-19,25611037.66220551
2023-04-20,24093492.55431073
2023-04-21,25383943.10590964
2023-04-22,26353842.97348291
2023-04-23,25733770.96791287
2023-04-24,24822116.16152981
2023-04-25,22894551.84335032
2023-04-26,23996173.19651103
2023-04-27,25178993.12640433
2023-04-28,28318719.50119419
2023-04-29,26281583.43427991
2023-04-30,28523675.59440255
2023-05-01,33904237.44333836
2023-05-02,26367706.98071369
2023-05-03,29165549.55941224
2023-05-04,29593596.13628518
2023-05-05,25943779.94054392
2023-05-06,32193252.82507615
2023-05-07,36196448.49675569
2023-05-08,41341838.74064784
2023-05-09,38272113.52275029
2023-05-10,38719217.30169695
2023-05-11,30732296.65840574
2023-05-12,28283961.96881026
2023-05-13,27206617.58524755
2023-05-14,31651620.12910324
2023-05-15,27430062.23045123
2023-05-16,28900646.66344402
2023-05-17,29953523.53011371
2023-05-18,26516626.55049974
2023-05-19,28329589.45388145
2023-05-20,24517849.01788631
2023-05-21,27161664.91764513
2023-05-22,26075402.32272978
2023-05-23,28100247.98003236
2023-05-24,24922701.28938695
2023-05-25,27420116.84415543
2023-05-26,28164085.16899274
2023-05-27,26017463.31874113
2023-05-28,29865673.56208017
2023-05-29,30074198.2755683
2023-05-30,28878915.72490882
2023-05-31,25863712.17809416
2023-06-01,24004602.17944839
2023-06-02,29968546.33800291
2023-06-03,23188183.38045263
2023-06-04,26111277.91022724
2023-06-05,23722195.52506145
2023-06-06,27934458.86488426
2023-06-07,24808663.09715864
2023-06-08,27368463.63357353
2023-06-09,29919089.50520457
2023-06-10,26175800.00427435
2023-06-11,27313077.4425081
2023-06-12,26513736.69197083
2023-06-13,24757575.4999642
2023-06-14,20000861.47650731
2023-06-15,24697216.79512496
2023-06-16,26372219.02019179
2023-06-17,24267015.42790195
2023-06-18,25647905.13329565
2023-06-19,24606750.99145019
2023-06-20,25162707.68607383
2023-06-21,24034967.66004501
2023-06-22,26944111.88827514
2023-06-23,25152620.98220812
2023-06-24,28900633.36484477
2023-06-25,30026751.28431865
2023-06-26,28616801.49378899
2023-06-27,27857454.02940425
2023-06-28,21210830.75732892
2023-06-29,28921890.22553197
2023-06-30,31167770.37103204
2023-07-01,26202857.91007243
2023-07-02,33456166.62708513
2023-07-03,27468521.97713327
2023-07-04,27833300.88962646
2023-07-05,30395069.72978882
2023-07-06,26650478.48205666
2023-07-07,33747442.32399503
2023-07-08,34121615.36801522
2023-07-09,32272915.29928164
2023-07-10,29753428.58584518
2023-07-11,26359206.62885241
2023-07-12,27933764.90821881
2023-07-13,24209105.97717697
2023-07-14,26844010.63927779
2023-07-15,26633173.69239119
2023-07-16,29754582.31470122
2023-07-17,26156005.75833721
2023-07-18,30797218.69599856
2023-07-19,28227062.38836456
2023-07-20,24514592.73815141
2023-07-21,21628769.74052186
2023-07-22,26281752.40748482
2023-07-23,26655130.19124972
2023-07-24,28129371.42548525
2023-07-25,25743619.27314968
2023-07-26,26957420.48438808
2023-07-27,25797325.17955562
2023-07-28,26252758.35629551
2023-07-29,24695383.56846179
2023-07-30,31240372.71954448
2023-07-31,26245611.75696584
2023-08-01,26322857.41324215
2023-08-02,28672511.36149686
2023-08-03,28206102.63315921
2023-08-04,22642252.50798614
2023-08-05,28569471.21514928
2023-08-06,30259209.22801819
2023-08-07,27284792.91834388
2023-08-08,24119031.42641867
2023-08-09,30749587.80978738
2023-08-10,24091128.60530667
2023-08-11,28444379.73310648
2023-08-12,31267696.70525428
2023-08-13,25105356.71045083
2023-08-14,31967071.04230816
2023-08-15,31707009.80437027
2023-08-16,29775356.77241598
2023-08-17,26477929.75389579
2023-08-18,23202033.30996019
2023-08-19,23262357.57858021
2023-08-20,26905652.57236523
2023-08-21,27368883.12345039
2023-08-22,23745301.12907479
2023-08-23,23962451.13641072
2023-08-24,23164638.65548566
2023-08-25,22454827.99718935
2023-08-26,22682137.35265957
2023-08-27,19269234.98732641
2023-08-28,19693646.48691081
2023-08-29,27967725.54483981
2023-08-30,22017962.64293743
2023-08-31,24038586.94002217
2023-09-01,25034440.60403638
2023-09-02,25172019.57432574
2023-09-03,26172759.01887581
2023-09-04,24622760.94724235
2023-09-05,20612919.29549595
2023-09-06,22518491.92300843
2023-09-07,24775628.89141703
2023-09-08,22463132.66267592
2023-09-09,25290653.55347054
2023-09-10,24954552.85471971
2023-09-11,25823165.00524211
2023-09-12,23565391.38309618
2023-09-13,24909714.07462526
2023-09-14,27692297.02549754
2023-09-15,32128869.17583704
2023-09-16,26437735.11993037
2023-09-17,25459499.59858975
2023-09-18,27349059.37177086
2023-09-19,24903690.86137168
2023-09-20,26033965.03621825
2023-09-21,24174755.34090209
2023-09-22,22648141.56458235
2023-09-23,27303557.99659453
2023-09-24,24912735.80559706
2023-09-25,24716084.03922726
2023-09-26,23007866.83413691
2023-09-27,26710930.84464928
2023-09-28,25432764.30939054
2023-09-29,25509249.88973902
2023-09-30,23834512.08296549
2023-10-01,25205416.98233057
2023-10-02,27818002.61790736
2023-10-03,28894518.41752839
2023-10-04,23479920.44254349
2023-10-05,24891887.04413882
2023-10-06,29124364.8103144
2023-10-07,31027531.65536144
2023-10-08,26254961.23308902
2023-10-09,27442990.50209249
2023-10-10,28222775.67745798
2023-10-11,27442417.4383138
2023-10-12,28271557.17028507
2023-10-13,23767791.54135641
2023-10-14,24872706.70530374
2023-10-15,28642050.6528708
2023-10-16,25674781.99412829
2023-10-17,29309440.72511576
2023-10-18,26200762.28133174
2023-10-19,25651462.33007579
2023-10-20,25432554.1379697
2023-10-21,28513767.17497121
2023-10-22,29052017.85621884
2023-10-23,32793849.47542098
2023-10-24,27999215.43688997
2023-10-25,32463267.15015558
2023-10-26,33047531.32199974
2023-10-27,33460259.48251481
2023-10-28,34749012.17331285
2023-10-29,30033834.82573528
2023-10-30,34247638.92842191
2023-10-31,34141966.85086241
2023-11-01,33734561.80323221
2023-11-02,32263078.30314319
2023-11-03,30670147.52688884
2023-11-04,39557641.35943196
2023-11-05,38155480.72459517
2023-11-06,30400828.62775174
2023-11-07,32601562.43078977
2023-11-08,37422673.21498322
2023-11-09,41883536.54866449
2023-11-10,42013619.45828414
2023-11-11,41364041.74038278
2023-11-12,41605756.834553
2023-11-13,31518456.29973786
2023-11-14,34245258.67882898
2023-11-15,40180340.9135614
2023-11-16,44879605.97763621
2023-11-17,43314695.44270251
2023-11-18,45570393.66712236
2023-11-19,47231376.72485661
2023-11-20,45465088.50368009
2023-11-21,40213398.72643913
2023-11-22,38904728.62423164
2023-11-23,42469104.58491176
2023-11-24,43280356.82409102
2023-11-25,41059548.47099298
2023-11-26,37239387.98441635
2023-11-27,33572456.86438138
2023-11-28,37723849.76643042
2023-11-29,34604537.53872756
2023-11-30,34377711.72577795
2023-12-01,44552481.75801717
2023-12-02,33827210.39550339
2023-12-03,46989964.63946305
2023-12-04,46982495.4871998
2023-12-05,48492926.16469086
2023-12-06,50037279.27537529
2023-12-07,38644379.06801532
2023-12-08,43988259.69545894
2023-12-09,49099332.4705681
2023-12-10,43227789.29589223
2023-12-11,46433983.89148799
2023-12-12,42102813.2719747
2023-12-13,48422111.95349021
2023-12-14,53570396.56106837
2023-12-15,60385470.95618892
2023-12-16,64007111.8505656
2023-12-17,61490116.00180751
2023-12-18,61352643.06513167
2023-12-19,61458456.05258097
2023-12-20,57969169.79075927
2023-12-21,58005984.81706322
2023-12-22,60282705.25501334
2023-12-23,52609255.02410473
2023-12-24,53543662.77838324
2023-12-25,45266043.90368585
2023-12-26,44195346.62195876
2023-12-27,46592937.60823059
2023-12-28,42007391.42971194
2023-12-29,48601472.35898336
2023-12-30,49346771.87449835
2023-12-31,56189745.29501623
2024-01-01,52295914.51189779
2024-01-02,43211016.34755251
2024-01-03,48613167.36335736
2024-01-04,52538239.96026314
2024-01-05,43199291.11972982
2024-01-06,42342590.31031119
2024-01-07,35689298.38592914
2024-01-08,41947117.39718197
2024-01-09,49060784.62468149
2024-01-10,42750692.07100302
2024-01-11,54736009.8583449
2024-01-12,49603665.14743599
2024-01-13,48061131.64496259
2024-01-14,42427878.15777454
2024-01-15,35062444.36700422
2024-01-16,39049815.58653788
2024-01-17,36826238.6146292
2024-01-18,41662710.48227384
2024-01-19,37966565.7784109
2024-01-20,40253158.26328903
2024-01-21,39335163.09360994
2024-01-22,42572036.98381899
2024-01-23,41902139.6263971
2024-01-24,40043491.52201388
2024-01-25,47680411.18030325
2024-01-26,42048647.51183651
2024-01-27,47452986.38055511
2024-01-28,44370241.31473935
2024-01-29,44639721.73676246
2024-01-30,40853940.05822459
2024-01-31,37022650.26004609
2024-02-01,43669174.00801926
2024-02-02,53540477.68401225
2024-02-03,48218627.54645408
2024-02-04,45462685.14969344
2024-02-05,44385825.32721528
2024-02-06,48096478.03643698
2024-02-07,47588443.65309443
2024-02-08,41476307.90283465
2024-02-09,51432084.93165077
2024-02-10,47331360.99710837
2024-02-11,42723919.79690107
2024-02-12,59192895.69222981
2024-02-13,44326562.94521095
2024-02-14,47805146.43315106
2024-02-15,52886992.3448624
2024-02-16,45383295.09001366
2024-02-17,49918030.19112644
2024-02-18,40685074.62767481
2024-02-19,45514073.15321642
2024-02-20,47707737.80570349
2024-02-21,46373936.68395675
2024-02-22,44740563.76229139
2024-02-23,51980843.84436305
2024-02-24,45461819.77123559
2024-02-25,54303332.93736604
2024-02-26,47056164.8467562
2024-02-27,48754823.61552165
2024-02-28,61871842.98787993
2024-02-29,55479686.7141161
2024-03-01,63778867.15731913
2024-03-02,51849501.37470457
2024-03-03,64029639.18258617
2024-03-04,60341263.9484816
2024-03-05,73157645.79600206
2024-03-06,62426487.20330597
2024-03-07,78762182.37768716
2024-03-08,68917743.99994802
2024-03-09,72414571.1476378
2024-03-10,64141101.45929824
2024-03-11,79582666.7446505
2024-03-12,65703413.56985145
2024-03-13,75672280.84032895
2024-03-14,65383423.66824247
2024-03-15,57667445.28985974
2024-03-16,61326489.25944998
2024-03-17,64143359.66733935
2024-03-18,63757148.9930165
2024-03-19,63669750.5744426
2024-03-20,65273705.88244649
2024-03-21,51601123.81439094
2024-03-22,56058517.73503961
2024-03-23,64026450.49008203
2024-03-24,72767650.84911598
2024-03-25,59565262.91510352
2024-03-26,60893491.59225708
2024-03-27,61181903.0806931
2024-03-28,69335799.98300497
2024-03-29,64893875.15714148
2024-03-30,69600205.27952889
2024-03-31,63068557.57692622
2024-04-01,67220318.06223047
2024-04-02,62012857.97263633
2024-04-03,60399459.40703019
2024-04-04,60572256.10285449
2024-04-05,64178179.35564113
2024-04-06,67953070.72019541
2024-04-07,75151832.24527372
2024-04-08,73093370.20214635
2024-04-09,66399371.13333444
2024-04-10,71532082.8089529
2024-04-11,65134059.30492482
2024-04-12,67673952.62435097
2024-04-13,72371863.59030421
2024-04-14,69614649.2041684
2024-04-15,65732256.80872374
2024-04-16,71732263.90043305
2024-04-17,59902574.35955454
2024-04-18,64316361.61064038
2024-04-19,67767988.88499328
2024-04-20,81778667.64878657
2024-04-21,50834799.6793
2024-04-22,48549141.73436438
2024-04-23,63853611.37066939
2024-04-24,47757758.16204415
2024-04-25,35833763.11295075
2024-04-26,32489344.15820358
2024-04-27,31772748.94919771
2024-04-28,31004662.80860312
2024-04-29,29033481.99255316
2024-04-30,29536157.54065412
2024-05-01,26246689.25407927
2024-05-02,28912436.29567149
2024-05-03,27480015.13428025
2024-05-04,31016380.06805912
2024-05-05,35792360.05495244
2024-05-06,26645445.11216895
2024-05-07,25987741.47630804
2024-05-08,26122931.48861003
2024-05-09,30515872.21091006
2024-05-10,29477860.4326129
2024-05-11,32482189.83174396
2024-05-12,26690461.05801319
2024-05-13,30557944.01088323
2024-05-14,27537239.30337045
2024-05-15,30690619.72708641
2024-05-16,30435303.0547864
2024-05-17,33920965.71986222
2024-05-18,27969782.88040853
2024-05-19,33008432.36206452
2024-05-20,36118847.93312138
2024-05-21,32241514.83500046
2024-05-22,34509890.48592497
2024-05-23,37893182.68898465
2024-05-24,35870648.87686965
2024-05-25,36101060.45009707
2024-05-26,37294015.92526401
2024-05-27,28190846.19631863
2024-05-28,29853760.83719386
2024-05-29,31565037.42346855
2024-05-30,28858746.32281055
2024-05-31,35879219.85477055
2024-06-01,32811788.5571907
2024-06-02,31992464.42871581
2024-06-03,36767795.48969065
2024-06-04,32029748.63051268
2024-06-05,31362706.79903186
2024-06-06,34052503.47956289
2024-06-07,52409888.03482365
2024-06-08,48029097.87858825
2024-06-09,38429136.42963372
2024-06-10,34757803.26669293
2024-06-11,28884705.92891041
2024-06-12,34290163.79842693
2024-06-13,34074915.77494307
2024-06-14,29866614.10180617
2024-06-15,30693415.45946134
2024-06-16,36404840.81279001
2024-06-17,30908158.42727125
2024-06-18,33168923.83628593
2024-06-19,29920443.4623512
2024-06-20,29002800.0741304
2024-06-21,29808627.46613337
2024-06-22,31852597.96491871
2024-06-23,23039767.99198013
2024-06-24,29792820.8860654
2024-06-25,25360171.93311241
2024-06-26,24235553.32738609
2024-06-27,26155515.37852535
2024-06-28,26528677.43765346
2024-06-29,30853383.35474885
2024-06-30,24547893.92609838
2024-07-01,28833430.85161785
2024-07-02,29737214.57638235
2024-07-03,28220476.58858436
2024-07-04,25937302.76629804
2024-07-05,22229561.10442963
2024-07-06,30968845.71652455
2024-07-07,25316791.3079979
2024-07-08,29003122.41198395
2024-07-09,28691942.80347631
2024-07-10,25476522.43654565
2024-07-11,25807689.10279369
2024-07-12,27866869.7346233
2024-07-13,29660885.33481848
2024-07-14,32538519.250592
2024-07-15,31835187.09504602
2024-07-16,30701242.42342979
2024-07-17,32755472.18248533
2024-07-18,26418215.28127079
2024-07-19,31477426.76257578
2024-07-20,35331143.37427963
2024-07-21,36670680.42670571
2024-07-22,38705682.75591616
2024-07-23,35571801.30575804
2024-07-24,29278464.38288495
2024-07-25,34227101.0654512
2024-07-26,34678659.53185724
2024-07-27,33342017.68395043
2024-07-28,32129332.7984568
2024-07-29,37855339.88556954
2024-07-30,31659651.83358384
2024-07-31,29151452.83074985
2024-08-01,29186003.96981385
2024-08-02,24517223.10498191
2024-08-03,26102221.71575397
2024-08-04,26395530.94135249
2024-08-05,26810155.2766527
2024-08-06,24982529.88729363
2024-08-07,21434334.03200115
2024-08-08,25451971.16680543
2024-08-09,25235375.1443714
2024-08-10,24983588.56389335
2024-08-11,29921735.47200025
2024-08-12,25904820.26634347
2024-08-13,28708172.561064
2024-08-14,24711235.14626132
2024-08-15,29271815.47860788
2024-08-16,26653813.38040873
2024-08-17,28128723.01501259
2024-08-18,28904793.4454817
2024-08-19,24692804.85166436
2024-08-20,28254815.29758413
2024-08-21,28629032.13308386
2024-08-22,36252997.58697029
2024-08-23,33485257.16808958
2024-08-24,31171915.90350817
2024-08-25,27169432.51640576
2024-08-26,26850712.33643594
2024-08-27,26819607.12484524
2024-08-28,30154565.80349336
2024-08-29,24964143.59467075
2024-08-30,26703108.06042971
2024-08-31,27455422.80394398
2024-09-01,25806391.39440892
2024-09-02,31316647.63111913
2024-09-03,27246975.65773483
2024-09-04,27822794.43398681
2024-09-05,27811623.12135572
2024-09-06,24849154.08133423
2024-09-07,27102735.43899833
2024-09-08,28976276.17682084
2024-09-09,26251242.7391607
2024-09-10,25080832.9748251
2024-09-11,19732734.05409178
2024-09-12,28101345.32986473
2024-09-13,23740939.93412084
2024-09-14,26465147.32447601
2024-09-15,28263076.43789412
2024-09-16,23116679.56518286
2024-09-17,28781598.74559218
2024-09-18,27087640.62736829
2024-09-19,24622513.48306431
2024-09-20,29252889.22584295
2024-09-21,27127971.72204958
2024-09-22,27368539.83877745
2024-09-23,29382387.96339555
2024-09-24,29573463.3527626
2024-09-25,28836862.64375937
2024-09-26,27028164.49931146
2024-09-27,28904064.27759186
2024-09-28,27221664.35955397
2024-09-29,32274625.63576274
2024-09-30,27580880.4829869
2024-10-01,30299899.6265922
2024-10-02,29781941.12535865
2024-10-03,30447388.28727488
2024-10-04,33231729.4207012
2024-10-05,30044948.76869185
2024-10-06,30454104.32604426
2024-10-07,30941216.14637146
2024-10-08,33463327.84763349
2024-10-09,24966987.9394851
2024-10-10,30714886.16186735
2024-10-11,30185627.67512311
2024-10-12,31040460.42628331
2024-10-13,28655587.29283963
2024-10-14,30393504.98640318
2024-10-15,34442369.47715652
2024-10-16,33413649.19394098
2024-10-17,37026677.64642077
2024-10-18,30807705.12578478
2024-10-19,38015915.78193169
2024-10-20,38246606.25013822
2024-10-21,37159872.07747999
2024-10-22,30789851.03509998
2024-10-23,33018260.14148189
2024-10-24,34592582.38063154
2024-10-25,34244328.51573399
2024-10-26,31277395.49467587
2024-10-27,34763758.03112395
2024-10-28,37246372.78313312
2024-10-29,36519775.51490204
2024-10-30,38880378.70550872
2024-10-31,39274031.60680059
2024-11-01,33784354.91168277
2024-11-02,31047642.4894588
2024-11-03,28721080.63613271
2024-11-04,32434807.37026243
2024-11-05,30573869.90355697
2024-11-06,36801521.85265187
2024-11-07,37542704.00588545
2024-11-08,34580930.26072703
2024-11-09,34351213.982585
2024-11-10,38102187.61278761
2024-11-11,39089857.78446727
2024-11-12,41873559.19623832
2024-11-13,41112627.53789799
2024-11-14,36828991.13319056
2024-11-15,46455199.22776768
2024-11-16,46119019.67792772
2024-11-17,42980739.01293559
2024-11-18,45714644.63806923
2024-11-19,52810452.54978279
2024-11-20,45376570.89837316
2024-11-21,46563858.78024469
2024-11-22,46111431.13154615
2024-11-23,43482614.70331269
2024-11-24,41995275.9615349
2024-11-25,50127779.09178142
2024-11-26,41502821.73379587
2024-11-27,40844581.41056063
2024-11-28,43772901.08249895
2024-11-29,38140294.78898509
2024-11-30,50383926.36037181
2024-12-01,50011251.5137586
2024-12-02,39892385.61452851
2024-12-03,48613002.87438513
2024-12-04,46523926.21021684
2024-12-05,48381392.49017276
2024-12-06,43890129.538279
2024-12-07,46249000.10888812
2024-12-08,47708566.35924197
2024-12-09,52340770.781218
2024-12-10,48062709.6378863
2024-12-11,46844504.78039694
2024-12-12,48242769.75420244
2024-12-13,55334466.32731527
2024-12-14,51583918.10749119
2024-12-15,45764024.78529413
2024-12-16,50395728.109232
2024-12-17,46461336.99513847
2024-12-18,46366944.29860951
2024-12-19,46367297.869161
2024-12-20,47613352.70393012
2024-12-21,45106180.90291043
2024-12-22,46860469.57222129
2024-12-23,42169612.78103241
2024-12-24,41642142.85397035
2024-12-25,47625693.16125342
2024-12-26,39916874.33184478
2024-12-27,47130094.92783183
2024-12-28,43049324.38787965
2024-12-29,46783592.35918465
2024-12-30,46682056.72138106
2024-12-31,38184559.42120174
2025-01-01,41743935.22997048
2025-01-02,51104360.98162918
2025-01-03,44179272.35084818
2025-01-04,46311396.44378759
2025-01-05,48512753.62482579
2025-01-06,43180603.29055599
2025-01-07,41285528.73081125
2025-01-08,37849307.43113309
2025-01-09,44617834.50210062
2025-01-10,42683591.47308573
2025-01-11,41295932.73986483
2025-01-12,51260844.91902168
2025-01-13,38541164.52431231
2025-01-14,47089285.0125667
2025-01-15,44416188.942414
2025-01-16,40736149.12046324
2025-01-17,49736442.41668513
2025-01-18,43071338.4698409
2025-01-19,48037136.83916134
2025-01-20,49743815.58601753
2025-01-21,45198204.14087562
2025-01-22,49360690.95283288
2025-01-23,44891990.33081819
2025-01-24,46564107.92468499
2025-01-25,42486777.4628944
2025-01-26,44391002.07896072
2025-01-27,50383538.04508657
2025-01-28,47345374.43479528
2025-01-29,50753355.13978479
2025-01-30,47992226.64112948
2025-01-31,40507716.27434063
2025-02-01,58333725.60260595
2025-02-02,52608663.71406375
2025-02-03,49102974.30183032
2025-02-04,40534464.09480225
2025-02-05,43992583.88156418
2025-02-06,44278744.37080209
2025-02-07,52712374.41338147
2025-02-08,48671120.24189464
2025-02-09,43455804.80253616
2025-02-10,42772239.32356381
2025-02-11,37615448.30914778
2025-02-12,41131669.1359626
2025-02-13,48294589.3203624
2025-02-14,46776301.04861921
2025-02-15,49156061.89211608
2025-02-16,45741017.89704546
2025-02-17,41597698.14459427
2025-02-18,42272975.69669892
2025-02-19,38543376.40114767
2025-02-20,40467955.65827326
2025-02-21,39299577.18689562
2025-02-22,42550919.80901048
2025-02-23,39924009.75970432
2025-02-24,38457944.38794805
2025-02-25,41680512.78933837
2025-02-26,42228570.78745013
2025-02-27,40381958.8130796
2025-02-28,41657755.47297578
2025-03-01,39191602.22174498
2025-03-02,37677919.7135975
2025-03-03,40863452.33661105
2025-03-04,40240243.06429788
2025-03-05,38395329.65888816
2025-03-06,48241328.64620193
2025-03-07,38951064.52503324
2025-03-08,37262823.45324913
2025-03-09,40430189.90932345
2025-03-10,38202793.92995059
2025-03-11,36229486.10909661
2025-03-12,40452254.86506554
2025-03-13,40712322.62018423
2025-03-14,37714387.52307652
2025-03-15,35223664.28456843
2025-03-16,37748522.52847623
2025-03-17,37135921.67847832
2025-03-18,37075672.72206604
2025-03-19,41764979.42969121
2025-03-20,37804119.1334694
2025-03-21,38506813.41747084
2025-03-22,40123336.34841955
2025-03-23,42449361.79767756
2025-03-24,42642248.17659172
2025-03-25,41909212.73588531
2025-03-26,42129442.07939803
2025-03-27,40805185.20691296
2025-03-28,41126179.37634523
2025-03-29,36735632.93027265
2025-03-30,35524497.35014521
2025-03-31,38576492.62738412
2025-04-01,36300877.19874438
2025-04-02,44699941.82091541
2025-04-03,39965225.80705125
2025-04-04,47606522.81746165
2025-04-05,43141902.99892729
2025-04-06,35854257.01626727
2025-04-07,36376711.50167006
2025-04-08,37038708.08187673
2025-04-09,34253697.57545247
2025-04-10,36211187.09327755
2025-04-11,39203587.60504811
2025-04-12,38843185.29008596
2025-04-13,45355014.08859592
2025-04-14,39930425.60572959
2025-04-15,38096795.25834864
2025-04-16,39362089.0993591
2025-04-17,41138854.88647499
2025-04-18,36348827.41981641
2025-04-19,37492858.8414121
2025-04-20,33229169.01248826
2025-04-21,35054760.25509673
2025-04-22,45848677.68205334
2025-04-23,34453977.25550456
2025-04-24,42251453.18719256
2025-04-25,43194643.81534126
2025-04-26,39775259.55874916
2025-04-27,40050913.83541717
2025-04-28,42498777.7096541
2025-04-29,43588160.08805275
2025-04-30,39460161.53823301
2025-05-01,41289408.66434514
2025-05-02,48684082.90891498
2025-05-03,49516010.31456482
2025-05-04,41271279.83784576
2025-05-05,52291611.96716944
2025-05-06,42292905.70183572
2025-05-07,46463294.40951021
2025-05-08,51972334.94816536
2025-05-09,45760597.43657816
2025-05-10,49587240.2710152
2025-05-11,48840277.26492007
2025-05-12,47910251.48407589
2025-05-13,42952158.04352893
2025-05-14,47007632.89011087
2025-05-15,47924456.45846392
2025-05-16,45239485.88109019
2025-05-17,46848528.28181655
2025-05-18,54528079.91883117
2025-05-19,46945940.47646131
2025-05-20,49883599.29522595
2025-05-21,48834650.00982159
2025-05-22,51475856.34878756
2025-05-23,50919818.30715699
2025-05-24,46353632.09167983
2025-05-25,50893918.61835262
2025-05-26,52219994.40166838
2025-05-27,46568539.36418208
2025-05-28,54412460.48246019
2025-05-29,51696014.62935495
2025-05-30,49345687.79127127
2025-05-31,50776772.14958775
2025-06-01,41958701.39664885
2025-06-02,43859674.30570969
2025-06-03,46945089.03364247
2025-06-04,39744558.55882784
2025-06-05,41432000.58188736
2025-06-06,43517075.74880076
2025-06-07,46215277.36767875
2025-06-08,50571518.8194333
2025-06-09,47427777.79440374
2025-06-10,57434201.18172595
2025-06-11,47392822.66731637
2025-06-12,48053080.26338355
2025-06-13,47765590.77888198
2025-06-14,49086951.26911943
2025-06-15,42845540.54811759
2025-06-16,48598357.07931989
2025-06-17,37903202.88888955
2025-06-18,45642138.85609468
2025-06-19,41416885.18502548
2025-06-20,48946028.06301168
2025-06-21,44751367.10114627
2025-06-22,32456585.91349349
2025-06-23,34766573.00201984
2025-06-24,38430793.50409854
2025-06-25,46139440.47366159
2025-06-26,52637743.95442712
2025-06-27,37624158.78194916
2025-06-28,48375686.10311382
2025-06-29,56899297.90298244
2025-06-30,49025957.89992846
2025-07-01,44042111.91348496
2025-07-02,50833103.16827008
2025-07-03,50476730.26186216
2025-07-04,52678995.21089232
2025-07-05,51410768.48658748
2025-07-06,53335141.24018953
2025-07-07,51194793.5967159
2025-07-08,47798477.68049197
2025-07-09,57231169.18034885
2025-07-10,60740645.69625361
2025-07-11,55398062.31022415
2025-07-12,52929714.23130693
2025-07-13,49246695.00853907
2025-07-14,53871306.08008686
2025-07-15,58252047.92847928
2025-07-16,48004920.99943054
2025-07-17,50673610.1489475
2025-07-18,51791046.88085166
2025-07-19,51351104.07569589
2025-07-20,54275080.21173524
2025-07-21,54060171.47375935
2025-07-22,54882072.10258764
2025-07-23,50603937.17115276
2025-07-24,54019903.84238888
2025-07-25,57200622.4647487
2025-07-26,54667127.21885233
2025-07-27,50893738.46132063
2025-07-28,52868428.52434263
2025-07-29,40378806.6607108
2025-07-30,50196918.24956847
2025-07-31,55068906.18281259
2025-08-01,52630110.48424916
2025-08-02,50748124.55752326
2025-08-03,53874645.22497252
2025-08-04,60783792.79324245
2025-08-05,49643452.7339439
2025-08-06,51712116.58118916
2025-08-07,57876947.55062093
2025-08-08,48765246.05659831
2025-08-09,42377564.41739854
2025-08-10,49946811.17193794
2025-08-11,53921717.78003767
2025-08-12,50022431.62342072
2025-08-13,59134199.67382869
2025-08-14,59708563.22443695
2025-08-15,49585969.01278667
2025-08-16,53553747.02035632
2025-08-17,54993738.17691335
2025-08-18,55265358.73511386
2025-08-19,47293969.04996517
2025-08-20,50013308.54511108
2025-08-21,50230985.63306815
2025-08-22,52268285.17369474
2025-08-23,54385954.61176869
2025-08-24,57347675.10001707
2025-08-25,47453668.9378869
2025-08-26,51341387.27116049
2025-08-27,51150530.06808434
2025-08-28,55237251.67170864
2025-08-29,55223880.99081621
2025-08-30,52716573.49947926
2025-08-31,44283451.72592029
2025-09-01,54588021.40098326
2025-09-02,55792980.75630712
2025-09-03,47106082.27788457
2025-09-04,48286573.9386173
2025-09-05,47601012.37793484
2025-09-06,48256838.99707573
2025-09-07,52794708.03823709
2025-09-08,54386174.69806927
2025-09-09,57985798.41010687
2025-09-10,58501468.07259487
2025-09-11,54615384.17529052
2025-09-12,43000070.72463111
2025-09-13,50478672.92790098
2025-09-14,52607152.85373712
2025-09-15,56744575.6611708
2025-09-16,56334672.16186474
2025-09-17,45656579.81587157
2025-09-18,57166595.37560268
2025-09-19,60432568.27900352
2025-09-20,54266777.1973983
2025-09-21,57252454.48317894
2025-09-22,52516870.53208919
2025-09-23,50011995.56798745
2025-09-24,53447078.39650623
2025-09-25,47375025.48687997
2025-09-26,45000874.02660898
2025-09-27,52024352.84702788
2025-09-28,57396403.13274214
2025-09-29,48938654.61150571
2025-09-30,54913707.11889198
2025-10-01,56023896.84151068
2025-10-02,50618717.62260056
2025-10-03,45341558.35500097
2025-10-04,49839984.22223285
2025-10-05,56277315.03507808
2025-10-06,48509605.9491559
2025-10-07,52474562.15835157
2025-10-08,56677885.3738566
2025-10-09,45724614.40715948
2025-10-10,45949352.39382403
2025-10-11,49537526.44012755
2025-10-12,50616178.66012702
2025-10-13,54341809.42790047
2025-10-14,58610468.93386419
2025-10-15,49139991.85646974
2025-10-16,51042783.58495105
2025-10-17,50611498.70996141
2025-10-18,54873668.75871346
2025-10-19,46754467.73133135
2025-10-20,50757271.17583554
2025-10-21,50078828.68580041
2025-10-22,50734145.38887027
2025-10-23,48811506.34309654
2025-10-24,62080715.56198134
2025-10-25,53617724.1079387
2025-10-26,51067536.43163761
2025-10-27,52016792.69595471
2025-10-28,55707976.93944293
2025-10-29,41197284.12949124
2025-10-30,53107136.56155027
2025-10-31,48312189.47905913
2025-11-01,46688618.16110838
2025-11-02,53769047.64037499
2025-11-03,46618294.23740841
2025-11-04,41310800.37464252
2025-11-05,44580347.79835382
2025-11-06,43044752.11323816
2025-11-07,45549509.33598489
2025-11-08,38300552.65363862
2025-11-09,45060305.16277624
2025-11-10,45780105.31557705
2025-11-11,48220080.39305845
2025-11-12,44099452.2534294
2025-11-13,46252904.86888815
2025-11-14,41646605.35738613
2025-11-15,42336049.08960679
2025-11-16,46157439.14263772
2025-11-17,35226741.17712069
2025-11-18,38407073.63462409
2025-11-19,39179019.41514886
2025-11-20,34887847.65270466
2025-11-21,38833534.16448062
2025-11-22,37559936.65029
2025-11-23,38173485.027682
2025-11-24,38294426.73845012
2025-11-25,31384200.21787823
2025-11-26,44644719.42998188
2025-11-27,39350853.02689914
2025-11-28,40874019.33079026
2025-11-29,38802254.44634794
2025-11-30,45908609.15930154
2025-12-01,36229416.8433994
2025-12-02,36042589.00537898
2025-12-03,38296887.95585368
2025-12-04,37722908.36625694
2025-12-05,32678518.43966405
2025-12-06,44546658.3435168
2025-12-07,44825682.0273262
2025-12-08,41588220.67955627
2025-12-09,37354175.37859767
2025-12-10,44240899.56979693
2025-12-11,45348076.3418509
2025-12-12,40298998.00235947
2025-12-13,39395089.40755685
2025-12-14,33516664.98350705
2025-12-15,35611869.27289053
2025-12-16,39176187.0346348
2025-12-17,36048818.40949718
2025-12-18,38157137.6451986
2025-12-19,39090019.47654451
2025-12-20,39944905.2579551
2025-12-21,37303734.09936902
2025-12-22,37825968.85908002
2025-12-23,37910602.32741106
2025-12-24,42669884.96419705
2025-12-25,37511616.19142566
2025-12-26,42491815.87105776
2025-12-27,36151718.64099048
2025-12-28,41934600.28256051
2025-12-29,41355621.93328614
2025-12-30,32300236.08017365
2025-12-31,35537741.47999062
2026-01-01,41234130.50543138
2026-01-02,39877113.83393998
2026-01-03,43549618.00322317
2026-01-04,40787824.14279884
2026-01-05,38692142.84692323
2026-01-06,37137916.4862
2026-01-07,41585275.291859
2026-01-08,36921791.737488
2026-01-09,33896685.179232
2026-01-10,34647275.15626
2026-01-11,35672834.0598
2026-01-12,38121336.2803
2026-01-13,43219730.756515
2026-01-14,37254056.765839
2026-01-15,41222739.94253513
2026-01-16,37918980.92140348
2026-01-17,43603346.56245994
2026-01-18,38462562.29457572
2026-01-19,43303805.94302452
2026-01-20,34985530.39730264
2026-01-21,38503298.79239599
2026-01-22,43246598.19844659
2026-01-23,37407649.03753046
2026-01-24,28300724.89872269
2026-01-25,28297235.88491072
2026-01-26,33564693.83224178
2026-01-27,33900453.27138561
2026-01-28,30063579.59578075
2026-01-29,32997158.23021024
2026-01-30,34176724.18945299
2026-01-31,33649337.32458764
2026-02-01,28554647.56997437
2026-02-02,28792329.68276716
2026-02-03,30267731.46619828
2026-02-04,32395385.67188196
2026-02-05,24707164.66623995
2026-02-06,31399260.84215292
2026-02-07,35038471.41573639
2026-02-08,36157524.3873383
2026-02-09,35264441.55404034
2026-02-10,30260550.56672575
2026-02-11,32447580.06362866
2026-02-12,36320325.53978668
2026-02-13,30947531.40352844
2026-02-14,35460378.9042218
2026-02-15,41600069.71366243
2026-02-16,36287368.18133029
2026-02-17,33663591.90626458
2026-02-18,31071603.83785277
2026-02-19,31736666.23185882
2026-02-20,28007350.52071095
2026-02-21,24567040.55660327
2026-02-22,33715921.24175364
2026-02-23,29250823.92524557
2026-02-24,31809767.49507531
2026-02-25,32918865.72204183
2026-02-26,29326820.54191404
2026-02-27,27143011.25601416
2026-02-28,29261958.52876469
2026-03-01,29752349.29526119
2026-03-02,28990670.56929564
2026-03-03,28564207.98008262
2026-03-04,28383274.96109542
2026-03-05,35858833.45624318
2026-03-06,30417038.16561231
2026-03-07,26418424.06655101
2026-03-08,26929168.84979821
2026-03-09,28816245.86390914
2026-03-10,28805093.93219516
2026-03-11,29597205.75441743
2026-03-12,27486944.48754872
2026-03-13,26590451.85984369
2026-03-14,27511565.2047019
2026-03-15,28375230.49211746
2026-03-16,28239345.94279742
2026-03-17,28162847.49364529
2026-03-18,30902076.20665483
2026-03-19,29258506.53883665
2026-03-20,28610017.37308681
2026-03-21,29401052.43740466
2026-03-22,33645515.19026241
2026-03-23,34991192.05497982
2026-03-24,27959474.13635296
2026-03-25,33170598.12153595
2026-03-26,35419255.09951139
2026-03-27,31055887.83300739
2026-03-28,35143820.49144286
2026-03-29,28777480.49987563
2026-03-30,27246933.18027112
2026-03-31,28493533.70347084
2026-04-01,33794349.57024903
2026-04-02,29445288.59464818
2026-04-03,26315429.90455214
2026-04-04,24732305.03096595
2026-04-05,34036206.98283315
2026-04-06,27028693.82341117
2026-04-07,30513565.41745504
2026-04-08,32368484.9386433
2026-04-09,31795205.56499154
2026-04-10,28474123.09240161
2026-04-11,27086094.47673891
2026-04-12,33957165.18211029
2026-04-13,33214433.65051523
2026-04-14,36797810.21062326
2026-04-15,29202959.20065553
2026-04-16,33542639.60787315
2026-04-17,33498007.59166866
2026-04-18,35182160.68123306
2026-04-19,35439280.25869999
2026-04-20,30298451.27285825
2026-04-21,31455794.72209538
2026-04-22,31795678.90010743
2026-04-23,28826739.95466873
2026-04-24,35039430.94289993
2026-04-25,33632102.71489068
2026-04-26,35039863.2496964
2026-04-27,33298907.94063089
2026-04-28,32883335.3104576
2026-04-29,30072394.15847592
2026-04-30,32732076.80479548
2026-05-01,37651321.82928058
2026-05-02,32898183.72323066
2026-05-03,36956054.05370846
2026-05-04,36866528.39934476
2026-05-05,37133731.3463335
2026-05-06,34574493.01391628
2026-05-07,33729134.45377945
2026-05-08,35813064.98923807
2026-05-09,41113678.72399534
2026-05-10,38000915.65615563
2026-05-11,41052870.26208062
2026-05-12,32914542.45798724
2026-05-13,32157196.620244
2026-05-14,37452363.13759743
2026-05-15,35080233.96495003
2026-05-16,36807805.14107151
2026-05-17,33550533.9961547
2026-05-18,31676568.35449869
2026-05-19,33774148.25031143
2026-05-20,35778514.17603216
2026-05-21,29764634.62972921
2026-05-22,35777232.99504291
2026-05-23,38256974.67911146
2026-05-24,30233187.39884194
2026-05-25,38832426.86259613
2026-05-26,32955925.76337695
2026-05-27,31339842.45140622
2026-05-28,36553598.98245306
2026-05-29,32151012.8833002
2026-05-30,32502536.72097368
2026-05-31,33061503.56138032
2026-06-01,28990210.49037915
2026-06-02,21917751.8700211
2026-06-03,21723326.54457641
2026-06-04,28360129.12571805
2026-06-05,25253532.35246084
2026-06-06,22407019.82919803
2026-06-07,22881307.9247629
2026-06-08,24022244.42399396
2026-06-09,23513640.69093039
2026-06-10,23031836.14414655
2026-06-11,26221293.46315718
2026-06-12,28426554.13701798
2026-06-13,25576156.57652628
2026-06-14,30569785.23364114
2026-06-15,31304065.24895858
2026-06-16,33449463.04676434
2026-06-17,26993187.93626401
2026-06-18,32641269.02422464
2026-06-19,30367218.95392275
2026-06-20,31887472.62354965
2026-06-21,26652939.78977015
2026-06-22,31571201.64017743
2026-06-23,34270295.96824202
2026-06-24,29934881.98028667
2026-06-25,31926600.25918604
2026-06-26,29466427.67092131
2026-06-27,31650564.59888504
2026-06-28,24081186.50801842
2026-06-29,24263610.64940798
2026-06-30,27497877.22695604
2026-07-01,27388136.55857013
2026-07-02,25422378.34704091
2026-07-03,29714944.90830692
2026-07-04,30712388.11328793
2026-07-05,25778354.64034246
2026-07-06,24031541.97158907
2026-07-07,27721038.04596547
2026-07-08,26624875.74225485
2026-07-09,24852245.66895292
2026-07-10,26241517.05943199
2026-07-11,28047749.98701486
2026-07-12,28997756.45152631
2026-07-13,28765036.02471803
2026-07-14,33297217.95491505
2026-07-15,28552634.06610058
2026-07-16,25529579.14257725
2026-07-17,25588489.11144472
2026-07-18,33790865.0315974
2026-07-19,34100900.15950264
2026-07-20,29933308.04673512
2026-07-21,28897607.26331867
2026-07-22,24142215.36663295
2026-07-23,27231437.15402686
2026-07-24,31053821.6483688
