date,mvrv
2010-08-01,10.23837991424666
2010-08-02,9.841610700330941
2010-08-03,9.787552447991509
2010-08-04,8.67619744536481
2010-08-05,9.047664526701928
2010-08-06,8.93133252473589
2010-08-07,8.293011386276731
2010-08-08,8.3652319855318
2010-08-09,9.276040652045426
2010-08-10,8.638782042449677
2010-08-11,8.231911891960337
2010-08-12,8.434347991740994
2010-08-13,7.423276379916398
2010-08-14,7.56868069338965
2010-08-15,7.167864535056936
2010-08-16,7.013561500199242
2010-08-17,7.459917877666864
2010-08-18,7.081557185799642
2010-08-19,6.895691528183147
2010-08-20,6.477894197324006
2010-08-21,6.221655624476717
2010-08-22,6.084734237754662
2010-08-23,6.183745291372005
2010-08-24,6.083690005179978
2010-08-25,5.995066340257865
2010-08-26,5.821306573535534
2010-08-27,5.827313287811261
2010-08-28,5.765989460461954
2010-08-29,5.621548550675484
2010-08-30,5.568823041101641
2010-08-31,5.14011888248812
2010-09-01,5.354548521783784
2010-09-02,5.310735791279084
2010-09-03,5.094767649081776
2010-09-04,5.131613346247796
2010-09-05,5.061329122486821
2010-09-06,5.029416324264022
2010-09-07,4.895706273336191
2010-09-08,4.935235464118503
2010-09-09,4.753618230386344
2010-09-10,4.791359708051912
2010-09-11,4.755785933626544
2010-09-12,4.705724061170613
2010-09-13,4.666327449608127
2010-09-14,4.619353772667631
2010-09-15,4.419846442412584
2010-09-16,4.481648626782652
2010-09-17,4.18911927432448
2010-09-18,4.218895638945373
2010-09-19,4.315802826264115
2010-09-20,4.280018683286296
2010-09-21,4.248486248462598
2010-09-22,4.147683699699594
2010-09-23,4.099902720114597
2010-09-24,4.061638321567708
2010-09-25,4.030049555379066
2010-09-26,3.999158751072843
2010-09-27,3.903593342483666
2010-09-28,3.707871407017633
2010-09-29,3.678410724221793
2010-09-30,3.662389794341331
2010-10-01,3.573365291945353
2010-10-02,3.247003271125471
2010-10-03,3.23674405190839
2010-10-04,3.22202991583754
2010-10-05,3.152849252416039
2010-10-06,3.23683508978954
2010-10-07,3.414797744660693
2010-10-08,4.129589018248226
2010-10-09,4.441710660964815
2010-10-10,4.204178836201295
2010-10-11,4.307667497289244
2010-10-12,4.135823224384003
2010-10-13,4.38130930915553
2010-10-14,4.424189101982229
2010-10-15,4.406020992578561
2010-10-16,4.120760790674575
2010-10-17,4.111854463584848
2010-10-18,4.063826772079389
2010-10-19,3.825900709352118
2010-10-20,3.858404800819878
2010-10-21,4.05238424697726
2010-10-22,4.097645915187266
2010-10-23,4.012807227507586
2010-10-24,4.106887372257129
2010-10-25,4.623955295871382
2010-10-26,5.101200681543619
2010-10-27,6.048319625445929
2010-10-28,5.196165062172545
2010-10-29,5.586173817607673
2010-10-30,5.718770650459204
2010-10-31,5.379488943062091
2010-11-01,5.416520567835619
2010-11-02,5.253476456010211
2010-11-03,5.308922770939662
2010-11-04,5.51380831016977
2010-11-05,6.028490673702911
2010-11-06,6.469761702632009
2010-11-07,7.040580995542942
2010-11-08,4.17927958424963
2010-11-09,3.561731377642446
2010-11-10,4.07326298168622
2010-11-11,3.753140806417526
2010-11-12,4.479369818161053
2010-11-13,4.530715980612024
2010-11-14,4.501323487539191
2010-11-15,4.15503980402061
2010-11-16,3.458354966068554
2010-11-17,3.381375884193756
2010-11-18,4.040459098595985
2010-11-19,4.168092703690133
2010-11-20,4.167516902508157
2010-11-21,4.050839900331416
2010-11-22,4.095933825717936
2010-11-23,4.076192375957389
2010-11-24,4.034434649256017
2010-11-25,3.938813983599357
2010-11-26,3.994267403002881
2010-11-27,3.948873756660295
2010-11-28,3.870498492658109
2010-11-29,3.121421572055298
2010-11-30,2.890411654965574
2010-12-01,3.149906606104478
2010-12-02,3.406395869196616
2010-12-03,3.457026973940422
2010-12-04,2.778235381033382
2010-12-05,2.546837505917126
2010-12-06,2.72831260425452
2010-12-07,3.177400326225007
2010-12-08,2.973990644400461
2010-12-09,2.622595692213365
2010-12-10,2.666748073539909
2010-12-11,2.970193761544234
2010-12-12,2.85693336249655
2010-12-13,2.96700384481193
2010-12-14,3.175188340543752
2010-12-15,3.030257746038496
2010-12-16,3.167919349728248
2010-12-17,3.028302609319006
2010-12-18,3.024552247524973
2010-12-19,2.997412446390581
2010-12-20,3.294328622454486
2010-12-21,2.902265940933652
2010-12-22,3.011812141950051
2010-12-23,3.000111196765183
2010-12-24,2.967780307372893
2010-12-25,2.976993621896243
2010-12-26,2.97592093965881
2010-12-27,3.128489819329453
2010-12-28,3.181595077150779
2010-12-29,3.453786715140454
2010-12-30,3.430861851985412
2010-12-31,3.41400332760078
2011-01-01,3.396584848495207
2011-01-02,3.369558981919045
2011-01-03,3.293945077754031
2011-01-04,3.225733465838442
2011-01-05,3.309028554682565
2011-01-06,3.283988097296595
2011-01-07,3.503605439882096
2011-01-08,3.510165932385518
2011-01-09,3.489683366856375
2011-01-10,3.480167823559505
2011-01-11,3.393202893033566
2011-01-12,3.489389169690054
2011-01-13,3.213886732498696
2011-01-14,3.992848647945585
2011-01-15,3.825098412466511
2011-01-16,3.785149763858852
2011-01-17,3.386032764744907
2011-01-18,3.011212934884145
2011-01-19,2.977613179587601
2011-01-20,3.687707449904019
2011-01-21,3.840015782280478
2011-01-22,4.112223174285387
2011-01-23,3.835590785685106
2011-01-24,3.773322291677927
2011-01-25,3.665675823378426
2011-01-26,3.660315533437696
2011-01-27,3.258357628291214
2011-01-28,3.414473875451321
2011-01-29,3.321105426023636
2011-01-30,3.606104402346856
2011-01-31,3.964140182001509
2011-02-01,5.080818144479081
2011-02-02,4.979340163532121
2011-02-03,4.62214547105119
2011-02-04,5.544551186407233
2011-02-05,5.845741249445336
2011-02-06,5.537905612917909
2011-02-07,5.202223713929525
2011-02-08,5.03612607418181
2011-02-09,5.829936345171795
2011-02-10,5.046116610468711
2011-02-11,5.343122506499383
2011-02-12,5.628229741878035
2011-02-13,5.335760249582033
2011-02-14,5.329770050362239
2011-02-15,5.119400009268293
2011-02-16,5.038973567631998
2011-02-17,4.961261477069067
2011-02-18,4.614471391167016
2011-02-19,4.253720648341456
2011-02-20,4.011199987650824
2011-02-21,4.006348676727001
2011-02-22,4.158454410492633
2011-02-23,4.077386885658452
2011-02-24,4.467460483659479
2011-02-25,4.308993744900402
2011-02-26,4.171407721941545
2011-02-27,3.803671578728259
2011-02-28,3.584084971651339
2011-03-01,3.420544963609127
2011-03-02,3.478038790425117
2011-03-03,3.456495610819796
2011-03-04,3.296045778004597
2011-03-05,3.299563541989675
2011-03-06,3.147890076535877
2011-03-07,3.063841089813727
2011-03-08,3.050517446614589
2011-03-09,3.088865883704085
2011-03-10,3.323059336128109
2011-03-11,3.191633108201462
2011-03-12,3.126852818288471
2011-03-13,3.112314309179578
2011-03-14,3.092014065187994
2011-03-15,2.993171205193515
2011-03-16,2.922550891264446
2011-03-17,2.874076901381905
2011-03-18,2.692151078862519
2011-03-19,2.661137556023659
2011-03-20,2.562142625036727
2011-03-21,2.547470466977995
2011-03-22,2.716507875856117
2011-03-23,2.833973714588717
2011-03-24,2.913184831583091
2011-03-25,2.902555125183397
2011-03-26,2.705511196001439
2011-03-27,2.656252705834061
2011-03-28,2.582503588303644
2011-03-29,2.561811737462085
2011-03-30,2.496567531492955
2011-03-31,2.522688022519119
2011-04-01,2.484526123213401
2011-04-02,2.504251462889884
2011-04-03,2.492706721081853
2011-04-04,2.195073789653831
2011-04-05,2.372115381692696
2011-04-06,2.37467593710791
2011-04-07,2.41694909448116
2011-04-08,2.363963053743628
2011-04-09,2.296762064213352
2011-04-10,2.230888263065475
2011-04-11,2.50429700851484
2011-04-12,2.680580586767515
2011-04-13,2.857007428651605
2011-04-14,3.025952777603254
2011-04-15,2.96432814519784
2011-04-16,3.084068484966827
2011-04-17,3.473139315235367
2011-04-18,3.409927883729625
2011-04-19,3.461495239274642
2011-04-20,3.330503714416515
2011-04-21,3.402347714920542
2011-04-22,3.912585731058329
2011-04-23,4.579337106277166
2011-04-24,4.240103427319879
2011-04-25,4.085789922220171
2011-04-26,4.603571210521734
2011-04-27,4.76765595896302
2011-04-28,5.661669962548428
2011-04-29,5.624645319803038
2011-04-30,5.930196029998892
2011-05-01,5.032312332497984
2011-05-02,5.195104818312048
2011-05-03,5.114267167883098
2011-05-04,4.965651484209617
2011-05-05,4.778716552331311
2011-05-06,4.708983160985071
2011-05-07,4.914554558838259
2011-05-08,5.025602444737361
2011-05-09,4.992581899015836
2011-05-10,6.796947278141185
2011-05-11,6.086679567106001
2011-05-12,6.953691843090937
2011-05-13,7.373451443071003
2011-05-14,6.041329535585112
2011-05-15,5.748337982992306
2011-05-16,5.621941278423337
2011-05-17,5.012030943458504
2011-05-18,4.464803688154062
2011-05-19,4.656356399371938
2011-05-20,3.611836012801074
2011-05-21,4.182359623520183
2011-05-22,4.526804404886401
2011-05-23,4.667640284017467
2011-05-24,4.706008967442322
2011-05-25,5.009818209452631
2011-05-26,5.307560559039246
2011-05-27,4.865516182115877
2011-05-28,4.715493785350692
2011-05-29,4.624990154024692
2011-05-30,4.786553429719225
2011-05-31,4.582760194621409
2011-06-01,5.077785006338543
2011-06-02,5.424746108905064
2011-06-03,6.509777933490406
2011-06-04,7.853813229022627
2011-06-05,6.717894695266417
2011-06-06,6.184854505508422
2011-06-07,7.404400427029148
2011-06-08,7.808589498044587
2011-06-09,6.771505249456107
2011-06-10,5.115173481046257
2011-06-11,3.0588390330117
2011-06-12,3.551822634786472
2011-06-13,3.755296535606164
2011-06-14,3.419918348987887
2011-06-15,3.148134866141354
2011-06-16,2.669710540372558
2011-06-17,2.484912583157565
2011-06-18,2.697590363183337
2011-06-19,2.699126160654897
2011-06-20,2.679338342891072
2011-06-21,2.647380774477455
2011-06-22,2.637272247016593
2011-06-23,2.624511816510188
2011-06-24,2.607254579856182
2011-06-25,2.598947361872777
2011-06-26,2.373426836816415
2011-06-27,2.419013240252898
2011-06-28,2.413856063685468
2011-06-29,2.391854470186866
2011-06-30,2.276817560414627
2011-07-01,2.172723444270504
2011-07-02,2.168196992132566
2011-07-03,2.174693542173105
2011-07-04,1.950201694824077
2011-07-05,1.841106795813997
2011-07-06,2.061850083230631
2011-07-07,2.090387059351764
2011-07-08,1.988217378344726
2011-07-09,2.017983523305246
2011-07-10,2.041529901032222
2011-07-11,1.981220435669095
2011-07-12,1.950849485634679
2011-07-13,1.934800164801586
2011-07-14,1.928632815126756
2011-07-15,1.907888869863598
2011-07-16,1.894608122238849
2011-07-17,1.845329977122225
2011-07-18,2.087618430379357
2011-07-19,1.988494844482352
2011-07-20,1.964388259475884
2011-07-21,1.95145121432582
2011-07-22,1.96910093384814
2011-07-23,1.969707666017784
2011-07-24,1.999374397538195
2011-07-25,2.00396253071801
2011-07-26,1.996407672811075
2011-07-27,1.972616679272052
2011-07-28,1.910650981394382
2011-07-29,1.929222793573584
2011-07-30,1.923767733203356
2011-07-31,1.904850359961865
2011-08-01,1.869151984077748
2011-08-02,1.649850961233231
2011-08-03,1.414798814487341
2011-08-04,1.552699686430529
2011-08-05,1.407390050872604
2011-08-06,0.9026100749064749
2011-08-07,1.135527987777768
2011-08-08,1.165689912727954
2011-08-09,1.493303061453835
2011-08-10,1.50912818289597
2011-08-11,1.399282353155706
2011-08-12,1.414694863710531
2011-08-13,1.521318887435436
2011-08-14,1.605073341354594
2011-08-15,1.679497644142936
2011-08-16,1.599251725837156
2011-08-17,1.621858345600319
2011-08-18,1.611190288146628
2011-08-19,1.702357270865848
2011-08-20,1.694207356135181
2011-08-21,1.653467344107766
2011-08-22,1.603674295631401
2011-08-23,1.615221881981415
2011-08-24,1.589676172689203
2011-08-25,1.425400226023326
2011-08-26,1.207004824543264
2011-08-27,1.321002519141796
2011-08-28,1.379455699177926
2011-08-29,1.357383615431456
2011-08-30,1.330754317940394
2011-08-31,1.261560548059828
2011-09-01,1.279163777277906
2011-09-02,1.304944140762639
2011-09-03,1.296673702484257
2011-09-04,1.22740473672229
2011-09-05,1.118234081753736
2011-09-06,1.055822591618178
2011-09-07,1.099113398965676
2011-09-08,0.9758942872923767
2011-09-09,0.7708819938195335
2011-09-10,0.7405141012411344
2011-09-11,1.01748856660564
2011-09-12,0.9713962914710873
2011-09-13,0.9455054379426665
2011-09-14,0.9045902364220709
2011-09-15,0.782422351446176
2011-09-16,0.786121675078392
2011-09-17,0.7819983677575977
2011-09-18,0.8500438673591368
2011-09-19,0.9093568075663944
2011-09-20,1.007294059498507
2011-09-21,0.9346584727878616
2011-09-22,0.9035355132414209
2011-09-23,0.9152263531588071
2011-09-24,0.8951209473900542
2011-09-25,0.8895383132218327
2011-09-26,0.8002338839796653
2011-09-27,0.8092918522335041
2011-09-28,0.795235993612145
2011-09-29,0.7957984885799863
2011-09-30,0.8409443935999137
2011-10-01,0.8372286419119324
2011-10-02,0.8334696051656956
2011-10-03,0.8307156480931759
2011-10-04,0.8298923969549605
2011-10-05,0.8185469493575704
2011-10-06,0.7977956093542102
2011-10-07,0.7263829355708786
2011-10-08,0.6923577071453152
2011-10-09,0.6969713766343026
2011-10-10,0.6813260101271522
2011-10-11,0.6813421007010919
2011-10-12,0.7070428392969125
2011-10-13,0.6871650814202851
2011-10-14,0.6795366655316101
2011-10-15,0.6530426379515161
2011-10-16,0.6181018960832052
2011-10-17,0.4538287204907947
2011-10-18,0.4180067315978397
2011-10-19,0.3844538067131911
2011-10-20,0.4112222158774519
2011-10-21,0.4535482430317458
2011-10-22,0.5489965789922046
2011-10-23,0.5457252545043528
2011-10-24,0.4602674379018777
2011-10-25,0.4748231694885295
2011-10-26,0.4897592787669774
2011-10-27,0.5613491327638345
2011-10-28,0.5585335354685922
2011-10-29,0.6282411335923831
2011-10-30,0.565867855727102
2011-10-31,0.5722873776319565
2011-11-01,0.5577515198629686
2011-11-02,0.5693980776085703
2011-11-03,0.5618607606330538
2011-11-04,0.5525163021025083
2011-11-05,0.5242602715385921
2011-11-06,0.5273031123163312
2011-11-07,0.5348276390291755
2011-11-08,0.5485525121451268
2011-11-09,0.5360963343513693
2011-11-10,0.5288899886888063
2011-11-11,0.5587806278322593
2011-11-12,0.5520766086675623
2011-11-13,0.4515474824863924
2011-11-14,0.4084666493561412
2011-11-15,0.4260024344001907
2011-11-16,0.4973181133986322
2011-11-17,0.4382551988254101
2011-11-18,0.4211153944900949
2011-11-19,0.4445781237553237
2011-11-20,0.4408779247336537
2011-11-21,0.4596239214283798
2011-11-22,0.4684079220605867
2011-11-23,0.4695410619669846
2011-11-24,0.4853037525345242
2011-11-25,0.5044281726709228
2011-11-26,0.4949267535391289
2011-11-27,0.5043910520304106
2011-11-28,0.5411495090804667
2011-11-29,0.5597866205751773
2011-11-30,0.6122135048413417
2011-12-01,0.6282708087008019
2011-12-02,0.6287763833834361
2011-12-03,0.5664564725161455
2011-12-04,0.5726674075435426
2011-12-05,0.5922481238640538
2011-12-06,0.6056436268335819
2011-12-07,0.6129079476668461
2011-12-08,0.619537780454141
2011-12-09,0.6107921775205533
2011-12-10,0.6324572452957674
2011-12-11,0.669965198251204
2011-12-12,0.6579874999606504
2011-12-13,0.6555140510366411
2011-12-14,0.6470746037982095
2011-12-15,0.6551672600207936
2011-12-16,0.6568850176219534
2011-12-17,0.6571588597161709
2011-12-18,0.6572557914167608
2011-12-19,0.7202693349163022
2011-12-20,0.8034141342714008
2011-12-21,0.7934987585455655
2011-12-22,0.7887285174595812
2011-12-23,0.8013200016814743
2011-12-24,0.8035792594681143
2011-12-25,0.8654385764841912
2011-12-26,0.8200804793405589
2011-12-27,0.8359570289279605
2011-12-28,0.8598181865183808
2011-12-29,0.8495645187968183
2011-12-30,0.8635600499964666
2011-12-31,0.9535466802178365
2012-01-01,1.065466851964058
2012-01-02,1.049344689527578
2012-01-03,0.9884090884469122
2012-01-04,1.188091110537975
2012-01-05,1.40457503141434
2012-01-06,1.30310128679503
2012-01-07,1.348779112063836
2012-01-08,1.397038284870073
2012-01-09,1.247737633317006
2012-01-10,1.279860139435959
2012-01-11,1.351461995468286
2012-01-12,1.303061564311042
2012-01-13,1.227011094070739
2012-01-14,1.320415825383307
2012-01-15,1.349321537784399
2012-01-16,1.29304387106171
2012-01-17,1.150394680904881
2012-01-18,1.158661923683844
2012-01-19,1.214393630824306
2012-01-20,1.25518268016971
2012-01-21,1.197598825717449
2012-01-22,1.215195706809683
2012-01-23,1.227094913549658
2012-01-24,1.209144885078369
2012-01-25,1.117739786670323
2012-01-26,1.030269410496707
2012-01-27,1.027818274690134
2012-01-28,1.088387473996436
2012-01-29,1.052136126663108
2012-01-30,1.066490965971153
2012-01-31,1.077454674902089
2012-02-01,1.18653695200995
2012-02-02,1.154987032705838
2012-02-03,1.15632117243739
2012-02-04,1.137522233926346
2012-02-05,1.0754825104708
2012-02-06,1.075068979711768
2012-02-07,1.110230098020276
2012-02-08,1.098522822637692
2012-02-09,1.143275348779908
2012-02-10,1.152681677020474
2012-02-11,1.073250184776948
2012-02-12,1.075391293151953
2012-02-13,1.024696868385759
2012-02-14,0.9093930352691079
2012-02-15,0.8336072123875794
2012-02-16,0.846585140751357
2012-02-17,0.8834797436549436
2012-02-18,0.8598284333508216
2012-02-19,0.87814181032907
2012-02-20,0.8768774282087494
2012-02-21,0.8588705099026408
2012-02-22,0.9007749734740077
2012-02-23,1.012033538809334
2012-02-24,1.005546127099793
2012-02-25,0.9537247458652375
2012-02-26,0.9848451057944871
2012-02-27,0.9849373698284128
2012-02-28,0.9642041876574703
2012-02-29,0.9847643159961744
2012-03-01,0.9949038360100128
2012-03-02,0.9474530324330804
2012-03-03,0.9371825087172652
2012-03-04,0.9770723350559058
2012-03-05,0.9987617064134768
2012-03-06,1.004062820569161
2012-03-07,1.002517894847795
2012-03-08,0.9839027507563155
2012-03-09,0.9807778376976342
2012-03-10,0.9729038171653577
2012-03-11,0.9872786377227357
2012-03-12,0.9870965568721649
2012-03-13,1.063342390373907
2012-03-14,1.086637584425125
2012-03-15,1.084791006515122
2012-03-16,1.074363901725388
2012-03-17,1.052802840790604
2012-03-18,1.064499394780723
2012-03-19,0.9512566471666102
2012-03-20,0.9743598247987575
2012-03-21,0.9763243000087214
2012-03-22,0.9433633138057465
2012-03-23,0.9537314934687037
2012-03-24,0.9406927916272563
2012-03-25,0.9268250026829666
2012-03-26,0.9322463048753176
2012-03-27,0.9673697889488999
2012-03-28,0.9711822262401539
2012-03-29,0.9672771638381222
2012-03-30,1.003078853138262
2012-03-31,1.010694410637006
2012-04-01,0.9865755582824399
2012-04-02,1.015157109337407
2012-04-03,1.022266560776367
2012-04-04,1.016901360066494
2012-04-05,1.013404915853249
2012-04-06,1.021266289589538
2012-04-07,0.9700245180939034
2012-04-08,0.9885885463113537
2012-04-09,0.9981592579400531
2012-04-10,1.001675114037112
2012-04-11,1.015946083641289
2012-04-12,1.009874459486692
2012-04-13,1.017947423769308
2012-04-14,1.019348160295884
2012-04-15,1.012884408096247
2012-04-16,1.022156271420358
2012-04-17,1.02849627143792
2012-04-18,1.059302176504226
2012-04-19,1.057421205802817
2012-04-20,1.103039917595646
2012-04-21,1.083228507939886
2012-04-22,1.062582614634499
2012-04-23,1.031142981894441
2012-04-24,1.048955320707409
2012-04-25,1.054967863766544
2012-04-26,1.037633090083131
2012-04-27,1.040847957856449
2012-04-28,1.009740362265914
2012-04-29,1.002699969206246
2012-04-30,1.010888053548134
2012-05-01,1.035503777140136
2012-05-02,1.03520808520959
2012-05-03,1.043176406025342
2012-05-04,1.048885537654732
2012-05-05,1.033252485960347
2012-05-06,1.02486482603524
2012-05-07,1.043203873670445
2012-05-08,1.029376498879508
2012-05-09,1.032489726000001
2012-05-10,1.01281234622054
2012-05-11,1.017463469297736
2012-05-12,1.014948246994907
2012-05-13,1.014016599749281
2012-05-14,1.028651843821137
2012-05-15,1.034021461026203
2012-05-16,1.046089355016509
2012-05-17,1.048704244901802
2012-05-18,1.053669157969347
2012-05-19,1.055526717846894
2012-05-20,1.057711009452507
2012-05-21,1.05885815791031
2012-05-22,1.057325097789616
2012-05-23,1.064804624174767
2012-05-24,1.068350884829377
2012-05-25,1.066467706068387
2012-05-26,1.067045337403923
2012-05-27,1.066736802611364
2012-05-28,1.06527220430139
2012-05-29,1.066735751139011
2012-05-30,1.075064986924242
2012-05-31,1.094046673392125
2012-06-01,1.09835920374378
2012-06-02,1.096339189360417
2012-06-03,1.089884097564968
2012-06-04,1.114471029974778
2012-06-05,1.138896919743556
2012-06-06,1.142118445893948
2012-06-07,1.165071729960102
2012-06-08,1.171428982812561
2012-06-09,1.157906322086862
2012-06-10,1.138087466747448
2012-06-11,1.148283080044628
2012-06-12,1.184757743476029
2012-06-13,1.220460456429435
2012-06-14,1.222916665951425
2012-06-15,1.306601062366996
2012-06-16,1.328357652115606
2012-06-17,1.263191968151386
2012-06-18,1.291951500968513
2012-06-19,1.338813346158075
2012-06-20,1.376566845070817
2012-06-21,1.370322554217006
2012-06-22,1.335830238177184
2012-06-23,1.313938294684511
2012-06-24,1.293093935486964
2012-06-25,1.284675963943091
2012-06-26,1.309560432522322
2012-06-27,1.354333750340703
2012-06-28,1.334417494391672
2012-06-29,1.354990791912777
2012-06-30,1.356243024159242
2012-07-01,1.34514066253725
2012-07-02,1.364446562598643
2012-07-03,1.312773056338227
2012-07-04,1.313640491077696
2012-07-05,1.331551250303956
2012-07-06,1.353411045323178
2012-07-07,1.364548200513268
2012-07-08,1.3705142776252
2012-07-09,1.41881448108037
2012-07-10,1.454736691437943
2012-07-11,1.447387915785334
2012-07-12,1.54583698103673
2012-07-13,1.534430647515322
2012-07-14,1.526853645620182
2012-07-15,1.549159783459018
2012-07-16,1.776756943153177
2012-07-17,1.777440457227074
2012-07-18,1.804272353470797
2012-07-19,1.569144787320011
2012-07-20,1.629548445461623
2012-07-21,1.7152693408517
2012-07-22,1.57515179405968
2012-07-23,1.655842732908005
2012-07-24,1.651595902835341
2012-07-25,1.678655047684764
2012-07-26,1.725382601693724
2012-07-27,1.715856129482161
2012-07-28,1.706145972821765
2012-07-29,1.671754822271667
2012-07-30,1.737951189169201
2012-07-31,1.781213003009139
2012-08-01,1.801345585556172
2012-08-02,1.994932249693845
2012-08-03,2.015394733410174
2012-08-04,1.960523807756862
2012-08-05,1.981824482897549
2012-08-06,1.981232032109336
2012-08-07,2.026626041629494
2012-08-08,2.000680209871621
2012-08-09,2.004250532120021
2012-08-10,2.070284181537553
2012-08-11,2.063912503224616
2012-08-12,2.086326897240947
2012-08-13,2.136676540634539
2012-08-14,2.177033328825889
2012-08-15,2.342692459675136
2012-08-16,2.371088800475345
2012-08-17,2.025072913779574
2012-08-18,1.973783676314456
2012-08-19,1.6006465582269
2012-08-20,1.685381530290126
2012-08-21,1.699803229351605
2012-08-22,1.695162684753167
2012-08-23,1.72828858927783
2012-08-24,1.808981052229311
2012-08-25,1.803915466219824
2012-08-26,1.803258716705233
2012-08-27,1.844702948351446
2012-08-28,1.811382980562799
2012-08-29,1.813833495362395
2012-08-30,1.797123072201204
2012-08-31,1.669966020952378
2012-09-01,1.647516311650375
2012-09-02,1.689281579010023
2012-09-03,1.728207744894061
2012-09-04,1.708492838543441
2012-09-05,1.787364639373096
2012-09-06,1.822864713812057
2012-09-07,1.798235467996273
2012-09-08,1.813353299068197
2012-09-09,1.801337853811022
2012-09-10,1.782635250587615
2012-09-11,1.788177981712723
2012-09-12,1.800207100585971
2012-09-13,1.819078133114397
2012-09-14,1.861889245839931
2012-09-15,1.885251072003491
2012-09-16,1.878833848244451
2012-09-17,1.870312652635546
2012-09-18,1.914460983296896
2012-09-19,1.969897734522404
2012-09-20,1.926216194594357
2012-09-21,1.914489601066123
2012-09-22,1.882912984123228
2012-09-23,1.894515274010133
2012-09-24,1.860027345322392
2012-09-25,1.87258447855411
2012-09-26,1.89565340019903
2012-09-27,1.871380593735033
2012-09-28,1.882896777478664
2012-09-29,1.877638472066916
2012-09-30,1.875595063146275
2012-10-01,1.876945349835044
2012-10-02,1.915528839208444
2012-10-03,1.946610226036037
2012-10-04,1.922123686355088
2012-10-05,1.910206518390986
2012-10-06,1.8326468083198
2012-10-07,1.781957103890618
2012-10-08,1.766121750178514
2012-10-09,1.766466329793562
2012-10-10,1.799987321527557
2012-10-11,1.793954996555794
2012-10-12,1.781853712348243
2012-10-13,1.766142129557577
2012-10-14,1.716705375616665
2012-10-15,1.763105798583992
2012-10-16,1.754747265456698
2012-10-17,1.763170446235774
2012-10-18,1.759334251648847
2012-10-19,1.731647249974424
2012-10-20,1.72692363891543
2012-10-21,1.7085589199016
2012-10-22,1.720735305803099
2012-10-23,1.708887683016879
2012-10-24,1.696590889098579
2012-10-25,1.588659174056072
2012-10-26,1.481698742013746
2012-10-27,1.533665089943161
2012-10-28,1.59269121818132
2012-10-29,1.570433148193193
2012-10-30,1.599322940507383
2012-10-31,1.630418447305239
2012-11-01,1.565995167775662
2012-11-02,1.526697185773084
2012-11-03,1.553153759783543
2012-11-04,1.590677410432235
2012-11-05,1.575246108013231
2012-11-06,1.588964334447756
2012-11-07,1.608328383412356
2012-11-08,1.592568760687063
2012-11-09,1.588882499411131
2012-11-10,1.577984337700404
2012-11-11,1.584268467759653
2012-11-12,1.620726333643914
2012-11-13,1.601607385345619
2012-11-14,1.604718538797512
2012-11-15,1.626128706224315
2012-11-16,1.70434803336245
2012-11-17,1.705869419495366
2012-11-18,1.681688983506643
2012-11-19,1.679853549764594
2012-11-20,1.692195132747485
2012-11-21,1.686896490636792
2012-11-22,1.761473529975862
2012-11-23,1.763054006319895
2012-11-24,1.767749259669029
2012-11-25,1.777685556044406
2012-11-26,1.728886050147177
2012-11-27,1.737012614986156
2012-11-28,1.73526530659265
2012-11-29,1.773708211634905
2012-11-30,1.77142949528612
2012-12-01,1.783503881557127
2012-12-02,1.759705996365684
2012-12-03,1.776400300844797
2012-12-04,1.853917518233254
2012-12-05,1.849103965107601
2012-12-06,1.818828370976419
2012-12-07,1.847687626969666
2012-12-08,1.860503450551597
2012-12-09,1.829939690456978
2012-12-10,1.838989466796983
2012-12-11,1.858354877243741
2012-12-12,1.871950901285877
2012-12-13,1.857464402911399
2012-12-14,1.83510297433106
2012-12-15,1.840840268472665
2012-12-16,1.802649651783518
2012-12-17,1.796077663021221
2012-12-18,1.787318800936502
2012-12-19,1.840750675789671
2012-12-20,1.833946548216227
2012-12-21,1.810571886812019
2012-12-22,1.793694493256632
2012-12-23,1.782779935888379
2012-12-24,1.799538551646856
2012-12-25,1.794811728269496
2012-12-26,1.80044562644011
2012-12-27,1.805904738667568
2012-12-28,1.811908355836191
2012-12-29,1.793286162115564
2012-12-30,1.806565338158088
2012-12-31,1.810281528115784
2013-01-01,1.769487511781701
2013-01-02,1.776631708229383
2013-01-03,1.777963308087384
2013-01-04,1.796660040542991
2013-01-05,1.787301742611397
2013-01-06,1.796895228960942
2013-01-07,1.805809241986733
2013-01-08,1.807399455326647
2013-01-09,1.830177162189639
2013-01-10,1.863628562170137
2013-01-11,1.867389269431798
2013-01-12,1.86376276779689
2013-01-13,1.85344059662934
2013-01-14,1.867461171296992
2013-01-15,1.857150601529411
2013-01-16,1.907649171501629
2013-01-17,2.032323987080507
2013-01-18,2.024527514620307
2013-01-19,2.006590714589711
2013-01-20,2.012571610338906
2013-01-21,2.154773277013732
2013-01-22,2.196809782839705
2013-01-23,2.233873989115431
2013-01-24,2.02591103119136
2013-01-25,2.122142894983553
2013-01-26,2.177212437486522
2013-01-27,2.192331260708336
2013-01-28,2.288583654189354
2013-01-29,2.323146762076199
2013-01-30,2.329051701802463
2013-01-31,2.415401042329962
2013-02-01,2.30848278564373
2013-02-02,2.239483730456559
2013-02-03,2.337176292026253
2013-02-04,2.3301081039525
2013-02-05,2.321649962457607
2013-02-06,2.354480258342919
2013-02-07,2.472757330624555
2013-02-08,2.480667556584711
2013-02-09,2.594863584749118
2013-02-10,2.596502491670018
2013-02-11,2.63213802361863
2013-02-12,2.687517911215771
2013-02-13,2.393125179528344
2013-02-14,2.806720243709705
2013-02-15,2.781550304022779
2013-02-16,2.766842912439382
2013-02-17,2.671842843716446
2013-02-18,2.691718104414627
2013-02-19,2.903489608382592
2013-02-20,2.898941453950939
2013-02-21,2.874388960833502
2013-02-22,2.884200646344894
2013-02-23,2.805971075936224
2013-02-24,2.815695784547865
2013-02-25,2.776416535510839
2013-02-26,2.807743302134203
2013-02-27,2.961412129841263
2013-02-28,2.935699671202672
2013-03-01,3.01377323358341
2013-03-02,2.964252189543766
2013-03-03,2.954423604730215
2013-03-04,3.09891880155049
2013-03-05,3.363932119870988
2013-03-06,2.705910961313549
2013-03-07,3.283822666323112
2013-03-08,3.357530451688214
2013-03-09,3.530434391458399
2013-03-10,3.449207142366315
2013-03-11,3.461258766133763
2013-03-12,3.248172154038437
2013-03-13,3.379184109546854
2013-03-14,3.316188900205419
2013-03-15,3.284154208107944
2013-03-16,3.287040389279793
2013-03-17,3.287662142919941
2013-03-18,3.471960225886877
2013-03-19,3.924012250821632
2013-03-20,4.109749062416083
2013-03-21,4.309286694354056
2013-03-22,4.113056412251773
2013-03-23,3.653223397532118
2013-03-24,4.01835500990169
2013-03-25,3.992164495352534
2013-03-26,4.210398502805509
2013-03-27,4.558227186781606
2013-03-28,4.267028389844778
2013-03-29,4.293581317989031
2013-03-30,4.283604606334373
2013-03-31,4.265887890894263
2013-04-01,4.457496855645362
2013-04-02,4.866089073581199
2013-04-03,4.684292382704373
2013-04-04,4.73196164733983
2013-04-05,4.773417904325063
2013-04-06,4.694684529430133
2013-04-07,5.317203135504616
2013-04-08,5.473405044397572
2013-04-09,5.846020304754446
2013-04-10,4.122841561525575
2013-04-11,3.683267126574294
2013-04-12,3.029968807574776
2013-04-13,2.322422831805791
2013-04-14,2.253105616968412
2013-04-15,1.994581557351165
2013-04-16,1.654927972095715
2013-04-17,2.431756480994552
2013-04-18,2.793963728645396
2013-04-19,2.915903183967611
2013-04-20,3.146056105475558
2013-04-21,2.95744671073614
2013-04-22,3.079277251923085
2013-04-23,3.365112527072177
2013-04-24,3.555384163293814
2013-04-25,3.099399534579085
2013-04-26,2.963617748487571
2013-04-27,2.837074559955071
2013-04-28,2.911868741494766
2013-04-29,3.074522691958983
2013-04-30,2.925205047519937
2013-05-01,2.449232495249827
2013-05-02,2.25697579845902
2013-05-03,2.009943510276204
2013-05-04,2.403258096514155
2013-05-05,2.510425670764193
2013-05-06,2.364323013490305
2013-05-07,2.368172392192636
2013-05-08,2.3953834186823
2013-05-09,2.396390784274237
2013-05-10,2.494624792064525
2013-05-11,2.455709827690706
2013-05-12,2.452865907059084
2013-05-13,2.480304312720663
2013-05-14,2.217188537359851
2013-05-15,2.430560143820224
2013-05-16,2.48358381018315
2013-05-17,2.596206432636071
2013-05-18,2.56239109543638
2013-05-19,2.551638158494676
2013-05-20,2.540589892473763
2013-05-21,2.543451321383063
2013-05-22,2.561879329527052
2013-05-23,2.607347643388572
2013-05-24,2.726357896644443
2013-05-25,2.649415352057011
2013-05-26,2.71346731310331
2013-05-27,2.587576575636035
2013-05-28,2.605493166999569
2013-05-29,2.622221668017992
2013-05-30,2.549498578823861
2013-05-31,2.577742836418937
2013-06-01,2.555380476748697
2013-06-02,2.406398885249753
2013-06-03,2.412244967370724
2013-06-04,2.392487848656362
2013-06-05,2.392355689512871
2013-06-06,2.320617517421961
2013-06-07,2.171196912571378
2013-06-08,2.121577519842205
2013-06-09,1.954472835512484
2013-06-10,2.081189039483821
2013-06-11,2.129988754236031
2013-06-12,2.118815288078991
2013-06-13,2.009480230187995
2013-06-14,1.918015617543116
2013-06-15,1.956952241085522
2013-06-16,1.937919078410927
2013-06-17,1.99316281973476
2013-06-18,2.089793382717131
2013-06-19,2.109866500853901
2013-06-20,2.149694215892707
2013-06-21,2.133977244496608
2013-06-22,2.11362684429372
2013-06-23,2.088000418979231
2013-06-24,2.002283630089629
2013-06-25,2.01193956676588
2013-06-26,2.012769851577019
2013-06-27,1.971318345055188
2013-06-28,1.826429562268965
2013-06-29,1.841213862372224
2013-06-30,1.89553488911626
2013-07-01,1.749418052322042
2013-07-02,1.751019171413869
2013-07-03,1.578818593207449
2013-07-04,1.552462368562082
2013-07-05,1.336550557296544
2013-07-06,1.336461846126669
2013-07-07,1.490234834556541
2013-07-08,1.520622193836116
2013-07-09,1.530437798037286
2013-07-10,1.788066598585531
2013-07-11,1.770049984532717
2013-07-12,1.843960868865416
2013-07-13,1.902929016720585
2013-07-14,1.832297159646071
2013-07-15,1.921064966924837
2013-07-16,1.920504933972904
2013-07-17,1.912204398753773
2013-07-18,1.782953487780909
2013-07-19,1.80582003858726
2013-07-20,1.749813047576704
2013-07-21,1.76950660253962
2013-07-22,1.809065741433098
2013-07-23,1.873612493897836
2013-07-24,1.864921014570109
2013-07-25,1.884596703813398
2013-07-26,1.87862911526381
2013-07-27,1.839020471959593
2013-07-28,1.951069682506459
2013-07-29,1.965540834766198
2013-07-30,2.074070045813483
2013-07-31,2.055204331726979
2013-08-01,2.024270694178779
2013-08-02,2.019650367722321
2013-08-03,1.99936614321604
2013-08-04,2.00784531589242
2013-08-05,2.036971540358554
2013-08-06,2.027283576512194
2013-08-07,2.006905467571098
2013-08-08,2.009206627129548
2013-08-09,1.955630255841876
2013-08-10,1.953610990511776
2013-08-11,1.988868655543108
2013-08-12,2.014136279162293
2013-08-13,2.04000136445895
2013-08-14,2.099196390102257
2013-08-15,2.037603684907208
2013-08-16,2.044064298879768
2013-08-17,2.102837765458897
2013-08-18,2.11532850669509
2013-08-19,2.186835747921573
2013-08-20,2.265182758169165
2013-08-21,2.262442014943162
2013-08-22,2.226413785119664
2013-08-23,2.17280584650799
2013-08-24,2.192530315094248
2013-08-25,2.227866679611905
2013-08-26,2.208178413355926
2013-08-27,2.386474799055525
2013-08-28,2.34644041534719
2013-08-29,2.32126882890828
2013-08-30,2.479914877324185
2013-08-31,2.548045673560854
2013-09-01,2.583312034622938
2013-09-02,2.560103851715022
2013-09-03,2.540181492890123
2013-09-04,2.256171900807299
2013-09-05,2.307827866683428
2013-09-06,2.131915599098083
2013-09-07,2.251667720895118
2013-09-08,2.199017539241502
2013-09-09,2.297190943191822
2013-09-10,2.328507910043296
2013-09-11,2.429451864051853
2013-09-12,2.400489829459532
2013-09-13,2.407660490595708
2013-09-14,2.321532949728251
2013-09-15,2.383124696903449
2013-09-16,2.362463301108606
2013-09-17,2.388155473679367
2013-09-18,2.372062271189908
2013-09-19,2.265870795623869
2013-09-20,2.240989884105662
2013-09-21,2.251765150051189
2013-09-22,2.253266641116212
2013-09-23,2.227114804170319
2013-09-24,2.247491053697764
2013-09-25,2.258972967692816
2013-09-26,2.28294831726676
2013-09-27,2.321816624209262
2013-09-28,2.354965578109267
2013-09-29,2.384074648976885
2013-09-30,2.365196182353133
2013-10-01,2.305761211751343
2013-10-02,1.995072152173543
2013-10-03,2.139886739416636
2013-10-04,2.239647896676508
2013-10-05,2.23852391276366
2013-10-06,2.531461597803364
2013-10-07,2.593391147779686
2013-10-08,2.280634196276269
2013-10-09,2.348789866819801
2013-10-10,1.938107669978888
2013-10-11,2.186633875474435
2013-10-12,2.563513013335144
2013-10-13,2.431389241364565
2013-10-14,3.235808428369379
2013-10-15,2.261288354955621
2013-10-16,2.166482923720784
2013-10-17,2.3433785719528
2013-10-18,2.8598441605309
2013-10-19,2.578927831562907
2013-10-20,3.037804764112544
2013-10-21,2.897195323397282
2013-10-22,2.892595964618725
2013-10-23,2.941189609649587
2013-10-24,2.768766232419082
2013-10-25,2.5613571659541
2013-10-26,2.637857959364232
2013-10-27,3.076081747654702
2013-10-28,2.631383595558226
2013-10-29,2.846167741521003
2013-10-30,2.643516738208103
2013-10-31,3.013693591204707
2013-11-01,3.17603326750662
2013-11-02,3.08339431994641
2013-11-03,2.7534653640318
2013-11-04,2.936892471348532
2013-11-05,3.494613604710561
2013-11-06,3.304293022118848
2013-11-07,3.444851093450736
2013-11-08,4.472915503230126
2013-11-09,3.795451354975723
2013-11-10,4.262996842225265
2013-11-11,3.709305281475887
2013-11-12,4.303135867657065
2013-11-13,4.129362329172187
2013-11-14,4.259709970727848
2013-11-15,4.000926105881689
2013-11-16,4.53912274570191
2013-11-17,6.236542544873677
2013-11-18,6.18248005335564
2013-11-19,4.813945468645787
2013-11-20,4.718201121028526
2013-11-21,5.146424866572838
2013-11-22,5.675519134736435
2013-11-23,5.466766501054402
2013-11-24,5.155232982656623
2013-11-25,4.933241276822443
2013-11-26,4.949561657098935
2013-11-27,5.20956162695273
2013-11-28,4.91105636698515
2013-11-29,5.315719907797376
2013-11-30,4.967246122955693
2013-12-01,4.169748706142625
2013-12-02,4.423707823383526
2013-12-03,4.523898353513163
2013-12-04,4.519042570333037
2013-12-05,4.21888691175226
2013-12-06,3.566022002511442
2013-12-07,2.816506567482161
2013-12-08,3.164857007908356
2013-12-09,3.741619104773797
2013-12-10,3.774502527358134
2013-12-11,3.439947385350275
2013-12-12,3.38258411963697
2013-12-13,3.385671361704276
2013-12-14,5.831497809157859
2013-12-15,3.295611266743121
2013-12-16,2.695515846749209
2013-12-17,2.664638998510702
2013-12-18,2.033557495427125
2013-12-19,2.583960245770719
2013-12-20,2.433780206335099
2013-12-21,2.325411951559285
2013-12-22,2.426108891182613
2013-12-23,2.50596837054376
2013-12-24,2.4626425444408
2013-12-25,2.52340928266743
2013-12-26,2.744237243430783
2013-12-27,2.687782758504534
2013-12-28,2.679166840717862
2013-12-29,2.648501557812962
2013-12-30,2.708943197981085
2013-12-31,3.19564639195957
2014-01-01,2.720345190827264
2014-01-02,2.808820165116444
2014-01-03,2.893054567935609
2014-01-04,2.937763309433862
2014-01-05,3.193228993644627
2014-01-06,3.187844015324377
2014-01-07,2.720915301664854
2014-01-08,2.876840368252013
2014-01-09,2.873112013161045
2014-01-10,2.93271098449382
2014-01-11,3.044358613149718
2014-01-12,2.842938899963385
2014-01-13,2.793597660224766
2014-01-14,3.214325019890715
2014-01-15,3.063662800588833
2014-01-16,3.219334603218556
2014-01-17,2.666695550424826
2014-01-18,2.789589601225619
2014-01-19,2.789088294952767
2014-01-20,3.504955058488381
2014-01-21,2.467944909962485
2014-01-22,3.00729435296861
2014-01-23,2.564206135066015
2014-01-24,2.575486857489241
2014-01-25,2.600757291144776
2014-01-26,2.725442883038075
2014-01-27,2.488697219679671
2014-01-28,3.755676928143724
2014-01-29,3.470969464643193
2014-01-30,2.561323655134155
2014-01-31,3.157837009797229
2014-02-01,2.590850749387823
2014-02-02,3.57189105342175
2014-02-03,2.602017423298052
2014-02-04,3.453918411419396
2014-02-05,2.419740769661593
2014-02-06,2.258320499788866
2014-02-07,2.159025024080663
2014-02-08,2.118115482086142
2014-02-09,2.08190562939923
2014-02-10,2.113519631554102
2014-02-11,2.169798409184932
2014-02-12,1.978504923866553
2014-02-13,1.873329778493405
2014-02-14,1.886623502181603
2014-02-15,2.025122970722815
2014-02-16,1.895635315367236
2014-02-17,1.936559456421287
2014-02-18,3.194174205650665
2014-02-19,1.911792007857082
2014-02-20,1.714814100775661
2014-02-21,4.190790408819288
2014-02-22,1.836862654361953
2014-02-23,1.866099569139527
2014-02-24,1.72689994099696
2014-02-25,1.668392173738476
2014-02-26,1.879170142522672
2014-02-27,2.163379701169446
2014-02-28,1.754997769180278
2014-03-01,2.148582144624038
2014-03-02,1.735506671958534
2014-03-03,2.015092279208152
2014-03-04,2.052700476773763
2014-03-05,2.031415770715758
2014-03-06,2.016414429343221
2014-03-07,1.851541760929684
2014-03-08,1.810732037858063
2014-03-09,1.851243864240177
2014-03-10,1.811415343269065
2014-03-11,1.882629888044601
2014-03-12,1.806420285249716
2014-03-13,1.840733272813122
2014-03-14,1.816996138857147
2014-03-15,1.828079730543991
2014-03-16,1.823186899307486
2014-03-17,1.786274489499676
2014-03-18,1.760609907535316
2014-03-19,1.732636387699236
2014-03-20,1.654325327314026
2014-03-21,1.614734487219208
2014-03-22,1.615880980495941
2014-03-23,1.608494443576499
2014-03-24,1.653157542739577
2014-03-25,1.648376763679528
2014-03-26,1.630732969221834
2014-03-27,1.380415701386333
2014-03-28,1.447438267143123
2014-03-29,1.393005904920397
2014-03-30,1.329073478052398
2014-03-31,1.312172330706727
2014-04-01,1.376588783556225
2014-04-02,1.237768168356664
2014-04-03,1.27164163591526
2014-04-04,1.328166415423368
2014-04-05,1.370690290768005
2014-04-06,1.359192610759806
2014-04-07,1.368625265536996
2014-04-08,1.393219891278902
2014-04-09,1.351947634882118
2014-04-10,1.095995080273862
2014-04-11,1.313585601848906
2014-04-12,1.309488061207758
2014-04-13,1.284850207994028
2014-04-14,1.409967846020398
2014-04-15,1.547402332887713
2014-04-16,1.593145949217587
2014-04-17,1.486700872101341
2014-04-18,1.441783389449026
2014-04-19,1.512322087533029
2014-04-20,1.481758996176363
2014-04-21,1.480965677060813
2014-04-22,1.459254301418168
2014-04-23,1.457556748955595
2014-04-24,1.479458294775269
2014-04-25,1.376675038510085
2014-04-26,1.368329857310585
2014-04-27,1.276491337612873
2014-04-28,1.314243928779148
2014-04-29,1.332527219274159
2014-04-30,1.340987535585732
2014-05-01,1.375623887796273
2014-05-02,1.342923022068902
2014-05-03,1.311699497893203
2014-05-04,1.315132631804059
2014-05-05,1.294677439681401
2014-05-06,1.294773821295924
2014-05-07,1.325330258397649
2014-05-08,1.316042614559079
2014-05-09,1.368691557532143
2014-05-10,1.352918622992836
2014-05-11,1.300356081962077
2014-05-12,1.313966972037805
2014-05-13,1.323066043014254
2014-05-14,1.326453360873014
2014-05-15,1.341914553756261
2014-05-16,1.362765386518185
2014-05-17,1.360729372088111
2014-05-18,1.354648754034881
2014-05-19,1.331958886541964
2014-05-20,1.451750783014173
2014-05-21,1.462203599798586
2014-05-22,1.559512528321261
2014-05-23,1.55180579197068
2014-05-24,1.564714084939541
2014-05-25,1.695666038200486
2014-05-26,1.728903065827914
2014-05-27,1.685925138744905
2014-05-28,1.685889532865138
2014-05-29,1.670749941269082
2014-05-30,1.795441988114974
2014-05-31,1.826112493100816
2014-06-01,1.882806461637443
2014-06-02,1.93312019657759
2014-06-03,1.924088909277046
2014-06-04,1.850885539122071
2014-06-05,1.891468241620194
2014-06-06,1.875236402496563
2014-06-07,1.884143641259626
2014-06-08,1.879622336545527
2014-06-09,1.858118557326611
2014-06-10,1.882550457382372
2014-06-11,1.837828605623073
2014-06-12,1.711310637721383
2014-06-13,1.724795509618316
2014-06-14,1.650804859617841
2014-06-15,1.667112936587036
2014-06-16,1.681348978134741
2014-06-17,1.720438333692709
2014-06-18,1.711993159814724
2014-06-19,1.688479719088326
2014-06-20,1.665413271370471
2014-06-21,1.681098451017341
2014-06-22,1.701253223607827
2014-06-23,1.651342352745326
2014-06-24,1.65165565309079
2014-06-25,1.594209996520526
2014-06-26,1.634369644764468
2014-06-27,1.695181107596251
2014-06-28,1.676093321658902
2014-06-29,1.675488781573175
2014-06-30,1.789381185234844
2014-07-01,1.777502259108166
2014-07-02,1.797849492018885
2014-07-03,1.776591848622952
2014-07-04,1.732982868215171
2014-07-05,1.739511443978855
2014-07-06,1.740708488793384
2014-07-07,1.699711784874932
2014-07-08,1.708237043094833
2014-07-09,1.725646130034185
2014-07-10,1.711284431551878
2014-07-11,1.751439857470824
2014-07-12,1.76483896394261
2014-07-13,1.739903895468875
2014-07-14,1.712814154824866
2014-07-15,1.712686159364252
2014-07-16,1.702758887720611
2014-07-17,1.729949997046546
2014-07-18,1.735061783447429
2014-07-19,1.726459929882278
2014-07-20,1.713833604881012
2014-07-21,1.722373994993981
2014-07-22,1.716048780272315
2014-07-23,1.711214481431244
2014-07-24,1.658864114551215
2014-07-25,1.654168214412332
2014-07-26,1.638806562062594
2014-07-27,1.635973910152041
2014-07-28,1.617077440921084
2014-07-29,1.610222273715591
2014-07-30,1.554920549731711
2014-07-31,1.613186327294003
2014-08-01,1.644788480450707
2014-08-02,1.613771321822722
2014-08-03,1.617047409773122
2014-08-04,1.628505086389587
2014-08-05,1.608593566099617
2014-08-06,1.607847704099219
2014-08-07,1.618180993206044
2014-08-08,1.614755568610598
2014-08-09,1.603836677941409
2014-08-10,1.613345462337197
2014-08-11,1.566939125055842
2014-08-12,1.549218512593141
2014-08-13,1.479600057504291
2014-08-14,1.393651078810467
2014-08-15,1.333089321099884
2014-08-16,1.420127789922636
2014-08-17,1.335652903162222
2014-08-18,1.25801379253607
2014-08-19,1.334952951001577
2014-08-20,1.413473132095975
2014-08-21,1.416853666343792
2014-08-22,1.406672105419088
2014-08-23,1.371148379960055
2014-08-24,1.391718217933719
2014-08-25,1.377131667992866
2014-08-26,1.404409049546445
2014-08-27,1.422277531855442
2014-08-28,1.402213309343397
2014-08-29,1.413514643519692
2014-08-30,1.387043309578418
2014-08-31,1.320791846102161
2014-09-01,1.303569373980711
2014-09-02,1.317269230453876
2014-09-03,1.317022074993301
2014-09-04,1.350375524729298
2014-09-05,1.327519413977686
2014-09-06,1.330884100411071
2014-09-07,1.327116889385595
2014-09-08,1.310546968760576
2014-09-09,1.301188018704443
2014-09-10,1.324757278975534
2014-09-11,1.318757891749181
2014-09-12,1.314697456978652
2014-09-13,1.323567146344948
2014-09-14,1.317193506585427
2014-09-15,1.309385948751358
2014-09-16,1.289417529255765
2014-09-17,1.268355179799536
2014-09-18,1.162027535166281
2014-09-19,1.095625137630574
2014-09-20,1.152112760529279
2014-09-21,1.119228503887274
2014-09-22,1.124421279370364
2014-09-23,1.214364958040899
2014-09-24,1.179988997815806
2014-09-25,1.149361194108391
2014-09-26,1.124764176197624
2014-09-27,1.113173774286266
2014-09-28,1.060647198870615
2014-09-29,1.059194940170324
2014-09-30,1.087324639207538
2014-10-01,1.07779251890678
2014-10-02,1.049210797401463
2014-10-03,1.030549030971606
2014-10-04,0.9403807655332322
2014-10-05,0.9027786876044095
2014-10-06,0.9504161087044453
2014-10-07,0.9578558123701154
2014-10-08,1.008473291697833
2014-10-09,1.051229801399543
2014-10-10,1.040423485007723
2014-10-11,1.032886344705864
2014-10-12,1.060519230630887
2014-10-13,1.112793899367474
2014-10-14,1.133278189665801
2014-10-15,1.14393245509427
2014-10-16,1.091191442455452
2014-10-17,1.090249407867618
2014-10-18,1.122957963933165
2014-10-19,1.10740821399175
2014-10-20,1.095814942645087
2014-10-21,1.097272405586305
2014-10-22,1.091793517451462
2014-10-23,1.028969008526456
2014-10-24,1.031519842294026
2014-10-25,1.003696819105078
2014-10-26,1.017627160530509
2014-10-27,1.016056745906715
2014-10-28,1.014179580684202
2014-10-29,0.9756650293953103
2014-10-30,0.9970515493101189
2014-10-31,0.9823192847226945
2014-11-01,0.9429041639643849
2014-11-02,0.9416922963806016
2014-11-03,0.9417767852955438
2014-11-04,0.9679999848775575
2014-11-05,0.9844302889666969
2014-11-06,1.012743906874636
2014-11-07,0.9992345970363619
2014-11-08,1.001914430179478
2014-11-09,1.050191012992504
2014-11-10,1.066863698269415
2014-11-11,1.077830148119625
2014-11-12,1.301962223504294
2014-11-13,1.215983999703106
2014-11-14,1.173699806928755
2014-11-15,1.083998864521658
2014-11-16,1.145720095883972
2014-11-17,1.143747339976514
2014-11-18,1.098612179427264
2014-11-19,1.112794011870696
2014-11-20,1.026893793710575
2014-11-21,1.029295514550943
2014-11-22,1.028337952670451
2014-11-23,1.071113339704131
2014-11-24,1.109869703320269
2014-11-25,1.075616222145038
2014-11-26,1.078203424409016
2014-11-27,1.082090179908415
2014-11-28,1.109487170363283
2014-11-29,1.104470125487455
2014-11-30,1.110715573308056
2014-12-01,1.115417875847105
2014-12-02,1.12483876322564
2014-12-03,1.113811073998091
2014-12-04,1.098581416788343
2014-12-05,1.120062069062156
2014-12-06,1.114666069058036
2014-12-07,1.117273652123138
2014-12-08,1.077720448545556
2014-12-09,1.057924261775281
2014-12-10,1.032700441684083
2014-12-11,1.044503504394289
2014-12-12,1.054997374312039
2014-12-13,1.03981859741888
2014-12-14,1.051212798833907
2014-12-15,1.033987928550402
2014-12-16,0.9927228911930851
2014-12-17,0.9622652707114715
2014-12-18,0.9391075007994971
2014-12-19,0.9602265542462289
2014-12-20,0.9978335768472545
2014-12-21,0.9735945291340036
2014-12-22,1.007879286928817
2014-12-23,1.017217288291491
2014-12-24,0.9788870554734375
2014-12-25,0.9730035975130102
2014-12-26,1.004118701764372
2014-12-27,0.9666461283839142
2014-12-28,0.9747435611784918
2014-12-29,0.9586341164395278
2014-12-30,0.9538519538192051
2014-12-31,0.9806345456611764
2015-01-01,0.9642184225225412
2015-01-02,0.9683505920323437
2015-01-03,0.8646345345370868
2015-01-04,0.8260175546947803
2015-01-05,0.8443092655107385
2015-01-06,0.8743100145415112
2015-01-07,0.9040771488414636
2015-01-08,0.8710223802437028
2015-01-09,0.8923818355675264
2015-01-10,0.844336846959625
2015-01-11,0.8276936664988652
2015-01-12,0.8344354037492017
2015-01-13,0.6932177734742194
2015-01-14,0.573679500444332
2015-01-15,0.6635946515155117
2015-01-16,0.6532765720660174
2015-01-17,0.6306037575619206
2015-01-18,0.6733435338276925
2015-01-19,0.6704324885487865
2015-01-20,0.6683802274028744
2015-01-21,0.7259100236696696
2015-01-22,0.7416040816982509
2015-01-23,0.7415979196783531
2015-01-24,0.7871407947729158
2015-01-25,0.8356865128027358
2015-01-26,0.879470113385615
2015-01-27,0.8484916874044398
2015-01-28,0.7603263670955929
2015-01-29,0.7546868433701444
2015-01-30,0.7306958998872427
2015-01-31,0.7063589784549582
2015-02-01,0.7357357469680537
2015-02-02,0.7685969585758767
2015-02-03,0.7346766143727017
2015-02-04,0.7353861092071371
2015-02-05,0.7024209958322128
2015-02-06,0.7238811987019186
2015-02-07,0.7345458630364546
2015-02-08,0.7232247355476099
2015-02-09,0.709819300438285
2015-02-10,0.7133067783346007
2015-02-11,0.7098806293812616
2015-02-12,0.7210126332742165
2015-02-13,0.7716325000424877
2015-02-14,0.8343269428156308
2015-02-15,0.7520744085959334
2015-02-16,0.7567050119021881
2015-02-17,0.7917506152537196
2015-02-18,0.7670188325698337
2015-02-19,0.7835875862059968
2015-02-20,0.7946714569184049
2015-02-21,0.7996975685260114
2015-02-22,0.7680184084708893
2015-02-23,0.7801921993938661
2015-02-24,0.7819977689145858
2015-02-25,0.7725803594973453
2015-02-26,0.7722626170392175
2015-02-27,0.8301523300319634
2015-02-28,0.8306009764696423
2015-03-01,0.8430399179725492
2015-03-02,0.9001701150208931
2015-03-03,0.9216727991482336
2015-03-04,0.8915716639784955
2015-03-05,0.9032178012039045
2015-03-06,0.8905715231084558
2015-03-07,0.912934897642902
2015-03-08,0.9017440836832096
2015-03-09,0.9510056588597743
2015-03-10,0.9521619835780979
2015-03-11,0.9691532054405732
2015-03-12,0.962808308948321
2015-03-13,0.9243587747762826
2015-03-14,0.9178778171529034
2015-03-15,0.9347869870579169
2015-03-16,0.9488753077596858
2015-03-17,0.9317895901429043
2015-03-18,0.8325528034174615
2015-03-19,0.8538442596560198
2015-03-20,0.8561059348708984
2015-03-21,0.8560231314286174
2015-03-22,0.8813382647060727
2015-03-23,0.8781333474053491
2015-03-24,0.8071060955211988
2015-03-25,0.8128846503839052
2015-03-26,0.8201993081800052
2015-03-27,0.816948387152861
2015-03-28,0.8322209690319142
2015-03-29,0.7983216628229415
2015-03-30,0.8169710503167237
2015-03-31,0.8065990855277723
2015-04-01,0.8179747420270296
2015-04-02,0.8373405556145911
2015-04-03,0.8405868297561503
2015-04-04,0.8409993714468881
2015-04-05,0.8629575107577935
2015-04-06,0.842961320640772
2015-04-07,0.8406302396243565
2015-04-08,0.8132628387958096
2015-04-09,0.8078637014924928
2015-04-10,0.7847716862306532
2015-04-11,0.7860209476396263
2015-04-12,0.7843145181650193
2015-04-13,0.7444016738977433
2015-04-14,0.7312194514669854
2015-04-15,0.7497754855932036
2015-04-16,0.7670398358257521
2015-04-17,0.7486065358151875
2015-04-18,0.749924812231956
2015-04-19,0.7465191270308065
2015-04-20,0.7552420778703101
2015-04-21,0.7871724097236498
2015-04-22,0.7859296612359773
2015-04-23,0.7920367210175788
2015-04-24,0.7781019231700995
2015-04-25,0.7625227774070777
2015-04-26,0.7352291657542422
2015-04-27,0.7701991739118551
2015-04-28,0.7602616767976742
2015-04-29,0.7598188662810045
2015-04-30,0.7950138525498712
2015-05-01,0.7854702664100489
2015-05-02,0.7902157857551337
2015-05-03,0.8093032294108119
2015-05-04,0.804978223966366
2015-05-05,0.7978295859527924
2015-05-06,0.7739312410115199
2015-05-07,0.8004511913381828
2015-05-08,0.8219627794973703
2015-05-09,0.8147882658891635
2015-05-10,0.8126711394470902
2015-05-11,0.8185910693720739
2015-05-12,0.8158386528156273
2015-05-13,0.7980669638488246
2015-05-14,0.8017208371351213
2015-05-15,0.8036278925518918
2015-05-16,0.7975570689508878
2015-05-17,0.7981327580972121
2015-05-18,0.7906067523806527
2015-05-19,0.7863655771776729
2015-05-20,0.7928799781442709
2015-05-21,0.7980393295368884
2015-05-22,0.8116140378906943
2015-05-23,0.8112891101653251
2015-05-24,0.8175616847790907
2015-05-25,0.8056671468309513
2015-05-26,0.805156171270495
2015-05-27,0.8050461551146677
2015-05-28,0.806119125890399
2015-05-29,0.8047351906689384
2015-05-30,0.7948714517387108
2015-05-31,0.7841599823742733
2015-06-01,0.7627667492943384
2015-06-02,0.7720099478825757
2015-06-03,0.7710377397158641
2015-06-04,0.7672338801878658
2015-06-05,0.76898122475922
2015-06-06,0.7706546729702126
2015-06-07,0.7651118088293195
2015-06-08,0.7828405026752562
2015-06-09,0.7859065953053552
2015-06-10,0.7844234558531238
2015-06-11,0.7877444328753612
2015-06-12,0.7868780313649275
2015-06-13,0.7990610216191782
2015-06-14,0.802925807413179
2015-06-15,0.8128936423141534
2015-06-16,0.8630001905044572
2015-06-17,0.8534130584403287
2015-06-18,0.8564014328980689
2015-06-19,0.8346275666397699
2015-06-20,0.8388470634342226
2015-06-21,0.8361367469251246
2015-06-22,0.8464134680512119
2015-06-23,0.8377344658469086
2015-06-24,0.8252447172253228
2015-06-25,0.8335161023981853
2015-06-26,0.8343219752383516
2015-06-27,0.8603502004855693
2015-06-28,0.8544065676297068
2015-06-29,0.8823521373479034
2015-06-30,0.9049615657954834
2015-07-01,0.8878252275669406
2015-07-02,0.8750139395301605
2015-07-03,0.8808396856290793
2015-07-04,0.8956596779676247
2015-07-05,0.9309921209932759
2015-07-06,0.926196114939796
2015-07-07,0.9135129048238231
2015-07-08,0.9136279734009878
2015-07-09,0.9153830745240368
2015-07-10,0.9824743538622467
2015-07-11,1.003597341779916
2015-07-12,1.060230053788944
2015-07-13,0.9975877072275612
2015-07-14,0.9966678914935474
2015-07-15,0.990923609040949
2015-07-16,0.9521855017877093
2015-07-17,0.9581591644694348
2015-07-18,0.946789862389343
2015-07-19,0.9400983227888626
2015-07-20,0.9565304338392532
2015-07-21,0.9483772751885556
2015-07-22,0.9523724653854566
2015-07-23,0.9464289582619069
2015-07-24,0.9883526388838564
2015-07-25,0.9916944522979463
2015-07-26,1.000983728976736
2015-07-27,1.009117659472293
2015-07-28,1.011706374314075
2015-07-29,0.9898388439190583
2015-07-30,0.9847676431935326
2015-07-31,0.9705292615745945
2015-08-01,0.957269401474193
2015-08-02,0.9685288766391867
2015-08-03,0.9665688842466879
2015-08-04,0.9778941119635658
2015-08-05,0.9608460579816157
2015-08-06,0.9579563767067597
2015-08-07,0.9554792797612965
2015-08-08,0.8935925545867078
2015-08-09,0.913917835537614
2015-08-10,0.9128359934984882
2015-08-11,0.9311120194724816
2015-08-12,0.9182105321315214
2015-08-13,0.9106974886126094
2015-08-14,0.9178272903696107
2015-08-15,0.9024361449361047
2015-08-16,0.8929691435684984
2015-08-17,0.8921890642744953
2015-08-18,0.7952124929212362
2015-08-19,0.7910141220529116
2015-08-20,0.8169581367360655
2015-08-21,0.8110229792519569
2015-08-22,0.8006939910562556
2015-08-23,0.7888428157134616
2015-08-24,0.7267582105147645
2015-08-25,0.7812703367702152
2015-08-26,0.7982423817440348
2015-08-27,0.7847782560485884
2015-08-28,0.8125798687469581
2015-08-29,0.8081237773257239
2015-08-30,0.8017532534431719
2015-08-31,0.8134531922346516
2015-09-01,0.8034913530729568
2015-09-02,0.8086041149103051
2015-09-03,0.8009392774367743
2015-09-04,0.813999075004488
2015-09-05,0.8260860941640289
2015-09-06,0.8485846202198318
2015-09-07,0.8471742124235532
2015-09-08,0.8572472249288081
2015-09-09,0.8418241542357706
2015-09-10,0.8445697723415224
2015-09-11,0.8502555939185739
2015-09-12,0.8322758392897449
2015-09-13,0.8166017894170267
2015-09-14,0.8172480178981325
2015-09-15,0.8146993863425741
2015-09-16,0.8118436427167943
2015-09-17,0.8245461423841349
2015-09-18,0.8251395283553298
2015-09-19,0.820548420341484
2015-09-20,0.8177916214404597
2015-09-21,0.8071029317980458
2015-09-22,0.8221518136023209
2015-09-23,0.819406722526184
2015-09-24,0.8341452523737208
2015-09-25,0.8363931244695268
2015-09-26,0.8325765161330341
2015-09-27,0.8290178558295931
2015-09-28,0.852359654769911
2015-09-29,0.8408263650121048
2015-09-30,0.8387403430915653
2015-10-01,0.8442657838647166
2015-10-02,0.8404575304853771
2015-10-03,0.8512899949606881
2015-10-04,0.8492747487208555
2015-10-05,0.851898519841454
2015-10-06,0.8788293332599649
2015-10-07,0.8656459189927712
2015-10-08,0.8607129692492335
2015-10-09,0.8704088349524922
2015-10-10,0.8749628474851934
2015-10-11,0.8829866430227256
2015-10-12,0.8770488218382841
2015-10-13,0.8927363665142074
2015-10-14,0.9018107949202945
2015-10-15,0.9101571329435284
2015-10-16,0.9450129141275337
2015-10-17,0.9714656860477494
2015-10-18,0.9370802735468163
2015-10-19,0.9441901231634319
2015-10-20,0.9640595415124665
2015-10-21,0.9545028985190338
2015-10-22,0.9789578104521793
2015-10-23,0.9935072589082444
2015-10-24,1.011785500657115
2015-10-25,1.012579472661102
2015-10-26,1.017250797537454
2015-10-27,1.051468156022379
2015-10-28,1.072410846511155
2015-10-29,1.107771256737845
2015-10-30,1.168406798825306
2015-10-31,1.103154559054016
2015-11-01,1.148079850459965
2015-11-02,1.266078977292562
2015-11-03,1.428888535101858
2015-11-04,1.351983074892399
2015-11-05,1.314841830633797
2015-11-06,1.283582091170584
2015-11-07,1.318493242339593
2015-11-08,1.270557422217263
2015-11-09,1.282429953199092
2015-11-10,1.167566104313569
2015-11-11,1.075765005738069
2015-11-12,1.15379613469039
2015-11-13,1.156571327911567
2015-11-14,1.141067561942541
2015-11-15,1.096740175018454
2015-11-16,1.135129825895081
2015-11-17,1.142908397306776
2015-11-18,1.149133666757005
2015-11-19,1.120908335973404
2015-11-20,1.100469115379975
2015-11-21,1.121307539575232
2015-11-22,1.107857886039329
2015-11-23,1.106303086759745
2015-11-24,1.098455460132263
2015-11-25,1.127968306642419
2015-11-26,1.206053289291956
2015-11-27,1.205871954899178
2015-11-28,1.224288647306877
2015-11-29,1.2693191639834
2015-11-30,1.292238316091391
2015-12-01,1.23238472129962
2015-12-02,1.222813450504483
2015-12-03,1.233666017946153
2015-12-04,1.238403392896394
2015-12-05,1.332247153230729
2015-12-06,1.311167083541896
2015-12-07,1.33350805677797
2015-12-08,1.396697613762991
2015-12-09,1.40869163360133
2015-12-10,1.402054644798263
2015-12-11,1.508918154020981
2015-12-12,1.445438751441839
2015-12-13,1.445579942821503
2015-12-14,1.48699322992204
2015-12-15,1.53698951664254
2015-12-16,1.507492944128132
2015-12-17,1.509386894026359
2015-12-18,1.537484045697913
2015-12-19,1.527832752787437
2015-12-20,1.433907780150532
2015-12-21,1.450679631833407
2015-12-22,1.440907085542197
2015-12-23,1.458527561688407
2015-12-24,1.499526483220329
2015-12-25,1.493997202285719
2015-12-26,1.361204512211948
2015-12-27,1.393873915409622
2015-12-28,1.390495090762526
2015-12-29,1.428243555388517
2015-12-30,1.398990989324166
2015-12-31,1.417800886185035
2016-01-01,1.429267590625557
2016-01-02,1.422634505022716
2016-01-03,1.412580341935327
2016-01-04,1.420451075969276
2016-01-05,1.409727957398787
2016-01-06,1.408795039200802
2016-01-07,1.500658897187754
2016-01-08,1.477381020840445
2016-01-09,1.457388708347034
2016-01-10,1.462480821697572
2016-01-11,1.4469916649429
2016-01-12,1.409398850243418
2016-01-13,1.399985031485627
2016-01-14,1.3927858501999995
2016-01-15,1.187842136737771
2016-01-16,1.257451962776859
2016-01-17,1.240912682956046
2016-01-18,1.254699348374787
2016-01-19,1.221377661955269
2016-01-20,1.36168635634157
2016-01-21,1.328731725470882
2016-01-22,1.257841423117736
2016-01-23,1.263637431591546
2016-01-24,1.302380604316615
2016-01-25,1.278464760054526
2016-01-26,1.27588748295053
2016-01-27,1.287935160917564
2016-01-28,1.228175566822285
2016-01-29,1.242508452180825
2016-01-30,1.235726239172624
2016-01-31,1.207427102644029
2016-02-01,1.225377330749235
2016-02-02,1.225533406319114
2016-02-03,1.211602338622345
2016-02-04,1.27321189807151
2016-02-05,1.258572466956829
2016-02-06,1.24046395677699
2016-02-07,1.238398714175644
2016-02-08,1.220698956235883
2016-02-09,1.229455116926875
2016-02-10,1.248585621765803
2016-02-11,1.24598629517733
2016-02-12,1.261103701733533
2016-02-13,1.291986099090037
2016-02-14,1.342495150373482
2016-02-15,1.312806547335703
2016-02-16,1.329899645317188
2016-02-17,1.357705038073044
2016-02-18,1.372358319078157
2016-02-19,1.372031479043991
2016-02-20,1.42181157835422
2016-02-21,1.415716481890696
2016-02-22,1.419098834642379
2016-02-23,1.371829568746106
2016-02-24,1.380560141250208
2016-02-25,1.365847698621566
2016-02-26,1.399822283125756
2016-02-27,1.396035013735403
2016-02-28,1.393894836205541
2016-02-29,1.410069024672991
2016-03-01,1.396662382723409
2016-03-02,1.350419024837718
2016-03-03,1.351826812025329
2016-03-04,1.310176232945055
2016-03-05,1.278145467190134
2016-03-06,1.295863765781958
2016-03-07,1.329664927326941
2016-03-08,1.320074421214843
2016-03-09,1.325445596500415
2016-03-10,1.335921583910535
2016-03-11,1.347428360915069
2016-03-12,1.321301737576912
2016-03-13,1.323759732874585
2016-03-14,1.331193356029014
2016-03-15,1.332873108199841
2016-03-16,1.334161280818986
2016-03-17,1.33977293123849
2016-03-18,1.308973434271339
2016-03-19,1.30736461935867
2016-03-20,1.316039971797915
2016-03-21,1.31775665337048
2016-03-22,1.333381002555495
2016-03-23,1.334882745560892
2016-03-24,1.322897171898459
2016-03-25,1.328835078445966
2016-03-26,1.332063247980771
2016-03-27,1.35400453518917
2016-03-28,1.347681077751725
2016-03-29,1.321228720552152
2016-03-30,1.319333964675155
2016-03-31,1.324115904485457
2016-04-01,1.333431357712302
2016-04-02,1.337142127550393
2016-04-03,1.338316413152872
2016-04-04,1.332916569220548
2016-04-05,1.345292799052309
2016-04-06,1.338097948950599
2016-04-07,1.335489511674093
2016-04-08,1.324282395966551
2016-04-09,1.32584914588978
2016-04-10,1.335145782569603
2016-04-11,1.337873529445718
2016-04-12,1.347689336983332
2016-04-13,1.345022685401952
2016-04-14,1.343295971789693
2016-04-15,1.358271607268822
2016-04-16,1.358555766429923
2016-04-17,1.349756680231836
2016-04-18,1.355815278546293
2016-04-19,1.37526561880619
2016-04-20,1.391607108416447
2016-04-21,1.417934024713017
2016-04-22,1.39315110933119
2016-04-23,1.428060702199422
2016-04-24,1.436799276975849
2016-04-25,1.45014003364092
2016-04-26,1.46751996095261
2016-04-27,1.383376354946431
2016-04-28,1.405685528366439
2016-04-29,1.427084369416865
2016-04-30,1.406417875521052
2016-05-01,1.416295169674595
2016-05-02,1.390887232539272
2016-05-03,1.406262484967099
2016-05-04,1.394870976904956
2016-05-05,1.397896904282838
2016-05-06,1.433998558802122
2016-05-07,1.431424749847516
2016-05-08,1.428368097273025
2016-05-09,1.439558544413601
2016-05-10,1.40201331195187
2016-05-11,1.406136622399688
2016-05-12,1.415728879997837
2016-05-13,1.419247529608224
2016-05-14,1.419214639638924
2016-05-15,1.423310546390529
2016-05-16,1.40970228873924
2016-05-17,1.404274249714479
2016-05-18,1.405412734194665
2016-05-19,1.356309915438903
2016-05-20,1.371328115470512
2016-05-21,1.371612910435961
2016-05-22,1.361112129179949
2016-05-23,1.372239979364377
2016-05-24,1.377689813784815
2016-05-25,1.387542344551433
2016-05-26,1.399722378361565
2016-05-27,1.443485661467334
2016-05-28,1.59719457403771
2016-05-29,1.578219037890245
2016-05-30,1.614854384790577
2016-05-31,1.599601363631799
2016-06-01,1.619127430180823
2016-06-02,1.624323922892258
2016-06-03,1.719494039752256
2016-06-04,1.721424334720834
2016-06-05,1.727348306216702
2016-06-06,1.754231100057978
2016-06-07,1.724037091435616
2016-06-08,1.724251379975458
2016-06-09,1.700871048963484
2016-06-10,1.719205644172936
2016-06-11,1.798089466296067
2016-06-12,1.94056670267891
2016-06-13,2.027892345532734
2016-06-14,1.977531378944523
2016-06-15,2.020030488445946
2016-06-16,2.152856088557934
2016-06-17,2.105268811557678
2016-06-18,2.120936079313395
2016-06-19,2.13631173239003
2016-06-20,1.971205411865163
2016-06-21,1.869051221949311
2016-06-22,1.635705260590929
2016-06-23,1.754626109271779
2016-06-24,1.849449994885261
2016-06-25,1.851875466032105
2016-06-26,1.730357451834577
2016-06-27,1.82344880702143
2016-06-28,1.792196808723096
2016-06-29,1.778806896315008
2016-06-30,1.8550026836841
2016-07-01,1.863781120763358
2016-07-02,1.944228869833484
2016-07-03,1.817366607062303
2016-07-04,1.875786756165755
2016-07-05,1.845834003596438
2016-07-06,1.84508376238664
2016-07-07,1.758813910457964
2016-07-08,1.817234718488908
2016-07-09,1.789116959659844
2016-07-10,1.781595767192828
2016-07-11,1.782386621579366
2016-07-12,1.812516791742643
2016-07-13,1.787827916513866
2016-07-14,1.810586101462599
2016-07-15,1.821578456460689
2016-07-16,1.817296147295085
2016-07-17,1.853601793460504
2016-07-18,1.830573960975322
2016-07-19,1.829164291773711
2016-07-20,1.799127708303508
2016-07-21,1.810438954447907
2016-07-22,1.777523348152523
2016-07-23,1.792612488466892
2016-07-24,1.799812283482666
2016-07-25,1.778523472053954
2016-07-26,1.769005789523423
2016-07-27,1.770928838091419
2016-07-28,1.778039517192323
2016-07-29,1.778499140893102
2016-07-30,1.772958423680323
2016-07-31,1.683724863530482
2016-08-01,1.650016668325286
2016-08-02,1.440773091315582
2016-08-03,1.539632712637945
2016-08-04,1.562199561084249
2016-08-05,1.560299177490114
2016-08-06,1.608065370999384
2016-08-07,1.611581969416695
2016-08-08,1.595957697410539
2016-08-09,1.590379003507032
2016-08-10,1.61123579170833
2016-08-11,1.594455935129593
2016-08-12,1.595167890880049
2016-08-13,1.593821826096478
2016-08-14,1.552494754919174
2016-08-15,1.541506167199886
2016-08-16,1.571102133042627
2016-08-17,1.554731429661074
2016-08-18,1.561621915315647
2016-08-19,1.56263833858024
2016-08-20,1.570999757009799
2016-08-21,1.57796735568267
2016-08-22,1.589954783519099
2016-08-23,1.583044808007817
2016-08-24,1.575805474386601
2016-08-25,1.56394422440464
2016-08-26,1.572908433061507
2016-08-27,1.547251142560574
2016-08-28,1.558486686995819
2016-08-29,1.554340181503975
2016-08-30,1.561883762813424
2016-08-31,1.558013215042851
2016-09-01,1.54475764298607
2016-09-02,1.555274832166203
2016-09-03,1.621177639506165
2016-09-04,1.640278918617324
2016-09-05,1.631936526841844
2016-09-06,1.645823889438414
2016-09-07,1.647454575924413
2016-09-08,1.683751753618825
2016-09-09,1.673352377337821
2016-09-10,1.674525189440085
2016-09-11,1.631366308788536
2016-09-12,1.628342083496486
2016-09-13,1.633693271705419
2016-09-14,1.634409245626825
2016-09-15,1.628351031763894
2016-09-16,1.629534774832126
2016-09-17,1.626127684513942
2016-09-18,1.634897652985026
2016-09-19,1.629078990866098
2016-09-20,1.596061375793406
2016-09-21,1.596576068371152
2016-09-22,1.591238897545355
2016-09-23,1.611741220064501
2016-09-24,1.610207967185455
2016-09-25,1.605528853804487
2016-09-26,1.617942367341138
2016-09-27,1.614028438647094
2016-09-28,1.612916475945829
2016-09-29,1.613630266845957
2016-09-30,1.627040780231022
2016-10-01,1.638752136364736
2016-10-02,1.626594285650047
2016-10-03,1.627387068782177
2016-10-04,1.621927120083052
2016-10-05,1.623696040350709
2016-10-06,1.623596936969791
2016-10-07,1.637260480153571
2016-10-08,1.640687044997869
2016-10-09,1.635045271946502
2016-10-10,1.637322816514026
2016-10-11,1.696472029285801
2016-10-12,1.674264995162304
2016-10-13,1.678443377250354
2016-10-14,1.683351521432095
2016-10-15,1.681796426387623
2016-10-16,1.686311331986282
2016-10-17,1.675933380122952
2016-10-18,1.668506584828714
2016-10-19,1.652292602415827
2016-10-20,1.651111069675776
2016-10-21,1.654863041405858
2016-10-22,1.728470601570985
2016-10-23,1.706811526461365
2016-10-24,1.700464135548638
2016-10-25,1.711135447008821
2016-10-26,1.762843421386719
2016-10-27,1.781337483369408
2016-10-28,1.786885515157205
2016-10-29,1.829710802589939
2016-10-30,1.809626386335314
2016-10-31,1.806955698181898
2016-11-01,1.873151238335837
2016-11-02,1.905112787781464
2016-11-03,1.784803055491161
2016-11-04,1.807238896170098
2016-11-05,1.804603975823018
2016-11-06,1.823668204600372
2016-11-07,1.80725644096873
2016-11-08,1.819647664966213
2016-11-09,1.845959283070704
2016-11-10,1.828455487257747
2016-11-11,1.829210460606761
2016-11-12,1.797640971722678
2016-11-13,1.783175102192431
2016-11-14,1.795767382126819
2016-11-15,1.810260054681726
2016-11-16,1.880489868886555
2016-11-17,1.857456772176467
2016-11-18,1.88858366892678
2016-11-19,1.888964854069417
2016-11-20,1.84270690979774
2016-11-21,1.852945201829001
2016-11-22,1.89028608056999
2016-11-23,1.86389473596692
2016-11-24,1.835307238735711
2016-11-25,1.846926507839497
2016-11-26,1.832429620473065
2016-11-27,1.823523135803271
2016-11-28,1.826318665875216
2016-11-29,1.826963930474736
2016-11-30,1.844360366207795
2016-12-01,1.87437169251951
2016-12-02,1.905432318121683
2016-12-03,1.880795915731207
2016-12-04,1.888610077540632
2016-12-05,1.85566345680672
2016-12-06,1.859622202185652
2016-12-07,1.873194030581234
2016-12-08,1.879545961809724
2016-12-09,1.884586143954539
2016-12-10,1.871665501089825
2016-12-11,1.873936756132359
2016-12-12,1.896568239365193
2016-12-13,1.880666823245881
2016-12-14,1.88761639397191
2016-12-15,1.882412713611691
2016-12-16,1.894130973531198
2016-12-17,1.907129900680296
2016-12-18,1.90743500168027
2016-12-19,1.907222436247507
2016-12-20,1.924529659710674
2016-12-21,1.996512295616067
2016-12-22,2.052143689419701
2016-12-23,2.177159490884256
2016-12-24,2.116283625190856
2016-12-25,2.119222062492002
2016-12-26,2.111694769303363
2016-12-27,2.202992304524435
2016-12-28,2.26643270510517
2016-12-29,2.248555196993681
2016-12-30,2.220163083729883
2016-12-31,2.233091026427837
2017-01-01,2.300842460869994
2017-01-02,2.340084708257077
2017-01-03,2.362205882198237
2017-01-04,2.510704928546232
2017-01-05,2.250581147318626
2017-01-06,2.009882329045119
2017-01-07,1.978421162767957
2017-01-08,2.014043153414419
2017-01-09,2.00282224465946
2017-01-10,2.020743271520066
2017-01-11,1.712175924802547
2017-01-12,1.800014430440596
2017-01-13,1.853175582789339
2017-01-14,1.835291263209238
2017-01-15,1.835451963419481
2017-01-16,1.85074633692852
2017-01-17,2.016198607643394
2017-01-18,1.977498943579165
2017-01-19,1.995557129347353
2017-01-20,1.982279381127612
2017-01-21,2.050590510601119
2017-01-22,2.045172688712234
2017-01-23,1.989695680560213
2017-01-24,1.967484579993742
2017-01-25,1.979124461145545
2017-01-26,2.009901085912463
2017-01-27,2.012231556164862
2017-01-28,2.019349368467621
2017-01-29,1.997232001879948
2017-01-30,2.009900798926022
2017-01-31,2.102505721052598
2017-02-01,2.148039936244483
2017-02-02,2.177775318710847
2017-02-03,2.199410425011961
2017-02-04,2.229658806728946
2017-02-05,2.187132641809691
2017-02-06,2.199990671191435
2017-02-07,2.255413513336813
2017-02-08,2.25931430637413
2017-02-09,2.094029716327638
2017-02-10,2.113850012043669
2017-02-11,2.133736690228927
2017-02-12,2.129873131286509
2017-02-13,2.106105487246141
2017-02-14,2.128080869041084
2017-02-15,2.130648402790169
2017-02-16,2.187788167643305
2017-02-17,2.215078428241751
2017-02-18,2.205480198749283
2017-02-19,2.194950709000879
2017-02-20,2.252113810235957
2017-02-21,2.322650474963499
2017-02-22,2.338516998934399
2017-02-23,2.420882997429415
2017-02-24,2.406079653093923
2017-02-25,2.346250841361671
2017-02-26,2.411976885544008
2017-02-27,2.438170662207634
2017-02-28,2.402019723998027
2017-03-01,2.469371862686401
2017-03-02,2.528861187906293
2017-03-03,2.55945961040281
2017-03-04,2.509900759707787
2017-03-05,2.525526760275036
2017-03-06,2.526484297428228
2017-03-07,2.426463953255359
2017-03-08,2.226779899734371
2017-03-09,2.355807429879189
2017-03-10,2.202583767671876
2017-03-11,2.30682383722792
2017-03-12,2.388841127173509
2017-03-13,2.402965957654638
2017-03-14,2.403974285789548
2017-03-15,2.512145867904313
2017-03-16,2.242486797037599
2017-03-17,2.08006822014449
2017-03-18,1.894216405567329
2017-03-19,1.965355868025633
2017-03-20,2.021792332552222
2017-03-21,2.103476005035445
2017-03-22,1.985371585045772
2017-03-23,1.97029821475043
2017-03-24,1.802420080419484
2017-03-25,1.849023523168459
2017-03-26,1.850559110519398
2017-03-27,1.984077559557445
2017-03-28,1.975975443987567
2017-03-29,1.998728035115946
2017-03-30,1.984731314621379
2017-03-31,2.053531800173326
2017-04-01,2.048094828439633
2017-04-02,2.136448832633059
2017-04-03,2.170443465920964
2017-04-04,2.148317063532377
2017-04-05,2.138948397847201
2017-04-06,2.217687429922242
2017-04-07,2.205920632216849
2017-04-08,2.203794351176519
2017-04-09,2.246085472625183
2017-04-10,2.240600802453882
2017-04-11,2.261575916966283
2017-04-12,2.240543513799308
2017-04-13,2.169763684237083
2017-04-14,2.168815563344759
2017-04-15,2.174113557432546
2017-04-16,2.160646117716001
2017-04-17,2.194010225962575
2017-04-18,2.200834179434079
2017-04-19,2.22208942315289
2017-04-20,2.259514706623557
2017-04-21,2.279756330256462
2017-04-22,2.246961664467841
2017-04-23,2.254441225235658
2017-04-24,2.260620508665901
2017-04-25,2.291330979968105
2017-04-26,2.309689937522251
2017-04-27,2.36811502351383
2017-04-28,2.402817463925393
2017-04-29,2.355709082432371
2017-04-30,2.406047435615172
2017-05-01,2.471255794552257
2017-05-02,2.552464930588342
2017-05-03,2.585202597681464
2017-05-04,2.634855376499453
2017-05-05,2.613318929588547
2017-05-06,2.629528643516422
2017-05-07,2.659478713335468
2017-05-08,2.796174840795507
2017-05-09,2.833826581120749
2017-05-10,2.8871027637747
2017-05-11,2.947353468037494
2017-05-12,2.679432385663024
2017-05-13,2.87829938250719
2017-05-14,2.848823065119344
2017-05-15,2.743102575867425
2017-05-16,2.768691243420248
2017-05-17,2.859306830523496
2017-05-18,2.993439835164105
2017-05-19,3.078537491204376
2017-05-20,3.16514579648866
2017-05-21,3.150394396391324
2017-05-22,3.224815303934133
2017-05-23,3.395814305766597
2017-05-24,3.601887773408846
2017-05-25,3.396818072158794
2017-05-26,3.164731578348652
2017-05-27,2.942028386233602
2017-05-28,3.061933003176673
2017-05-29,3.110115056458733
2017-05-30,3.060791088591334
2017-05-31,3.160916719691258
2017-06-01,3.234977895293752
2017-06-02,3.33715898141565
2017-06-03,3.334091367492054
2017-06-04,3.356296771158761
2017-06-05,3.588176928919644
2017-06-06,3.638513984864265
2017-06-07,3.40964310350355
2017-06-08,3.531979885140079
2017-06-09,3.519915143107852
2017-06-10,3.567205162066225
2017-06-11,3.646256201244197
2017-06-12,3.250133308231776
2017-06-13,3.265367206825589
2017-06-14,2.924803153497071
2017-06-15,2.834438307090307
2017-06-16,2.934660418510501
2017-06-17,3.100882247746597
2017-06-18,2.972252909549495
2017-06-19,3.065354909496256
2017-06-20,3.157753453656159
2017-06-21,3.065660534259655
2017-06-22,3.105994718296683
2017-06-23,3.076933334407799
2017-06-24,2.889244778098725
2017-06-25,2.866477696720449
2017-06-26,2.74092234186295
2017-06-27,2.844886094336708
2017-06-28,2.8703256731827
2017-06-29,2.851632952715022
2017-06-30,2.749807191465472
2017-07-01,2.627436525127312
2017-07-02,2.775550357186405
2017-07-03,2.838405594713899
2017-07-04,2.82459157081405
2017-07-05,2.853520814520482
2017-07-06,2.830580259821059
2017-07-07,2.694723192742325
2017-07-08,2.759829594072924
2017-07-09,2.685524093843887
2017-07-10,2.536635283116476
2017-07-11,2.47276548197144
2017-07-12,2.577883662263779
2017-07-13,2.51744996036422
2017-07-14,2.378770473261413
2017-07-15,2.105972074630125
2017-07-16,2.091185578909366
2017-07-17,2.365903407293936
2017-07-18,2.433343565381495
2017-07-19,2.43091891535769
2017-07-20,2.906830578106715
2017-07-21,2.811439185629408
2017-07-22,2.973609195549086
2017-07-23,2.87197081355723
2017-07-24,2.865395700800847
2017-07-25,2.673864970525074
2017-07-26,2.626467308786677
2017-07-27,2.775569227788098
2017-07-28,2.782521574533233
2017-07-29,2.645748483754687
2017-07-30,2.621243735359988
2017-07-31,2.65705582767121
2017-08-01,2.492127275889951
2017-08-02,2.485900573353431
2017-08-03,2.532697211483413
2017-08-04,2.543094246561093
2017-08-05,2.831124734665435
2017-08-06,2.725979403128991
2017-08-07,2.802232727287533
2017-08-08,2.766418248128081
2017-08-09,2.691970711784746
2017-08-10,2.738346628617742
2017-08-11,2.885389116949281
2017-08-12,3.072309384495886
2017-08-13,3.148003880828385
2017-08-14,3.296827467541235
2017-08-15,3.109354986277775
2017-08-16,3.241143419558975
2017-08-17,3.115733534104667
2017-08-18,3.018193542511618
2017-08-19,2.940183262105156
2017-08-20,2.894727930424975
2017-08-21,2.735570799290158
2017-08-22,2.846175915438578
2017-08-23,2.864989363559348
2017-08-24,3.008665954408605
2017-08-25,2.980941603092062
2017-08-26,2.954631432487247
2017-08-27,2.912476728646362
2017-08-28,2.936392563257679
2017-08-29,3.049463022262097
2017-08-30,3.022707983313592
2017-08-31,3.088754716504849
2017-09-01,3.154139241795288
2017-09-02,2.946887541164128
2017-09-03,2.889247464433516
2017-09-04,2.643779520438026
2017-09-05,2.808154889536487
2017-09-06,2.846350169280718
2017-09-07,2.84708168887711
2017-09-08,2.64862377189096
2017-09-09,2.64643069006984
2017-09-10,2.58397102950499
2017-09-11,2.594788027094545
2017-09-12,2.525045353509683
2017-09-13,2.393744186878775
2017-09-14,2.051696063914305
2017-09-15,2.295824842708403
2017-09-16,2.247107294871332
2017-09-17,2.299803280887164
2017-09-18,2.449545650794057
2017-09-19,2.383784831910571
2017-09-20,2.335819178626088
2017-09-21,2.219428782711743
2017-09-22,2.18487253042605
2017-09-23,2.274015783811962
2017-09-24,2.228881308818337
2017-09-25,2.361749193399453
2017-09-26,2.340210414651363
2017-09-27,2.489210792841122
2017-09-28,2.488973296595455
2017-09-29,2.475910808237287
2017-09-30,2.566388882130884
2017-10-01,2.598876462821461
2017-10-02,2.558376611029479
2017-10-03,2.500971889171316
2017-10-04,2.450785982382093
2017-10-05,2.495968900928839
2017-10-06,2.517698895035419
2017-10-07,2.549481398607966
2017-10-08,2.616991810328181
2017-10-09,2.747078510009777
2017-10-10,2.655676958646725
2017-10-11,2.7023829702895
2017-10-12,2.99395688404441
2017-10-13,3.051986415675199
2017-10-14,3.142532413385238
2017-10-15,3.066571566199155
2017-10-16,3.070310833318528
2017-10-17,2.921584220964875
2017-10-18,2.924044680654994
2017-10-19,2.986465604563632
2017-10-20,3.091181221110874
2017-10-21,3.124761735697946
2017-10-22,3.047572830696859
2017-10-23,2.903245588255879
2017-10-24,2.737835526037848
2017-10-25,2.839956720829382
2017-10-26,2.958749179974253
2017-10-27,2.866923479918701
2017-10-28,2.795351122737153
2017-10-29,2.985360317766106
2017-10-30,2.968293432359157
2017-10-31,3.063363934653144
2017-11-01,3.231011065244256
2017-11-02,3.260270891755842
2017-11-03,3.267457736659024
2017-11-04,3.354313293970534
2017-11-05,3.323402424308177
2017-11-06,3.173443375469046
2017-11-07,3.157051659504338
2017-11-08,3.24926899386894
2017-11-09,3.197725795552736
2017-11-10,2.9172673909652
2017-11-11,2.734192080158028
2017-11-12,2.553459750063459
2017-11-13,2.780382175028468
2017-11-14,2.803229738625971
2017-11-15,2.972453227102175
2017-11-16,3.209539893653601
2017-11-17,3.027027351482575
2017-11-18,3.060975407487769
2017-11-19,3.148266502363449
2017-11-20,3.190610929712464
2017-11-21,3.108381555981988
2017-11-22,3.113858832825419
2017-11-23,3.007266571173846
2017-11-24,3.040499784125809
2017-11-25,3.23597665165199
2017-11-26,3.447421190239147
2017-11-27,3.43887815688014
2017-11-28,3.442653858139236
2017-11-29,3.384562732920263
2017-11-30,3.303782709842281
2017-12-01,3.604217445009303
2017-12-02,3.542269086263593
2017-12-03,3.623993214560426
2017-12-04,3.67595036788246
2017-12-05,3.694158761460166
2017-12-06,4.286211609981411
2017-12-07,4.842949211312351
2017-12-08,4.333591503893503
2017-12-09,3.856841217169031
2017-12-10,4.06412002975069
2017-12-11,4.30057024490191
2017-12-12,4.274962011174638
2017-12-13,3.995554487108944
2017-12-14,4.044230869455035
2017-12-15,4.119059254914291
2017-12-16,4.409298302452783
2017-12-17,4.091801589282574
2017-12-18,4.151988755585419
2017-12-19,3.693015358432445
2017-12-20,3.577229736026983
2017-12-21,3.21476716967194
2017-12-22,2.925910417577639
2017-12-23,3.020557798550685
2017-12-24,2.897369778762991
2017-12-25,2.930935592654877
2017-12-26,3.282195609991013
2017-12-27,3.131944853207904
2017-12-28,2.941335844655606
2017-12-29,2.922365165673201
2017-12-30,2.641075459941061
2017-12-31,2.765219280634839
2018-01-01,2.80507295723775
2018-01-02,2.984935517455526
2018-01-03,3.02110260580751
2018-01-04,2.981867884814649
2018-01-05,3.303732767935104
2018-01-06,3.284902722895577
2018-01-07,3.041352868233491
2018-01-08,2.894352702201145
2018-01-09,2.671168996295764
2018-01-10,2.769448680072057
2018-01-11,2.466176433212354
2018-01-12,2.659675511067638
2018-01-13,2.671253196826618
2018-01-14,2.566639303249437
2018-01-15,2.477128015281131
2018-01-16,2.065048070564039
2018-01-17,2.118162648320092
2018-01-18,2.144395602962733
2018-01-19,2.175543955888989
2018-01-20,2.321319551672896
2018-01-21,2.201185001653473
2018-01-22,2.032687212705355
2018-01-23,2.001377507035179
2018-01-24,2.136181198275072
2018-01-25,2.151562039252683
2018-01-26,2.089207403715665
2018-01-27,2.164560441776943
2018-01-28,2.202401948085224
2018-01-29,2.097356777752899
2018-01-30,1.841673476534972
2018-01-31,1.91850585663568
2018-02-01,1.662343162945672
2018-02-02,1.671919321970809
2018-02-03,1.732577432363156
2018-02-04,1.573481380587779
2018-02-05,1.342193832836468
2018-02-06,1.466365246672579
2018-02-07,1.493217544194178
2018-02-08,1.539279578300446
2018-02-09,1.723854923440524
2018-02-10,1.629306973764083
2018-02-11,1.59538976248594
2018-02-12,1.731438464087494
2018-02-13,1.67200145719757
2018-02-14,1.817980000059448
2018-02-15,1.976498343946822
2018-02-16,1.963251570530076
2018-02-17,2.139217322647658
2018-02-18,2.006856159308473
2018-02-19,2.187687031982093
2018-02-20,2.119862023430775
2018-02-21,2.001150914590699
2018-02-22,1.819692468256332
2018-02-23,1.942273867981254
2018-02-24,1.812626399357451
2018-02-25,1.804192460006578
2018-02-26,1.947937425786282
2018-02-27,1.998235886726955
2018-02-28,1.945585815947555
2018-03-01,2.061551506205368
2018-03-02,2.068785041733117
2018-03-03,2.117173509008274
2018-03-04,2.132811185284009
2018-03-05,2.096359493943184
2018-03-06,2.013437866472577
2018-03-07,1.846621176501093
2018-03-08,1.743574541485947
2018-03-09,1.744324302778802
2018-03-10,1.591505332801467
2018-03-11,1.796286424739429
2018-03-12,1.730385249682659
2018-03-13,1.747650570309773
2018-03-14,1.521173236712364
2018-03-15,1.517719828034437
2018-03-16,1.562767856822801
2018-03-17,1.454921392426115
2018-03-18,1.567708296328312
2018-03-19,1.609287395128328
2018-03-20,1.691216456336131
2018-03-21,1.705891129386539
2018-03-22,1.633826277827682
2018-03-23,1.685223599243129
2018-03-24,1.617301155534378
2018-03-25,1.585377202360582
2018-03-26,1.553969208006907
2018-03-27,1.480097952134939
2018-03-28,1.512656191368706
2018-03-29,1.303464610508638
2018-03-30,1.338969151197017
2018-03-31,1.338994857905764
2018-04-01,1.343231534014497
2018-04-02,1.352956693740652
2018-04-03,1.423906882562864
2018-04-04,1.290747557289079
2018-04-05,1.314159727042431
2018-04-06,1.283983722167839
2018-04-07,1.347237351920631
2018-04-08,1.367860379046202
2018-04-09,1.310671853528459
2018-04-10,1.332942969777651
2018-04-11,1.346870889618666
2018-04-12,1.530078376557074
2018-04-13,1.533122375167839
2018-04-14,1.562582832583899
2018-04-15,1.624291966031211
2018-04-16,1.557990308834544
2018-04-17,1.534367392818289
2018-04-18,1.578397674912937
2018-04-19,1.612034941886208
2018-04-20,1.700100202957924
2018-04-21,1.698856665046554
2018-04-22,1.697748899920265
2018-04-23,1.762196881407414
2018-04-24,1.829597218421851
2018-04-25,1.684505635765309
2018-04-26,1.760776103582343
2018-04-27,1.718019921195944
2018-04-28,1.791044907876851
2018-04-29,1.792647238437398
2018-04-30,1.709747226969466
2018-05-01,1.720351945195161
2018-05-02,1.74709763405962
2018-05-03,1.822099866572067
2018-05-04,1.848284530610061
2018-05-05,1.877972511083509
2018-05-06,1.792292210014133
2018-05-07,1.775807187893778
2018-05-08,1.728222311985517
2018-05-09,1.763462462607255
2018-05-10,1.690626128342473
2018-05-11,1.600864564622567
2018-05-12,1.593753719994094
2018-05-13,1.643974777021627
2018-05-14,1.637087022975093
2018-05-15,1.592020199254589
2018-05-16,1.572659968092076
2018-05-17,1.494543146616255
2018-05-18,1.543748904890414
2018-05-19,1.539324348267624
2018-05-20,1.593479721896367
2018-05-21,1.572025336679194
2018-05-22,1.494416223168734
2018-05-23,1.423952604854393
2018-05-24,1.420135057409032
2018-05-25,1.402507264734926
2018-05-26,1.370642285763538
2018-05-27,1.389398594936504
2018-05-28,1.344986275145696
2018-05-29,1.415108258282589
2018-05-30,1.392840103215608
2018-05-31,1.419441061535704
2018-06-01,1.41311162870224
2018-06-02,1.445951179188887
2018-06-03,1.459080192152683
2018-06-04,1.418548172121113
2018-06-05,1.440501279024889
2018-06-06,1.462502832424657
2018-06-07,1.457728146495982
2018-06-08,1.447512186431066
2018-06-09,1.382305502237709
2018-06-10,1.2773453735973
2018-06-11,1.304512339386305
2018-06-12,1.249315463965087
2018-06-13,1.201963463105585
2018-06-14,1.267770273727608
2018-06-15,1.227193954944355
2018-06-16,1.248682600365961
2018-06-17,1.230929332513451
2018-06-18,1.28943030871977
2018-06-19,1.281520037419636
2018-06-20,1.296900824961078
2018-06-21,1.290127790057112
2018-06-22,1.180673267417255
2018-06-23,1.180225201058027
2018-06-24,1.188891814663329
2018-06-25,1.196863368571175
2018-06-26,1.177675252793121
2018-06-27,1.198151393695359
2018-06-28,1.149536706663578
2018-06-29,1.216499913351297
2018-06-30,1.241001207890833
2018-07-01,1.238303061819112
2018-07-02,1.292435965816181
2018-07-03,1.263513164892008
2018-07-04,1.283893958273242
2018-07-05,1.27871304770448
2018-07-06,1.291752257498775
2018-07-07,1.320936781795702
2018-07-08,1.316142223407396
2018-07-09,1.307837877405669
2018-07-10,1.253540162807795
2018-07-11,1.252710399295637
2018-07-12,1.228661660212391
2018-07-13,1.230450945393561
2018-07-14,1.233045143746159
2018-07-15,1.253122754846626
2018-07-16,1.328885333946427
2018-07-17,1.44640142711703
2018-07-18,1.444650939143418
2018-07-19,1.456150335893772
2018-07-20,1.421537552592242
2018-07-21,1.459611621688484
2018-07-22,1.464419776662204
2018-07-23,1.5122819523681
2018-07-24,1.646142323667074
2018-07-25,1.608833423725797
2018-07-26,1.54533528204581
2018-07-27,1.595949299944706
2018-07-28,1.610013038317946
2018-07-29,1.590890646587734
2018-07-30,1.585034017119124
2018-07-31,1.49660224807909
2018-08-01,1.497299085617498
2018-08-02,1.443052536278323
2018-08-03,1.45605095046781
2018-08-04,1.354026767514705
2018-08-05,1.3795107656082
2018-08-06,1.363706842697666
2018-08-07,1.293954301156118
2018-08-08,1.232972605013698
2018-08-09,1.289307287784603
2018-08-10,1.197643924680592
2018-08-11,1.236828089794409
2018-08-12,1.24736752172368
2018-08-13,1.226420685737682
2018-08-14,1.227551378066348
2018-08-15,1.243987229599741
2018-08-16,1.253220336921645
2018-08-17,1.304231229940839
2018-08-18,1.260671140666143
2018-08-19,1.288742887617178
2018-08-20,1.248441636204885
2018-08-21,1.27931371892236
2018-08-22,1.269614867246981
2018-08-23,1.282434069891273
2018-08-24,1.329702568641528
2018-08-25,1.335255023751083
2018-08-26,1.32442490906593
2018-08-27,1.361311142093075
2018-08-28,1.393475183983992
2018-08-29,1.389601834345576
2018-08-30,1.36906398322672
2018-08-31,1.386446944070817
2018-09-01,1.408775042745921
2018-09-02,1.431099534989246
2018-09-03,1.428835392712698
2018-09-04,1.450481637309385
2018-09-05,1.26648605168883
2018-09-06,1.278524504987234
2018-09-07,1.269264558462488
2018-09-08,1.219636730972136
2018-09-09,1.234797904445438
2018-09-10,1.248670930188312
2018-09-11,1.238203161643691
2018-09-12,1.267714934205719
2018-09-13,1.278874542333988
2018-09-14,1.283256890142052
2018-09-15,1.287899103582563
2018-09-16,1.290635334316392
2018-09-17,1.238519700570464
2018-09-18,1.252055754985893
2018-09-19,1.272264580505412
2018-09-20,1.290331795179674
2018-09-21,1.349138059250526
2018-09-22,1.329600147598575
2018-09-23,1.327175477404968
2018-09-24,1.293802063374925
2018-09-25,1.272655423727908
2018-09-26,1.290743127447904
2018-09-27,1.331802551059548
2018-09-28,1.315814428337632
2018-09-29,1.307514330551152
2018-09-30,1.319547579933461
2018-10-01,1.308073293160643
2018-10-02,1.299790126659171
2018-10-03,1.295115798744215
2018-10-04,1.315889940595586
2018-10-05,1.316001890007269
2018-10-06,1.312785330748829
2018-10-07,1.31334005188899
2018-10-08,1.323692169048542
2018-10-09,1.317665476193693
2018-10-10,1.297496202346561
2018-10-11,1.241299943079072
2018-10-12,1.251869598918731
2018-10-13,1.25446131839346
2018-10-14,1.25819753535742
2018-10-15,1.320080484236108
2018-10-16,1.315967337579313
2018-10-17,1.315459077270702
2018-10-18,1.301211103888956
2018-10-19,1.293754173074867
2018-10-20,1.308076240293301
2018-10-21,1.309461492738234
2018-10-22,1.305991277908741
2018-10-23,1.304701128829947
2018-10-24,1.305861499661223
2018-10-25,1.303339092990198
2018-10-26,1.302732257641039
2018-10-27,1.303938372904054
2018-10-28,1.305274689749484
2018-10-29,1.274392200440668
2018-10-30,1.274687385095712
2018-10-31,1.281111930802389
2018-11-01,1.296943976296547
2018-11-02,1.291762680681833
2018-11-03,1.286339556419279
2018-11-04,1.306766492060634
2018-11-05,1.301008715634463
2018-11-06,1.319239438892721
2018-11-07,1.320617537430542
2018-11-08,1.303639502111214
2018-11-09,1.290719069175648
2018-11-10,1.294363142244773
2018-11-11,1.297497910642096
2018-11-12,1.28773483113523
2018-11-13,1.28233153539805
2018-11-14,1.156617839021104
2018-11-15,1.14501450099269
2018-11-16,1.139316280662583
2018-11-17,1.143395131307352
2018-11-18,1.145739068102638
2018-11-19,1.005085829992345
2018-11-20,0.9072547929139448
2018-11-21,0.9482158749842439
2018-11-22,0.902568186544257
2018-11-23,0.9185105589663385
2018-11-24,0.7991196031237224
2018-11-25,0.8507952965542042
2018-11-26,0.7956233200856749
2018-11-27,0.8083975445873184
2018-11-28,0.8987727757485034
2018-11-29,0.8924745934222473
2018-11-30,0.8478683123526946
2018-12-01,0.891299575312755
2018-12-02,0.8696474139224396
2018-12-03,0.8187877572160421
2018-12-04,0.8262315803357011
2018-12-05,0.7974506996442381
2018-12-06,0.7171192230051594
2018-12-07,0.749749468791183
2018-12-08,0.7404862264140616
2018-12-09,0.7730038608625998
2018-12-10,0.7398388567513403
2018-12-11,0.7295250274446069
2018-12-12,0.7486597369224846
2018-12-13,0.7152907247462404
2018-12-14,0.7054041813074186
2018-12-15,0.7005254844034707
2018-12-16,0.7097692511085785
2018-12-17,0.7692785392391427
2018-12-18,0.8090204820545791
2018-12-19,0.8199231104464539
2018-12-20,0.8971902842252417
2018-12-21,0.8500999754667705
2018-12-22,0.8860797324410074
2018-12-23,0.9266853038761896
2018-12-24,0.8441328641951855
2018-12-25,0.8362635683729027
2018-12-26,0.8445361427916656
2018-12-27,0.8012857733379432
2018-12-28,0.8667699716027866
2018-12-29,0.8324751577748025
2018-12-30,0.8554684924524972
2018-12-31,0.8254019426059032
2019-01-01,0.8500843929455789
2019-01-02,0.8662539981319489
2019-01-03,0.8414235325678701
2019-01-04,0.863871322237826
2019-01-05,0.8534854713322925
2019-01-06,0.9081667434852888
2019-01-07,0.8951554360404709
2019-01-08,0.891864117910899
2019-01-09,0.899700419169978
2019-01-10,0.8167291967551564
2019-01-11,0.8187067732718722
2019-01-12,0.8150511870022021
2019-01-13,0.7942851617175609
2019-01-14,0.82938295616128
2019-01-15,0.8091752674395325
2019-01-16,0.8133053151330405
2019-01-17,0.8213810553204791
2019-01-18,0.8161345078151362
2019-01-19,0.8351902813375138
2019-01-20,0.799753712404633
2019-01-21,0.8020337913841586
2019-01-22,0.8089542208498076
2019-01-23,0.8025636716068285
2019-01-24,0.8087178212505219
2019-01-25,0.8054513977777885
2019-01-26,0.80864714849741
2019-01-27,0.8008574451196252
2019-01-28,0.7789569744896808
2019-01-29,0.7682757134454596
2019-01-30,0.7884667925488855
2019-01-31,0.775849573879985
2019-02-01,0.7821208918663365
2019-02-02,0.7915334277135206
2019-02-03,0.7815364099353608
2019-02-04,0.7775289925627035
2019-02-05,0.7789495442927664
2019-02-06,0.7694427151862889
2019-02-07,0.7665557173681027
2019-02-08,0.8309763565594147
2019-02-09,0.8282572046070037
2019-02-10,0.8286209444579323
2019-02-11,0.8162914400135305
2019-02-12,0.8244438657212778
2019-02-13,0.8243126261951885
2019-02-14,0.8189833266766974
2019-02-15,0.8224659073654025
2019-02-16,0.8254738342979002
2019-02-17,0.8468739219582089
2019-02-18,0.9063907198912874
2019-02-19,0.8937126034770356
2019-02-20,0.9038571626180731
2019-02-21,0.9000020937796217
2019-02-22,0.9088733608340959
2019-02-23,0.951720255308327
2019-02-24,0.8697804497052297
2019-02-25,0.8805884156119935
2019-02-26,0.871467398311344
2019-02-27,0.8788906637567754
2019-02-28,0.8769638316061631
2019-03-01,0.8787698704741307
2019-03-02,0.8821592765876018
2019-03-03,0.8782970957774429
2019-03-04,0.8574748176082299
2019-03-05,0.8855000604453004
2019-03-06,0.8918085329762091
2019-03-07,0.8937129996169826
2019-03-08,0.8909598694503973
2019-03-09,0.9046847794991474
2019-03-10,0.9042508397519853
2019-03-11,0.8866748046745793
2019-03-12,0.8952083322615342
2019-03-13,0.8957957096293644
2019-03-14,0.8946873751599064
2019-03-15,0.9071250943267144
2019-03-16,0.9226197118233563
2019-03-17,0.9250466143536314
2019-03-18,0.9215616175215987
2019-03-19,0.9213371348795394
2019-03-20,0.9364791492371443
2019-03-21,0.9221172049775601
2019-03-22,0.9211766041807796
2019-03-23,0.9229365828216457
2019-03-24,0.9203059750357874
2019-03-25,0.9056533190727288
2019-03-26,0.9124974285992032
2019-03-27,0.9317758106869558
2019-03-28,0.9323972785058466
2019-03-29,0.9551265731990788
2019-03-30,0.9491009993753775
2019-03-31,0.9533482826370536
2019-04-01,0.9606645196161813
2019-04-02,1.147347160989222
2019-04-03,1.155825154577771
2019-04-04,1.136037482742053
2019-04-05,1.153259256402386
2019-04-06,1.159509970881639
2019-04-07,1.20767509084857
2019-04-08,1.20372714581656
2019-04-09,1.193897857689662
2019-04-10,1.215988403594769
2019-04-11,1.152290415549986
2019-04-12,1.160665312134981
2019-04-13,1.164281104150023
2019-04-14,1.182432897949497
2019-04-15,1.157107559721598
2019-04-16,1.199220376811736
2019-04-17,1.198379576153973
2019-04-18,1.208006861379927
2019-04-19,1.208104812371278
2019-04-20,1.217392703031372
2019-04-21,1.209496353543858
2019-04-22,1.227898735566388
2019-04-23,1.262511857654358
2019-04-24,1.245755668089165
2019-04-25,1.178319812577577
2019-04-26,1.193723686616245
2019-04-27,1.198668893026789
2019-04-28,1.205439679672951
2019-04-29,1.196125785455312
2019-04-30,1.226468340699539
2019-05-01,1.234111327693758
2019-05-02,1.268427041466525
2019-05-03,1.331198914189003
2019-05-04,1.330855386336816
2019-05-05,1.313323239542681
2019-05-06,1.325214294141905
2019-05-07,1.32930570290228
2019-05-08,1.378683183813073
2019-05-09,1.395066060156987
2019-05-10,1.451786424995662
2019-05-11,1.596899411461372
2019-05-12,1.580966798548691
2019-05-13,1.767943786180924
2019-05-14,1.783706524755093
2019-05-15,1.838360048047495
2019-05-16,1.731576053285403
2019-05-17,1.606980780886851
2019-05-18,1.605115191951715
2019-05-19,1.742073796897958
2019-05-20,1.738880494842726
2019-05-21,1.752718219404259
2019-05-22,1.669397147141709
2019-05-23,1.719449551156647
2019-05-24,1.742717297485032
2019-05-25,1.750432836887454
2019-05-26,1.92957017027909
2019-05-27,1.897078930146496
2019-05-28,1.875153029704589
2019-05-29,1.848021883650673
2019-05-30,1.765162311472625
2019-05-31,1.821000437631512
2019-06-01,1.818033766733368
2019-06-02,1.838236130753961
2019-06-03,1.681152448675108
2019-06-04,1.64679012769809
2019-06-05,1.657001267386183
2019-06-06,1.654273260600647
2019-06-07,1.708137703246687
2019-06-08,1.676514165847445
2019-06-09,1.613760643725284
2019-06-10,1.693719411662973
2019-06-11,1.659544992337574
2019-06-12,1.726364902591817
2019-06-13,1.735131921865562
2019-06-14,1.817972681095215
2019-06-15,1.855429504752063
2019-06-16,1.92494386961553
2019-06-17,1.944462874320231
2019-06-18,1.913756994902753
2019-06-19,1.928736653079014
2019-06-20,1.991179147933163
2019-06-21,2.104291817585868
2019-06-22,2.228094070013008
2019-06-23,2.185640358995482
2019-06-24,2.258228649734337
2019-06-25,2.420493780566645
2019-06-26,2.610798755334327
2019-06-27,2.285991240972768
2019-06-28,2.413072013226956
2019-06-29,2.393698776568405
2019-06-30,2.164370860902948
2019-07-01,2.033875844756966
2019-07-02,2.208588392025383
2019-07-03,2.314659071895672
2019-07-04,2.17582305422125
2019-07-05,2.226349101731379
2019-07-06,2.175530592429198
2019-07-07,2.215819631530566
2019-07-08,2.370988371022062
2019-07-09,2.477868774255461
2019-07-10,2.276085448521333
2019-07-11,2.186710402395718
2019-07-12,2.236211128090213
2019-07-13,2.150500861857958
2019-07-14,1.907758032405072
2019-07-15,2.074861950296875
2019-07-16,1.807556472363121
2019-07-17,1.828626361936994
2019-07-18,2.021355715851191
2019-07-19,1.978285119695691
2019-07-20,2.040434683187813
2019-07-21,1.999541937737558
2019-07-22,1.933518593420955
2019-07-23,1.827547372680343
2019-07-24,1.903778951810715
2019-07-25,1.828435809878438
2019-07-26,1.910165717965185
2019-07-27,1.769753246196277
2019-07-28,1.788992793449763
2019-07-29,1.756519289729794
2019-07-30,1.791239049065796
2019-07-31,1.852890999971285
2019-08-01,1.91524084817848
2019-08-02,1.93399829653584
2019-08-03,1.994458287182671
2019-08-04,2.058623486093551
2019-08-05,2.145446878852819
2019-08-06,2.082696882583696
2019-08-07,2.168419469897201
2019-08-08,2.159693190001158
2019-08-09,2.150485778947556
2019-08-10,2.052253256349175
2019-08-11,2.065917821575046
2019-08-12,2.053844876024116
2019-08-13,1.930217299712385
2019-08-14,1.813546053498476
2019-08-15,1.851063193945387
2019-08-16,1.842088332436163
2019-08-17,1.8351782048321
2019-08-18,1.853715835545365
2019-08-19,1.956089046399194
2019-08-20,1.917512696801349
2019-08-21,1.805526071350851
2019-08-22,1.81492549733338
2019-08-23,1.859204781423771
2019-08-24,1.809292891397194
2019-08-25,1.874763866233416
2019-08-26,1.842876017267612
2019-08-27,1.807814149822704
2019-08-28,1.727079224162715
2019-08-29,1.684937750393388
2019-08-30,1.711793038301324
2019-08-31,1.719445005908763
2019-09-01,1.743172641286241
2019-09-02,1.853242583006735
2019-09-03,1.882702861347595
2019-09-04,1.871285555454521
2019-09-05,1.874710228739976
2019-09-06,1.818740430692184
2019-09-07,1.850203874036869
2019-09-08,1.830460273540032
2019-09-09,1.818252014357415
2019-09-10,1.782605136074285
2019-09-11,1.779964688195664
2019-09-12,1.821079309046612
2019-09-13,1.809337524290445
2019-09-14,1.811280868288434
2019-09-15,1.814819947090969
2019-09-16,1.791261367176188
2019-09-17,1.786900516458352
2019-09-18,1.77704911519844
2019-09-19,1.78895626927773
2019-09-20,1.77448572115272
2019-09-21,1.737389558383646
2019-09-22,1.746041076944344
2019-09-23,1.700217595728872
2019-09-24,1.520321505897644
2019-09-25,1.469929636940664
2019-09-26,1.404716059982023
2019-09-27,1.447878950815345
2019-09-28,1.449499722412246
2019-09-29,1.417031326899163
2019-09-30,1.449844117315626
2019-10-01,1.465971297477048
2019-10-02,1.474238621905561
2019-10-03,1.432147899875021
2019-10-04,1.438660141637643
2019-10-05,1.442167264643658
2019-10-06,1.383337299035772
2019-10-07,1.45522684091093
2019-10-08,1.446850658813558
2019-10-09,1.515967227378586
2019-10-10,1.50896333473801
2019-10-11,1.464313944997765
2019-10-12,1.478374500318013
2019-10-13,1.464005406450889
2019-10-14,1.472230885910472
2019-10-15,1.438945231908099
2019-10-16,1.405070457795191
2019-10-17,1.427332572583504
2019-10-18,1.401587272984316
2019-10-19,1.401834945746328
2019-10-20,1.451335725433152
2019-10-21,1.444863850602106
2019-10-22,1.419634019968562
2019-10-23,1.320135183875762
2019-10-24,1.318285657990815
2019-10-25,1.627722668615813
2019-10-26,1.629618357801206
2019-10-27,1.711753241871824
2019-10-28,1.630438646600194
2019-10-29,1.643173186879229
2019-10-30,1.606471323438939
2019-10-31,1.602786663906219
2019-11-01,1.62363670250923
2019-11-02,1.636563942183775
2019-11-03,1.608274708837249
2019-11-04,1.644898780462279
2019-11-05,1.633641130196682
2019-11-06,1.640406398719777
2019-11-07,1.614520192200619
2019-11-08,1.546689537237493
2019-11-09,1.543850431459823
2019-11-10,1.590538922637474
2019-11-11,1.535574174902288
2019-11-12,1.542769895485489
2019-11-13,1.537956030713966
2019-11-14,1.510647326575614
2019-11-15,1.484226569709288
2019-11-16,1.492869161462957
2019-11-17,1.493593553927076
2019-11-18,1.434706502947101
2019-11-19,1.426836023804258
2019-11-20,1.420844939480086
2019-11-21,1.351444893292426
2019-11-22,1.273880339032798
2019-11-23,1.284567253020266
2019-11-24,1.22028130561855
2019-11-25,1.264939245266626
2019-11-26,1.270384916575872
2019-11-27,1.343476381475398
2019-11-28,1.326858601649286
2019-11-29,1.37886078387623
2019-11-30,1.330684908143232
2019-12-01,1.310965288183069
2019-12-02,1.311168467065569
2019-12-03,1.271314843915154
2019-12-04,1.28520240900509
2019-12-05,1.313742349081273
2019-12-06,1.343088107319415
2019-12-07,1.334106735548319
2019-12-08,1.344242914615218
2019-12-09,1.307809567746762
2019-12-10,1.289986659395425
2019-12-11,1.274985801537663
2019-12-12,1.284704968499637
2019-12-13,1.293329037067516
2019-12-14,1.257889481032472
2019-12-15,1.265333865307
2019-12-16,1.232326237468897
2019-12-17,1.190346385937809
2019-12-18,1.29812767835554
2019-12-19,1.275256682447667
2019-12-20,1.286273664523138
2019-12-21,1.278511465433001
2019-12-22,1.352538688236483
2019-12-23,1.307586027674751
2019-12-24,1.294805887142051
2019-12-25,1.289150497178404
2019-12-26,1.291124421108737
2019-12-27,1.310207129801207
2019-12-28,1.310966401908257
2019-12-29,1.317897792128562
2019-12-30,1.300111793868866
2019-12-31,1.287205756301277
2020-01-01,1.295145789518011
2020-01-02,1.246059014047173
2020-01-03,1.31176845935097
2020-01-04,1.324499644011024
2020-01-05,1.324509650312838
2020-01-06,1.41471754245032
2020-01-07,1.512989067592524
2020-01-08,1.425293515007205
2020-01-09,1.400489967181362
2020-01-10,1.461887784117773
2020-01-11,1.443428019177695
2020-01-12,1.45808569043291
2020-01-13,1.478927333463798
2020-01-14,1.56487247256175
2020-01-15,1.557659728201624
2020-01-16,1.544349850893444
2020-01-17,1.593262615282296
2020-01-18,1.593276440708374
2020-01-19,1.540057029249892
2020-01-20,1.532184195265146
2020-01-21,1.550277985213167
2020-01-22,1.535057076562019
2020-01-23,1.491412401114847
2020-01-24,1.474617686635793
2020-01-25,1.475469932834053
2020-01-26,1.535274934374158
2020-01-27,1.605312388473466
2020-01-28,1.652086206110265
2020-01-29,1.637015814997238
2020-01-30,1.669727561803771
2020-01-31,1.651101735306001
2020-02-01,1.641090801831602
2020-02-02,1.655666734653899
2020-02-03,1.640577696599548
2020-02-04,1.618884802697101
2020-02-05,1.6770786322501
2020-02-06,1.710685318020881
2020-02-07,1.705175490974507
2020-02-08,1.732367357911099
2020-02-09,1.772313961987139
2020-02-10,1.697421253343364
2020-02-11,1.792295684679507
2020-02-12,1.798105996189395
2020-02-13,1.768289271369772
2020-02-14,1.786648548852046
2020-02-15,1.714027686585862
2020-02-16,1.704257910176424
2020-02-17,1.668258720572215
2020-02-18,1.744942470381652
2020-02-19,1.658168984890647
2020-02-20,1.655271597822662
2020-02-21,1.670327271800965
2020-02-22,1.670390434274799
2020-02-23,1.715075259239014
2020-02-24,1.655896564447245
2020-02-25,1.600282367859752
2020-02-26,1.484887303148927
2020-02-27,1.526170999225787
2020-02-28,1.504996076920934
2020-02-29,1.474516399707315
2020-03-01,1.475664708131099
2020-03-02,1.525337786798459
2020-03-03,1.512583784276488
2020-03-04,1.531238907208679
2020-03-05,1.553096734303304
2020-03-06,1.575806743037577
2020-03-07,1.517853505108415
2020-03-08,1.396246419284114
2020-03-09,1.37195225686741
2020-03-10,1.374711111541688
2020-03-11,1.374340401990083
2020-03-12,0.8279056291722625
2020-03-13,0.9761728609506997
2020-03-14,0.9283080142998956
2020-03-15,0.9362650002358963
2020-03-16,0.9129180856882018
2020-03-17,0.966231825300969
2020-03-18,0.9652959122579565
2020-03-19,1.120588961484011
2020-03-20,1.106068516808694
2020-03-21,1.11729895728339
2020-03-22,1.063509918779312
2020-03-23,1.189945574679287
2020-03-24,1.208526471342527
2020-03-25,1.216990771109426
2020-03-26,1.230142924243477
2020-03-27,1.136709093559737
2020-03-28,1.120562277188716
2020-03-29,1.064136014211266
2020-03-30,1.16255183219014
2020-03-31,1.140434604545546
2020-04-01,1.202972752540845
2020-04-02,1.22225306878645
2020-04-03,1.223563478730936
2020-04-04,1.244095658945124
2020-04-05,1.24557337904664
2020-04-06,1.333494240395453
2020-04-07,1.294346031585645
2020-04-08,1.328456475999526
2020-04-09,1.318619362398244
2020-04-10,1.253615183249193
2020-04-11,1.246780631953026
2020-04-12,1.220349728287865
2020-04-13,1.241931601902146
2020-04-14,1.24122232894002
2020-04-15,1.193566561340355
2020-04-16,1.283773464171053
2020-04-17,1.283917809736864
2020-04-18,1.312108203306211
2020-04-19,1.301255419073583
2020-04-20,1.25024764957355
2020-04-21,1.243138602007058
2020-04-22,1.293182170836614
2020-04-23,1.359609907908027
2020-04-24,1.354497744849614
2020-04-25,1.371031505989467
2020-04-26,1.403127242631635
2020-04-27,1.400947340574631
2020-04-28,1.399275725656732
2020-04-29,1.583860293925231
2020-04-30,1.559213888717574
2020-05-01,1.57890974117316
2020-05-02,1.630240695621727
2020-05-03,1.572106958360779
2020-05-04,1.586745570031056
2020-05-05,1.593750274938598
2020-05-06,1.633900510517288
2020-05-07,1.772300126173211
2020-05-08,1.740199044698229
2020-05-09,1.53609880366767
2020-05-10,1.545440803064547
2020-05-11,1.518793826187979
2020-05-12,1.57702356453916
2020-05-13,1.640187575650936
2020-05-14,1.718345835808311
2020-05-15,1.650114863687155
2020-05-16,1.665406986240248
2020-05-17,1.715559715424148
2020-05-18,1.688186227396896
2020-05-19,1.705162861080773
2020-05-20,1.670908806871218
2020-05-21,1.578769340048799
2020-05-22,1.619069628694952
2020-05-23,1.60997298619904
2020-05-24,1.541637184430698
2020-05-25,1.550912333925876
2020-05-26,1.55584337198505
2020-05-27,1.622363700535638
2020-05-28,1.663635592643262
2020-05-29,1.638408880070566
2020-05-30,1.688013528538411
2020-05-31,1.658531079248946
2020-06-01,1.767154475414521
2020-06-02,1.658720281218041
2020-06-03,1.676744051593269
2020-06-04,1.70597929653135
2020-06-05,1.668369464236338
2020-06-06,1.680531937677022
2020-06-07,1.697858699481302
2020-06-08,1.684523389077463
2020-06-09,1.696289105014696
2020-06-10,1.714950637482508
2020-06-11,1.612342705289755
2020-06-12,1.636208162033595
2020-06-13,1.637988890250594
2020-06-14,1.61605934189374
2020-06-15,1.627493664168758
2020-06-16,1.641052204601265
2020-06-17,1.632001827489975
2020-06-18,1.619463647877875
2020-06-19,1.604611486033015
2020-06-20,1.615985620238462
2020-06-21,1.608461877184096
2020-06-22,1.666275191513396
2020-06-23,1.658628781969042
2020-06-24,1.596055599561135
2020-06-25,1.599825754676037
2020-06-26,1.570819277283569
2020-06-27,1.543618386437601
2020-06-28,1.568136904557384
2020-06-29,1.577017860641699
2020-06-30,1.567351696435737
2020-07-01,1.585762482902822
2020-07-02,1.562961212072396
2020-07-03,1.558065300439943
2020-07-04,1.569598761836008
2020-07-05,1.557879044347468
2020-07-06,1.601836389945005
2020-07-07,1.586136131566076
2020-07-08,1.612647164306767
2020-07-09,1.578848853012212
2020-07-10,1.589707516211412
2020-07-11,1.584845746446552
2020-07-12,1.588551173183944
2020-07-13,1.57890202285591
2020-07-14,1.585074695441819
2020-07-15,1.575160709063513
2020-07-16,1.559951986886455
2020-07-17,1.565447565622099
2020-07-18,1.570429628490386
2020-07-19,1.571472120866976
2020-07-20,1.568735890996037
2020-07-21,1.600937524248607
2020-07-22,1.627030279211746
2020-07-23,1.63737690319639
2020-07-24,1.62884323546059
2020-07-25,1.652900078674373
2020-07-26,1.701030595199072
2020-07-27,1.897296587153102
2020-07-28,1.842980438378723
2020-07-29,1.877718700819705
2020-07-30,1.864346078977919
2020-07-31,1.895278057244575
2020-08-01,1.981176852250641
2020-08-02,1.867960511757287
2020-08-03,1.901480337246857
2020-08-04,1.867863045811823
2020-08-05,1.956241411346426
2020-08-06,1.957856820508908
2020-08-07,1.921616881218537
2020-08-08,1.944188618688222
2020-08-09,1.93788102648829
2020-08-10,1.9569029446879
2020-08-11,1.86315161337639
2020-08-12,1.91181033010468
2020-08-13,1.931680078514683
2020-08-14,1.95336895278525
2020-08-15,1.934356142829767
2020-08-16,1.937290711871549
2020-08-17,2.012577523666913
2020-08-18,1.951776529657183
2020-08-19,1.918562728040774
2020-08-20,1.924356909681722
2020-08-21,1.853671129951712
2020-08-22,1.890427823367262
2020-08-23,1.88698398882644
2020-08-24,1.903339430905785
2020-08-25,1.828514796275549
2020-08-26,1.855668868534409
2020-08-27,1.836511993370501
2020-08-28,1.858966153866123
2020-08-29,1.860816548278392
2020-08-30,1.889758051479996
2020-08-31,1.872799430150317
2020-09-01,1.914414157891613
2020-09-02,1.837165555357744
2020-09-03,1.659958256376303
2020-09-04,1.688424080946714
2020-09-05,1.646185312773427
2020-09-06,1.656595578305904
2020-09-07,1.66412309987893
2020-09-08,1.631474634157216
2020-09-09,1.656774159627711
2020-09-10,1.668284646032032
2020-09-11,1.668447037399456
2020-09-12,1.683161405878924
2020-09-13,1.657255419337279
2020-09-14,1.72125547715964
2020-09-15,1.725872824163599
2020-09-16,1.76889706032516
2020-09-17,1.752882482904234
2020-09-18,1.762628578166223
2020-09-19,1.774287241607387
2020-09-20,1.757385612584621
2020-09-21,1.677901947524114
2020-09-22,1.685827312344553
2020-09-23,1.650611722898672
2020-09-24,1.717681860933585
2020-09-25,1.707700290536889
2020-09-26,1.726432993372438
2020-09-27,1.744156586745875
2020-09-28,1.714025294414561
2020-09-29,1.72795461494527
2020-09-30,1.723577676665611
2020-10-01,1.692607576079934
2020-10-02,1.685592456220198
2020-10-03,1.685544075751544
2020-10-04,1.71000436866156
2020-10-05,1.717104240620705
2020-10-06,1.690555647354469
2020-10-07,1.697708259691093
2020-10-08,1.734381318103087
2020-10-09,1.764354713164849
2020-10-10,1.798754491651887
2020-10-11,1.809428623676085
2020-10-12,1.825413114271448
2020-10-13,1.821487417506932
2020-10-14,1.807190418198754
2020-10-15,1.822435701168801
2020-10-16,1.789464723490544
2020-10-17,1.800632872994285
2020-10-18,1.815531155294843
2020-10-19,1.850494819054616
2020-10-20,1.888962022015084
2020-10-21,2.02683456855114
2020-10-22,2.015962870795409
2020-10-23,2.004492920432287
2020-10-24,2.035118416411626
2020-10-25,2.019528680396853
2020-10-26,2.023972255448672
2020-10-27,2.112780445135964
2020-10-28,2.03764817595644
2020-10-29,2.083425890519365
2020-10-30,2.085585208450943
2020-10-31,2.098642979826485
2020-11-01,2.106283745226661
2020-11-02,2.059357859781935
2020-11-03,2.079620349612924
2020-11-04,2.111025078783718
2020-11-05,2.353059772482726
2020-11-06,2.30763211928332
2020-11-07,2.199105124668651
2020-11-08,2.283424481988806
2020-11-09,2.240413671959734
2020-11-10,2.258889435708877
2020-11-11,2.276123482784999
2020-11-12,2.378216298983621
2020-11-13,2.354970071744964
2020-11-14,2.316033778409885
2020-11-15,2.302281160176644
2020-11-16,2.415275887234412
2020-11-17,2.529210947403506
2020-11-18,2.510581528183454
2020-11-19,2.505583055525368
2020-11-20,2.62988281430252
2020-11-21,2.573705880569965
2020-11-22,2.511304216778323
2020-11-23,2.534391306050221
2020-11-24,2.625645174769343
2020-11-25,2.574890400569936
2020-11-26,2.371284534081338
2020-11-27,2.333045229096432
2020-11-28,2.396871203180397
2020-11-29,2.498160631630526
2020-11-30,2.633009548804219
2020-12-01,2.519093928656549
2020-12-02,2.553647580936331
2020-12-03,2.581847908319877
2020-12-04,2.481757812024475
2020-12-05,2.542819549059935
2020-12-06,2.546490813981571
2020-12-07,2.527896257695993
2020-12-08,2.383751089768617
2020-12-09,2.41330982769666
2020-12-10,2.350065908580486
2020-12-11,2.388343872156609
2020-12-12,2.43629120632409
2020-12-13,2.453459421679073
2020-12-14,2.490856851627898
2020-12-15,2.480498626545468
2020-12-16,2.715560705337953
2020-12-17,2.842283581154692
2020-12-18,2.821107755108687
2020-12-19,2.869838821557304
2020-12-20,2.87429757530603
2020-12-21,2.72806215259928
2020-12-22,2.866929593311233
2020-12-23,2.729594932919363
2020-12-24,2.770360663981215
2020-12-25,2.878365001028135
2020-12-26,3.107731729630318
2020-12-27,3.086449776319519
2020-12-28,3.010120880928003
2020-12-29,3.056333912679166
2020-12-30,3.187887796775789
2020-12-31,3.155125338984492
2021-01-01,3.142600687318425
2021-01-02,3.428988852163048
2021-01-03,3.409536170698264
2021-01-04,3.311862986503042
2021-01-05,3.419629727257582
2021-01-06,3.681908205555367
2021-01-07,3.730589016166601
2021-01-08,3.771125852256627
2021-01-09,3.740335488724624
2021-01-10,3.390032753951955
2021-01-11,3.170328407118794
2021-01-12,2.925153099488661
2021-01-13,3.386479390597402
2021-01-14,3.495528606268135
2021-01-15,3.276937231929149
2021-01-16,3.197019903048326
2021-01-17,3.151656662020272
2021-01-18,3.198020504930809
2021-01-19,3.153396628768267
2021-01-20,3.056996775854979
2021-01-21,2.55013648917441
2021-01-22,2.853816424937903
2021-01-23,2.75397961166131
2021-01-24,2.813642321319406
2021-01-25,2.796945817884158
2021-01-26,2.783605218366934
2021-01-27,2.6280499265177
2021-01-28,2.91300388455463
2021-01-29,2.89161090093682
2021-01-30,2.870616916800216
2021-01-31,2.734040670812455
2021-02-01,2.807679214769761
2021-02-02,3.014018615302232
2021-02-03,3.160139027376982
2021-02-04,3.052310585276664
2021-02-05,3.168146174244127
2021-02-06,3.219047839290206
2021-02-07,3.136880152097167
2021-02-08,3.741346891075897
2021-02-09,3.642601288234975
2021-02-10,3.423713268353885
2021-02-11,3.674913739540863
2021-02-12,3.60693396811507
2021-02-13,3.599202010267182
2021-02-14,3.660365201523579
2021-02-15,3.550849547751305
2021-02-16,3.624367914048884
2021-02-17,3.822792204780149
2021-02-18,3.718409813193023
2021-02-19,3.981883690553432
2021-02-20,3.898759920041675
2021-02-21,3.8962805234786
2021-02-22,3.6723331080233
2021-02-23,3.300981775607941
2021-02-24,3.409484800147133
2021-02-25,3.140131689243741
2021-02-26,3.161017960875686
2021-02-27,3.089956416689853
2021-02-28,3.080904443699915
2021-03-01,3.270753583732886
2021-03-02,3.198136046417555
2021-03-03,3.339768754180337
2021-03-04,3.061671512750957
2021-03-05,3.183722128405706
2021-03-06,3.203895475742413
2021-03-07,3.343014774187998
2021-03-08,3.360067468883052
2021-03-09,3.564448246128022
2021-03-10,3.545319108847752
2021-03-11,3.617959586284093
2021-03-12,3.546194209325369
2021-03-13,3.807144955901065
2021-03-14,3.673765793706378
2021-03-15,3.329356127845081
2021-03-16,3.458925124015074
2021-03-17,3.585352303504055
2021-03-18,3.446451780920254
2021-03-19,3.544422170602101
2021-03-20,3.516093897090859
2021-03-21,3.400185047834118
2021-03-22,3.274685706424906
2021-03-23,3.197283117672583
2021-03-24,3.117524459589776
2021-03-25,3.073955339381018
2021-03-26,3.220824953587996
2021-03-27,3.280090546219722
2021-03-28,3.234166297151801
2021-03-29,3.344430580839599
2021-03-30,3.416507596774019
2021-03-31,3.409076305801252
2021-04-01,3.354016596526681
2021-04-02,3.384488007760388
2021-04-03,3.231435199696531
2021-04-04,3.289688067331249
2021-04-05,3.360849571376494
2021-04-06,3.212648917931283
2021-04-07,3.13635744075381
2021-04-08,3.232066547383447
2021-04-09,3.212682946324366
2021-04-10,3.313838661039648
2021-04-11,3.283583395129511
2021-04-12,3.302018035649809
2021-04-13,3.435442478440386
2021-04-14,3.375206292461968
2021-04-15,3.391085246459485
2021-04-16,3.279789813617366
2021-04-17,3.162084974938571
2021-04-18,2.990152251242773
2021-04-19,2.875817430717811
2021-04-20,2.922129171887557
2021-04-21,2.835172621243791
2021-04-22,2.691344144656471
2021-04-23,2.609872764452957
2021-04-24,2.60248494905318
2021-04-25,2.657770864617566
2021-04-26,2.793029160992811
2021-04-27,2.869413020755025
2021-04-28,2.82864393056817
2021-04-29,2.748636458088991
2021-04-30,2.965144465294185
2021-05-01,2.940639184456233
2021-05-02,2.933549065287296
2021-05-03,2.818378787673181
2021-05-04,2.773810378939244
2021-05-05,2.888732799859142
2021-05-06,2.850920239366604
2021-05-07,2.897089053899312
2021-05-08,2.931820133938173
2021-05-09,2.94083970728418
2021-05-10,2.766203581319729
2021-05-11,2.854664164175988
2021-05-12,2.463174611822999
2021-05-13,2.481154537869333
2021-05-14,2.452714346898248
2021-05-15,2.343005828168046
2021-05-16,2.26288392225179
2021-05-17,2.2061803878764
2021-05-18,2.120640482906893
2021-05-19,1.795903871513271
2021-05-20,2.099789148470319
2021-05-21,1.899931832985377
2021-05-22,1.929522416728664
2021-05-23,1.78365660859173
2021-05-24,1.990510215828193
2021-05-25,1.926561359726582
2021-05-26,1.952279998055565
2021-05-27,1.922033577577672
2021-05-28,1.8338306737739
2021-05-29,1.717079697941139
2021-05-30,1.789049619467086
2021-05-31,1.91443852294584
2021-06-01,1.830814737357277
2021-06-02,1.896697137229858
2021-06-03,1.955136023100804
2021-06-04,1.907664182460636
2021-06-05,1.80303138622109
2021-06-06,1.839394045412263
2021-06-07,1.708867051833317
2021-06-08,1.675986115292422
2021-06-09,1.879311300331108
2021-06-10,1.851247631053802
2021-06-11,1.882204322657832
2021-06-12,1.816889567138221
2021-06-13,1.987511314468536
2021-06-14,2.046887636896769
2021-06-15,2.020810531547883
2021-06-16,1.956492735777243
2021-06-17,1.910589258374983
2021-06-18,1.814624343775309
2021-06-19,1.796522350843396
2021-06-20,1.806671302370677
2021-06-21,1.620262170800379
2021-06-22,1.717414107207829
2021-06-23,1.692586192950943
2021-06-24,1.763879374740946
2021-06-25,1.646046024967023
2021-06-26,1.670268023719779
2021-06-27,1.787978218132135
2021-06-28,1.797920282043296
2021-06-29,1.847226741322979
2021-06-30,1.806159682403189
2021-07-01,1.742288223109168
2021-07-02,1.734139962624852
2021-07-03,1.784824726480258
2021-07-04,1.801846642275464
2021-07-05,1.760820097411808
2021-07-06,1.76667358602155
2021-07-07,1.718395898485738
2021-07-08,1.676333653360522
2021-07-09,1.761321492804677
2021-07-10,1.745094706826772
2021-07-11,1.768850982279954
2021-07-12,1.710476319356578
2021-07-13,1.678369841841347
2021-07-14,1.706891824139847
2021-07-15,1.641377442829364
2021-07-16,1.642090170792979
2021-07-17,1.654766064579916
2021-07-18,1.635530593247711
2021-07-19,1.595461905476058
2021-07-20,1.532902425257249
2021-07-21,1.660829415338354
2021-07-22,1.674830467678716
2021-07-23,1.742255344423528
2021-07-24,1.765582448251169
2021-07-25,1.905867582980964
2021-07-26,1.932395745128577
2021-07-27,2.00425122473279
2021-07-28,2.011892211349064
2021-07-29,2.012143176657634
2021-07-30,2.110516012871165
2021-07-31,2.100061791757681
2021-08-01,1.988436308196567
2021-08-02,1.97847466464842
2021-08-03,1.931210317043166
2021-08-04,1.9875915437336
2021-08-05,2.012714188960587
2021-08-06,2.170242514524944
2021-08-07,2.233277228836623
2021-08-08,2.161336798823325
2021-08-09,2.295694891942059
2021-08-10,2.278563068698602
2021-08-11,2.276476591526898
2021-08-12,2.212731254171051
2021-08-13,2.36348136121241
2021-08-14,2.336732395155988
2021-08-15,2.354235174827628
2021-08-16,2.261550655404708
2021-08-17,2.212297684191875
2021-08-18,2.221759780970126
2021-08-19,2.320751028302465
2021-08-20,2.403917611620591
2021-08-21,2.401777381194854
2021-08-22,2.423346081233225
2021-08-23,2.405620720260653
2021-08-24,2.34553967575874
2021-08-25,2.396829766197397
2021-08-26,2.295106762214701
2021-08-27,2.389970371070985
2021-08-28,2.402827774853104
2021-08-29,2.346021785111672
2021-08-30,2.267888620724162
2021-08-31,2.261499868257574
2021-09-01,2.355627766832402
2021-09-02,2.34116504441681
2021-09-03,2.402525162085997
2021-09-04,2.411043595862081
2021-09-05,2.485567079497302
2021-09-06,2.517540540453061
2021-09-07,2.257065769770378
2021-09-08,2.223151809386465
2021-09-09,2.231648172320413
2021-09-10,2.164479330370201
2021-09-11,2.152702867979419
2021-09-12,2.203398427338105
2021-09-13,2.162885588031258
2021-09-14,2.25431875854674
2021-09-15,2.285615213421823
2021-09-16,2.264494613494555
2021-09-17,2.254621359320366
2021-09-18,2.280665789204652
2021-09-19,2.234745749519035
2021-09-20,1.984497241159522
2021-09-21,1.956746689332
2021-09-22,2.059677403712899
2021-09-23,2.128609409953943
2021-09-24,2.040011848729906
2021-09-25,2.031929494793706
2021-09-26,2.079162046788333
2021-09-27,2.004859641070972
2021-09-28,1.971074177617675
2021-09-29,2.005560736079957
2021-09-30,2.068339816865303
2021-10-01,2.256516057629689
2021-10-02,2.228390293316173
2021-10-03,2.255277395215726
2021-10-04,2.32809135194999
2021-10-05,2.406497596853264
2021-10-06,2.551933533858046
2021-10-07,2.50919307554991
2021-10-08,2.509996268749068
2021-10-09,2.538006188924575
2021-10-10,2.543536560229572
2021-10-11,2.618709551691026
2021-10-12,2.589600603638369
2021-10-13,2.639974355030656
2021-10-14,2.602122725682173
2021-10-15,2.787480101002444
2021-10-16,2.758129867882217
2021-10-17,2.823088708035619
2021-10-18,2.787401362585026
2021-10-19,2.86456457591694
2021-10-20,2.914279606757681
2021-10-21,2.777445345496558
2021-10-22,2.702478915455175
2021-10-23,2.698062032228411
2021-10-24,2.722895804977234
2021-10-25,2.768057969482245
2021-10-26,2.656386529686228
2021-10-27,2.553055692809957
2021-10-28,2.681371367732639
2021-10-29,2.699109040690956
2021-10-30,2.716098658371932
2021-10-31,2.676631211403793
2021-11-01,2.637557198765616
2021-11-02,2.731264835454052
2021-11-03,2.690533808519276
2021-11-04,2.606692211508786
2021-11-05,2.61356592525281
2021-11-06,2.641308185511646
2021-11-07,2.769028567795499
2021-11-08,2.863932117870844
2021-11-09,2.824730462445389
2021-11-10,2.730584947157383
2021-11-11,2.720296147398668
2021-11-12,2.665051336254293
2021-11-13,2.688823579909602
2021-11-14,2.723542394222429
2021-11-15,2.580321530957514
2021-11-16,2.460096017769204
2021-11-17,2.487905961511139
2021-11-18,2.367004183405883
2021-11-19,2.399466944446101
2021-11-20,2.444285973917527
2021-11-21,2.39364004265176
2021-11-22,2.329853481327376
2021-11-23,2.366687011197781
2021-11-24,2.385652573776591
2021-11-25,2.39833003969806
2021-11-26,2.21302769365137
2021-11-27,2.238243161771178
2021-11-28,2.363126603472995
2021-11-29,2.355231518771171
2021-11-30,2.348060876212475
2021-12-01,2.320346192725398
2021-12-02,2.302124378281231
2021-12-03,2.161707382099201
2021-12-04,2.005172659559806
2021-12-05,1.997992289596382
2021-12-06,2.078257539023205
2021-12-07,2.073223303324858
2021-12-08,2.06233451911946
2021-12-09,1.964720959077738
2021-12-10,1.955653118436617
2021-12-11,2.020086383255232
2021-12-12,2.031935472170292
2021-12-13,1.925849116761956
2021-12-14,1.970718722222211
2021-12-15,2.008177640968985
2021-12-16,1.956028770194689
2021-12-17,1.896671406176101
2021-12-18,1.911885495394167
2021-12-19,1.920418718883406
2021-12-20,1.917932432717061
2021-12-21,1.992617859076473
2021-12-22,1.976997193613797
2021-12-23,2.082185129980195
2021-12-24,2.086572230962238
2021-12-25,2.059872743742885
2021-12-26,2.068338553479338
2021-12-27,2.055861672686353
2021-12-28,1.951298376530098
2021-12-29,1.908596420781109
2021-12-30,1.924694031716728
2021-12-31,1.906798352864391
2022-01-01,1.946789107524873
2022-01-02,1.923247697695942
2022-01-03,1.889967131428179
2022-01-04,1.892446495493109
2022-01-05,1.787130862572533
2022-01-06,1.753404445054349
2022-01-07,1.724422685750455
2022-01-08,1.716423788570188
2022-01-09,1.71227509072048
2022-01-10,1.711065493196891
2022-01-11,1.756590738968469
2022-01-12,1.797759448032354
2022-01-13,1.759058527670605
2022-01-14,1.773993536526003
2022-01-15,1.77169543359691
2022-01-16,1.76473468078886
2022-01-17,1.744466578047054
2022-01-18,1.741095671404546
2022-01-19,1.725663327450371
2022-01-20,1.68851153893858
2022-01-21,1.514454973588916
2022-01-22,1.472750704661371
2022-01-23,1.491748298636856
2022-01-24,1.502318170290765
2022-01-25,1.527281323654852
2022-01-26,1.543693061190351
2022-01-27,1.551980797124159
2022-01-28,1.580095164605134
2022-01-29,1.58380956504578
2022-01-30,1.544286350434048
2022-01-31,1.607470237232734
2022-02-01,1.607990800315318
2022-02-02,1.539485770119781
2022-02-03,1.552996982772863
2022-02-04,1.729918268752238
2022-02-05,1.72853843002055
2022-02-06,1.743271913699817
2022-02-07,1.824080374940102
2022-02-08,1.839338219716167
2022-02-09,1.832758637127389
2022-02-10,1.786643369787638
2022-02-11,1.754835205230148
2022-02-12,1.75757514282666
2022-02-13,1.746107244934668
2022-02-14,1.764955053654056
2022-02-15,1.830054296347404
2022-02-16,1.823984622537492
2022-02-17,1.680885700405619
2022-02-18,1.666981193276834
2022-02-19,1.655255972928052
2022-02-20,1.607525874075502
2022-02-21,1.545405519554046
2022-02-22,1.584669677501439
2022-02-23,1.526436991354784
2022-02-24,1.590297286034595
2022-02-25,1.653710887288282
2022-02-26,1.614369756755444
2022-02-27,1.562948222494381
2022-02-28,1.804892096638822
2022-03-01,1.83292255089009
2022-03-02,1.819324706240409
2022-03-03,1.719450423007087
2022-03-04,1.604783881420802
2022-03-05,1.638860459830373
2022-03-06,1.589284352988593
2022-03-07,1.581613068458653
2022-03-08,1.61332632215895
2022-03-09,1.730286012474962
2022-03-10,1.627666446335956
2022-03-11,1.620235527719192
2022-03-12,1.610945099825325
2022-03-13,1.565626568604795
2022-03-14,1.63750395553044
2022-03-15,1.62213146806051
2022-03-16,1.696309878231437
2022-03-17,1.669571342908261
2022-03-18,1.732297452737475
2022-03-19,1.738758027569199
2022-03-20,1.712185982124016
2022-03-21,1.70198961439289
2022-03-22,1.750620438516904
2022-03-23,1.776578618917188
2022-03-24,1.813343046471431
2022-03-25,1.81178515382512
2022-03-26,1.8339472278997
2022-03-27,1.922093915005412
2022-03-28,1.935284812379349
2022-03-29,1.924962708694347
2022-03-30,1.92184064786286
2022-03-31,1.854774898981804
2022-04-01,1.908805136308603
2022-04-02,1.874261706633806
2022-04-03,1.865177102720925
2022-04-04,1.890906046494222
2022-04-05,1.829233080295944
2022-04-06,1.745243775772576
2022-04-07,1.76384856340369
2022-04-08,1.728134555499398
2022-04-09,1.736393864113128
2022-04-10,1.722771274390428
2022-04-11,1.613465942648953
2022-04-12,1.627368577455348
2022-04-13,1.678133898954116
2022-04-14,1.622076416006637
2022-04-15,1.65078110418086
2022-04-16,1.643898466007007
2022-04-17,1.61733098487775
2022-04-18,1.664639368835839
2022-04-19,1.681119985173802
2022-04-20,1.690345216143639
2022-04-21,1.640600635304283
2022-04-22,1.608120081269032
2022-04-23,1.608757459261287
2022-04-24,1.580374072246405
2022-04-25,1.649594599918718
2022-04-26,1.55415548645574
2022-04-27,1.603752738148922
2022-04-28,1.621783477956577
2022-04-29,1.574295881400151
2022-04-30,1.536391669085166
2022-05-01,1.576865224973873
2022-05-02,1.567950906291237
2022-05-03,1.549397498170212
2022-05-04,1.619822445664653
2022-05-05,1.48804239165407
2022-05-06,1.474245314123063
2022-05-07,1.438255208617277
2022-05-08,1.400657521198721
2022-05-09,1.264014347076457
2022-05-10,1.283897918394902
2022-05-11,1.236554803553522
2022-05-12,1.230700142466197
2022-05-13,1.230945805744232
2022-05-14,1.24870507296747
2022-05-15,1.296916133106692
2022-05-16,1.258272161875114
2022-05-17,1.274160175333666
2022-05-18,1.20914520739428
2022-05-19,1.267128263938688
2022-05-20,1.227404247742951
2022-05-21,1.235666125655573
2022-05-22,1.269862402763236
2022-05-23,1.223309795395518
2022-05-24,1.244225284501396
2022-05-25,1.250957012403323
2022-05-26,1.222183004512663
2022-05-27,1.213320706885762
2022-05-28,1.222631742164526
2022-05-29,1.235863820098648
2022-05-30,1.330431722988849
2022-05-31,1.344559522889445
2022-06-01,1.251213851560803
2022-06-02,1.28449486779599
2022-06-03,1.256721578724496
2022-06-04,1.259030179021788
2022-06-05,1.283018763855841
2022-06-06,1.279023611145866
2022-06-07,1.318767822291351
2022-06-08,1.282837846501182
2022-06-09,1.264934862503586
2022-06-10,1.243445010628779
2022-06-11,1.213962568858334
2022-06-12,1.121735133992454
2022-06-13,0.9383028030542515
2022-06-14,0.9460764077743323
2022-06-15,0.9889339434524682
2022-06-16,0.8910074968607726
2022-06-17,0.9020649175882098
2022-06-18,0.8367361511108998
2022-06-19,0.8850645060519129
2022-06-20,0.9131870068299679
2022-06-21,0.9107776754145029
2022-06-22,0.905562376405355
2022-06-23,0.9321177102630204
2022-06-24,0.9413621965849621
2022-06-25,0.9536315983897486
2022-06-26,0.9354190788144418
2022-06-27,0.9237454312143212
2022-06-28,0.9028306281783492
2022-06-29,0.8926754995440994
2022-06-30,0.906893308202196
2022-07-01,0.8586199665662041
2022-07-02,0.8621649841332728
2022-07-03,0.8638753704490915
2022-07-04,0.9148845094618625
2022-07-05,0.9090977788223995
2022-07-06,0.9232836021004258
2022-07-07,0.9771737391177971
2022-07-08,0.9696965307245917
2022-07-09,0.9630465574066666
2022-07-10,0.9383373512251304
2022-07-11,0.8959256139003091
2022-07-12,0.8788440534031701
2022-07-13,0.9194583028028498
2022-07-14,0.9243154828361454
2022-07-15,0.9412400663362815
2022-07-16,0.9691193369968005
2022-07-17,0.947607521240515
2022-07-18,1.017319406495616
2022-07-19,1.050117820327595
2022-07-20,1.059333515571811
2022-07-21,1.062218688647312
2022-07-22,1.0409364764606
2022-07-23,1.031387001359818
2022-07-24,1.021192585748271
2022-07-25,0.9619196377091884
2022-07-26,0.9725301183977414
2022-07-27,1.044503186211035
2022-07-28,1.094133196540452
2022-07-29,1.096080090074951
2022-07-30,1.088150515913466
2022-07-31,1.071308293898388
2022-08-01,1.062836775491361
2022-08-02,1.045022970719101
2022-08-03,1.054859808171214
2022-08-04,1.038703481950974
2022-08-05,1.067574766438112
2022-08-06,1.050329595592612
2022-08-07,1.067537638094579
2022-08-08,1.091731416473928
2022-08-09,1.046517418659708
2022-08-10,1.104753768743935
2022-08-11,1.10085978159215
2022-08-12,1.124258239082973
2022-08-13,1.125340732001732
2022-08-14,1.120315405838306
2022-08-15,1.107984898930994
2022-08-16,1.102647638348962
2022-08-17,1.077636864582095
2022-08-18,1.053847205971472
2022-08-19,0.9669007672802817
2022-08-20,0.9749898613519733
2022-08-21,0.9880927820793429
2022-08-22,0.9817734573724578
2022-08-23,0.9861998953010842
2022-08-24,0.990635770206419
2022-08-25,0.9911455132105758
2022-08-26,0.9378333442974708
2022-08-27,0.9237416103606998
2022-08-28,0.9077595635831147
2022-08-29,0.9361225173826841
2022-08-30,0.9235989003259033
2022-08-31,0.928759802648112
2022-09-01,0.9298253735016729
2022-09-02,0.9274288808108703
2022-09-03,0.9184877000389773
2022-09-04,0.923254940369864
2022-09-05,0.9320376330734816
2022-09-06,0.8744790017268438
2022-09-07,0.8969231472316046
2022-09-08,0.9005638920752984
2022-09-09,0.9879572679416482
2022-09-10,1.001475793049695
2022-09-11,1.005745554114097
2022-09-12,1.032456006665095
2022-09-13,0.941154738985237
2022-09-14,0.9404142515449794
2022-09-15,0.9238336390333654
2022-09-16,0.9323038194949654
2022-09-17,0.9340207925639704
2022-09-18,0.9095510712707524
2022-09-19,0.9133624224656945
2022-09-20,0.8865890311528924
2022-09-21,0.8617449866448345
2022-09-22,0.9050046468477488
2022-09-23,0.8976404663254429
2022-09-24,0.8890983896536845
2022-09-25,0.8808542332338145
2022-09-26,0.9078280137523379
2022-09-27,0.8961175420773909
2022-09-28,0.9130068277256105
2022-09-29,0.9184940780421564
2022-09-30,0.9121539025287805
2022-10-01,0.9066008420141412
2022-10-02,0.8979448866129105
2022-10-03,0.9203686826946568
2022-10-04,0.9498803336544135
2022-10-05,0.95387153834884
2022-10-06,0.9411794103954962
2022-10-07,0.9216381117307892
2022-10-08,0.9140361879084141
2022-10-09,0.9186348165005955
2022-10-10,0.8977399473316617
2022-10-11,0.9004012533427738
2022-10-12,0.9040597147943333
2022-10-13,0.9168265125653463
2022-10-14,0.9071221408507272
2022-10-15,0.9043975595065372
2022-10-16,0.9087238924568624
2022-10-17,0.927025202759643
2022-10-18,0.9092904696350578
2022-10-19,0.8972669043022529
2022-10-20,0.9011711370006837
2022-10-21,0.9070086081951948
2022-10-22,0.9091907832457634
2022-10-23,0.9244389283362425
2022-10-24,0.9146982908884658
2022-10-25,0.9549818153274026
2022-10-26,0.9825904578768543
2022-10-27,0.9602020673373051
2022-10-28,0.9765111382352516
2022-10-29,0.9806816890177936
2022-10-30,0.9727764315465196
2022-10-31,0.9686407819231673
2022-11-01,0.9717914292380827
2022-11-02,0.9571359463841657
2022-11-03,0.9612006465029941
2022-11-04,1.014525735003866
2022-11-05,1.00942170071763
2022-11-06,0.9896749269387092
2022-11-07,0.9741119743000576
2022-11-08,0.8719074351756456
2022-11-09,0.7734019344587096
2022-11-10,0.8387129444711777
2022-11-11,0.8084121513770407
2022-11-12,0.8087241717816928
2022-11-13,0.7814009698328528
2022-11-14,0.7972737589986609
2022-11-15,0.8093111405689404
2022-11-16,0.8077297703130878
2022-11-17,0.8232364604209877
2022-11-18,0.8178336116259304
2022-11-19,0.8211129584772477
2022-11-20,0.7988749540254428
2022-11-21,0.7809508879270477
2022-11-22,0.7976910159295926
2022-11-23,0.8161133161353388
2022-11-24,0.8152509819318233
2022-11-25,0.8183088454747559
2022-11-26,0.813381279826312
2022-11-27,0.8126902378788997
2022-11-28,0.8004609516165173
2022-11-29,0.8334722601272435
2022-11-30,0.8502533156327496
2022-12-01,0.8447633910382354
2022-12-02,0.8457734374097687
2022-12-03,0.8409941228108353
2022-12-04,0.8545991554519805
2022-12-05,0.8483302253174373
2022-12-06,0.8502465472966799
2022-12-07,0.8381353698212728
2022-12-08,0.857890527657202
2022-12-09,0.8561013084228593
2022-12-10,0.8555945942727422
2022-12-11,0.8465544027428598
2022-12-12,0.8569420133018741
2022-12-13,0.8902052378539494
2022-12-14,0.8897854631395733
2022-12-15,0.8715659249645274
2022-12-16,0.8363857621635887
2022-12-17,0.8386494933008959
2022-12-18,0.840148028647314
2022-12-19,0.8257614495025987
2022-12-20,0.8449652750520545
2022-12-21,0.845822488254426
2022-12-22,0.8424686718303631
2022-12-23,0.8443360215523756
2022-12-24,0.8463558223384159
2022-12-25,0.845998939007825
2022-12-26,0.8480612199150602
2022-12-27,0.8391932389365414
2022-12-28,0.8348954233996008
2022-12-29,0.8382196017901731
2022-12-30,0.8360615008808899
2022-12-31,0.8352850153820273
2023-01-01,0.8384717482222183
2023-01-02,0.8441320088612898
2023-01-03,0.8426264002694713
2023-01-04,0.8517445864784008
2023-01-05,0.8534087307247727
2023-01-06,0.8598456279718099
2023-01-07,0.8577628117185385
2023-01-08,0.8704558135344052
2023-01-09,0.8726204964945478
2023-01-10,0.8858289619359034
2023-01-11,0.9256015531172753
2023-01-12,0.9524203233013614
2023-01-13,1.060094542700036
2023-01-14,1.052345656522208
2023-01-15,1.0625273517102
2023-01-16,1.069010575090321
2023-01-17,1.073151243505838
2023-01-18,1.047427855921125
2023-01-19,1.065985171755151
2023-01-20,1.142301894226179
2023-01-21,1.157208202629456
2023-01-22,1.150060028704083
2023-01-23,1.161684792675651
2023-01-24,1.144904036283409
2023-01-25,1.173664263156307
2023-01-26,1.158376819688539
2023-01-27,1.170872948161982
2023-01-28,1.168749055124669
2023-01-29,1.200636926791624
2023-01-30,1.153746971743199
2023-01-31,1.165940634191559
2023-02-01,1.220793046201202
2023-02-02,1.188482663077081
2023-02-03,1.180549688789287
2023-02-04,1.173656413212947
2023-02-05,1.162316424276487
2023-02-06,1.149161536107052
2023-02-07,1.17548074091035
2023-02-08,1.157933917486367
2023-02-09,1.099997083021078
2023-02-10,1.09228811305084
2023-02-11,1.102123138574572
2023-02-12,1.100141249594786
2023-02-13,1.09684089934091
2023-02-14,1.117035286054179
2023-02-15,1.239514384568036
2023-02-16,1.194307546494805
2023-02-17,1.240492928190106
2023-02-18,1.245191716398978
2023-02-19,1.218727645233696
2023-02-20,1.250707943227589
2023-02-21,1.228002601073129
2023-02-22,1.214276191318812
2023-02-23,1.20529324027819
2023-02-24,1.165434503235993
2023-02-25,1.162467610185276
2023-02-26,1.182159818914353
2023-02-27,1.178355657103412
2023-02-28,1.163209157669888
2023-03-01,1.189249419674568
2023-03-02,1.180036073001023
2023-03-03,1.127766744160769
2023-03-04,1.128246266785365
2023-03-05,1.132440114267115
2023-03-06,1.130809109147729
2023-03-07,1.12601954775583
2023-03-08,1.099779639736408
2023-03-09,1.019738226910156
2023-03-10,1.030122245728766
2023-03-11,1.045512263023004
2023-03-12,1.148167123906668
2023-03-13,1.228968828623545
2023-03-14,1.254073465692763
2023-03-15,1.227489844432976
2023-03-16,1.26141789965291
2023-03-17,1.39441558482743
2023-03-18,1.367246185978685
2023-03-19,1.40433985556503
2023-03-20,1.40462664379204
2023-03-21,1.411799568576632
2023-03-22,1.374693776923349
2023-03-23,1.415767242382428
2023-03-24,1.382297469859004
2023-03-25,1.380869279920352
2023-03-26,1.403167852818447
2023-03-27,1.348089325705404
2023-03-28,1.363638274972545
2023-03-29,1.415135052510251
2023-03-30,1.433054467828249
2023-03-31,1.441348877679435
2023-04-01,1.437286933859051
2023-04-02,1.424067388583145
2023-04-03,1.405292781121312
2023-04-04,1.45073392114259
2023-04-05,1.415568407857487
2023-04-06,1.420876439641655
2023-04-07,1.410831329268601
2023-04-08,1.418159444131196
2023-04-09,1.435543755817158
2023-04-10,1.512371896337045
2023-04-11,1.525570743049856
2023-04-12,1.512765466624526
2023-04-13,1.549679094568122
2023-04-14,1.529658689037317
2023-04-15,1.524279192419146
2023-04-16,1.501996633605705
2023-04-17,1.477250960239373
2023-04-18,1.52403779374814
2023-04-19,1.45283900449517
2023-04-20,1.42078102905941
2023-04-21,1.367203326670178
2023-04-22,1.383266011450194
2023-04-23,1.39624369497045
2023-04-24,1.378961356148042
2023-04-25,1.421521928717933
2023-04-26,1.46707080621293
2023-04-27,1.482851039992256
2023-04-28,1.467776174167061
2023-04-29,1.461189526779507
2023-04-30,1.469201835749357
2023-05-01,1.406336575893008
2023-05-02,1.429071761077251
2023-05-03,1.453835506069563
2023-05-04,1.44853107088078
2023-05-05,1.485634055535036
2023-05-06,1.451162595490782
2023-05-07,1.428946597438858
2023-05-08,1.375957599459083
2023-05-09,1.381932744790039
2023-05-10,1.369602845650681
2023-05-11,1.345350563990791
2023-05-12,1.335093249731399
2023-05-13,1.330963578973138
2023-05-14,1.333563664990668
2023-05-15,1.351928674260523
2023-05-16,1.34596600733154
2023-05-17,1.35892180037595
2023-05-18,1.335676419964648
2023-05-19,1.334134069020143
2023-05-20,1.353644990040689
2023-05-21,1.324250033362891
2023-05-22,1.330776354451109
2023-05-23,1.347139085582484
2023-05-24,1.301438671411796
2023-05-25,1.312403358625855
2023-05-26,1.321892961110317
2023-05-27,1.34280454607562
2023-05-28,1.397640158237619
2023-05-29,1.373349929544517
2023-05-30,1.374794941966162
2023-05-31,1.34076652539294
2023-06-01,1.326199879831129
2023-06-02,1.345391637021608
2023-06-03,1.337475377857437
2023-06-04,1.338333239405334
2023-06-05,1.272888861058249
2023-06-06,1.348649767552081
2023-06-07,1.306948877842003
2023-06-08,1.310147702474479
2023-06-09,1.309983060593945
2023-06-10,1.27602449720596
2023-06-11,1.286446268435484
2023-06-12,1.28121161637544
2023-06-13,1.287143277116243
2023-06-14,1.248266201948838
2023-06-15,1.262574644348957
2023-06-16,1.303257497320784
2023-06-17,1.310175830041101
2023-06-18,1.30541487191039
2023-06-19,1.337186573099653
2023-06-20,1.408384979758285
2023-06-21,1.491293202738429
2023-06-22,1.484025248884938
2023-06-23,1.506485527578293
2023-06-24,1.506706864974243
2023-06-25,1.50029708211727
2023-06-26,1.496890557016849
2023-06-27,1.508114998921451
2023-06-28,1.479943150210648
2023-06-29,1.497926373715462
2023-06-30,1.498007569405966
2023-07-01,1.501294061386684
2023-07-02,1.503802820035214
2023-07-03,1.52679712991391
2023-07-04,1.509154286210007
2023-07-05,1.491490631909461
2023-07-06,1.475496038371555
2023-07-07,1.486779715029157
2023-07-08,1.488788199159747
2023-07-09,1.476749220058763
2023-07-10,1.492060810433492
2023-07-11,1.49587038186987
2023-07-12,1.487545941410277
2023-07-13,1.540996477881158
2023-07-14,1.486152823062229
2023-07-15,1.48430258536952
2023-07-16,1.480306269694909
2023-07-17,1.477911995664139
2023-07-18,1.471817199285055
2023-07-19,1.468320574517351
2023-07-20,1.457529030773244
2023-07-21,1.467681995361027
2023-07-22,1.457374872785881
2023-07-23,1.46849426505442
2023-07-24,1.424818884248623
2023-07-25,1.427269844362606
2023-07-26,1.436411579863875
2023-07-27,1.433754242852095
2023-07-28,1.441544356313089
2023-07-29,1.442617350399142
2023-07-30,1.447920459267538
2023-07-31,1.439269323124647
2023-08-01,1.465263747477153
2023-08-02,1.433479083697075
2023-08-03,1.436162884443285
2023-08-04,1.429635387467503
2023-08-05,1.427868690968944
2023-08-06,1.426176666248675
2023-08-07,1.436470836805682
2023-08-08,1.463613224532373
2023-08-09,1.454330574973047
2023-08-10,1.447400321000958
2023-08-11,1.446036350633466
2023-08-12,1.445744015953443
2023-08-13,1.436195788907358
2023-08-14,1.444135599950101
2023-08-15,1.433628176694582
2023-08-16,1.402009122543326
2023-08-17,1.313426050449532
2023-08-18,1.282933487165403
2023-08-19,1.287406498027205
2023-08-20,1.28546709892193
2023-08-21,1.284074617882026
2023-08-22,1.281061483406505
2023-08-23,1.305000643201729
2023-08-24,1.287015964916744
2023-08-25,1.282790269543562
2023-08-26,1.280876117592623
2023-08-27,1.281950000755172
2023-08-28,1.287531338737826
2023-08-29,1.362332660121037
2023-08-30,1.341837338894271
2023-08-31,1.28421709918521
2023-09-01,1.271853701669483
2023-09-02,1.276139736598419
2023-09-03,1.277975594176878
2023-09-04,1.270969096924294
2023-09-05,1.272958687228512
2023-09-06,1.270891922863247
2023-09-07,1.301683429894058
2023-09-08,1.276768066486344
2023-09-09,1.277247364374013
2023-09-10,1.270019006563805
2023-09-11,1.244631679499837
2023-09-12,1.280590630600233
2023-09-13,1.310348138633558
2023-09-14,1.30832109135409
2023-09-15,1.315586798477645
2023-09-16,1.307237462052197
2023-09-17,1.307057804506716
2023-09-18,1.317266876211721
2023-09-19,1.342086883399482
2023-09-20,1.333921227871499
2023-09-21,1.314293099889642
2023-09-22,1.31257846504361
2023-09-23,1.311079607464243
2023-09-24,1.295056815015576
2023-09-25,1.295561820859708
2023-09-26,1.2949039186288
2023-09-27,1.303870480389581
2023-09-28,1.335568314067113
2023-09-29,1.328656202636866
2023-09-30,1.33147018210978
2023-10-01,1.378008543799713
2023-10-02,1.352426772314431
2023-10-03,1.346281917564632
2023-10-04,1.3708991257009
2023-10-05,1.353199217787061
2023-10-06,1.376127964367015
2023-10-07,1.378392260589785
2023-10-08,1.370955913922051
2023-10-09,1.357141130305204
2023-10-10,1.352298049349414
2023-10-11,1.31957822735514
2023-10-12,1.321061460450925
2023-10-13,1.324445878895931
2023-10-14,1.321723874079661
2023-10-15,1.336443797914065
2023-10-16,1.392082311642616
2023-10-17,1.396111716549767
2023-10-18,1.396168901837869
2023-10-19,1.409654350127987
2023-10-20,1.456902358861018
2023-10-21,1.473286002795589
2023-10-22,1.480239600099645
2023-10-23,1.644741382585557
2023-10-24,1.662793573057311
2023-10-25,1.691971569942018
2023-10-26,1.657583508637232
2023-10-27,1.650514609805026
2023-10-28,1.658480460264518
2023-10-29,1.676485461017613
2023-10-30,1.677791164175363
2023-10-31,1.676513599588471
2023-11-01,1.717929339993149
2023-11-02,1.671376578325406
2023-11-03,1.679256334650321
2023-11-04,1.692906529831808
2023-11-05,1.695852751895472
2023-11-06,1.687957767005817
2023-11-07,1.707859729061579
2023-11-08,1.72963619236213
2023-11-09,1.755514253078742
2023-11-10,1.792403287270404
2023-11-11,1.77217722752092
2023-11-12,1.781590865513436
2023-11-13,1.738436923465974
2023-11-14,1.702305111018158
2023-11-15,1.809978083545515
2023-11-16,1.740677712615325
2023-11-17,1.74192277718792
2023-11-18,1.744983351979365
2023-11-19,1.783799324914691
2023-11-20,1.786697750588035
2023-11-21,1.722136204178178
2023-11-22,1.778428289164017
2023-11-23,1.776381645803347
2023-11-24,1.796405676265022
2023-11-25,1.796686081268105
2023-11-26,1.783501440675759
2023-11-27,1.77179371449277
2023-11-28,1.802343276368387
2023-11-29,1.793918996794065
2023-11-30,1.788034637051454
2023-12-01,1.83485901242658
2023-12-02,1.87064336955774
2023-12-03,1.902414754876614
2023-12-04,1.976506574297847
2023-12-05,2.077386231176579
2023-12-06,2.055696732658253
2023-12-07,2.031816586105699
2023-12-08,2.06580056568875
2023-12-09,2.044557965243093
2023-12-10,2.036670427232188
2023-12-11,1.94451600121619
2023-12-12,1.926549464957245
2023-12-13,1.990664293514465
2023-12-14,1.992797421130535
2023-12-15,1.943417671329488
2023-12-16,1.952233926250075
2023-12-17,1.915813153531897
2023-12-18,1.976416317893153
2023-12-19,1.960395639170089
2023-12-20,2.01169864894768
2023-12-21,2.021450764616031
2023-12-22,2.019640533174333
2023-12-23,2.012751062985445
2023-12-24,1.973650408589098
2023-12-25,1.996563191210955
2023-12-26,1.943385211169814
2023-12-27,1.993722845630207
2023-12-28,1.939287879857883
2023-12-29,1.921493398705437
2023-12-30,1.932015656428141
2023-12-31,1.935641609537808
2024-01-01,2.054372183980961
2024-01-02,2.053086282209187
2024-01-03,1.94847948080981
2024-01-04,1.994560077727325
2024-01-05,1.984908982075032
2024-01-06,1.985621646271531
2024-01-07,1.962688407979519
2024-01-08,2.096489332271209
2024-01-09,2.05361950991697
2024-01-10,2.088629949561826
2024-01-11,2.066832382976064
2024-01-12,1.910129253229154
2024-01-13,1.905278425642549
2024-01-14,1.885683950268894
2024-01-15,1.899346740738761
2024-01-16,1.91311486483747
2024-01-17,1.892178340258627
2024-01-18,1.827610359156789
2024-01-19,1.835609883588585
2024-01-20,1.843042911157998
2024-01-21,1.843198685670039
2024-01-22,1.762887868809679
2024-01-23,1.777530858258153
2024-01-24,1.77382759755276
2024-01-25,1.760282052312895
2024-01-26,1.842598105144421
2024-01-27,1.851243305804309
2024-01-28,1.849509946459706
2024-01-29,1.90095285225768
2024-01-30,1.885629853343368
2024-01-31,1.861440500972136
2024-02-01,1.892199928073477
2024-02-02,1.893270251904277
2024-02-03,1.883430708792361
2024-02-04,1.854364365008563
2024-02-05,1.862591408561662
2024-02-06,1.882963893238271
2024-02-07,1.950693175708192
2024-02-08,1.975928613787678
2024-02-09,2.050571439808367
2024-02-10,2.076952056217784
2024-02-11,2.112512790522743
2024-02-12,2.172682683414165
2024-02-13,2.143101476769641
2024-02-14,2.25389762892871
2024-02-15,2.232074476391558
2024-02-16,2.231487771158266
2024-02-17,2.214959581028627
2024-02-18,2.23455091895543
2024-02-19,2.203932267971648
2024-02-20,2.224700153216808
2024-02-21,2.193936755064967
2024-02-22,2.184933489466576
2024-02-23,2.157967767653826
2024-02-24,2.182129094249611
2024-02-25,2.188826927243071
2024-02-26,2.306555240056456
2024-02-27,2.397214341567839
2024-02-28,2.544339073817299
2024-02-29,2.535362964094146
2024-03-01,2.552490112286822
2024-03-02,2.526899511292462
2024-03-03,2.592543434542192
2024-03-04,2.762079400277244
2024-03-05,2.554261855759421
2024-03-06,2.622546210898239
2024-03-07,2.639436156357843
2024-03-08,2.664878614059948
2024-03-09,2.66869507191425
2024-03-10,2.649309785347477
2024-03-11,2.774676089672134
2024-03-12,2.737283150356061
2024-03-13,2.742972183073039
2024-03-14,2.694020970659981
2024-03-15,2.605408955433492
2024-03-16,2.436745231789055
2024-03-17,2.508011014461788
2024-03-18,2.497764776444193
2024-03-19,2.352961228363006
2024-03-20,2.516372216850327
2024-03-21,2.440461471763675
2024-03-22,2.35305940173745
2024-03-23,2.364266914835401
2024-03-24,2.436770240213379
2024-03-25,2.532612579366275
2024-03-26,2.553748455926183
2024-03-27,2.514889786089733
2024-03-28,2.543975931725443
2024-03-29,2.513733576926887
2024-03-30,2.508379399498422
2024-03-31,2.551618801193937
2024-04-01,2.475681068360824
2024-04-02,2.32711435510765
2024-04-03,2.355746404926615
2024-04-04,2.436084544149144
2024-04-05,2.410117112761252
2024-04-06,2.445596979331002
2024-04-07,2.453986174820358
2024-04-08,2.522579165084564
2024-04-09,2.437909206020432
2024-04-10,2.485490068137228
2024-04-11,2.475482377140447
2024-04-12,2.354067895544692
2024-04-13,2.242337648174916
2024-04-14,2.306271364533417
2024-04-15,2.224718178467028
2024-04-16,2.249570662372819
2024-04-17,2.160700202814217
2024-04-18,2.201763795089111
2024-04-19,2.225133802379957
2024-04-20,2.27016033521231
2024-04-21,2.273745583157935
2024-04-22,2.34619378628406
2024-04-23,2.334011088747313
2024-04-24,2.245565797837076
2024-04-25,2.24302476903873
2024-04-26,2.19643031062928
2024-04-27,2.210182355863024
2024-04-28,2.19620968397116
2024-04-29,2.240527916899896
2024-04-30,2.087870201536115
2024-05-01,2.004620286834057
2024-05-02,2.051518468582015
2024-05-03,2.191100144668619
2024-05-04,2.204334683370113
2024-05-05,2.228155297940066
2024-05-06,2.202222358833953
2024-05-07,2.168183026841178
2024-05-08,2.125007761451584
2024-05-09,2.174375364955973
2024-05-10,2.102544774101151
2024-05-11,2.108661362372592
2024-05-12,2.125972808716156
2024-05-13,2.169504723566506
2024-05-14,2.12041069245434
2024-05-15,2.275771613232235
2024-05-16,2.251725054686149
2024-05-17,2.298169469272238
2024-05-18,2.296717420483145
2024-05-19,2.279398388639791
2024-05-20,2.44101975623535
2024-05-21,2.394417833741919
2024-05-22,2.368852742395844
2024-05-23,2.310495877065169
2024-05-24,2.332608582166733
2024-05-25,2.352967746208028
2024-05-26,2.33844261124626
2024-05-27,2.35340336636405
2024-05-28,2.283686295309783
2024-05-29,2.252470126904586
2024-05-30,2.281475898024044
2024-05-31,2.251674451637657
2024-06-01,2.25913101332308
2024-06-02,2.256304610072223
2024-06-03,2.292217301294906
2024-06-04,2.348927290869423
2024-06-05,2.352217106552303
2024-06-06,2.340383732103166
2024-06-07,2.28831509147689
2024-06-08,2.284285934128789
2024-06-09,2.292544543968484
2024-06-10,2.285620155337269
2024-06-11,2.208919359889967
2024-06-12,2.243171302316896
2024-06-13,2.189389784680841
2024-06-14,2.171359216170658
2024-06-15,2.169528415716358
2024-06-16,2.182593911104476
2024-06-17,2.155415191178468
2024-06-18,2.13536123505133
2024-06-19,2.132454152636142
2024-06-20,2.123106480091371
2024-06-21,2.096524717905257
2024-06-22,2.104414926612367
2024-06-23,2.058166039177317
2024-06-24,1.972623347590081
2024-06-25,2.017672564899669
2024-06-26,1.990735780639352
2024-06-27,2.005375127040896
2024-06-28,1.977313045647889
2024-06-29,1.98665423071842
2024-06-30,2.04837491419286
2024-07-01,2.046895493263972
2024-07-02,2.019184927444074
2024-07-03,1.964063001003378
2024-07-04,1.865810273048754
2024-07-05,1.842104224258042
2024-07-06,1.88535624293619
2024-07-07,1.792406535828748
2024-07-08,1.8404103557349
2024-07-09,1.870375468487868
2024-07-10,1.873376684990653
2024-07-11,1.85921356977496
2024-07-12,1.880689897476468
2024-07-13,1.942147591110954
2024-07-14,1.989150861564946
2024-07-15,2.096100467020948
2024-07-16,2.122242383152835
2024-07-17,2.08480592006105
2024-07-18,2.054983970786452
2024-07-19,2.143170736905507
2024-07-20,2.161612774061545
2024-07-21,2.196142318874847
2024-07-22,2.17133965439546
2024-07-23,2.109464514665847
2024-07-24,2.098708960529915
2024-07-25,2.126752774731544
2024-07-26,2.17185927899427
2024-07-27,2.172002520391529
2024-07-28,2.195910579991715
2024-07-29,2.124428325985333
2024-07-30,2.115527584576222
2024-07-31,2.060471779649097
2024-08-01,2.066963507304577
2024-08-02,1.946232070410496
2024-08-03,1.93493898200871
2024-08-04,1.789464672915368
2024-08-05,1.791818616509172
2024-08-06,1.801020487518001
2024-08-07,1.768910955372636
2024-08-08,1.956492778528328
2024-08-09,1.933555875989541
2024-08-10,1.94813888860993
2024-08-11,1.863543736924144
2024-08-12,1.906233349691053
2024-08-13,1.938925232291188
2024-08-14,1.881413601916695
2024-08-15,1.833135618984534
2024-08-16,1.887985010640765
2024-08-17,1.903518379068573
2024-08-18,1.860971644550438
2024-08-19,1.929520685084618
2024-08-20,1.881513197533137
2024-08-21,1.939379993226534
2024-08-22,1.935298099915567
2024-08-23,2.037457409093599
2024-08-24,2.041788567392647
2024-08-25,2.039055975839277
2024-08-26,1.993258359035625
2024-08-27,1.879211760569885
2024-08-28,1.88429071244412
2024-08-29,1.880949643001569
2024-08-30,1.88204295382641
2024-08-31,1.872160125079822
2024-09-01,1.825770594938246
2024-09-02,1.882899218126254
2024-09-03,1.815654517076467
2024-09-04,1.843366549262721
2024-09-05,1.785515914935963
2024-09-06,1.714696326867487
2024-09-07,1.722567739922122
2024-09-08,1.751605102270992
2024-09-09,1.8119905241453
2024-09-10,1.832743720799499
2024-09-11,1.832628108595545
2024-09-12,1.844701936269189
2024-09-13,1.919157536985414
2024-09-14,1.905736309330069
2024-09-15,1.861705009884454
2024-09-16,1.828690856786201
2024-09-17,1.910150660783354
2024-09-18,1.972420529216503
2024-09-19,1.986001116280408
2024-09-20,1.995926465101995
2024-09-21,1.996785953670375
2024-09-22,2.007173683682022
2024-09-23,1.983424962451463
2024-09-24,2.020503217824808
2024-09-25,1.980043040828117
2024-09-26,2.050818151037683
2024-09-27,2.069064361316741
2024-09-28,2.060205702254117
2024-09-29,2.053113524515001
2024-09-30,1.990903124806221
2024-10-01,1.91315706873932
2024-10-02,1.912174691184477
2024-10-03,1.897557141289079
2024-10-04,1.948999263693111
2024-10-05,1.940557840909543
2024-10-06,1.995116033791887
2024-10-07,1.958208362899726
2024-10-08,1.929177863986478
2024-10-09,1.874623014068356
2024-10-10,1.868088761031871
2024-10-11,1.94629895864064
2024-10-12,1.955510329022174
2024-10-13,1.933965629620794
2024-10-14,2.037325044310086
2024-10-15,2.061944719783707
2024-10-16,2.084212216972825
2024-10-17,2.066716183503353
2024-10-18,2.098937023354842
2024-10-19,2.094252801661833
2024-10-20,2.117577842214218
2024-10-21,2.05015777385525
2024-10-22,2.049242536381135
2024-10-23,2.055291448197323
2024-10-24,2.071778370717267
2024-10-25,2.030437246684134
2024-10-26,2.038681639087241
2024-10-27,2.063736382366292
2024-10-28,2.126168126660488
2024-10-29,2.191177147504439
2024-10-30,2.184248953834344
2024-10-31,2.119498988496363
2024-11-01,2.104978375330115
2024-11-02,2.089018628840409
2024-11-03,2.07429488816333
2024-11-04,2.051513646681965
2024-11-05,2.144697327554829
2024-11-06,2.261055080239395
2024-11-07,2.27557841957851
2024-11-08,2.282195284882769
2024-11-09,2.293787903878552
2024-11-10,2.397485294982119
2024-11-11,2.631639333583632
2024-11-12,2.585044072454108
2024-11-13,2.626074900406905
2024-11-14,2.541596418097162
2024-11-15,2.62005669033688
2024-11-16,2.60962715135324
2024-11-17,2.581543041842898
2024-11-18,2.605115518549046
2024-11-19,2.618450644481069
2024-11-20,2.677791941202737
2024-11-21,2.729548210741403
2024-11-22,2.727187434268615
2024-11-23,2.695688130490841
2024-11-24,2.685502375608877
2024-11-25,2.566017958665844
2024-11-26,2.50686671469488
2024-11-27,2.628132258496773
2024-11-28,2.59032054732605
2024-11-29,2.623704667582849
2024-11-30,2.604448341432915
2024-12-01,2.632059498157283
2024-12-02,2.57797418454665
2024-12-03,2.569659374492077
2024-12-04,2.63059408866418
2024-12-05,2.576213937402886
2024-12-06,2.630488417885822
2024-12-07,2.618059163704672
2024-12-08,2.606238113549476
2024-12-09,2.539349430428794
2024-12-10,2.493208935546231
2024-12-11,2.596273514191286
2024-12-12,2.571779775077986
2024-12-13,2.595792701631795
2024-12-14,2.596365836982397
2024-12-15,2.692536797412866
2024-12-16,2.69217960928458
2024-12-17,2.681515283849205
2024-12-18,2.537924291252498
2024-12-19,2.431955194807959
2024-12-20,2.434005003395192
2024-12-21,2.424943531790811
2024-12-22,2.351732196677623
2024-12-23,2.335999231923015
2024-12-24,2.425316792300347
2024-12-25,2.438592858135695
2024-12-26,2.354807229983583
2024-12-27,2.316250270398931
2024-12-28,2.333016278240097
2024-12-29,2.291146367578505
2024-12-30,2.257336528863514
2024-12-31,2.298430594540673
2025-01-01,2.312594877090307
2025-01-02,2.353459604900489
2025-01-03,2.379800476875681
2025-01-04,2.385383993539219
2025-01-05,2.384071137028836
2025-01-06,2.474045957252911
2025-01-07,2.350640037438403
2025-01-08,2.298464827313351
2025-01-09,2.24228354916982
2025-01-10,2.284079047379945
2025-01-11,2.279392589758331
2025-01-12,2.299910543544191
2025-01-13,2.278870565225612
2025-01-14,2.334522544449269
2025-01-15,2.402120976923744
2025-01-16,2.402184251667082
2025-01-17,2.504664146253621
2025-01-18,2.485166212582381
2025-01-19,2.37832455873977
2025-01-20,2.405860374167544
2025-01-21,2.516481253303904
2025-01-22,2.445639360059248
2025-01-23,2.43700086352586
2025-01-24,2.456421888883812
2025-01-25,2.458796930372556
2025-01-26,2.389245934429734
2025-01-27,2.391053206394801
2025-01-28,2.383555039884821
2025-01-29,2.437874143082889
2025-01-30,2.454823043704944
2025-01-31,2.395253838185419
2025-02-01,2.365669939536821
2025-02-02,2.254364601580882
2025-02-03,2.36237391659602
2025-02-04,2.290045208938745
2025-02-05,2.251019200590901
2025-02-06,2.240812877373088
2025-02-07,2.243412010439032
2025-02-08,2.24087993381509
2025-02-09,2.240529990311901
2025-02-10,2.263850412895068
2025-02-11,2.221129602741212
2025-02-12,2.261040884133011
2025-02-13,2.236257262399621
2025-02-14,2.251309587179335
2025-02-15,2.253289925188399
2025-02-16,2.223246428317736
2025-02-17,2.207001684084562
2025-02-18,2.198678849886528
2025-02-19,2.233809491056947
2025-02-20,2.264854548128574
2025-02-21,2.215558336502298
2025-02-22,2.225379586578724
2025-02-23,2.21552537972265
2025-02-24,2.113374888051284
2025-02-25,2.026773705104756
2025-02-26,1.948917274897633
2025-02-27,1.93864931654478
2025-02-28,1.931617214636358
2025-03-01,1.981617027539044
2025-03-02,2.147820498900563
2025-03-03,1.97812083025875
2025-03-04,1.997538801196546
2025-03-05,2.071791114142997
2025-03-06,1.964473386508735
2025-03-07,1.991463214572663
2025-03-08,1.985183476620686
2025-03-09,1.867149233562804
2025-03-10,1.783994576470189
2025-03-11,1.90097891245264
2025-03-12,1.915880634761329
2025-03-13,1.870854797468117
2025-03-14,1.935307423734665
2025-03-15,1.933945448406224
2025-03-16,1.90580052874219
2025-03-17,1.923150677692963
2025-03-18,1.907218358796702
2025-03-19,1.973624573151104
2025-03-20,1.935723156629916
2025-03-21,1.929477536201102
2025-03-22,1.925042329134745
2025-03-23,1.971333683187136
2025-03-24,2.006480555759371
2025-03-25,2.007049027220922
2025-03-26,1.997888726221865
2025-03-27,1.998205347510104
2025-03-28,1.928127286004577
2025-03-29,1.892124864921842
2025-03-30,1.866236261080017
2025-03-31,1.88959204609324
2025-04-01,1.942793141852743
2025-04-02,1.901120864171153
2025-04-03,1.894275967477099
2025-04-04,1.910883442748385
2025-04-05,1.904565825188309
2025-04-06,1.785597128060911
2025-04-07,1.802272872612914
2025-04-08,1.744319590568866
2025-04-09,1.877587112733998
2025-04-10,1.800590687738379
2025-04-11,1.899165978372962
2025-04-12,1.947578662322961
2025-04-13,1.919620061563909
2025-04-14,1.932692934175771
2025-04-15,1.893487821695364
2025-04-16,1.917213635717482
2025-04-17,1.935181614010524
2025-04-18,1.925843181781087
2025-04-19,1.942172918522175
2025-04-20,1.97516278736827
2025-04-21,1.998690746439733
2025-04-22,2.114994287323258
2025-04-23,2.118821773015698
2025-04-24,2.127844993898727
2025-04-25,2.143258723131596
2025-04-26,2.141331551789567
2025-04-27,2.107594634871488
2025-04-28,2.141533953676105
2025-04-29,2.126230864366554
2025-04-30,2.120754739533691
2025-05-01,2.177316325482505
2025-05-02,2.166818523629125
2025-05-03,2.147044339155539
2025-05-04,2.121852793249489
2025-05-05,2.113430935673405
2025-05-06,2.172846121824856
2025-05-07,2.177523747519863
2025-05-08,2.285084143717968
2025-05-09,2.280740013342047
2025-05-10,2.313925367640569
2025-05-11,2.316491015024311
2025-05-12,2.261249160847419
2025-05-13,2.291598370778556
2025-05-14,2.286770837734557
2025-05-15,2.280462728950116
2025-05-16,2.268719027177699
2025-05-17,2.268205003081107
2025-05-18,2.307576325727729
2025-05-19,2.313048026502109
2025-05-20,2.330632653057851
2025-05-21,2.39398635146084
2025-05-22,2.422933661650555
2025-05-23,2.326303683154539
2025-05-24,2.326573583302337
2025-05-25,2.3716572217485
2025-05-26,2.356555831266225
2025-05-27,2.350995827771764
2025-05-28,2.327255043373686
2025-05-29,2.250293876539227
2025-05-30,2.228870440251531
2025-05-31,2.239523368671396
2025-06-01,2.259880812262475
2025-06-02,2.272498508374597
2025-06-03,2.249817422801391
2025-06-04,2.234980740597555
2025-06-05,2.169172105101465
2025-06-06,2.224293587969569
2025-06-07,2.242780061663663
2025-06-08,2.246199721112665
2025-06-09,2.333167197675559
2025-06-10,2.326663720216648
2025-06-11,2.300746010743029
2025-06-12,2.197011152836161
2025-06-13,2.23561072198151
2025-06-14,2.232007259360859
2025-06-15,2.225983230176553
2025-06-16,2.259150537059132
2025-06-17,2.207647043514888
2025-06-18,2.208939416534089
2025-06-19,2.201930163752296
2025-06-20,2.170044572485217
2025-06-21,2.161627053367467
2025-06-22,2.120220797242301
2025-06-23,2.207532298064199
2025-06-24,2.230095533881856
2025-06-25,2.245268027259125
2025-06-26,2.233808115933449
2025-06-27,2.231419507082708
2025-06-28,2.235847693225819
2025-06-29,2.249116890307369
2025-06-30,2.223262796026532
2025-07-01,2.190671968382979
2025-07-02,2.262053468797713
2025-07-03,2.269596027693137
2025-07-04,2.218439982841764
2025-07-05,2.216545394240966
2025-07-06,2.237082227594474
2025-07-07,2.20817320666481
2025-07-08,2.223110858431566
2025-07-09,2.268396446563301
2025-07-10,2.3582414901926
2025-07-11,2.382866187760468
2025-07-12,2.373949196722484
2025-07-13,2.394788443970107
2025-07-14,2.415050242734274
2025-07-15,2.366621807618973
2025-07-16,2.368274138732123
2025-07-17,2.38137414665006
2025-07-18,2.335788263586716
2025-07-19,2.334702807993259
2025-07-20,2.32745083687249
2025-07-21,2.320018941826874
2025-07-22,2.363527701586318
2025-07-23,2.333531366253161
2025-07-24,2.324400827501522
2025-07-25,2.29965533015434
2025-07-26,2.313155736554873
2025-07-27,2.340927061352807
2025-07-28,2.305048130564762
2025-07-29,2.300195960583743
2025-07-30,2.290436091780628
2025-07-31,2.259610214016088
2025-08-01,2.202056436126429
2025-08-02,2.197063102064615
2025-08-03,2.224071686854756
2025-08-04,2.242700221344738
2025-08-05,2.214100682998764
2025-08-06,2.236022868657623
2025-08-07,2.281073913195275
2025-08-08,2.264691749069759
2025-08-09,2.257626719414771
2025-08-10,2.305070644269456
2025-08-11,2.299010172805928
2025-08-12,2.318910893924713
2025-08-13,2.371886736306317
2025-08-14,2.278666666317291
2025-08-15,2.266055693250849
2025-08-16,2.253928091302048
2025-08-17,2.262556958585932
2025-08-18,2.232339940352571
2025-08-19,2.166683584291862
2025-08-20,2.193188100739033
2025-08-21,2.151580500101094
2025-08-22,2.229974309768639
2025-08-23,2.201462583942458
2025-08-24,2.16588038112112
2025-08-25,2.10248132513732
2025-08-26,2.135164259159779
2025-08-27,2.124791109592757
2025-08-28,2.140269207168658
2025-08-29,2.056122657080478
2025-08-30,2.058518156188775
2025-08-31,2.065034280001714
2025-09-01,2.055562336822341
2025-09-02,2.108207709627436
2025-09-03,2.120873159286792
2025-09-04,2.109485911581464
2025-09-05,2.092252673541343
2025-09-06,2.080111617492004
2025-09-07,2.099138037593729
2025-09-08,2.116704213641572
2025-09-09,2.102477654272375
2025-09-10,2.145369208306815
2025-09-11,2.165927246753125
2025-09-12,2.182481441749842
2025-09-13,2.178011006758058
2025-09-14,2.179577733899734
2025-09-15,2.163823711249426
2025-09-16,2.191145502014814
2025-09-17,2.182809013958076
2025-09-18,2.190258187485874
2025-09-19,2.159261697683637
2025-09-20,2.161754263530508
2025-09-21,2.155936975638389
2025-09-22,2.102743540929095
2025-09-23,2.090807663658107
2025-09-24,2.110760736266108
2025-09-25,2.03627919414381
2025-09-26,2.038212879428605
2025-09-27,2.038505027452133
2025-09-28,2.080896296066931
2025-09-29,2.121363361511373
2025-09-30,2.11286961402644
2025-10-01,2.177065936960771
2025-10-02,2.21914001261668
2025-10-03,2.255079169592382
2025-10-04,2.248790181726732
2025-10-05,2.263678705599741
2025-10-06,2.293491191307278
2025-10-07,2.230270268530071
2025-10-08,2.247404104681391
2025-10-09,2.216519934235974
2025-10-10,2.074881052628137
2025-10-11,2.023335552548119
2025-10-12,2.098561590406876
2025-10-13,2.102899876679007
2025-10-14,2.057277327210377
2025-10-15,2.003644324636527
2025-10-16,1.951996632195926
2025-10-17,1.936664207184847
2025-10-18,1.938568382879632
2025-10-19,1.975034536045934
2025-10-20,2.003956873496842
2025-10-21,1.971417333935624
2025-10-22,1.933812178136757
2025-10-23,1.982489264156419
2025-10-24,2.000619035628691
2025-10-25,2.010549733770711
2025-10-26,2.0637534661829
2025-10-27,2.050936059459101
2025-10-28,2.031370985264775
2025-10-29,1.989000474850699
2025-10-30,1.930439729447704
2025-10-31,1.958478995035547
2025-11-01,1.966604034627748
2025-11-02,1.963502354696541
2025-11-03,1.901227604913423
2025-11-04,1.809579047546512
2025-11-05,1.853140509921904
2025-11-06,1.811450651311963
2025-11-07,1.846176332153996
2025-11-08,1.823319968293073
2025-11-09,1.865436683416254
2025-11-10,1.887157247348272
2025-11-11,1.831778081492895
2025-11-12,1.813317265312522
2025-11-13,1.775377906059152
2025-11-14,1.693717602950187
2025-11-15,1.701800417250712
2025-11-16,1.676252339480174
2025-11-17,1.642029525147614
2025-11-18,1.658657287399179
2025-11-19,1.611681805011667
2025-11-20,1.569208696334321
2025-11-21,1.506707070912253
2025-11-22,1.516993840254172
2025-11-23,1.560498760335544
2025-11-24,1.571456520869507
2025-11-25,1.553558804955098
2025-11-26,1.600875104040233
2025-11-27,1.61777249941313
2025-11-28,1.614816656788711
2025-11-29,1.608602884355551
2025-11-30,1.616769489009521
2025-12-01,1.535637753645301
2025-12-02,1.632471026064182
2025-12-03,1.66376291332962
2025-12-04,1.638003505467379
2025-12-05,1.584355523709543
2025-12-06,1.58535496846253
2025-12-07,1.590667931827858
2025-12-08,1.612896343306885
2025-12-09,1.648886643835036
2025-12-10,1.640378303384988
2025-12-11,1.637883573379294
2025-12-12,1.602518165027436
2025-12-13,1.598663796347952
2025-12-14,1.568427868858176
2025-12-15,1.531326128249943
2025-12-16,1.558935731100912
2025-12-17,1.533451103975498
2025-12-18,1.519983919602609
2025-12-19,1.569011248889734
2025-12-20,1.569089470961109
2025-12-21,1.572501851654583
2025-12-22,1.57528430321262
2025-12-23,1.553022952064063
2025-12-24,1.564175269557588
2025-12-25,1.557840945832718
2025-12-26,1.55690738043827
2025-12-27,1.557618264980879
2025-12-28,1.563565321132243
2025-12-29,1.553026245120422
2025-12-30,1.573265382830409
2025-12-31,1.560811980405344
2026-01-01,1.577605131166823
2026-01-02,1.60665026321299
2026-01-03,1.613542352058321
2026-01-04,1.624445043777788
2026-01-05,1.676840177062306
2026-01-06,1.661263324362169
2026-01-07,1.621025061949936
2026-01-08,1.622709784207999
2026-01-09,1.611438274959483
2026-01-10,1.608013381425333
2026-01-11,1.610080852645247
2026-01-12,1.623367596602676
2026-01-13,1.704029118191785
2026-01-14,1.722997028442745
2026-01-15,1.698442757202339
2026-01-16,1.696701414381801
2026-01-17,1.690262119415969
2026-01-18,1.695670151335204
2026-01-19,1.64331137549702
2026-01-20,1.570995538294225
2026-01-21,1.595006203318904
2026-01-22,1.587556578011574
2026-01-23,1.598535576108238
2026-01-24,1.594719468425532
2026-01-25,1.543886972411209
2026-01-26,1.572905801647097
2026-01-27,1.592265730376887
2026-01-28,1.59432359125236
2026-01-29,1.509022822837436
2026-01-30,1.504203694019713
2026-01-31,1.39750853117125
2026-02-01,1.382269264086737
2026-02-02,1.411656432267578
2026-02-03,1.357921793132965
2026-02-04,1.302219228574041
2026-02-05,1.153248985717581
2026-02-06,1.290685022172573
2026-02-07,1.257812464612723
2026-02-08,1.287316998388626
2026-02-09,1.276006549849432
2026-02-10,1.246502543553361
2026-02-11,1.224880263165886
2026-02-12,1.20531352922829
2026-02-13,1.25594401541205
2026-02-14,1.273468190303103
2026-02-15,1.255823967218023
2026-02-16,1.24927639438056
2026-02-17,1.230358989581322
2026-02-18,1.210881260003098
2026-02-19,1.220671392589602
2026-02-20,1.243137926027583
2026-02-21,1.241392543871976
2026-02-22,1.235737573034019
2026-02-23,1.183184362502873
2026-02-24,1.173954744597366
2026-02-25,1.253440885312783
2026-02-26,1.237599099465729
2026-02-27,1.202800475350276
2026-02-28,1.229986455323922
2026-03-01,1.196168083587448
2026-03-02,1.273155820280411
2026-03-03,1.25278005512974
2026-03-04,1.333283016027569
2026-03-05,1.305972029369674
2026-03-06,1.254105447523741
2026-03-07,1.234936255528256
2026-03-08,1.216222054313254
2026-03-09,1.260683515910236
2026-03-10,1.280295398730569
2026-03-11,1.293889370178469
2026-03-12,1.290582351731618
2026-03-13,1.302299312635487
2026-03-14,1.300937161206369
2026-03-15,1.33819657682177
2026-03-16,1.374609106634997
2026-03-17,1.366650945893816
2026-03-18,1.308752082121924
2026-03-19,1.291597176119283
2026-03-20,1.302515930561295
2026-03-21,1.293543476409582
2026-03-22,1.257072544145152
2026-03-23,1.302184676593968
2026-03-24,1.294279643482565
2026-03-25,1.314186752397231
2026-03-26,1.268298262102868
2026-03-27,1.216643498079804
2026-03-28,1.230375462558288
2026-03-29,1.214228457679316
2026-03-30,1.231856187681153
2026-03-31,1.257747840996177
2026-04-01,1.25776165594449
2026-04-02,1.237513470923713
2026-04-03,1.235958284775621
2026-04-04,1.245363301578745
2026-04-05,1.26215987852861
2026-04-06,1.271107690978493
2026-04-07,1.32123563785033
2026-04-08,1.312605928852345
2026-04-09,1.328907710264856
2026-04-10,1.346075227619834
2026-04-11,1.355177099891282
2026-04-12,1.309177882144363
2026-04-13,1.378028011480786
2026-04-14,1.366872589743123
2026-04-15,1.38409420754802
2026-04-16,1.382026760916069
2026-04-17,1.426339523619677
2026-04-18,1.399078537083271
2026-04-19,1.36621117527646
2026-04-20,1.402357151458095
2026-04-21,1.396011276036159
2026-04-22,1.451055908081009
2026-04-23,1.443983064021578
2026-04-24,1.429382203443651
2026-04-25,1.433392820097519
2026-04-26,1.447169061156468
2026-04-27,1.423647521831829
2026-04-28,1.408311952289
2026-04-29,1.402763374575074
2026-04-30,1.408805224010217
2026-05-01,1.444050324152274
2026-05-02,1.456564081473221
2026-05-03,1.462498664126437
2026-05-04,1.477381892757744
2026-05-05,1.496082254950461
2026-05-06,1.499821240838938
2026-05-07,1.473419761157244
2026-05-08,1.480012646257593
2026-05-09,1.488867718399328
2026-05-10,1.512308961066691
2026-05-11,1.507775005980996
2026-05-12,1.486052254270475
2026-05-13,1.463457922091009
2026-05-14,1.500766560117138
2026-05-15,1.457177000528135
2026-05-16,1.440509860142474
2026-05-17,1.436648851367309
2026-05-18,1.420016873604746
2026-05-19,1.413451239268937
2026-05-20,1.428164520074904
2026-05-21,1.430737713143455
2026-05-22,1.396108270814896
2026-05-23,1.411445628743761
2026-05-24,1.415686063055348
2026-05-25,1.421665408172528
2026-05-26,1.3959568535518
2026-05-27,1.371999599862612
2026-05-28,1.356423865293984
2026-05-29,1.357693470225037
2026-05-30,1.365270435925634
2026-05-31,1.366409780455292
2026-06-01,1.320539207907167
2026-06-02,1.230033769008293
2026-06-03,1.204808687046652
2026-06-04,1.185078099857554
2026-06-05,1.147709524411497
2026-06-06,1.128781811941047
2026-06-07,1.171765551447062
2026-06-08,1.183162488047369
2026-06-09,1.151245074962576
2026-06-10,1.145589541743182
2026-06-11,1.185742996539856
2026-06-12,1.186578083959395
2026-06-13,1.204527381288893
2026-06-14,1.222241847647528
2026-06-15,1.237064542014222
2026-06-16,1.229038542735199
2026-06-17,1.201651947443021
2026-06-18,1.175675283382639
2026-06-19,1.184439033719335
2026-06-20,1.201934264346764
2026-06-21,1.192275683309238
2026-06-22,1.195691931488736
2026-06-23,1.170442855165057
2026-06-24,1.138726731232828
2026-06-25,1.120821045501281
2026-06-26,1.125788730565149
2026-06-27,1.129261335771646
2026-06-28,1.10757230782458
2026-06-29,1.132992554499088
2026-06-30,1.101452828521
2026-07-01,1.13754369790051
2026-07-02,1.156469539379351
2026-07-03,1.177523141846999
2026-07-04,1.189241976499815
2026-07-05,1.199384830748238
2026-07-06,1.209358945592929
2026-07-07,1.196278522348262
2026-07-08,1.173627403006175
2026-07-09,1.190442332999264
2026-07-10,1.208437402434687
2026-07-11,1.210118834275201
2026-07-12,1.204237173634536
2026-07-13,1.168318518839858
2026-07-14,1.221638197338013
2026-07-15,1.225510429171909
2026-07-16,1.208396692164572
2026-07-17,1.209265953314025
2026-07-18,1.224962700480044
2026-07-19,1.222114415745457
2026-07-20,1.230935348275498
2026-07-21,1.252352725731111
2026-07-22,1.247830573444215
2026-07-23,1.231416964717191
2026-07-24,1.212204315484673
