date,mvrv_z_score
2010-08-01,4.41007503391974
2010-08-02,4.18723059392693
2010-08-03,4.208064805067433
2010-08-04,3.718653125679817
2010-08-05,3.916180148769151
2010-08-06,3.915986080825227
2010-08-07,3.63842121166637
2010-08-08,3.703489133931339
2010-08-09,4.284301248687203
2010-08-10,3.98408008782062
2010-08-11,3.807181723550022
2010-08-12,3.922549021993974
2010-08-13,3.457993178162792
2010-08-14,3.553336290107113
2010-08-15,3.365006096378847
2010-08-16,3.319924633576556
2010-08-17,3.579335010825988
2010-08-18,3.412099082827137
2010-08-19,3.316143976112524
2010-08-20,3.096667121277307
2010-08-21,2.99580918170349
2010-08-22,2.951617832182291
2010-08-23,3.021026134490095
2010-08-24,2.978140255644997
2010-08-25,2.939087266261189
2010-08-26,2.849382692640365
2010-08-27,2.872964053178059
2010-08-28,2.845651505024835
2010-08-29,2.768460934033512
2010-08-30,2.747030336035366
2010-08-31,2.511488627817605
2010-09-01,2.649392598891554
2010-09-02,2.631415686540241
2010-09-03,2.509984902026235
2010-09-04,2.542052776145107
2010-09-05,2.520897043046545
2010-09-06,2.505226758536265
2010-09-07,2.437120339416125
2010-09-08,2.471156429875786
2010-09-09,2.398985823995603
2010-09-10,2.43248644097548
2010-09-11,2.417248687586364
2010-09-12,2.39940669478502
2010-09-13,2.383677506062028
2010-09-14,2.365180767158764
2010-09-15,2.251759178547994
2010-09-16,2.324427500797495
2010-09-17,2.195000990010327
2010-09-18,2.226239374474855
2010-09-19,2.304903216874
2010-09-20,2.288997006786033
2010-09-21,2.275298752568967
2010-09-22,2.214542727957716
2010-09-23,2.196146548312915
2010-09-24,2.180077154179965
2010-09-25,2.166251496315539
2010-09-26,2.15282230853767
2010-09-27,2.126754681120118
2010-09-28,2.080584225517341
2010-09-29,2.068807305425723
2010-09-30,2.060536985846463
2010-10-01,2.036248870892659
2010-10-02,1.922320199230974
2010-10-03,1.916279293687399
2010-10-04,1.908259331091781
2010-10-05,1.886015492716653
2010-10-06,1.966160740929191
2010-10-07,2.133980792620723
2010-10-08,2.817213895423063
2010-10-09,3.202146903114816
2010-10-10,3.048772054412027
2010-10-11,3.174662752409874
2010-10-12,3.009370049227707
2010-10-13,3.29437503864112
2010-10-14,3.322031185193384
2010-10-15,3.374611876599922
2010-10-16,3.128366539263955
2010-10-17,3.104938173754209
2010-10-18,3.049526738012521
2010-10-19,2.802719839127477
2010-10-20,2.83365556433842
2010-10-21,3.084166103015501
2010-10-22,3.126925981671992
2010-10-23,3.047080901194916
2010-10-24,3.20827327112285
2010-10-25,3.758603310653828
2010-10-26,4.276368874179893
2010-10-27,5.338266860269128
2010-10-28,4.581489162835627
2010-10-29,4.946944335419235
2010-10-30,5.015128513567586
2010-10-31,4.650292349866696
2010-11-01,4.64291053285973
2010-11-02,4.460274436169952
2010-11-03,4.49268532926139
2010-11-04,4.917750902247169
2010-11-05,5.44038212033806
2010-11-06,6.304824848640123
2010-11-07,6.683851654096652
2010-11-08,3.976531697228038
2010-11-09,3.164891659786917
2010-11-10,3.750969456693525
2010-11-11,3.327437101101159
2010-11-12,4.170016277562053
2010-11-13,4.190016325888201
2010-11-14,4.102520111327317
2010-11-15,3.765871325848207
2010-11-16,2.911418021348598
2010-11-17,2.794951618524525
2010-11-18,3.537502483548757
2010-11-19,3.68697764322131
2010-11-20,3.688884384082266
2010-11-21,3.536276630439153
2010-11-22,3.566867708760112
2010-11-23,3.533952943780746
2010-11-24,3.474175997887903
2010-11-25,3.36437426253779
2010-11-26,3.381057729529827
2010-11-27,3.314098253028536
2010-11-28,3.208939182374239
2010-11-29,2.356340955142711
2010-11-30,2.085591258741821
2010-12-01,2.362139351295712
2010-12-02,2.662747407502334
2010-12-03,2.71177586513173
2010-12-04,1.956658662727896
2010-12-05,1.703975514773487
2010-12-06,1.900694209080052
2010-12-07,2.407782406332688
2010-12-08,2.180911141842192
2010-12-09,1.790905989572142
2010-12-10,1.841610431784494
2010-12-11,2.17550579960469
2010-12-12,2.050603505737979
2010-12-13,2.180173659158273
2010-12-14,2.409820970467124
2010-12-15,2.257263467258913
2010-12-16,2.410003708563405
2010-12-17,2.253321661998153
2010-12-18,2.250942366335409
2010-12-19,2.219938239290649
2010-12-20,2.567796326810829
2010-12-21,2.15971429580036
2010-12-22,2.282504310637054
2010-12-23,2.269069101573542
2010-12-24,2.229741394144646
2010-12-25,2.241317394709126
2010-12-26,2.240156323692169
2010-12-27,2.412039980879803
2010-12-28,2.472036230569375
2010-12-29,2.815866140404122
2010-12-30,2.788440150227842
2010-12-31,2.764125624581707
2011-01-01,2.737521753738591
2011-01-02,2.7094326705976
2011-01-03,2.623274276278646
2011-01-04,2.54164471078721
2011-01-05,2.634716277744902
2011-01-06,2.604198105801549
2011-01-07,2.852888855529308
2011-01-08,2.861005411780801
2011-01-09,2.833836695598098
2011-01-10,2.844954543782111
2011-01-11,2.794584856870082
2011-01-12,2.900610582781717
2011-01-13,2.604709786264428
2011-01-14,3.524963472324747
2011-01-15,3.317520942658721
2011-01-16,3.276757377338325
2011-01-17,2.809208537917435
2011-01-18,2.367725695195116
2011-01-19,2.34292894469512
2011-01-20,3.17964237973787
2011-01-21,3.359675957670459
2011-01-22,3.682253906747045
2011-01-23,3.377066750151942
2011-01-24,3.305286829951881
2011-01-25,3.171652267775994
2011-01-26,3.185202466423898
2011-01-27,3.039721402866942
2011-01-28,3.247989065766147
2011-01-29,3.13591345689035
2011-01-30,3.509413393214813
2011-01-31,4.065623977954603
2011-02-01,5.649070978301215
2011-02-02,5.574607741194715
2011-02-03,5.010155549019134
2011-02-04,6.182054687313445
2011-02-05,6.495697061275139
2011-02-06,6.048259014082199
2011-02-07,5.673077027902916
2011-02-08,5.350202501753688
2011-02-09,6.420712710333394
2011-02-10,5.28198835056021
2011-02-11,5.631029911862584
2011-02-12,5.870287045236006
2011-02-13,5.39516403973488
2011-02-14,5.423686720115122
2011-02-15,5.051153408157009
2011-02-16,4.852506936001716
2011-02-17,4.670812561739484
2011-02-18,4.220310222238923
2011-02-19,3.774154296211033
2011-02-20,3.472528817613256
2011-02-21,3.444561225460644
2011-02-22,3.603977511812028
2011-02-23,3.483627601398039
2011-02-24,3.909702047138317
2011-02-25,3.69936557651391
2011-02-26,3.550992607099989
2011-02-27,3.150309868721416
2011-02-28,2.919920681499359
2011-03-01,3.078883469725292
2011-03-02,3.138391669022691
2011-03-03,3.095275722134331
2011-03-04,2.879387558954608
2011-03-05,2.87157682057931
2011-03-06,2.66145383331633
2011-03-07,2.545952365964539
2011-03-08,2.525407435883959
2011-03-09,2.56477398598491
2011-03-10,2.851577944589466
2011-03-11,2.685156911093959
2011-03-12,2.61882247573144
2011-03-13,2.606954524500694
2011-03-14,2.596905613395975
2011-03-15,2.477567928128758
2011-03-16,2.406101458585233
2011-03-17,2.347650611964664
2011-03-18,2.115426981808979
2011-03-19,2.074760916968451
2011-03-20,1.949153451013792
2011-03-21,1.931476177337109
2011-03-22,2.138765442288204
2011-03-23,2.289147217052898
2011-03-24,2.405831308663414
2011-03-25,2.388750693646071
2011-03-26,2.153648156473957
2011-03-27,2.091614423156108
2011-03-28,1.995687805309814
2011-03-29,1.966878654152098
2011-03-30,1.882246168238139
2011-03-31,1.91252665233428
2011-04-01,1.863283487014023
2011-04-02,1.883984222296402
2011-04-03,1.867842313544167
2011-04-04,1.499771521897104
2011-04-05,1.725107393250577
2011-04-06,1.728265421883198
2011-04-07,1.781637637220801
2011-04-08,1.714939075860797
2011-04-09,1.630073499847378
2011-04-10,1.54603766775959
2011-04-11,1.889952604779356
2011-04-12,2.11590353397661
2011-04-13,2.341657212090043
2011-04-14,2.564791120302815
2011-04-15,2.497759273813613
2011-04-16,2.662640880551407
2011-04-17,3.16301831531467
2011-04-18,3.103098986473174
2011-04-19,3.196057402278764
2011-04-20,3.026220644336398
2011-04-21,3.123276529493414
2011-04-22,3.816626517820595
2011-04-23,4.777294545031007
2011-04-24,4.333813428821684
2011-04-25,4.09618276491048
2011-04-26,4.751792168302143
2011-04-27,4.956931848655916
2011-04-28,6.168191640074875
2011-04-29,7.256482901134298
2011-04-30,8.512581610426562
2011-05-01,6.736295372793741
2011-05-02,6.778950505037406
2011-05-03,6.542068751894734
2011-05-04,6.478328973285516
2011-05-05,5.983295791205124
2011-05-06,5.861395522887793
2011-05-07,6.026940313745627
2011-05-08,6.067888828584756
2011-05-09,5.867535414279916
2011-05-10,8.798058555116897
2011-05-11,7.652643069339912
2011-05-12,9.072490250050253
2011-05-13,10.09895953922854
2011-05-14,8.093189116964114
2011-05-15,7.575967782008565
2011-05-16,7.411519223617376
2011-05-17,6.249499007535542
2011-05-18,5.218272303106445
2011-05-19,5.457543331355079
2011-05-20,3.859448195710882
2011-05-21,4.352091488033305
2011-05-22,4.814677720438315
2011-05-23,4.939892910055413
2011-05-24,4.916526095572589
2011-05-25,5.227699009963917
2011-05-26,5.522403586684134
2011-05-27,5.178483217004003
2011-05-28,4.922579200383077
2011-05-29,4.748226713706898
2011-05-30,4.955730581388309
2011-05-31,4.689863801603051
2011-06-01,5.301627445327711
2011-06-02,5.799962166518455
2011-06-03,7.550891749183603
2011-06-04,9.18172534291325
2011-06-05,7.669482799546024
2011-06-06,7.923195714542911
2011-06-07,9.62367069246017
2011-06-08,11.25224299072166
2011-06-09,9.483542200488065
2011-06-10,6.839165669328812
2011-06-11,3.306958447069996
2011-06-12,4.388939527231131
2011-06-13,4.721512361901886
2011-06-14,4.376210619738223
2011-06-15,4.01985359597864
2011-06-16,3.143930918659911
2011-06-17,2.765537083840909
2011-06-18,3.158456808041168
2011-06-19,3.144066432643805
2011-06-20,3.078782914147916
2011-06-21,3.004580648556884
2011-06-22,2.947464833317514
2011-06-23,2.895237442195633
2011-06-24,2.84646126582322
2011-06-25,2.817329408824482
2011-06-26,2.417300552468435
2011-06-27,2.522746328170309
2011-06-28,2.523235546973124
2011-06-29,2.480410194894723
2011-06-30,2.276690032435666
2011-07-01,2.076623715633769
2011-07-02,2.053756536412166
2011-07-03,2.057960532849418
2011-07-04,1.654653920834291
2011-07-05,1.463490319350954
2011-07-06,1.841924821798799
2011-07-07,1.887260638452713
2011-07-08,1.703095404876197
2011-07-09,1.748766629831869
2011-07-10,1.792562357464489
2011-07-11,1.684894339274639
2011-07-12,1.629655964260854
2011-07-13,1.598415831048423
2011-07-14,1.584695652794192
2011-07-15,1.546302410264132
2011-07-16,1.519813882743727
2011-07-17,1.433708276803161
2011-07-18,1.768363145446693
2011-07-19,1.607581832638659
2011-07-20,1.549066556963954
2011-07-21,1.525251143278296
2011-07-22,1.550323753223356
2011-07-23,1.549153450939309
2011-07-24,1.594666783576155
2011-07-25,1.600163813057537
2011-07-26,1.585704236333671
2011-07-27,1.545977225977807
2011-07-28,1.443152281842481
2011-07-29,1.471073676996004
2011-07-30,1.462123168999131
2011-07-31,1.427840062925296
2011-08-01,1.368395724215655
2011-08-02,1.021128007171694
2011-08-03,0.6470990012038448
2011-08-04,0.8610109145114935
2011-08-05,0.6330913766770656
2011-08-06,-0.1497876244647665
2011-08-07,0.2071881343753835
2011-08-08,0.2492999025592972
2011-08-09,0.744109442945193
2011-08-10,0.767269985385926
2011-08-11,0.6009290229190154
2011-08-12,0.6239837726156847
2011-08-13,0.7846053575116462
2011-08-14,0.9109059330926732
2011-08-15,1.024914839610926
2011-08-16,0.9050109254292495
2011-08-17,0.9401002515001591
2011-08-18,0.9244495698943069
2011-08-19,1.062752476954537
2011-08-20,1.050866883377154
2011-08-21,0.9889047622545412
2011-08-22,0.9135236286150031
2011-08-23,0.9305179684414091
2011-08-24,0.8917155649779722
2011-08-25,0.6495102670853689
2011-08-26,0.3165317826190645
2011-08-27,0.4658631377790128
2011-08-28,0.5511037296743648
2011-08-29,0.5197585116728087
2011-08-30,0.4809590717597372
2011-08-31,0.3802769686704806
2011-09-01,0.4055192185119368
2011-09-02,0.4433833944504832
2011-09-03,0.4315802506515087
2011-09-04,0.3307528628735651
2011-09-05,0.1718229263781841
2011-09-06,0.08093319968760973
2011-09-07,0.1435732931080332
2011-09-08,-0.03483097624641514
2011-09-09,-0.3303758857408839
2011-09-10,-0.3739199549814201
2011-09-11,0.02431970668742419
2011-09-12,-0.03971783392107284
2011-09-13,-0.07548948309370643
2011-09-14,-0.1321499724210833
2011-09-15,-0.301135841342473
2011-09-16,-0.2955465894029255
2011-09-17,-0.3012990675245501
2011-09-18,-0.2073823359710321
2011-09-19,-0.1253239261284469
2011-09-20,0.01009449356947344
2011-09-21,-0.09051454386586563
2011-09-22,-0.133537462735648
2011-09-23,-0.1173894351909998
2011-09-24,-0.1453074768110878
2011-09-25,-0.1523029896559932
2011-09-26,-0.2753888840735209
2011-09-27,-0.2629510256424011
2011-09-28,-0.2823835465773671
2011-09-29,-0.2817172023961955
2011-09-30,-0.219629655894694
2011-10-01,-0.2246460182036206
2011-10-02,-0.2297286834613255
2011-10-03,-0.2335586011181188
2011-10-04,-0.2347253171787015
2011-10-05,-0.2504314433827354
2011-10-06,-0.279096897878783
2011-10-07,-0.3771470200421324
2011-10-08,-0.4238749053793247
2011-10-09,-0.4172552127535306
2011-10-10,-0.4388549825740284
2011-10-11,-0.4377907279185078
2011-10-12,-0.4020612442365729
2011-10-13,-0.4293360109176992
2011-10-14,-0.4395998927454441
2011-10-15,-0.4760370601637767
2011-10-16,-0.5239096947337636
2011-10-17,-0.7452816326037719
2011-10-18,-0.792179782194649
2011-10-19,-0.8333523730774713
2011-10-20,-0.7968263097020711
2011-10-21,-0.7392882615493774
2011-10-22,-0.6096840737191157
2011-10-23,-0.6143203019455199
2011-10-24,-0.729624774781398
2011-10-25,-0.7099470387024887
2011-10-26,-0.6879570473814332
2011-10-27,-0.5915657115075279
2011-10-28,-0.5959774764262878
2011-10-29,-0.5023562895946417
2011-10-30,-0.5869924577360032
2011-10-31,-0.5784071365841822
2011-11-01,-0.5983081339873256
2011-11-02,-0.5830128640749357
2011-11-03,-0.5925929659413838
2011-11-04,-0.6053059830041271
2011-11-05,-0.6437748919403545
2011-11-06,-0.6400729444509399
2011-11-07,-0.6301588473244808
2011-11-08,-0.6113530263188663
2011-11-09,-0.6104985774478046
2011-11-10,-0.6202703803164368
2011-11-11,-0.5807287161338817
2011-11-12,-0.590108960717728
2011-11-13,-0.7230412475795333
2011-11-14,-0.7787457219111008
2011-11-15,-0.7557958282139887
2011-11-16,-0.6185509295482116
2011-11-17,-0.6890967248002856
2011-11-18,-0.7058289636926206
2011-11-19,-0.6763718248432238
2011-11-20,-0.6813517035287039
2011-11-21,-0.657956330387707
2011-11-22,-0.6476545295731632
2011-11-23,-0.6461044784474876
2011-11-24,-0.6277668235953567
2011-11-25,-0.6059397991221688
2011-11-26,-0.6150769383613757
2011-11-27,-0.6042496086188772
2011-11-28,-0.5540579360620028
2011-11-29,-0.533947001544811
2011-11-30,-0.472401894711156
2011-12-01,-0.4535992214830878
2011-12-02,-0.453968295292937
2011-12-03,-0.5285119523095131
2011-12-04,-0.521522205157341
2011-12-05,-0.4981811200037536
2011-12-06,-0.4826344581310627
2011-12-07,-0.4717307496316877
2011-12-08,-0.4640025673210337
2011-12-09,-0.4754203131366625
2011-12-10,-0.4493209057888692
2011-12-11,-0.404801320783392
2011-12-12,-0.4200449324556019
2011-12-13,-0.4234735668644155
2011-12-14,-0.4336611383232267
2011-12-15,-0.4240956481133203
2011-12-16,-0.4223910403940437
2011-12-17,-0.4224576357673271
2011-12-18,-0.4227000094427185
2011-12-19,-0.3459060642903893
2011-12-20,-0.2442921068428977
2011-12-21,-0.2572403981283944
2011-12-22,-0.2636805481326094
2011-12-23,-0.2484772548859317
2011-12-24,-0.2458903269593771
2011-12-25,-0.1686451716024045
2011-12-26,-0.2259049085823827
2011-12-27,-0.2062817140870725
2011-12-28,-0.176629495264044
2011-12-29,-0.1897802529470725
2011-12-30,-0.1724204764742474
2011-12-31,-0.05885040222839325
2012-01-01,0.08323201418216303
2012-01-02,0.06272169044398553
2012-01-03,-0.0147623680807445
2012-01-04,0.2404710794311431
2012-01-05,0.5229065518447518
2012-01-06,0.3948376606534894
2012-01-07,0.4560810712036021
2012-01-08,0.5218441454827415
2012-01-09,0.3273071869897691
2012-01-10,0.3699886383857042
2012-01-11,0.4663602366200386
2012-01-12,0.4045198756996017
2012-01-13,0.3038832677340731
2012-01-14,0.4300386744074717
2012-01-15,0.4697188593632556
2012-01-16,0.3950420091714784
2012-01-17,0.2031291476035173
2012-01-18,0.2141449723929918
2012-01-19,0.2903013668417047
2012-01-20,0.3459821120252742
2012-01-21,0.2682762170711802
2012-01-22,0.2924599696816317
2012-01-23,0.3090631210944356
2012-01-24,0.2850246182692415
2012-01-25,0.1605439220190348
2012-01-26,0.04120832076013821
2012-01-27,0.03783410378297467
2012-01-28,0.1202603719162744
2012-01-29,0.07096307415269178
2012-01-30,0.09055108515395167
2012-01-31,0.1054593449316676
2012-02-01,0.2543728952989724
2012-02-02,0.2117370183897978
2012-02-03,0.2138282678352038
2012-02-04,0.1883163594243369
2012-02-05,0.1034189576493382
2012-02-06,0.1028001475954647
2012-02-07,0.1510479804021508
2012-02-08,0.1351092870257661
2012-02-09,0.1966675434603536
2012-02-10,0.2096940768443059
2012-02-11,0.1009114803139442
2012-02-12,0.1039604722334691
2012-02-13,0.03378108941097568
2012-02-14,-0.1232032676766573
2012-02-15,-0.2257852795407384
2012-02-16,-0.2075397287209919
2012-02-17,-0.1575259980415699
2012-02-18,-0.1890997649151899
2012-02-19,-0.1643765593305337
2012-02-20,-0.1661228201838816
2012-02-21,-0.1903497536634152
2012-02-22,-0.1338877991165052
2012-02-23,0.01627010714031387
2012-02-24,0.007510122600820313
2012-02-25,-0.06277733073349441
2012-02-26,-0.02058182355760487
2012-02-27,-0.02048479995112812
2012-02-28,-0.04875441043494259
2012-02-29,-0.02062160006387409
2012-03-01,-0.006907143200251193
2012-03-02,-0.07119819397535762
2012-03-03,-0.0850927680344051
2012-03-04,-0.0310889880342937
2012-03-05,-0.001681235338404925
2012-03-06,0.005523172413160895
2012-03-07,0.003427026383285106
2012-03-08,-0.02192629316347663
2012-03-09,-0.02621068917753892
2012-03-10,-0.03697547967139309
2012-03-11,-0.01736033866719273
2012-03-12,-0.01762506832134813
2012-03-13,0.08668087881939551
2012-03-14,0.1188687079303177
2012-03-15,0.1165352406485718
2012-03-16,0.102433593713037
2012-03-17,0.07283026776434827
2012-03-18,0.08899886215110471
2012-03-19,-0.06724618066352499
2012-03-20,-0.03537686220897548
2012-03-21,-0.03262962835198455
2012-03-22,-0.07804768375356616
2012-03-23,-0.06381220168850436
2012-03-24,-0.08178736701503887
2012-03-25,-0.1009060186026323
2012-03-26,-0.09347405802547909
2012-03-27,-0.04504466670913944
2012-03-28,-0.03982455688732726
2012-03-29,-0.04522974310521646
2012-03-30,0.004196832326379786
2012-03-31,0.01459753461995972
2012-04-01,-0.01833836930472601
2012-04-02,0.02072661761983955
2012-04-03,0.03038629181392706
2012-04-04,0.02309026473597098
2012-04-05,0.01833131444758745
2012-04-06,0.02912521851026511
2012-04-07,-0.04107463510559758
2012-04-08,-0.01564983171413752
2012-04-09,-0.002528831608266768
2012-04-10,0.002303075717320808
2012-04-11,0.02195271548581086
2012-04-12,0.01361503993509207
2012-04-13,0.02477062214398348
2012-04-14,0.02674004236538675
2012-04-15,0.01782802720570484
2012-04-16,0.03070586530009095
2012-04-17,0.03953646149079552
2012-04-18,0.0824285948496292
2012-04-19,0.07995683091186125
2012-04-20,0.1438245576394403
2012-04-21,0.1163150418406062
2012-04-22,0.08761668318583411
2012-04-23,0.04358975468224143
2012-04-24,0.06858209378883603
2012-04-25,0.07742072032420262
2012-04-26,0.05298314041769699
2012-04-27,0.05756095628534679
2012-04-28,0.013734123539347
2012-04-29,0.003810211109213933
2012-04-30,0.01533929035484161
2012-05-01,0.05007234324234754
2012-05-02,0.04971577699933658
2012-05-03,0.06104044593056436
2012-05-04,0.06919591118347555
2012-05-05,0.04711942242959731
2012-05-06,0.03518496928721609
2012-05-07,0.06119689458569912
2012-05-08,0.04164270033835224
2012-05-09,0.04611118953773649
2012-05-10,0.01819782790548082
2012-05-11,0.02480828285197073
2012-05-12,0.02130939051206257
2012-05-13,0.01997687909705615
2012-05-14,0.04085237390956279
2012-05-15,0.04853675947525001
2012-05-16,0.06575379574526764
2012-05-17,0.06944202474623017
2012-05-18,0.07645185779201367
2012-05-19,0.07916921091950915
2012-05-20,0.08203767929072245
2012-05-21,0.08347796152941525
2012-05-22,0.0813185306221387
2012-05-23,0.09203616562244468
2012-05-24,0.09686073900669924
2012-05-25,0.09427945285519997
2012-05-26,0.09490527661168888
2012-05-27,0.09458572250325968
2012-05-28,0.0925886347421213
2012-05-29,0.09473554377258071
2012-05-30,0.106644196553046
2012-05-31,0.1331606765468637
2012-06-01,0.1394800560544164
2012-06-02,0.1367842155083291
2012-06-03,0.1277519361271057
2012-06-04,0.1628901088655278
2012-06-05,0.1980365280428443
2012-06-06,0.2029678370422111
2012-06-07,0.2361816092739389
2012-06-08,0.2457832794252477
2012-06-09,0.2267524311867357
2012-06-10,0.1985089796772096
2012-06-11,0.2135180471790866
2012-06-12,0.2666088189419859
2012-06-13,0.3189543674462208
2012-06-14,0.3229102656264868
2012-06-15,0.4459294961541997
2012-06-16,0.4792120019480033
2012-06-17,0.3849879686857408
2012-06-18,0.4278230811851403
2012-06-19,0.4974916133309493
2012-06-20,0.5534149453485993
2012-06-21,0.5455485092743528
2012-06-22,0.4958269359941647
2012-06-23,0.4641345764535523
2012-06-24,0.4337347906471964
2012-06-25,0.4215366442773825
2012-06-26,0.4592649450333095
2012-06-27,0.5266945517379445
2012-06-28,0.4978994463963031
2012-06-29,0.5292908246411853
2012-06-30,0.5318255122442852
2012-07-01,0.515761655472722
2012-07-02,0.5457144408332583
2012-07-03,0.4686081031095194
2012-07-04,0.4705499942972005
2012-07-05,0.4981891990227771
2012-07-06,0.5317318019552993
2012-07-07,0.5483171997635591
2012-07-08,0.5583713196873761
2012-07-09,0.6324291277804982
2012-07-10,0.681207679357653
2012-07-11,0.6718868823880363
2012-07-12,0.8213947974310901
2012-07-13,0.8081488846741494
2012-07-14,0.7914963735290164
2012-07-15,0.8259379479754962
2012-07-16,1.175602376008251
2012-07-17,1.190338037959076
2012-07-18,1.238850552858367
2012-07-19,0.8813800518232512
2012-07-20,0.974996959453604
2012-07-21,1.111738219488351
2012-07-22,0.8953220920485546
2012-07-23,1.022989536539405
2012-07-24,1.018125420239227
2012-07-25,1.061517387054221
2012-07-26,1.138928342886021
2012-07-27,1.126695514380784
2012-07-28,1.113594932236727
2012-07-29,1.061352631560573
2012-07-30,1.168574367104515
2012-07-31,1.24271088539157
2012-08-01,1.278787967393169
2012-08-02,1.601350880322564
2012-08-03,1.644133513806933
2012-08-04,1.56224271986191
2012-08-05,1.601675627031252
2012-08-06,1.60643397137159
2012-08-07,1.683019587427066
2012-08-08,1.648492036804585
2012-08-09,1.658805082482868
2012-08-10,1.771638770382829
2012-08-11,1.763027375061795
2012-08-12,1.802062032354777
2012-08-13,1.890934238987268
2012-08-14,1.965461215510554
2012-08-15,2.251894826949847
2012-08-16,2.316146109995326
2012-08-17,1.749758513458804
2012-08-18,1.660356074748957
2012-08-19,1.01862288876648
2012-08-20,1.16556548825016
2012-08-21,1.190327044580079
2012-08-22,1.183116442433863
2012-08-23,1.239764802842141
2012-08-24,1.379682065446257
2012-08-25,1.373627444853378
2012-08-26,1.373859050629291
2012-08-27,1.459522358452511
2012-08-28,1.40519520397173
2012-08-29,1.40952986680132
2012-08-30,1.380243451913327
2012-08-31,1.169758147583471
2012-09-01,1.126966746537079
2012-09-02,1.199670833981136
2012-09-03,1.268089485203388
2012-09-04,1.234954672274393
2012-09-05,1.374927625689726
2012-09-06,1.439502471013972
2012-09-07,1.397039856604951
2012-09-08,1.424178675590536
2012-09-09,1.40562516593245
2012-09-10,1.391838244591803
2012-09-11,1.402015461446265
2012-09-12,1.425956761645098
2012-09-13,1.460734934834883
2012-09-14,1.53891021460388
2012-09-15,1.58410646806466
2012-09-16,1.574025345932601
2012-09-17,1.560491394827116
2012-09-18,1.642114153164116
2012-09-19,1.749396758532039
2012-09-20,1.6795386155312
2012-09-21,1.659762021191497
2012-09-22,1.602788986585566
2012-09-23,1.623117158660373
2012-09-24,1.561052452968419
2012-09-25,1.585225187098068
2012-09-26,1.628609316828682
2012-09-27,1.586608813334486
2012-09-28,1.611838577411742
2012-09-29,1.603678136586042
2012-09-30,1.600168158501632
2012-10-01,1.603052178292683
2012-10-02,1.67658403696313
2012-10-03,1.737778203304936
2012-10-04,1.695755680392803
2012-10-05,1.673637407278852
2012-10-06,1.529543848024177
2012-10-07,1.433614083510033
2012-10-08,1.403597924019849
2012-10-09,1.403370910493147
2012-10-10,1.46459241010577
2012-10-11,1.45301501195862
2012-10-12,1.43032809688217
2012-10-13,1.400475053981906
2012-10-14,1.310197327459971
2012-10-15,1.394037231296961
2012-10-16,1.378941943813875
2012-10-17,1.396600104647921
2012-10-18,1.389694106264838
2012-10-19,1.338555632880479
2012-10-20,1.328620054427262
2012-10-21,1.29744479667029
2012-10-22,1.319057159448578
2012-10-23,1.297338254319758
2012-10-24,1.274903939040676
2012-10-25,1.076268743363274
2012-10-26,0.8785333625589605
2012-10-27,0.9714754546993642
2012-10-28,1.078137954340611
2012-10-29,1.037184205545726
2012-10-30,1.089447931351565
2012-10-31,1.147051822619243
2012-11-01,1.029112351990022
2012-11-02,0.9560688753089778
2012-11-03,1.003572243068779
2012-11-04,1.072472395468404
2012-11-05,1.044321425013018
2012-11-06,1.069272801759548
2012-11-07,1.105429760539987
2012-11-08,1.076845836560562
2012-11-09,1.069992509140272
2012-11-10,1.050024226439611
2012-11-11,1.0615112751258
2012-11-12,1.129135909255607
2012-11-13,1.094814160378108
2012-11-14,1.100657187109582
2012-11-15,1.140234056106486
2012-11-16,1.286119338091384
2012-11-17,1.289912942072266
2012-11-18,1.24645715766239
2012-11-19,1.244416612857389
2012-11-20,1.267373960456024
2012-11-21,1.258295591368741
2012-11-22,1.396917452392506
2012-11-23,1.401329058646332
2012-11-24,1.411337905688807
2012-11-25,1.431363136184358
2012-11-26,1.343502255823001
2012-11-27,1.358447285954258
2012-11-28,1.355734539151976
2012-11-29,1.426275029431161
2012-11-30,1.423165358332334
2012-12-01,1.444532124431984
2012-12-02,1.399601773898272
2012-12-03,1.430579107399329
2012-12-04,1.583048874409761
2012-12-05,1.57817275282077
2012-12-06,1.52359571783257
2012-12-07,1.580751421990366
2012-12-08,1.603829257294086
2012-12-09,1.547036259312973
2012-12-10,1.563956446194632
2012-12-11,1.600553001120946
2012-12-12,1.627985113864033
2012-12-13,1.604799957992094
2012-12-14,1.563628985498834
2012-12-15,1.57299577762358
2012-12-16,1.500810603919459
2012-12-17,1.486109666448012
2012-12-18,1.469302151565719
2012-12-19,1.569331579155645
2012-12-20,1.558097470406909
2012-12-21,1.514765476549399
2012-12-22,1.481195984274183
2012-12-23,1.458985189241661
2012-12-24,1.488602134691637
2012-12-25,1.478330916419898
2012-12-26,1.487172784147858
2012-12-27,1.495748302690535
2012-12-28,1.505752178687741
2012-12-29,1.469833461745953
2012-12-30,1.492916370982641
2012-12-31,1.501852208105113
2013-01-01,1.424338413168726
2013-01-02,1.435952383448381
2013-01-03,1.437036534956998
2013-01-04,1.471336826262016
2013-01-05,1.452991659741174
2013-01-06,1.469301470758563
2013-01-07,1.484509635827087
2013-01-08,1.489367208817862
2013-01-09,1.531139636354346
2013-01-10,1.595360450190188
2013-01-11,1.60357638485287
2013-01-12,1.596449078262984
2013-01-13,1.576925857581734
2013-01-14,1.602356022289431
2013-01-15,1.584183061010973
2013-01-16,1.679656104304013
2013-01-17,1.91865942626703
2013-01-18,1.910077320857285
2013-01-19,1.875607477179676
2013-01-20,1.886776735561031
2013-01-21,2.160766732326306
2013-01-22,2.261232074869032
2013-01-23,2.336254795440421
2013-01-24,1.952024666275839
2013-01-25,2.132552740798233
2013-01-26,2.236060875113031
2013-01-27,2.277439722128222
2013-01-28,2.470389941504891
2013-01-29,2.563531919223204
2013-01-30,2.597023975052328
2013-01-31,2.791911074906306
2013-02-01,2.622901406809818
2013-02-02,2.478236608702733
2013-02-03,2.67096145248171
2013-02-04,2.655621405906242
2013-02-05,2.640276133474285
2013-02-06,2.711015934617845
2013-02-07,2.951230318889119
2013-02-08,2.982253984499756
2013-02-09,3.223864257491742
2013-02-10,3.221686046217094
2013-02-11,3.29605935810098
2013-02-12,3.419485985986125
2013-02-13,2.835500967957392
2013-02-14,3.698389857740066
2013-02-15,3.670042598315692
2013-02-16,3.638303856077731
2013-02-17,3.437051071474554
2013-02-18,3.474968497017225
2013-02-19,3.926664987864943
2013-02-20,3.919329754313796
2013-02-21,3.86139964781835
2013-02-22,3.888436793373847
2013-02-23,3.711494571390201
2013-02-24,3.728798338254675
2013-02-25,3.700892365733147
2013-02-26,3.77000705373645
2013-02-27,4.068451683436773
2013-02-28,4.070851742917692
2013-03-01,4.245879680412777
2013-03-02,4.130500849884297
2013-03-03,4.088738865612954
2013-03-04,4.387048061541273
2013-03-05,5.028836963866498
2013-03-06,3.727074999591155
2013-03-07,5.031243557646419
2013-03-08,5.16805873808331
2013-03-09,5.548119878344772
2013-03-10,5.330085864918421
2013-03-11,5.333901407828022
2013-03-12,4.854222597709425
2013-03-13,5.141504994355079
2013-03-14,4.986208452254686
2013-03-15,4.89772981036411
2013-03-16,4.86503892130152
2013-03-17,4.81559907355357
2013-03-18,5.182375875512457
2013-03-19,6.222932792228047
2013-03-20,6.646857969692189
2013-03-21,7.187937756500462
2013-03-22,6.755995478699151
2013-03-23,5.657378209162036
2013-03-24,6.419585512227951
2013-03-25,6.473908457167133
2013-03-26,6.959076453026174
2013-03-27,7.839648743768381
2013-03-28,7.229260993536829
2013-03-29,7.256016998500267
2013-03-30,7.248803428202875
2013-03-31,7.104113905486487
2013-04-01,7.654015795301325
2013-04-02,8.640149905267664
2013-04-03,8.666924419696288
2013-04-04,8.769409354758253
2013-04-05,9.158229017116964
2013-04-06,8.823592496368656
2013-04-07,10.21267324325618
2013-04-08,10.88239602856921
2013-04-09,12.7239812134366
2013-04-10,8.292555968769415
2013-04-11,6.887443278967877
2013-04-12,4.806937812049469
2013-04-13,3.091643260980271
2013-04-14,2.891136585218913
2013-04-15,2.246722795800371
2013-04-16,1.439379254159857
2013-04-17,3.15280027391292
2013-04-18,3.952338676719229
2013-04-19,4.258521834612933
2013-04-20,4.774532914935568
2013-04-21,4.346287156311746
2013-04-22,4.603712068777876
2013-04-23,5.253675019392658
2013-04-24,5.787654640185383
2013-04-25,4.832068662744049
2013-04-26,4.472186890536009
2013-04-27,4.173116370504014
2013-04-28,4.304297432280844
2013-04-29,4.66059396828244
2013-04-30,4.306665471204685
2013-05-01,3.187050913462916
2013-05-02,2.732222474248692
2013-05-03,2.170829970278218
2013-05-04,3.002167320216854
2013-05-05,3.218817060773179
2013-05-06,2.89566056348915
2013-05-07,2.883957857172779
2013-05-08,2.923811521996037
2013-05-09,2.909697804451336
2013-05-10,3.090535538300035
2013-05-11,3.000288875486249
2013-05-12,2.978956854759334
2013-05-13,3.019256019975848
2013-05-14,2.467680218912049
2013-05-15,2.89490213864772
2013-05-16,2.990007763593408
2013-05-17,3.205733102320332
2013-05-18,3.138073330936235
2013-05-19,3.100540666238378
2013-05-20,3.06828530057076
2013-05-21,3.060274348685554
2013-05-22,3.084080839856433
2013-05-23,3.159923977314439
2013-05-24,3.385626278205264
2013-05-25,3.248437661412329
2013-05-26,3.355016643811629
2013-05-27,3.09224884392029
2013-05-28,3.113389840118334
2013-05-29,3.138788925159806
2013-05-30,2.986066039874149
2013-05-31,3.029643737145719
2013-06-01,2.968961832439432
2013-06-02,2.670259771858163
2013-06-03,2.666901017324285
2013-06-04,2.618607592547719
2013-06-05,2.612155793171746
2013-06-06,2.47837793897675
2013-06-07,2.186991431397487
2013-06-08,2.084571640724427
2013-06-09,1.766147304426855
2013-06-10,1.99420185241235
2013-06-11,2.080562735146803
2013-06-12,2.052320548810338
2013-06-13,1.843878500258133
2013-06-14,1.670030131350687
2013-06-15,1.735792573546201
2013-06-16,1.696315325411384
2013-06-17,1.791825661718544
2013-06-18,1.962572650529427
2013-06-19,1.995299172967506
2013-06-20,2.063722950171317
2013-06-21,2.030091903489701
2013-06-22,1.988368338209271
2013-06-23,1.937111856190549
2013-06-24,1.780572165044062
2013-06-25,1.794445749357672
2013-06-26,1.792202771844077
2013-06-27,1.714181118813285
2013-06-28,1.453751255351704
2013-06-29,1.476659983126003
2013-06-30,1.56820757687745
2013-07-01,1.311086855648415
2013-07-02,1.312241434124016
2013-07-03,1.007125216202525
2013-07-04,0.9575024930790291
2013-07-05,0.5776820292773249
2013-07-06,0.5733601062039635
2013-07-07,0.8337483488892662
2013-07-08,0.8851641624162079
2013-07-09,0.9001196417372777
2013-07-10,1.340168970851872
2013-07-11,1.309444698990496
2013-07-12,1.439738365275517
2013-07-13,1.542361885769379
2013-07-14,1.420273022320261
2013-07-15,1.571054281365772
2013-07-16,1.567860796812848
2013-07-17,1.550623036552761
2013-07-18,1.325656775470878
2013-07-19,1.361352292295934
2013-07-20,1.264257432430376
2013-07-21,1.294974891960849
2013-07-22,1.359511831749196
2013-07-23,1.467555004755528
2013-07-24,1.451696890329901
2013-07-25,1.484176785466712
2013-07-26,1.472417617915269
2013-07-27,1.403993707558165
2013-07-28,1.590765862393311
2013-07-29,1.611921521114744
2013-07-30,1.79269953551695
2013-07-31,1.762957436560712
2013-08-01,1.709885195273515
2013-08-02,1.704852198296067
2013-08-03,1.679868980552138
2013-08-04,1.692068337909227
2013-08-05,1.741512635399177
2013-08-06,1.722296661120446
2013-08-07,1.686091264235119
2013-08-08,1.687091961391266
2013-08-09,1.595073680548527
2013-08-10,1.589598029506381
2013-08-11,1.64585512477067
2013-08-12,1.685668745486269
2013-08-13,1.735560172414589
2013-08-14,1.835594108289098
2013-08-15,1.733652227234046
2013-08-16,1.742486275513605
2013-08-17,1.839434216997843
2013-08-18,1.857788331251854
2013-08-19,1.978632879053672
2013-08-20,2.110536949605236
2013-08-21,2.104697358624533
2013-08-22,2.04134648998151
2013-08-23,1.949542590968082
2013-08-24,1.978666083251107
2013-08-25,2.035613498771997
2013-08-26,2.001130048211792
2013-08-27,2.298807121574874
2013-08-28,2.231739390087466
2013-08-29,2.192761290065892
2013-08-30,2.457941270010458
2013-08-31,2.573733944385801
2013-09-01,2.630934752146907
2013-09-02,2.591671207671122
2013-09-03,2.56685028993699
2013-09-04,2.089547833165353
2013-09-05,2.169038339772053
2013-09-06,1.872042398174996
2013-09-07,2.067810051943115
2013-09-08,1.976969518786649
2013-09-09,2.139574093617811
2013-09-10,2.189199527880778
2013-09-11,2.353248122674369
2013-09-12,2.310926302159281
2013-09-13,2.318853708194313
2013-09-14,2.178103079523929
2013-09-15,2.27551170663134
2013-09-16,2.241366385193697
2013-09-17,2.279614107089114
2013-09-18,2.252138975376934
2013-09-19,2.08508010142944
2013-09-20,2.039018891534791
2013-09-21,2.052491130784201
2013-09-22,2.052884449001252
2013-09-23,2.005687820242015
2013-09-24,2.036442361276658
2013-09-25,2.053284585160426
2013-09-26,2.090221857438735
2013-09-27,2.151136034638877
2013-09-28,2.202013648367198
2013-09-29,2.24746083315255
2013-09-30,2.215848973983168
2013-10-01,2.117474637369907
2013-10-02,1.608745387433778
2013-10-03,1.839999284844278
2013-10-04,1.999973219603298
2013-10-05,1.995041090495568
2013-10-06,2.464115231525262
2013-10-07,2.587558401673753
2013-10-08,2.074524260607799
2013-10-09,2.188308843092743
2013-10-10,1.517955656555052
2013-10-11,1.91850871323515
2013-10-12,2.524074231382099
2013-10-13,2.308552469645696
2013-10-14,3.602682760294036
2013-10-15,2.031719947223512
2013-10-16,1.884486297727559
2013-10-17,2.170718805998421
2013-10-18,3.015247879081743
2013-10-19,2.563207149156047
2013-10-20,3.319112340054602
2013-10-21,3.121654686985435
2013-10-22,3.150270957964546
2013-10-23,3.285180525834007
2013-10-24,2.991641595003656
2013-10-25,2.72963213581677
2013-10-26,2.855064830584046
2013-10-27,3.615287769410378
2013-10-28,2.83717102243906
2013-10-29,3.235890760602776
2013-10-30,2.876522278186623
2013-10-31,3.516845068448126
2013-11-01,3.792308274503032
2013-11-02,3.618211959118275
2013-11-03,3.034341635169529
2013-11-04,3.39843529725418
2013-11-05,4.425746115384029
2013-11-06,4.108996856751469
2013-11-07,4.49662715917384
2013-11-08,6.54605659567147
2013-11-09,5.317805187167837
2013-11-10,6.198310600422628
2013-11-11,5.157102608229226
2013-11-12,6.31139685690094
2013-11-13,6.05802409810659
2013-11-14,6.372843968265126
2013-11-15,5.89974086343244
2013-11-16,6.942378667544832
2013-11-17,10.30326028745199
2013-11-18,10.55229875699325
2013-11-19,8.014600628367821
2013-11-20,7.844058985532721
2013-11-21,8.793079283450188
2013-11-22,10.3977529322285
2013-11-23,10.12876029670805
2013-11-24,9.30346616217346
2013-11-25,8.810868357108786
2013-11-26,9.49314302142473
2013-11-27,10.23370906189933
2013-11-28,9.642767029246334
2013-11-29,10.77528912387314
2013-11-30,9.722994392658714
2013-12-01,7.559557508593731
2013-12-02,8.08070094114263
2013-12-03,8.170545382804324
2013-12-04,8.069416133110355
2013-12-05,7.293521352502932
2013-12-06,5.720156681876745
2013-12-07,4.009815514206395
2013-12-08,4.73336353088126
2013-12-09,5.93594407566784
2013-12-10,5.940154324225404
2013-12-11,5.215125400137851
2013-12-12,5.03486135537594
2013-12-13,5.008327008041928
2013-12-14,9.99900139010563
2013-12-15,4.696291601137562
2013-12-16,3.442277033262583
2013-12-17,3.349859773965125
2013-12-18,2.060201824101712
2013-12-19,3.125091235058542
2013-12-20,2.815612968415578
2013-12-21,2.640038835033806
2013-12-22,2.791962379446028
2013-12-23,2.938517494537702
2013-12-24,2.86653262886854
2013-12-25,3.024999078786307
2013-12-26,3.450846089987079
2013-12-27,3.332658147728164
2013-12-28,3.298249246743835
2013-12-29,3.218822294235627
2013-12-30,3.313446130886591
2013-12-31,4.22804731469038
2014-01-01,3.283998560249003
2014-01-02,3.444460362201398
2014-01-03,3.595635511187648
2014-01-04,3.713854299241806
2014-01-05,4.194377646375772
2014-01-06,4.168118536280537
2014-01-07,3.261157137249685
2014-01-08,3.55605966402747
2014-01-09,3.525616627626621
2014-01-10,3.614270424938433
2014-01-11,3.814215551378465
2014-01-12,3.426992003191558
2014-01-13,3.318697290689389
2014-01-14,4.097276503916961
2014-01-15,3.811231408429166
2014-01-16,4.082026680581667
2014-01-17,3.050329708724054
2014-01-18,3.260269618134976
2014-01-19,3.241649112601521
2014-01-20,4.515267782070698
2014-01-21,2.638711862423404
2014-01-22,3.588037065946934
2014-01-23,2.781047812469227
2014-01-24,2.787365370504184
2014-01-25,2.824087389248167
2014-01-26,3.030299730814687
2014-01-27,2.604754276627304
2014-01-28,4.809500574052409
2014-01-29,4.302861383158629
2014-01-30,2.70936817408464
2014-01-31,3.728667983829657
2014-02-01,2.747184775403881
2014-02-02,4.430063344558796
2014-02-03,2.744481369379019
2014-02-04,4.187361147987485
2014-02-05,2.492225803284374
2014-02-06,2.201466195341404
2014-02-07,2.016276894375483
2014-02-08,1.938319248073325
2014-02-09,1.870329319299225
2014-02-10,1.914420283354987
2014-02-11,2.005873685273383
2014-02-12,1.676009118243116
2014-02-13,1.491291888984333
2014-02-14,1.508866277298375
2014-02-15,1.741282307188449
2014-02-16,1.515385327581779
2014-02-17,1.581389260081614
2014-02-18,3.700476158948972
2014-02-19,1.530575712542741
2014-02-20,1.196215289584226
2014-02-21,5.332909368315867
2014-02-22,1.394084598903425
2014-02-23,1.440497294497148
2014-02-24,1.201136911739511
2014-02-25,1.092628867729372
2014-02-26,1.436424640167854
2014-02-27,1.892722701657981
2014-02-28,1.229833511139595
2014-03-01,1.866574408667857
2014-03-02,1.190975316441256
2014-03-03,1.641474253605929
2014-03-04,1.698391256894342
2014-03-05,1.662118267020508
2014-03-06,1.636838074457168
2014-03-07,1.409993818641468
2014-03-08,1.341137398857088
2014-03-09,1.429902974504233
2014-03-10,1.363899835748979
2014-03-11,1.483183454208152
2014-03-12,1.355245773210696
2014-03-13,1.411798975279725
2014-03-14,1.369972534308642
2014-03-15,1.386769986232439
2014-03-16,1.376929110382787
2014-03-17,1.313432051902761
2014-03-18,1.269744651679969
2014-03-19,1.221127579825535
2014-03-20,1.088222153946182
2014-03-21,1.024332918633681
2014-03-22,1.025076189182095
2014-03-23,1.011561873704835
2014-03-24,1.084758645737028
2014-03-25,1.076527425751702
2014-03-26,1.046315799123584
2014-03-27,0.6298284395776779
2014-03-28,0.7387462750198877
2014-03-29,0.6482554436865878
2014-03-30,0.541601974636397
2014-03-31,0.5122103770975879
2014-04-01,0.6168901340383867
2014-04-02,0.3885931256026465
2014-04-03,0.4434774094991009
2014-04-04,0.5352496740201926
2014-04-05,0.6021787470669275
2014-04-06,0.5833481653951116
2014-04-07,0.5984352850677687
2014-04-08,0.6379273904564802
2014-04-09,0.5710278939935423
2014-04-10,0.1550945427036174
2014-04-11,0.5051471106853177
2014-04-12,0.4983665943794258
2014-04-13,0.458542617350975
2014-04-14,0.6600289787277154
2014-04-15,0.8809971719344145
2014-04-16,0.9581502309973653
2014-04-17,0.7866640165315743
2014-04-18,0.7130897153809729
2014-04-19,0.8267549599203168
2014-04-20,0.7764630224188644
2014-04-21,0.7748072988208862
2014-04-22,0.738956802487533
2014-04-23,0.7369691966444427
2014-04-24,0.7720740309694336
2014-04-25,0.6057293749707626
2014-04-26,0.5920586574040851
2014-04-27,0.4442407980534521
2014-04-28,0.5043080766095374
2014-04-29,0.5333577399262299
2014-04-30,0.5467274192057535
2014-05-01,0.6021077340123434
2014-05-02,0.549453325108525
2014-05-03,0.499152380039416
2014-05-04,0.5044235342813859
2014-05-05,0.4712809065512943
2014-05-06,0.4709839823456463
2014-05-07,0.5195692344004479
2014-05-08,0.5046324843197829
2014-05-09,0.5886037673265101
2014-05-10,0.5632904282362223
2014-05-11,0.4792264527605339
2014-05-12,0.5007058249290515
2014-05-13,0.514914557864091
2014-05-14,0.5197091860572114
2014-05-15,0.5442137335621535
2014-05-16,0.577007183100359
2014-05-17,0.5736391958132926
2014-05-18,0.5638857765202036
2014-05-19,0.52750376813855
2014-05-20,0.7180828055508209
2014-05-21,0.7349719366243396
2014-05-22,0.8903891685775968
2014-05-23,0.8785891246605805
2014-05-24,0.8989372084819293
2014-05-25,1.109889735285677
2014-05-26,1.16328718673249
2014-05-27,1.102995794450057
2014-05-28,1.103141824017216
2014-05-29,1.078382828179565
2014-05-30,1.284124485028451
2014-05-31,1.334866215703559
2014-06-01,1.427678200222194
2014-06-02,1.511506278246953
2014-06-03,1.49819699636497
2014-06-04,1.379175254180895
2014-06-05,1.445731644161891
2014-06-06,1.420710720484795
2014-06-07,1.434625763993867
2014-06-08,1.427356154764057
2014-06-09,1.393428841598625
2014-06-10,1.434621207809363
2014-06-11,1.362701310539469
2014-06-12,1.173547871115811
2014-06-13,1.195566535960604
2014-06-14,1.072311484373936
2014-06-15,1.098259432722294
2014-06-16,1.121472353466255
2014-06-17,1.1850085601879
2014-06-18,1.170659240830972
2014-06-19,1.13129146068332
2014-06-20,1.092678252854744
2014-06-21,1.117790097678779
2014-06-22,1.15039905748621
2014-06-23,1.068238920819338
2014-06-24,1.067825887106078
2014-06-25,0.9727924163505809
2014-06-26,1.038729779437541
2014-06-27,1.138080615083598
2014-06-28,1.106351916698207
2014-06-29,1.106637844644289
2014-06-30,1.29456142090281
2014-07-01,1.276003949399235
2014-07-02,1.310680737452937
2014-07-03,1.276491076831887
2014-07-04,1.204326568584749
2014-07-05,1.214549605269456
2014-07-06,1.216116979390027
2014-07-07,1.148327024177611
2014-07-08,1.16165955328066
2014-07-09,1.191156835837698
2014-07-10,1.167453267949268
2014-07-11,1.232954196229784
2014-07-12,1.254490082454979
2014-07-13,1.213094921723211
2014-07-14,1.168167323525397
2014-07-15,1.167545544168236
2014-07-16,1.150773120669974
2014-07-17,1.195104359020915
2014-07-18,1.202986567257452
2014-07-19,1.187771876159583
2014-07-20,1.166432005483028
2014-07-21,1.180896793575223
2014-07-22,1.170237385354726
2014-07-23,1.16275597655246
2014-07-24,1.076790152217027
2014-07-25,1.06862943093751
2014-07-26,1.043033272434726
2014-07-27,1.038009568669574
2014-07-28,1.006514387254128
2014-07-29,0.9945068585690541
2014-07-30,0.9035709706611913
2014-07-31,0.9983726187749277
2014-08-01,1.050555718396898
2014-08-02,0.999699905551661
2014-08-03,1.004474384272351
2014-08-04,1.023742840089349
2014-08-05,0.9961313714226192
2014-08-06,0.9947080683233099
2014-08-07,1.011446955494731
2014-08-08,1.005619937026308
2014-08-09,0.9874877653784665
2014-08-10,1.002722586277336
2014-08-11,0.9264181267673612
2014-08-12,0.8969462075112761
2014-08-13,0.7826077168377811
2014-08-14,0.6409945266792552
2014-08-15,0.5418760852198723
2014-08-16,0.6832447684013214
2014-08-17,0.5457802005744791
2014-08-18,0.4183859045552071
2014-08-19,0.5428917307153425
2014-08-20,0.6701859934883956
2014-08-21,0.6753563468384477
2014-08-22,0.6587784118793889
2014-08-23,0.6007089344826201
2014-08-24,0.6339268680122977
2014-08-25,0.6101461151311919
2014-08-26,0.6542943636561769
2014-08-27,0.6830996006119645
2014-08-28,0.6481938312396538
2014-08-29,0.6658631292350307
2014-08-30,0.6230615330545075
2014-08-31,0.5162823070676166
2014-09-01,0.4885938710811467
2014-09-02,0.5102160885934576
2014-09-03,0.509693903963514
2014-09-04,0.5633496012343332
2014-09-05,0.5266436592938247
2014-09-06,0.5322217095992992
2014-09-07,0.5257286849101944
2014-09-08,0.498892222498331
2014-09-09,0.4832817628974553
2014-09-10,0.5208763596974528
2014-09-11,0.5111002917600012
2014-09-12,0.5042114879831139
2014-09-13,0.5183506978465267
2014-09-14,0.5081163193405832
2014-09-15,0.4953784059898099
2014-09-16,0.4632477614306588
2014-09-17,0.4294307325593243
2014-09-18,0.2587976037173416
2014-09-19,0.1523768506334837
2014-09-20,0.2419229092985224
2014-09-21,0.1895317338389676
2014-09-22,0.1976877574048176
2014-09-23,0.340384325956017
2014-09-24,0.2857241497672082
2014-09-25,0.2370057165495796
2014-09-26,0.1976780753874807
2014-09-27,0.1792300360248208
2014-09-28,0.09602848771327302
2014-09-29,0.09349588758566181
2014-09-30,0.1378026451585598
2014-10-01,0.1226522582484845
2014-10-02,0.07753664998049954
2014-10-03,0.04799267766339617
2014-10-04,-0.09351476845147774
2014-10-05,-0.1523392708226931
2014-10-06,-0.07707111655381403
2014-10-07,-0.06540791790216875
2014-10-08,0.01315198075466714
2014-10-09,0.07945427765521991
2014-10-10,0.06264897413419789
2014-10-11,0.05096455810921126
2014-10-12,0.09352641409018288
2014-10-13,0.1745554191016258
2014-10-14,0.2063823644821572
2014-10-15,0.2224175341305955
2014-10-16,0.1409288799973893
2014-10-17,0.1393071678965576
2014-10-18,0.1898660919615449
2014-10-19,0.1658865574102112
2014-10-20,0.147956528909003
2014-10-21,0.1502022452662905
2014-10-22,0.1416978941316099
2014-10-23,0.04468359120063138
2014-10-24,0.04855299393841134
2014-10-25,0.005691440334897399
2014-10-26,0.027133140906668
2014-10-27,0.02469967558406809
2014-10-28,0.02180790166368704
2014-10-29,-0.03738752733616284
2014-10-30,-0.004527229234547595
2014-10-31,-0.02711967837614645
2014-11-01,-0.08754390469095752
2014-11-02,-0.08937783870512796
2014-11-03,-0.08918896365099707
2014-11-04,-0.04896605758632624
2014-11-05,-0.02382033182641651
2014-11-06,0.01950372431882133
2014-11-07,-0.001172336319156605
2014-11-08,0.002933097849421738
2014-11-09,0.07685535921799676
2014-11-10,0.102419441685218
2014-11-11,0.1192094382646576
2014-11-12,0.4632041085266481
2014-11-13,0.3327361321405193
2014-11-14,0.26742978711235
2014-11-15,0.1293069612684071
2014-11-16,0.2243369793679082
2014-11-17,0.2212253706484016
2014-11-18,0.1517083789586479
2014-11-19,0.1734250455733738
2014-11-20,0.04129895455129938
2014-11-21,0.044951952920818
2014-11-22,0.04348375156655801
2014-11-23,0.1091287659743693
2014-11-24,0.1686727836733731
2014-11-25,0.1160719646214799
2014-11-26,0.1200068688244996
2014-11-27,0.1259700568555149
2014-11-28,0.1664266419638638
2014-11-29,0.1588085570941559
2014-11-30,0.1683502314419751
2014-12-01,0.1754970765862358
2014-12-02,0.1896442293128237
2014-12-03,0.1729007995794616
2014-12-04,0.1492795310616229
2014-12-05,0.181826579284232
2014-12-06,0.1736594666572101
2014-12-07,0.1776117540527669
2014-12-08,0.1167671871275588
2014-12-09,0.08704079271589138
2014-12-10,0.04903916126555944
2014-12-11,0.06672285758116771
2014-12-12,0.08242043317921768
2014-12-13,0.05966384812922484
2014-12-14,0.07674649247294797
2014-12-15,0.05090273478495683
2014-12-16,-0.0108946671828501
2014-12-17,-0.05644545633107442
2014-12-18,-0.09098614434581426
2014-12-19,-0.05937653161002077
2014-12-20,-0.003233279150589452
2014-12-21,-0.03932579684717164
2014-12-22,0.01173323177748305
2014-12-23,0.02564380441160399
2014-12-24,-0.03130582376422611
2014-12-25,-0.0400272754657622
2014-12-26,0.006106922195206265
2014-12-27,-0.04945049089539882
2014-12-28,-0.03744891537902392
2014-12-29,-0.06127995871255477
2014-12-30,-0.06809599654357185
2014-12-31,-0.02853823588928237
2015-01-01,-0.05274166958780051
2015-01-02,-0.04665362598829578
2015-01-03,-0.1992301334439073
2015-01-04,-0.2556710345997286
2015-01-05,-0.2283412673036526
2015-01-06,-0.1843232337154606
2015-01-07,-0.1405828912309959
2015-01-08,-0.1887242679850452
2015-01-09,-0.1571236430251818
2015-01-10,-0.2271269667493852
2015-01-11,-0.2513675386127275
2015-01-12,-0.2413040500807324
2015-01-13,-0.4456000936557175
2015-01-14,-0.615170727394757
2015-01-15,-0.4850172471976215
2015-01-16,-0.4993758329423083
2015-01-17,-0.5316466183874407
2015-01-18,-0.470110125697508
2015-01-19,-0.4741474392739617
2015-01-20,-0.476813846142684
2015-01-21,-0.3918569406227862
2015-01-22,-0.3695398154527977
2015-01-23,-0.3695431859760968
2015-01-24,-0.3045102000710874
2015-01-25,-0.2351269853560632
2015-01-26,-0.1721299784846169
2015-01-27,-0.2162992534285667
2015-01-28,-0.3425942577414623
2015-01-29,-0.3503192951606372
2015-01-30,-0.384249709650655
2015-01-31,-0.4185149770481257
2015-02-01,-0.3765619136923367
2015-02-02,-0.3295953047024144
2015-02-03,-0.377987337023082
2015-02-04,-0.3767236249043855
2015-02-05,-0.4233176901265759
2015-02-06,-0.392809086107399
2015-02-07,-0.3776452794326687
2015-02-08,-0.3937346846468808
2015-02-09,-0.4125638402648715
2015-02-10,-0.40752652539915
2015-02-11,-0.4121351880880962
2015-02-12,-0.3962590523979024
2015-02-13,-0.3244762524065307
2015-02-14,-0.2354676061278712
2015-02-15,-0.3524985949683334
2015-02-16,-0.345838031930547
2015-02-17,-0.2960806789241716
2015-02-18,-0.3312970256249466
2015-02-19,-0.3072173905157151
2015-02-20,-0.2920006814152001
2015-02-21,-0.2849245348513345
2015-02-22,-0.3299647399638105
2015-02-23,-0.312512238047274
2015-02-24,-0.3098723609099285
2015-02-25,-0.3229695914624255
2015-02-26,-0.3234192078251092
2015-02-27,-0.2413387540908647
2015-02-28,-0.2407023832556087
2015-03-01,-0.2231732365474672
2015-03-02,-0.1420095339570458
2015-03-03,-0.1113244287305075
2015-03-04,-0.1542236852326003
2015-03-05,-0.1375831355086304
2015-03-06,-0.1556529573404143
2015-03-07,-0.1237263433024554
2015-03-08,-0.139466203595565
2015-03-09,-0.06947950066446872
2015-03-10,-0.06799199213800684
2015-03-11,-0.04388090515591909
2015-03-12,-0.05301257189068196
2015-03-13,-0.1077232414048855
2015-03-14,-0.1169698280096295
2015-03-15,-0.09290929534576502
2015-03-16,-0.07283038184410547
2015-03-17,-0.09720903231618758
2015-03-18,-0.2384326724999451
2015-03-19,-0.2079963047993039
2015-03-20,-0.2047419832326389
2015-03-21,-0.2048832584158411
2015-03-22,-0.1688730775800052
2015-03-23,-0.1734378606326527
2015-03-24,-0.2743949544068907
2015-03-25,-0.266039112131856
2015-03-26,-0.2555665330142736
2015-03-27,-0.2601589891885946
2015-03-28,-0.2384991865611484
2015-03-29,-0.2867023457379897
2015-03-30,-0.2601312177440223
2015-03-31,-0.2748649935570374
2015-04-01,-0.2581499152462146
2015-04-02,-0.2307896970597622
2015-04-03,-0.2261828301147137
2015-04-04,-0.2256775830853339
2015-04-05,-0.1945734546440779
2015-04-06,-0.2230100202918984
2015-04-07,-0.2263360537531703
2015-04-08,-0.2651840785425225
2015-04-09,-0.2726924131815393
2015-04-10,-0.3048068476150433
2015-04-11,-0.3030601483397674
2015-04-12,-0.3054219631325603
2015-04-13,-0.3616264237843551
2015-04-14,-0.3800324269812734
2015-04-15,-0.3527088873917672
2015-04-16,-0.3283675877103366
2015-04-17,-0.3542435390817775
2015-04-18,-0.3524351809905021
2015-04-19,-0.3573127625098855
2015-04-20,-0.3449544843183261
2015-04-21,-0.2998886987367115
2015-04-22,-0.3017168916799541
2015-04-23,-0.2932189921451008
2015-04-24,-0.3128387585628412
2015-04-25,-0.3348486392324357
2015-04-26,-0.3732485756072442
2015-04-27,-0.3238592819468755
2015-04-28,-0.3378957938941546
2015-04-29,-0.3385403820505519
2015-04-30,-0.2890433311165522
2015-05-01,-0.3025649680856037
2015-05-02,-0.2959452116525336
2015-05-03,-0.2691517012892023
2015-05-04,-0.275311447878678
2015-05-05,-0.2853828153640879
2015-05-06,-0.3191757395906384
2015-05-07,-0.2817335680570837
2015-05-08,-0.2514597701388577
2015-05-09,-0.2616600169188876
2015-05-10,-0.2646980208685751
2015-05-11,-0.256207181522182
2015-05-12,-0.2600881578007489
2015-05-13,-0.2852394837396534
2015-05-14,-0.2800668790403312
2015-05-15,-0.277411380121669
2015-05-16,-0.2860249818827598
2015-05-17,-0.2852982275564945
2015-05-18,-0.2959312818558384
2015-05-19,-0.3019214588756091
2015-05-20,-0.2927663137199448
2015-05-21,-0.2855320348334328
2015-05-22,-0.2663675638785816
2015-05-23,-0.2668261662823318
2015-05-24,-0.2580386171208118
2015-05-25,-0.2748274358674926
2015-05-26,-0.2755786830727911
2015-05-27,-0.2757139536088574
2015-05-28,-0.2741389574005488
2015-05-29,-0.2761633033485322
2015-05-30,-0.2893217347931458
2015-05-31,-0.304373922838536
2015-06-01,-0.334283213346493
2015-06-02,-0.3211287481507638
2015-06-03,-0.3224623848711646
2015-06-04,-0.3277935687763573
2015-06-05,-0.3253573023583371
2015-06-06,-0.3230926438463077
2015-06-07,-0.3307738828132672
2015-06-08,-0.3058806954300148
2015-06-09,-0.3016561429161115
2015-06-10,-0.3037340452350288
2015-06-11,-0.2990258681247644
2015-06-12,-0.3003424957285128
2015-06-13,-0.2831498355951482
2015-06-14,-0.2777503764856639
2015-06-15,-0.263779106486222
2015-06-16,-0.1932719260619502
2015-06-17,-0.2069194933459556
2015-06-18,-0.2027920107725252
2015-06-19,-0.2335723673936154
2015-06-20,-0.2276763515590421
2015-06-21,-0.231591710227845
2015-06-22,-0.2171514754925967
2015-06-23,-0.2294604366132308
2015-06-24,-0.2470808644747401
2015-06-25,-0.2353867962363637
2015-06-26,-0.2342820533044931
2015-06-27,-0.1975563759857019
2015-06-28,-0.2060489415764748
2015-06-29,-0.1665905712953212
2015-06-30,-0.1347159781824768
2015-07-01,-0.1590619236122917
2015-07-02,-0.177250547460856
2015-07-03,-0.1687975102593773
2015-07-04,-0.1478622986723512
2015-07-05,-0.09782224922500983
2015-07-06,-0.1047113374464554
2015-07-07,-0.122783120905672
2015-07-08,-0.1226759664842235
2015-07-09,-0.1201046101391273
2015-07-10,-0.02490454546738042
2015-07-11,0.00511564488906082
2015-07-12,0.08578551650047124
2015-07-13,-0.003436056468034028
2015-07-14,-0.004748548338375666
2015-07-15,-0.01294058178734363
2015-07-16,-0.06816740580511392
2015-07-17,-0.0596716513894008
2015-07-18,-0.07588580437499771
2015-07-19,-0.08545010982920737
2015-07-20,-0.0619803028945185
2015-07-21,-0.07361444452070333
2015-07-22,-0.06793421667666838
2015-07-23,-0.0764450446538085
2015-07-24,-0.01663146090151028
2015-07-25,-0.01186815274714822
2015-07-26,0.001406461940835159
2015-07-27,0.01304190806747238
2015-07-28,0.01675352764578854
2015-07-29,-0.01454387810083913
2015-07-30,-0.02180260545096705
2015-07-31,-0.0422021491725268
2015-08-01,-0.0612034955378704
2015-08-02,-0.04509109593880464
2015-08-03,-0.04791666822925662
2015-08-04,-0.03168003739075064
2015-08-05,-0.05612272117953114
2015-08-06,-0.06027626816298662
2015-08-07,-0.06383666038477247
2015-08-08,-0.1526544273941294
2015-08-09,-0.1229199011997649
2015-08-10,-0.1244655669895666
2015-08-11,-0.09838308660486621
2015-08-12,-0.1168315480712135
2015-08-13,-0.1275673219458335
2015-08-14,-0.1173565858234139
2015-08-15,-0.1393240953293862
2015-08-16,-0.1527739156452504
2015-08-17,-0.1538755451773338
2015-08-18,-0.2921001851065693
2015-08-19,-0.2975863981192556
2015-08-20,-0.2603941432398763
2015-08-21,-0.2686848739813158
2015-08-22,-0.2832614879826693
2015-08-23,-0.3001704036397591
2015-08-24,-0.3876089718506397
2015-08-25,-0.3087415615107855
2015-08-26,-0.2843393628751381
2015-08-27,-0.3033330580650695
2015-08-28,-0.2642318298225106
2015-08-29,-0.2705064075482179
2015-08-30,-0.2795353165559353
2015-08-31,-0.2630863596082836
2015-09-01,-0.2771333538045354
2015-09-02,-0.2699247211229021
2015-09-03,-0.2806233136011959
2015-09-04,-0.2622498933301637
2015-09-05,-0.2452751819845198
2015-09-06,-0.2136419288573249
2015-09-07,-0.2157261635085481
2015-09-08,-0.2016046911829124
2015-09-09,-0.2234385056136771
2015-09-10,-0.2194510312118079
2015-09-11,-0.2114789401586437
2015-09-12,-0.2369042627226341
2015-09-13,-0.2590547194216977
2015-09-14,-0.2581218600621516
2015-09-15,-0.2617423432813683
2015-09-16,-0.2657916775800155
2015-09-17,-0.2479096643911732
2015-09-18,-0.247139245771241
2015-09-19,-0.2536520239218791
2015-09-20,-0.2575778742783061
2015-09-21,-0.2727515906043236
2015-09-22,-0.2515139509006132
2015-09-23,-0.25525334289417
2015-09-24,-0.2345016178558842
2015-09-25,-0.2313917878139238
2015-09-26,-0.2368455141620906
2015-09-27,-0.2419456147392104
2015-09-28,-0.2089286998013742
2015-09-29,-0.2253365962814272
2015-09-30,-0.2283463152085838
2015-10-01,-0.2205311952905965
2015-10-02,-0.2259965678365273
2015-10-03,-0.2107371305765628
2015-10-04,-0.2136482427906146
2015-10-05,-0.2099891289956618
2015-10-06,-0.1718907846335016
2015-10-07,-0.1905513097491731
2015-10-08,-0.1975250855211141
2015-10-09,-0.1838335018692423
2015-10-10,-0.1774183476027452
2015-10-11,-0.1660802900947904
2015-10-12,-0.1742635115218472
2015-10-13,-0.1521031515347412
2015-10-14,-0.139105034270441
2015-10-15,-0.1273553214843323
2015-10-16,-0.07801605654589988
2015-10-17,-0.04052179463503761
2015-10-18,-0.0893884087144814
2015-10-19,-0.07932131942402924
2015-10-20,-0.05113126824952242
2015-10-21,-0.0647586843836917
2015-10-22,-0.02996975560564114
2015-10-23,-0.009255464895852474
2015-10-24,0.0168134552163617
2015-10-25,0.01796957126309449
2015-10-26,0.02465622908646555
2015-10-27,0.07367478719427939
2015-10-28,0.1038453663859776
2015-10-29,0.1549275986354024
2015-10-30,0.2430300919354619
2015-10-31,0.1490687220740785
2015-11-01,0.2143114083247915
2015-11-02,0.3864258328727233
2015-11-03,0.6274954142691382
2015-11-04,0.5213875268505227
2015-11-05,0.4679926903087107
2015-11-06,0.4213975776239917
2015-11-07,0.4744006770383128
2015-11-08,0.4031002729717481
2015-11-09,0.4212957757952568
2015-11-10,0.2493338116648761
2015-11-11,0.1123699251781462
2015-11-12,0.2281317337585636
2015-11-13,0.232433739135049
2015-11-14,0.2094972488216746
2015-11-15,0.143646667044413
2015-11-16,0.2006212039708529
2015-11-17,0.2125694050481083
2015-11-18,0.2219401746481794
2015-11-19,0.1799485008403585
2015-11-20,0.1495040851090667
2015-11-21,0.180578990685876
2015-11-22,0.1606424559930739
2015-11-23,0.1583527556026887
2015-11-24,0.1466819922541253
2015-11-25,0.1907154227963791
2015-11-26,0.3075798497606377
2015-11-27,0.3077386292093342
2015-11-28,0.3354770051347818
2015-11-29,0.4032037320668933
2015-11-30,0.4386142313289201
2015-12-01,0.3489822988157756
2015-12-02,0.3346898507250184
2015-12-03,0.3511836967557571
2015-12-04,0.3585075807633348
2015-12-05,0.500379705993953
2015-12-06,0.4697385718278264
2015-12-07,0.5043366969265995
2015-12-08,0.6008243448691395
2015-12-09,0.6217160687282928
2015-12-10,0.6125873837928889
2015-12-11,0.7777923790016521
2015-12-12,0.6814381266115157
2015-12-13,0.6824743018927618
2015-12-14,0.7484064425407584
2015-12-15,0.8277638298895836
2015-12-16,0.7833171392909926
2015-12-17,0.7872954237135646
2015-12-18,0.8318101852617206
2015-12-19,0.818592401914144
2015-12-20,0.6731085650333996
2015-12-21,0.6992245251551424
2015-12-22,0.6844925495360468
2015-12-23,0.7125652526667854
2015-12-24,0.7776523755211666
2015-12-25,0.770281341795229
2015-12-26,0.5627143865424522
2015-12-27,0.6135460043642901
2015-12-28,0.6083717876534267
2015-12-29,0.66740929691432
2015-12-30,0.6219871381942594
2015-12-31,0.6518404920722682
2016-01-01,0.6700609901732604
2016-01-02,0.6598663044701856
2016-01-03,0.6445014336693686
2016-01-04,0.6572009266817799
2016-01-05,0.6407479877855845
2016-01-06,0.6395620878592396
2016-01-07,0.7860998059872224
2016-01-08,0.7504143919289968
2016-01-09,0.719222761262567
2016-01-10,0.7284852302359192
2016-01-11,0.7049354348605977
2016-01-12,0.646140207158043
2016-01-13,0.6310065736651191
2016-01-14,0.6196878582321171
2016-01-15,0.2958286221696599
2016-01-16,0.4050246635059337
2016-01-17,0.3790817812854237
2016-01-18,0.4005730460682827
2016-01-19,0.3481467378021569
2016-01-20,0.5695195547970875
2016-01-21,0.5179839183208885
2016-01-22,0.4045118484984523
2016-01-23,0.4135933254228503
2016-01-24,0.4747659923494913
2016-01-25,0.437531651634442
2016-01-26,0.4336188151141204
2016-01-27,0.4527033009063706
2016-01-28,0.3584052103705479
2016-01-29,0.3804528706812387
2016-01-30,0.3700281118858865
2016-01-31,0.3256576890364285
2016-02-01,0.35313223874014
2016-02-02,0.3533203097991096
2016-02-03,0.3313427294850825
2016-02-04,0.428145195692294
2016-02-05,0.4053447447168264
2016-02-06,0.3768550921823269
2016-02-07,0.3737200778303864
2016-02-08,0.3459007126063565
2016-02-09,0.3594867060337924
2016-02-10,0.3896925589484426
2016-02-11,0.3857596497585704
2016-02-12,0.4096774451121514
2016-02-13,0.4583844668383338
2016-02-14,0.5382756170995331
2016-02-15,0.4920330223753139
2016-02-16,0.5196762352526086
2016-02-17,0.5647212868385558
2016-02-18,0.5883569579965847
2016-02-19,0.5886684652723041
2016-02-20,0.66836031708378
2016-02-21,0.659215338242948
2016-02-22,0.6651906070509542
2016-02-23,0.5901450123037527
2016-02-24,0.6043680689682961
2016-02-25,0.5812131098104052
2016-02-26,0.6355436234452455
2016-02-27,0.6298750080140232
2016-02-28,0.627061156878032
2016-02-29,0.6542344024778407
2016-03-01,0.6341660589511072
2016-03-02,0.5604845038486886
2016-03-03,0.5629052026658627
2016-03-04,0.496321441016389
2016-03-05,0.4451255165400199
2016-03-06,0.473637046954733
2016-03-07,0.5280198347135371
2016-03-08,0.5127569383477235
2016-03-09,0.52119280170204
2016-03-10,0.538235719541784
2016-03-11,0.5569879520852028
2016-03-12,0.5151613933606879
2016-03-13,0.5192737523854588
2016-03-14,0.5314502455447844
2016-03-15,0.5343636375645691
2016-03-16,0.5366899141531182
2016-03-17,0.5460259837134124
2016-03-18,0.4965440766276657
2016-03-19,0.4939329376709166
2016-03-20,0.5078864049757951
2016-03-21,0.5109305642368819
2016-03-22,0.5364977614514568
2016-03-23,0.5391093994813968
2016-03-24,0.5200104564225926
2016-03-25,0.5299500666503774
2016-03-26,0.5354377440464853
2016-03-27,0.5711420557127835
2016-03-28,0.5613723005543894
2016-03-29,0.51875934092767
2016-03-30,0.51580952808888
2016-03-31,0.5238113858348241
2016-04-01,0.5390622797866179
2016-04-02,0.5452617229059831
2016-04-03,0.5473298652799764
2016-04-04,0.5387941022241549
2016-04-05,0.5591441901491172
2016-04-06,0.5480099069833971
2016-04-07,0.5449814136579363
2016-04-08,0.5268610376143927
2016-04-09,0.529481676128163
2016-04-10,0.5452766906587233
2016-04-11,0.5499322255163147
2016-04-12,0.5663682390716238
2016-04-13,0.5621920727926255
2016-04-14,0.5595376594735354
2016-04-15,0.5842148509188851
2016-04-16,0.5849056501958736
2016-04-17,0.5706231433797334
2016-04-18,0.5806608379282714
2016-04-19,0.6127458518426565
2016-04-20,0.6399583724905968
2016-04-21,0.6836785161509196
2016-04-22,0.6437021531888468
2016-04-23,0.7012218886377931
2016-04-24,0.7163418348441402
2016-04-25,0.7396799961261558
2016-04-26,0.7694597370516625
2016-04-27,0.6311726311025592
2016-04-28,0.667883691449076
2016-04-29,0.703542172568733
2016-04-30,0.669724670811718
2016-05-01,0.6866271691934722
2016-05-02,0.644770865977672
2016-05-03,0.6703376074483749
2016-05-04,0.6517615999088885
2016-05-05,0.6569443231724662
2016-05-06,0.7174322365245799
2016-05-07,0.713126990606536
2016-05-08,0.7083372578676072
2016-05-09,0.7272451806227499
2016-05-10,0.665436480165004
2016-05-11,0.6726154337610452
2016-05-12,0.6887291450733976
2016-05-13,0.6948111466944092
2016-05-14,0.695179332238769
2016-05-15,0.7021833721204452
2016-05-16,0.6796383994304294
2016-05-17,0.6729009767834856
2016-05-18,0.6751088752757313
2016-05-19,0.5935332624801278
2016-05-20,0.618786545836761
2016-05-21,0.6193761817348181
2016-05-22,0.6019463333160227
2016-05-23,0.6208089589258962
2016-05-24,0.6300780332360916
2016-05-25,0.6470145092145348
2016-05-26,0.6677289054025789
2016-05-27,0.7437223313131885
2016-05-28,1.004901577271875
2016-05-29,0.9759551052391967
2016-05-30,1.041330565912607
2016-05-31,1.017908042623596
2016-06-01,1.052969219754552
2016-06-02,1.065002415221149
2016-06-03,1.229955823912111
2016-06-04,1.2355398832552
2016-06-05,1.247500538628731
2016-06-06,1.296671636652788
2016-06-07,1.246108270351522
2016-06-08,1.248393426869143
2016-06-09,1.209166703784372
2016-06-10,1.242412753603868
2016-06-11,1.380376296708137
2016-06-12,1.637774191096344
2016-06-13,1.809310523870291
2016-06-14,1.725958216578732
2016-06-15,1.809396364609387
2016-06-16,2.069082838695176
2016-06-17,1.991862170923679
2016-06-18,2.024817036253345
2016-06-19,2.05471789395602
2016-06-20,1.75833838610987
2016-06-21,1.573381708390953
2016-06-22,1.147208320865786
2016-06-23,1.359241356367409
2016-06-24,1.533423129555235
2016-06-25,1.540143179462448
2016-06-26,1.318538847012403
2016-06-27,1.487595249104803
2016-06-28,1.431600977711832
2016-06-29,1.406416225640413
2016-06-30,1.547428133532001
2016-07-01,1.565100042780533
2016-07-02,1.712643363445234
2016-07-03,1.481941644736413
2016-07-04,1.588397034340748
2016-07-05,1.535501919900311
2016-07-06,1.534963363885284
2016-07-07,1.37630428243538
2016-07-08,1.482943149960035
2016-07-09,1.432698212870469
2016-07-10,1.419203354806216
2016-07-11,1.421529563650025
2016-07-12,1.476927986
2016-07-13,1.432345952206772
2016-07-14,1.473335768945965
2016-07-15,1.493226929998931
2016-07-16,1.48497371493811
2016-07-17,1.552411345825588
2016-07-18,1.510471746061915
2016-07-19,1.509061077118464
2016-07-20,1.453716319895423
2016-07-21,1.473846331250924
2016-07-22,1.413437703218618
2016-07-23,1.439978827412335
2016-07-24,1.454617552164362
2016-07-25,1.416172945030713
2016-07-26,1.398635685586597
2016-07-27,1.402543799763242
2016-07-28,1.415296247093815
2016-07-29,1.415940384402055
2016-07-30,1.405920074587261
2016-07-31,1.242030817024037
2016-08-01,1.179040735186778
2016-08-02,0.7966615304470335
2016-08-03,0.9738112654592554
2016-08-04,1.014861601385239
2016-08-05,1.010985648848991
2016-08-06,1.096398392250615
2016-08-07,1.102623379307134
2016-08-08,1.0740966807152
2016-08-09,1.063267865423856
2016-08-10,1.100015501686048
2016-08-11,1.069329689271698
2016-08-12,1.070153377425594
2016-08-13,1.067390169473815
2016-08-14,0.9924480438649105
2016-08-15,0.9718146931438602
2016-08-16,1.025101647964219
2016-08-17,0.9953260629083251
2016-08-18,1.007412452419967
2016-08-19,1.009015956450584
2016-08-20,1.025410803287418
2016-08-21,1.037739696310996
2016-08-22,1.059077289770368
2016-08-23,1.046279334685907
2016-08-24,1.032688270051314
2016-08-25,1.012673097547393
2016-08-26,1.028747143832227
2016-08-27,0.9821815605457571
2016-08-28,1.001995183171295
2016-08-29,0.9938241844988213
2016-08-30,1.007604560056345
2016-08-31,1.001172596797067
2016-09-01,0.977004624927611
2016-09-02,0.9955892882861301
2016-09-03,1.113895670511935
2016-09-04,1.148559970193701
2016-09-05,1.133735160314738
2016-09-06,1.159158921393404
2016-09-07,1.162228167896036
2016-09-08,1.228122444279031
2016-09-09,1.209783792754158
2016-09-10,1.211798107447189
2016-09-11,1.134063217482874
2016-09-12,1.128096548021924
2016-09-13,1.138265515260565
2016-09-14,1.139452839432202
2016-09-15,1.128321565209805
2016-09-16,1.130715381258978
2016-09-17,1.124265559675371
2016-09-18,1.139850028499322
2016-09-19,1.129207351074076
2016-09-20,1.070931036447495
2016-09-21,1.071196087222001
2016-09-22,1.061227288853513
2016-09-23,1.097746841197506
2016-09-24,1.093681802669316
2016-09-25,1.085514332108858
2016-09-26,1.107846746351053
2016-09-27,1.100837230371855
2016-09-28,1.09857952072575
2016-09-29,1.099586284444662
2016-09-30,1.123198262884005
2016-10-01,1.144052669254377
2016-10-02,1.12197412553548
2016-10-03,1.123946267605917
2016-10-04,1.114646174189172
2016-10-05,1.11771302929074
2016-10-06,1.117405916684594
2016-10-07,1.141838117859387
2016-10-08,1.147913887581404
2016-10-09,1.137491091325347
2016-10-10,1.141587097354025
2016-10-11,1.249211033150569
2016-10-12,1.211099244092322
2016-10-13,1.218744439307368
2016-10-14,1.227568895300715
2016-10-15,1.22463288762258
2016-10-16,1.232743077542531
2016-10-17,1.215479238049741
2016-10-18,1.202839034708067
2016-10-19,1.173666777140431
2016-10-20,1.171384349923734
2016-10-21,1.178832461256684
2016-10-22,1.311667025073226
2016-10-23,1.272774727439542
2016-10-24,1.261780661978205
2016-10-25,1.281919312001574
2016-10-26,1.376934951141658
2016-10-27,1.412946764777765
2016-10-28,1.423543145514987
2016-10-29,1.502988934269057
2016-10-30,1.466187977328725
2016-10-31,1.462828619593875
2016-11-01,1.585240207833149
2016-11-02,1.644521161814785
2016-11-03,1.426228366538169
2016-11-04,1.467013895288305
2016-11-05,1.461905389529542
2016-11-06,1.496410747328434
2016-11-07,1.466618542386029
2016-11-08,1.490503682226909
2016-11-09,1.540526156817526
2016-11-10,1.50867641545608
2016-11-11,1.510188126214559
2016-11-12,1.45190269651999
2016-11-13,1.42480488948322
2016-11-14,1.447618127560487
2016-11-15,1.474751577226934
2016-11-16,1.605656332352087
2016-11-17,1.566026113921223
2016-11-18,1.624245215906159
2016-11-19,1.625053447657177
2016-11-20,1.539948397909521
2016-11-21,1.559204960271046
2016-11-22,1.628741976901527
2016-11-23,1.581063891464182
2016-11-24,1.534359724923807
2016-11-25,1.555421612974866
2016-11-26,1.528696675090807
2016-11-27,1.512329132626539
2016-11-28,1.517736326572407
2016-11-29,1.518773163273171
2016-11-30,1.551345406877882
2016-12-01,1.607812080806703
2016-12-02,1.667728571771402
2016-12-03,1.632526592783181
2016-12-04,1.646599176226375
2016-12-05,1.585722040240996
2016-12-06,1.592977415049203
2016-12-07,1.618334077925266
2016-12-08,1.631404941165255
2016-12-09,1.640804466477435
2016-12-10,1.618120231084563
2016-12-11,1.621483328352214
2016-12-12,1.664190212747413
2016-12-13,1.634942169173615
2016-12-14,1.648459684129326
2016-12-15,1.639683434939865
2016-12-16,1.662328714744841
2016-12-17,1.68703075450471
2016-12-18,1.688388702641422
2016-12-19,1.687896347537338
2016-12-20,1.721500490972145
2016-12-21,1.861630618431953
2016-12-22,1.972689213778177
2016-12-23,2.219733863708602
2016-12-24,2.106300176645495
2016-12-25,2.111193416196589
2016-12-26,2.09921563424433
2016-12-27,2.276780824290719
2016-12-28,2.406670672342999
2016-12-29,2.38021116831142
2016-12-30,2.330166975666129
2016-12-31,2.354529430355616
2017-01-01,2.486862081305694
2017-01-02,2.571038017217504
2017-01-03,2.621627699546873
2017-01-04,2.932558590643751
2017-01-05,2.448849557294737
2017-01-06,1.971098877163864
2017-01-07,1.905396964344199
2017-01-08,1.974425777189456
2017-01-09,1.95220739271753
2017-01-10,1.986506836989811
2017-01-11,1.380529776545353
2017-01-12,1.547445902119032
2017-01-13,1.649181463932467
2017-01-14,1.613055033919158
2017-01-15,1.611874837524703
2017-01-16,1.640466295641802
2017-01-17,1.962679160252727
2017-01-18,1.887248350293479
2017-01-19,1.921869675176345
2017-01-20,1.89514974123896
2017-01-21,2.027063883793219
2017-01-22,2.016872814725179
2017-01-23,1.910189017105768
2017-01-24,1.868156823074708
2017-01-25,1.891073863858957
2017-01-26,1.951083908081917
2017-01-27,1.954770341439555
2017-01-28,1.967321811148205
2017-01-29,1.927505788339733
2017-01-30,1.951336534843984
2017-01-31,2.131932600920071
2017-02-01,2.221164208933107
2017-02-02,2.281181148516874
2017-02-03,2.328562837089093
2017-02-04,2.387894983476439
2017-02-05,2.305261243477097
2017-02-06,2.332761379314683
2017-02-07,2.444691373737589
2017-02-08,2.454619173661666
2017-02-09,2.13122507917394
2017-02-10,2.17109425498508
2017-02-11,2.208543177374869
2017-02-12,2.200368811094832
2017-02-13,2.154480896788753
2017-02-14,2.19695440340475
2017-02-15,2.200742500876686
2017-02-16,2.312278665655443
2017-02-17,2.36991205569736
2017-02-18,2.351303960534302
2017-02-19,2.330229560825474
2017-02-20,2.441622174366691
2017-02-21,2.583787093832688
2017-02-22,2.623793453773256
2017-02-23,2.791831914391089
2017-02-24,2.777059453677448
2017-02-25,2.656730985333061
2017-02-26,2.783000431490192
2017-02-27,2.837709020606717
2017-02-28,2.767394646526724
2017-03-01,2.906815518837654
2017-03-02,3.033836183365044
2017-03-03,3.106025007756453
2017-03-04,3.00857436663876
2017-03-05,3.03908002309018
2017-03-06,3.047306164074211
2017-03-07,2.847690941194561
2017-03-08,2.447768975999796
2017-03-09,2.702597121050488
2017-03-10,2.396534645389425
2017-03-11,2.602056813395541
2017-03-12,2.764042552975386
2017-03-13,2.804729799240672
2017-03-14,2.806719748941288
2017-03-15,3.029154640178351
2017-03-16,2.490145469038004
2017-03-17,2.161028532316899
2017-03-18,1.784676257614005
2017-03-19,1.925490632021028
2017-03-20,2.035018285777086
2017-03-21,2.201217527562534
2017-03-22,1.963730100138795
2017-03-23,1.931187003997998
2017-03-24,1.594781693842511
2017-03-25,1.684275977238267
2017-03-26,1.687605560286129
2017-03-27,1.953288321233306
2017-03-28,1.938443516471859
2017-03-29,1.982771289067707
2017-03-30,1.954111354866544
2017-03-31,2.09416668366201
2017-04-01,2.084015767182795
2017-04-02,2.259566078244894
2017-04-03,2.329958227784592
2017-04-04,2.287079617278743
2017-04-05,2.268645391738835
2017-04-06,2.428861902048176
2017-04-07,2.409249598424552
2017-04-08,2.404039579363099
2017-04-09,2.488529121155602
2017-04-10,2.478657726794055
2017-04-11,2.521685912552382
2017-04-12,2.481535357939206
2017-04-13,2.33812900232041
2017-04-14,2.335452547593771
2017-04-15,2.343842134835665
2017-04-16,2.314221882657135
2017-04-17,2.383758729029124
2017-04-18,2.398813884607366
2017-04-19,2.441048812196233
2017-04-20,2.517993544040595
2017-04-21,2.557740403389785
2017-04-22,2.489682379218334
2017-04-23,2.502846461216651
2017-04-24,2.517446289775069
2017-04-25,2.580565666753624
2017-04-26,2.619740400355987
2017-04-27,2.740836508515619
2017-04-28,2.81831440181267
2017-04-29,2.722859175669648
2017-04-30,2.824350645966132
2017-05-01,2.968990675936194
2017-05-02,3.142742995999627
2017-05-03,3.216800159464306
2017-05-04,3.339917667480191
2017-05-05,3.313818771960431
2017-05-06,3.349664072465249
2017-05-07,3.410935346323949
2017-05-08,3.710578179553289
2017-05-09,3.812564814943867
2017-05-10,3.93693218701811
2017-05-11,4.095261652397364
2017-05-12,3.536485980608912
2017-05-13,3.953414162625633
2017-05-14,3.886617983929684
2017-05-15,3.663408556856122
2017-05-16,3.71944287471597
2017-05-17,3.932073033770644
2017-05-18,4.221060513851746
2017-05-19,4.419772545690829
2017-05-20,4.614377294126408
2017-05-21,4.594412580820428
2017-05-22,4.817788002090554
2017-05-23,5.242093015782863
2017-05-24,5.754872877880854
2017-05-25,5.3924923887442
2017-05-26,4.881961842047151
2017-05-27,4.353717920219317
2017-05-28,4.615630754721906
2017-05-29,4.721406810797593
2017-05-30,4.607041390125888
2017-05-31,4.844396111001393
2017-06-01,5.028247448834015
2017-06-02,5.261252203069271
2017-06-03,5.251027206554128
2017-06-04,5.296262859726081
2017-06-05,5.833608766813896
2017-06-06,5.976130705639559
2017-06-07,5.451784446142518
2017-06-08,5.729544178588601
2017-06-09,5.707716845136991
2017-06-10,5.837738410821062
2017-06-11,6.020505054844838
2017-06-12,5.143178121424817
2017-06-13,5.205729582448045
2017-06-14,4.423678131700097
2017-06-15,4.187710231558397
2017-06-16,4.422157281726943
2017-06-17,4.793758827674383
2017-06-18,4.510416898419053
2017-06-19,4.729991381869176
2017-06-20,4.954351266194493
2017-06-21,4.741898405248124
2017-06-22,4.837199792887906
2017-06-23,4.760421260857989
2017-06-24,4.316665078347838
2017-06-25,4.252048513231731
2017-06-26,3.948754289078045
2017-06-27,4.174460918479916
2017-06-28,4.230612702256107
2017-06-29,4.190449631826948
2017-06-30,3.96262967810599
2017-07-01,3.671109751357976
2017-07-02,3.993002513865841
2017-07-03,4.133417229656534
2017-07-04,4.095182236570889
2017-07-05,4.161818609049123
2017-07-06,4.103138454293098
2017-07-07,3.80015079109553
2017-07-08,3.934356419536615
2017-07-09,3.75803634354823
2017-07-10,3.407782156314665
2017-07-11,3.254844627083302
2017-07-12,3.474653582641956
2017-07-13,3.334448035863224
2017-07-14,3.020315964616941
2017-07-15,2.409490434194847
2017-07-16,2.363277254715615
2017-07-17,2.963546003056134
2017-07-18,3.110645406960862
2017-07-19,3.10521409206752
2017-07-20,4.160623932261011
2017-07-21,3.957883130920994
2017-07-22,4.315147829999575
2017-07-23,4.083712139809238
2017-07-24,4.065579716119606
2017-07-25,3.66684962642464
2017-07-26,3.557344878263747
2017-07-27,3.899336374819329
2017-07-28,3.975115069219992
2017-07-29,3.718197149752049
2017-07-30,3.723138524863112
2017-07-31,3.895101783767168
2017-08-01,3.537219356728652
2017-08-02,3.539055428731358
2017-08-03,3.677486993579869
2017-08-04,3.758755792162798
2017-08-05,4.513950495132388
2017-08-06,4.317887397315558
2017-08-07,4.572860772322229
2017-08-08,4.530205408306126
2017-08-09,4.364775242028666
2017-08-10,4.50003055117533
2017-08-11,4.892566847921422
2017-08-12,5.412852363607342
2017-08-13,5.638703698411542
2017-08-14,6.085124224067194
2017-08-15,5.593880038484869
2017-08-16,5.96018240847481
2017-08-17,5.649220838371836
2017-08-18,5.389357831711709
2017-08-19,5.194072287083614
2017-08-20,5.100781526081835
2017-08-21,4.67108203222482
2017-08-22,4.982623554272263
2017-08-23,5.043177284062737
2017-08-24,5.434750343381826
2017-08-25,5.366014693767024
2017-08-26,5.293566272954899
2017-08-27,5.161082566829215
2017-08-28,5.224362412651051
2017-08-29,5.552222958078906
2017-08-30,5.471903429943883
2017-08-31,5.666247489673395
2017-09-01,5.849319685475479
2017-09-02,5.270473910198721
2017-09-03,5.094135334344124
2017-09-04,4.416654360398122
2017-09-05,4.83424472180354
2017-09-06,4.934098641944641
2017-09-07,4.950621786297499
2017-09-08,4.390429964479395
2017-09-09,4.360018476616386
2017-09-10,4.190124892674979
2017-09-11,4.198670997406992
2017-09-12,3.995439738888335
2017-09-13,3.621838755660831
2017-09-14,2.705850676911435
2017-09-15,3.31845853340131
2017-09-16,3.185526775932472
2017-09-17,3.306639172137527
2017-09-18,3.68648096141703
2017-09-19,3.510871675417338
2017-09-20,3.384336572232413
2017-09-21,3.075403494996646
2017-09-22,2.979986371520406
2017-09-23,3.195389893391547
2017-09-24,3.072098663579086
2017-09-25,3.427599124081075
2017-09-26,3.369962457512071
2017-09-27,3.743283567009263
2017-09-28,3.738873145043718
2017-09-29,3.696257197546588
2017-09-30,3.924958167964419
2017-10-01,4.000320762266906
2017-10-02,3.900955112540128
2017-10-03,3.745335109998007
2017-10-04,3.612517850575369
2017-10-05,3.735762367589341
2017-10-06,3.782969232017693
2017-10-07,3.852404451912539
2017-10-08,4.014254234795477
2017-10-09,4.351838051132286
2017-10-10,4.130846855989718
2017-10-11,4.241107103373755
2017-10-12,4.979235195901669
2017-10-13,5.165076400394452
2017-10-14,5.390918794096152
2017-10-15,5.17975080200476
2017-10-16,5.190646262631914
2017-10-17,4.813587215321712
2017-10-18,4.807851627378069
2017-10-19,4.970031120734578
2017-10-20,5.221098334318052
2017-10-21,5.295297393443532
2017-10-22,5.103023400881662
2017-10-23,4.790145499947811
2017-10-24,4.375669536166322
2017-10-25,4.61797613725006
2017-10-26,4.901677124179273
2017-10-27,4.6739948044951
2017-10-28,4.489146272587738
2017-10-29,4.956246430116273
2017-10-30,4.915071118066584
2017-10-31,5.154216193457658
2017-11-01,5.59302162298159
2017-11-02,5.710358165670723
2017-11-03,5.753607792446718
2017-11-04,5.973801710876281
2017-11-05,5.903860069607857
2017-11-06,5.518974899897245
2017-11-07,5.473757428163317
2017-11-08,5.705802582504171
2017-11-09,5.587610886505633
2017-11-10,4.880092104575724
2017-11-11,4.424341183992325
2017-11-12,4.027742961029557
2017-11-13,4.637846313421198
2017-11-14,4.700184421100905
2017-11-15,5.1628070849292
2017-11-16,5.822170097019927
2017-11-17,5.383874575503137
2017-11-18,5.471202380054209
2017-11-19,5.695688946646102
2017-11-20,5.817668325705348
2017-11-21,5.615781212043848
2017-11-22,5.621490246461883
2017-11-23,5.323784204860482
2017-11-24,5.433521755373334
2017-11-25,5.975689342634667
2017-11-26,6.570764720277829
2017-11-27,6.58146625653393
2017-11-28,6.663153213727331
2017-11-29,6.569331779360069
2017-11-30,6.330959756719324
2017-12-01,7.153115596927395
2017-12-02,6.984208948510144
2017-12-03,7.17080907011907
2017-12-04,7.304292784257927
2017-12-05,7.344234108518236
2017-12-06,9.011520354329898
2017-12-07,11.07320270563873
2017-12-08,9.753695065802031
2017-12-09,8.300292033830944
2017-12-10,8.865186967482362
2017-12-11,9.570535801005615
2017-12-12,9.630786319845903
2017-12-13,8.796898536804596
2017-12-14,8.873328934280927
2017-12-15,9.065145578911379
2017-12-16,9.845205241547788
2017-12-17,8.890513289248252
2017-12-18,8.986173842538635
2017-12-19,7.636490943621514
2017-12-20,7.343388237370547
2017-12-21,6.277426931433037
2017-12-22,5.409469853701469
2017-12-23,5.652700519643233
2017-12-24,5.273210668358211
2017-12-25,5.337906382173558
2017-12-26,6.313079801136007
2017-12-27,5.906989608843529
2017-12-28,5.343513097943799
2017-12-29,5.272877621299564
2017-12-30,4.495600260034331
2017-12-31,4.808961685501037
2018-01-01,4.88361905705699
2018-01-02,5.363192271052217
2018-01-03,5.445511619085738
2018-01-04,5.334344919684344
2018-01-05,6.240116508314748
2018-01-06,6.187671435593145
2018-01-07,5.548627386029992
2018-01-08,5.107470611434855
2018-01-09,4.486981925105753
2018-01-10,4.728103641875498
2018-01-11,3.896604919773047
2018-01-12,4.39695615978516
2018-01-13,4.413541466397162
2018-01-14,4.117930078633301
2018-01-15,3.865349771892347
2018-01-16,2.762689743458778
2018-01-17,2.879295983781489
2018-01-18,2.932972592214939
2018-01-19,3.000366471717621
2018-01-20,3.36091132333722
2018-01-21,3.036748926180636
2018-01-22,2.596971765617127
2018-01-23,2.503747445566284
2018-01-24,2.829952138816983
2018-01-25,2.858967110601003
2018-01-26,2.700830744343021
2018-01-27,2.88057232563807
2018-01-28,2.977883590062036
2018-01-29,2.708796258134175
2018-01-30,2.061712437231941
2018-01-31,2.242374177330036
2018-02-01,1.607724392946003
2018-02-02,1.614465567076007
2018-02-03,1.754085499518043
2018-02-04,1.371398196355722
2018-02-05,0.8116476531728164
2018-02-06,1.098619256967077
2018-02-07,1.157989152430135
2018-02-08,1.262764689436958
2018-02-09,1.689939143515078
2018-02-10,1.466788617133576
2018-02-11,1.385051737359835
2018-02-12,1.699822396749394
2018-02-13,1.55708871047067
2018-02-14,1.894324365030319
2018-02-15,2.265710412496596
2018-02-16,2.233077723195502
2018-02-17,2.639775361977684
2018-02-18,2.329712324972383
2018-02-19,2.747859728001862
2018-02-20,2.595212818424701
2018-02-21,2.315767951597287
2018-02-22,1.915887141355211
2018-02-23,2.199747755950529
2018-02-24,1.893066965480635
2018-02-25,1.868732223219924
2018-02-26,2.199872974627053
2018-02-27,2.314749077954539
2018-02-28,2.192303186529443
2018-03-01,2.45791080441466
2018-03-02,2.471826887697183
2018-03-03,2.57828319881649
2018-03-04,2.612250986824506
2018-03-05,2.530356551055296
2018-03-06,2.334777242666295
2018-03-07,1.942570065777983
2018-03-08,1.69954415255611
2018-03-09,1.688188398269876
2018-03-10,1.338209928381642
2018-03-11,1.799491856287827
2018-03-12,1.64685712229959
2018-03-13,1.681831140925186
2018-03-14,1.167928179657856
2018-03-15,1.15675666458109
2018-03-16,1.254342106529857
2018-03-17,1.011641598782841
2018-03-18,1.259568262109459
2018-03-19,1.350077822229693
2018-03-20,1.529652534809639
2018-03-21,1.560467757664744
2018-03-22,1.3981624535211
2018-03-23,1.508868038808904
2018-03-24,1.358109706262088
2018-03-25,1.284954644276163
2018-03-26,1.211839183274981
2018-03-27,1.047872726292704
2018-03-28,1.116420285923738
2018-03-29,0.6582357246439682
2018-03-30,0.7323432221176561
2018-03-31,0.7315344550972972
2018-04-01,0.7390527791256036
2018-04-02,0.758808909846318
2018-04-03,0.9099803962119845
2018-04-04,0.6226574102532139
2018-04-05,0.671322639151413
2018-04-06,0.6053173544316602
2018-04-07,0.739102803605699
2018-04-08,0.7822620297376376
2018-04-09,0.6591690128809881
2018-04-10,0.7053071758066182
2018-04-11,0.7338695147553311
2018-04-12,1.120991392288911
2018-04-13,1.12816748435121
2018-04-14,1.189415027030561
2018-04-15,1.31898412366524
2018-04-16,1.177650560895245
2018-04-17,1.126446668359608
2018-04-18,1.218360090908578
2018-04-19,1.2916380889046
2018-04-20,1.478025275245524
2018-04-21,1.4753928097284
2018-04-22,1.472302867126677
2018-04-23,1.608389515295582
2018-04-24,1.751922188219857
2018-04-25,1.445179672539324
2018-04-26,1.607244501053982
2018-04-27,1.515476571472052
2018-04-28,1.668750843438809
2018-04-29,1.670332306355904
2018-04-30,1.494730313881267
2018-05-01,1.515159276502286
2018-05-02,1.572835547009382
2018-05-03,1.730320771607119
2018-05-04,1.785582554342715
2018-05-05,1.846644545577089
2018-05-06,1.664493115748849
2018-05-07,1.627817533045474
2018-05-08,1.526001769443535
2018-05-09,1.599149756307891
2018-05-10,1.445656305385634
2018-05-11,1.255324026742373
2018-05-12,1.238752400936875
2018-05-13,1.342257620906151
2018-05-14,1.333429834222727
2018-05-15,1.23801576606664
2018-05-16,1.19470119839951
2018-05-17,1.03505154174636
2018-05-18,1.135972213675928
2018-05-19,1.126005123355781
2018-05-20,1.238226578834278
2018-05-21,1.192735500747932
2018-05-22,1.029350167178338
2018-05-23,0.8809946801838917
2018-05-24,0.8722346053071603
2018-05-25,0.8342719519332414
2018-05-26,0.7673790767259915
2018-05-27,0.8052698883648328
2018-05-28,0.7119293327108531
2018-05-29,0.8555471930679198
2018-05-30,0.8088204950946902
2018-05-31,0.8624973452266486
2018-06-01,0.848379925406896
2018-06-02,0.9152341498185974
2018-06-03,0.9416223292665555
2018-06-04,0.8573408483648292
2018-06-05,0.900944379996194
2018-06-06,0.9451764669494488
2018-06-07,0.9346604822976502
2018-06-08,0.912625027101273
2018-06-09,0.7788344991619393
2018-06-10,0.5635488515747847
2018-06-11,0.6171326803207483
2018-06-12,0.504333663671022
2018-06-13,0.4070919408195779
2018-06-14,0.539071225347561
2018-06-15,0.4567074341159187
2018-06-16,0.4994878579191264
2018-06-17,0.4634012416099053
2018-06-18,0.5801301521398011
2018-06-19,0.5637745931099709
2018-06-20,0.5939862528695526
2018-06-21,0.5803129258361717
2018-06-22,0.3605580865501169
2018-06-23,0.3592377166533295
2018-06-24,0.3759760137309139
2018-06-25,0.3914647556744367
2018-06-26,0.3529397312850318
2018-06-27,0.3901391724973071
2018-06-28,0.29392815061277
2018-06-29,0.4249989343659711
2018-06-30,0.4729456046141485
2018-07-01,0.466352516307222
2018-07-02,0.5721309345844031
2018-07-03,0.5152191025984161
2018-07-04,0.5549467126156806
2018-07-05,0.5444231657113924
2018-07-06,0.5691214082236608
2018-07-07,0.6257175077560518
2018-07-08,0.6155760151689031
2018-07-09,0.5990999861826917
2018-07-10,0.492867393152283
2018-07-11,0.4906515555443653
2018-07-12,0.4433214057007302
2018-07-13,0.4461891696547723
2018-07-14,0.4509260024575449
2018-07-15,0.4896289200094197
2018-07-16,0.6360251349381348
2018-07-17,0.8636755634764636
2018-07-18,0.8603638288608619
2018-07-19,0.8826040917797593
2018-07-20,0.8154304644744852
2018-07-21,0.8889145060204915
2018-07-22,0.8979394512452198
2018-07-23,0.9906559844882026
2018-07-24,1.250461833073014
2018-07-25,1.178599464477603
2018-07-26,1.055192008006257
2018-07-27,1.152778783559526
2018-07-28,1.179743939072611
2018-07-29,1.142686164369076
2018-07-30,1.1309379288695
2018-07-31,0.9593710075834687
2018-08-01,0.9598278815897939
2018-08-02,0.8543052031540677
2018-08-03,0.8782729606828084
2018-08-04,0.6807950445630602
2018-08-05,0.7291830348419488
2018-08-06,0.6978542900912829
2018-08-07,0.5634489858658425
2018-08-08,0.4456728651257777
2018-08-09,0.5524598596512396
2018-08-10,0.3770428082075903
2018-08-11,0.4512657178898894
2018-08-12,0.4710571390984257
2018-08-13,0.4309087551674618
2018-08-14,0.4321201688583998
2018-08-15,0.4628548124791902
2018-08-16,0.4801034512242284
2018-08-17,0.5767981156086637
2018-08-18,0.4939124793181172
2018-08-19,0.5470918325231084
2018-08-20,0.4705004636084406
2018-08-21,0.5287683775894353
2018-08-22,0.5103315924602719
2018-08-23,0.5344814196066848
2018-08-24,0.6237049602429291
2018-08-25,0.6345467666075715
2018-08-26,0.6140593819267056
2018-08-27,0.6839519231554713
2018-08-28,0.7453037670050392
2018-08-29,0.7382853197687045
2018-08-30,0.6993323742438395
2018-08-31,0.7319306757589771
2018-09-01,0.7741301088716952
2018-09-02,0.8163364486307111
2018-09-03,0.8118345916127413
2018-09-04,0.8527668716397999
2018-09-05,0.5038389435246938
2018-09-06,0.5256252651474933
2018-09-07,0.5076271647062948
2018-09-08,0.4137699730712135
2018-09-09,0.4420357397564914
2018-09-10,0.4677778618352485
2018-09-11,0.4474870780285997
2018-09-12,0.502456892261624
2018-09-13,0.5226715272953378
2018-09-14,0.5307024644965841
2018-09-15,0.5392037358962756
2018-09-16,0.5441315717485261
2018-09-17,0.4462625091618785
2018-09-18,0.4713022491130219
2018-09-19,0.5088038716920534
2018-09-20,0.5422277629539249
2018-09-21,0.6510806154776332
2018-09-22,0.6143509112641896
2018-09-23,0.6096533118090306
2018-09-24,0.5471979819763219
2018-09-25,0.5069858955748907
2018-09-26,0.5404178307914438
2018-09-27,0.6165372036268831
2018-09-28,0.5868256080149051
2018-09-29,0.5710336511206958
2018-09-30,0.5931669410540169
2018-10-01,0.5713285936607022
2018-10-02,0.5555910545135957
2018-10-03,0.5465064978861002
2018-10-04,0.5847121335329001
2018-10-05,0.5846941813226215
2018-10-06,0.5785611749328907
2018-10-07,0.5793731688999039
2018-10-08,0.5984302742659157
2018-10-09,0.5870624931957302
2018-10-10,0.549583000849296
2018-10-11,0.4437406042193447
2018-10-12,0.4629087565389121
2018-10-13,0.4674345181136114
2018-10-14,0.4740784751602367
2018-10-15,0.5878090044420469
2018-10-16,0.5797713908267974
2018-10-17,0.5784333958968126
2018-10-18,0.5519751673886648
2018-10-19,0.5383252341742214
2018-10-20,0.5617027291447801
2018-10-21,0.5640664252643014
2018-10-22,0.5573991123067551
2018-10-23,0.5547018167295187
2018-10-24,0.5566052312746884
2018-10-25,0.5516686615275874
2018-10-26,0.5498886250687504
2018-10-27,0.5519024830787777
2018-10-28,0.5541265013051283
2018-10-29,0.4977571168192871
2018-10-30,0.4979872864815817
2018-10-31,0.5092416112589229
2018-11-01,0.5374739653923001
2018-11-02,0.5279639791546439
2018-11-03,0.517955538386743
2018-11-04,0.554790527096663
2018-11-05,0.5441724605124223
2018-11-06,0.5769509145428139
2018-11-07,0.5794063306583601
2018-11-08,0.5486078584979486
2018-11-09,0.5251199741968802
2018-11-10,0.5315667122338802
2018-11-11,0.5370820178998863
2018-11-12,0.5193023676830547
2018-11-13,0.5092486263002846
2018-11-14,0.2820474637289746
2018-11-15,0.2591040646833362
2018-11-16,0.2485319350398672
2018-11-17,0.2556465495222565
2018-11-18,0.2597333346988071
2018-11-19,0.00903391134797883
2018-11-20,-0.1634320834359972
2018-11-21,-0.0910446110406518
2018-11-22,-0.1710001658679105
2018-11-23,-0.1427420545375891
2018-11-24,-0.3512817348308398
2018-11-25,-0.2601316123617413
2018-11-26,-0.3552707360117656
2018-11-27,-0.3319185456421682
2018-11-28,-0.1752133927004818
2018-11-29,-0.1862334159861495
2018-11-30,-0.2628676456388351
2018-12-01,-0.1881270171904312
2018-12-02,-0.2254720454874709
2018-12-03,-0.3140720763181675
2018-12-04,-0.3032570758540458
2018-12-05,-0.349436685771781
2018-12-06,-0.484831971381774
2018-12-07,-0.4275880604201235
2018-12-08,-0.4430241457146918
2018-12-09,-0.3873923951963954
2018-12-10,-0.443255336129553
2018-12-11,-0.4587814145342714
2018-12-12,-0.4257938916958257
2018-12-13,-0.4817423539703331
2018-12-14,-0.4973902621713311
2018-12-15,-0.5051643790234344
2018-12-16,-0.4891922716362882
2018-12-17,-0.3886224981210268
2018-12-18,-0.3208033316728691
2018-12-19,-0.3023126250646966
2018-12-20,-0.172614210365008
2018-12-21,-0.251426263461234
2018-12-22,-0.191050137075388
2018-12-23,-0.1229090374573635
2018-12-24,-0.2612245581919647
2018-12-25,-0.2741522881319475
2018-12-26,-0.2601847303012355
2018-12-27,-0.332296001308753
2018-12-28,-0.2224368695568899
2018-12-29,-0.2792140292562256
2018-12-30,-0.2407492698003349
2018-12-31,-0.2905176303304979
2019-01-01,-0.2493313841201137
2019-01-02,-0.2224265774217807
2019-01-03,-0.2635065095073564
2019-01-04,-0.2261219796132652
2019-01-05,-0.2433656344529987
2019-01-06,-0.1524780531352239
2019-01-07,-0.1740473103050765
2019-01-08,-0.1793798517747605
2019-01-09,-0.1663844965946017
2019-01-10,-0.303020358467408
2019-01-11,-0.2979203258257301
2019-01-12,-0.3038139293227545
2019-01-13,-0.3377788662117656
2019-01-14,-0.2800421639747405
2019-01-15,-0.3133921165969277
2019-01-16,-0.3066367327804702
2019-01-17,-0.2932023914811696
2019-01-18,-0.3017058489625876
2019-01-19,-0.2703547232989112
2019-01-20,-0.328375146855868
2019-01-21,-0.3245192668283512
2019-01-22,-0.3125726247841126
2019-01-23,-0.3228869185733427
2019-01-24,-0.3127382377249518
2019-01-25,-0.3178885016985895
2019-01-26,-0.3125556352603608
2019-01-27,-0.3251673521881331
2019-01-28,-0.3604993089508255
2019-01-29,-0.3775445422822736
2019-01-30,-0.344283057443203
2019-01-31,-0.3646247325901293
2019-02-01,-0.3541705963660268
2019-02-02,-0.3388082308598057
2019-02-03,-0.3549787387156783
2019-02-04,-0.3611626031870307
2019-02-05,-0.3587179522182501
2019-02-06,-0.373811821424723
2019-02-07,-0.3782442190671367
2019-02-08,-0.2738110138921789
2019-02-09,-0.2782502880232197
2019-02-10,-0.2776617607772913
2019-02-11,-0.2975438701373346
2019-02-12,-0.2841970439564899
2019-02-13,-0.2838268566069577
2019-02-14,-0.2923814313194597
2019-02-15,-0.2866643156017873
2019-02-16,-0.2816137000312157
2019-02-17,-0.2470270475808835
2019-02-18,-0.1510115139889494
2019-02-19,-0.1714199336488559
2019-02-20,-0.1551875920614229
2019-02-21,-0.1613317710183489
2019-02-22,-0.1470269456693803
2019-02-23,-0.07785952719861718
2019-02-24,-0.2099345115743918
2019-02-25,-0.192371406064632
2019-02-26,-0.2070374288991873
2019-02-27,-0.195033766736845
2019-02-28,-0.1981016030360705
2019-03-01,-0.1951793322999391
2019-03-02,-0.1896777034339877
2019-03-03,-0.1958896019752878
2019-03-04,-0.229172445721736
2019-03-05,-0.1841240278278982
2019-03-06,-0.1739627473053936
2019-03-07,-0.1708981166539012
2019-03-08,-0.175273007480539
2019-03-09,-0.1532145712491661
2019-03-10,-0.1538945783847312
2019-03-11,-0.1820754367012015
2019-03-12,-0.1682889327439467
2019-03-13,-0.1673308887930146
2019-03-14,-0.1690748137123059
2019-03-15,-0.1490947912391939
2019-03-16,-0.1241688293345247
2019-03-17,-0.1202891075540564
2019-03-18,-0.125862987155886
2019-03-19,-0.1262438490816465
2019-03-20,-0.1019463835490707
2019-03-21,-0.1249691867962782
2019-03-22,-0.1264567182102268
2019-03-23,-0.1236268059178456
2019-03-24,-0.1278408411713584
2019-03-25,-0.1512993456957567
2019-03-26,-0.1402788887107272
2019-03-27,-0.109391300537115
2019-03-28,-0.1083994130156637
2019-03-29,-0.07199567694682242
2019-03-30,-0.08166895476972351
2019-03-31,-0.07479106702920925
2019-04-01,-0.06307127134224007
2019-04-02,0.2370282387453898
2019-04-03,0.2511000373697681
2019-04-04,0.2193859959210255
2019-04-05,0.2471762304342738
2019-04-06,0.2573222652425005
2019-04-07,0.3351103478933515
2019-04-08,0.3289850025915675
2019-04-09,0.3133133662476114
2019-04-10,0.3492899276974641
2019-04-11,0.246278181882701
2019-04-12,0.2599334530590149
2019-04-13,0.2658512180194862
2019-04-14,0.2949166729335635
2019-04-15,0.2539589719867236
2019-04-16,0.3221391579828798
2019-04-17,0.3209807629121822
2019-04-18,0.3366684351938073
2019-04-19,0.3376354769970992
2019-04-20,0.3527559865698706
2019-04-21,0.3399116626130589
2019-04-22,0.36989144494816
2019-04-23,0.426537222190429
2019-04-24,0.3989124195324082
2019-04-25,0.2894432227590012
2019-04-26,0.3140570858236216
2019-04-27,0.3220299101389881
2019-04-28,0.3330292907069549
2019-04-29,0.3177787290580712
2019-04-30,0.3671295402023667
2019-05-01,0.3783727082160946
2019-05-02,0.4339024108880447
2019-05-03,0.5359025768523674
2019-05-04,0.5355181610464979
2019-05-05,0.5074367809039874
2019-05-06,0.5274111455192753
2019-05-07,0.5346023536606789
2019-05-08,0.6153077776216325
2019-05-09,0.6424091190005181
2019-05-10,0.7353350402173028
2019-05-11,0.9752577327687963
2019-05-12,0.9518020698816536
2019-05-13,1.2649349376926
2019-05-14,1.298683251792687
2019-05-15,1.397150813813139
2019-05-16,1.226061464086898
2019-05-17,1.01629092436848
2019-05-18,1.013277947780976
2019-05-19,1.244360823527832
2019-05-20,1.240121814067199
2019-05-21,1.264758692979861
2019-05-22,1.125131524342914
2019-05-23,1.209835465057557
2019-05-24,1.251067783067057
2019-05-25,1.264935306039039
2019-05-26,1.568500953297992
2019-05-27,1.517066439140424
2019-05-28,1.482896966672728
2019-05-29,1.456496219130454
2019-05-30,1.314946132646891
2019-05-31,1.411953640683107
2019-06-01,1.407565117360941
2019-06-02,1.443044167891634
2019-06-03,1.175121893385914
2019-06-04,1.110472207959791
2019-06-05,1.126627699914298
2019-06-06,1.121309459470055
2019-06-07,1.21433115895399
2019-06-08,1.15990008897751
2019-06-09,1.052215874307905
2019-06-10,1.190737975754067
2019-06-11,1.132068233248012
2019-06-12,1.247880419743381
2019-06-13,1.263490525070083
2019-06-14,1.408400712425254
2019-06-15,1.473901570775197
2019-06-16,1.596422510604551
2019-06-17,1.634244726709404
2019-06-18,1.582328725771018
2019-06-19,1.6108071310451
2019-06-20,1.721774215952698
2019-06-21,1.922996036494781
2019-06-22,2.149114725855783
2019-06-23,2.077206464264614
2019-06-24,2.21006612130694
2019-06-25,2.504884774937177
2019-06-26,2.879105840263862
2019-06-27,2.304931690571072
2019-06-28,2.547251807464306
2019-06-29,2.515207803976277
2019-06-30,2.106902747795321
2019-07-01,1.869112323546885
2019-07-02,2.18527682779002
2019-07-03,2.382071924489583
2019-07-04,2.137029640932215
2019-07-05,2.226661023916611
2019-07-06,2.133145754993747
2019-07-07,2.205211581831583
2019-07-08,2.491578148292394
2019-07-09,2.692646791147192
2019-07-10,2.340913169582232
2019-07-11,2.176836663639484
2019-07-12,2.270348824703376
2019-07-13,2.111370612539144
2019-07-14,1.662902150343865
2019-07-15,1.968361058989577
2019-07-16,1.476949081543558
2019-07-17,1.516249134130154
2019-07-18,1.872988184395848
2019-07-19,1.795440300014751
2019-07-20,1.909334761938151
2019-07-21,1.834450011257373
2019-07-22,1.711806604975162
2019-07-23,1.515751621626396
2019-07-24,1.658943619152632
2019-07-25,1.520640313603554
2019-07-26,1.669951272269093
2019-07-27,1.4111340956686
2019-07-28,1.445243957488613
2019-07-29,1.409849301315886
2019-07-30,1.473986667914236
2019-07-31,1.588584088566573
2019-08-01,1.704969192348218
2019-08-02,1.740309810533963
2019-08-03,1.852610500382759
2019-08-04,1.971442193749384
2019-08-05,2.142501430146015
2019-08-06,2.031394403355797
2019-08-07,2.195063258638144
2019-08-08,2.182467604042803
2019-08-09,2.165426608124404
2019-08-10,1.979092237021685
2019-08-11,2.004242104960244
2019-08-12,1.981486648620373
2019-08-13,1.749917209511066
2019-08-14,1.530305704426657
2019-08-15,1.598700688517951
2019-08-16,1.581155553849473
2019-08-17,1.566847809503538
2019-08-18,1.600946875098527
2019-08-19,1.792172574319963
2019-08-20,1.720573877527448
2019-08-21,1.509126417103994
2019-08-22,1.525312652837346
2019-08-23,1.613195119857671
2019-08-24,1.518389002755037
2019-08-25,1.640395044076847
2019-08-26,1.580665126906212
2019-08-27,1.514926455113276
2019-08-28,1.362645719043084
2019-08-29,1.281526592464996
2019-08-30,1.330761664926694
2019-08-31,1.344010448907618
2019-09-01,1.387956927338998
2019-09-02,1.593168728461576
2019-09-03,1.649222010794218
2019-09-04,1.628042557066047
2019-09-05,1.634459331700325
2019-09-06,1.541968338167083
2019-09-07,1.60054318061762
2019-09-08,1.562577382201128
2019-09-09,1.539028829771117
2019-09-10,1.470781211534724
2019-09-11,1.468479867048183
2019-09-12,1.545344478749006
2019-09-13,1.522970699702594
2019-09-14,1.525986674609703
2019-09-15,1.531856974512454
2019-09-16,1.486528724710609
2019-09-17,1.477856444884091
2019-09-18,1.459939307169372
2019-09-19,1.481122961021689
2019-09-20,1.453344998002237
2019-09-21,1.382801886152244
2019-09-22,1.398040719533155
2019-09-23,1.311241377425028
2019-09-24,0.9734444174041719
2019-09-25,0.8754363846018511
2019-09-26,0.7510360003187123
2019-09-27,0.8306309937675644
2019-09-28,0.8327961327560355
2019-09-29,0.7721572856176534
2019-09-30,0.8323069619547542
2019-10-01,0.8612495360608818
2019-10-02,0.8759431079726079
2019-10-03,0.797525535532426
2019-10-04,0.8090113750233902
2019-10-05,0.8151339933006412
2019-10-06,0.7062219291868885
2019-10-07,0.838254652357291
2019-10-08,0.8225589561800563
2019-10-09,0.94954208670453
2019-10-10,0.9362758071696798
2019-10-11,0.8535599531718122
2019-10-12,0.8792125345600037
2019-10-13,0.8524410947219649
2019-10-14,0.8712427838311448
2019-10-15,0.808923307241192
2019-10-16,0.7457525443867233
2019-10-17,0.7862017251429521
2019-10-18,0.7382866988866426
2019-10-19,0.7385527631758967
2019-10-20,0.8293389219658729
2019-10-21,0.8168514586227411
2019-10-22,0.7701248906081444
2019-10-23,0.5862511951766795
2019-10-24,0.5815386909869948
2019-10-25,1.14788315035072
2019-10-26,1.154304566305572
2019-10-27,1.305512333702967
2019-10-28,1.158356834207298
2019-10-29,1.182700135261536
2019-10-30,1.114964330765864
2019-10-31,1.108052135121306
2019-11-01,1.147590554963916
2019-11-02,1.171262095961329
2019-11-03,1.11869870707669
2019-11-04,1.186038855400313
2019-11-05,1.160693265265064
2019-11-06,1.172715511748702
2019-11-07,1.125175292020763
2019-11-08,0.9999899134681715
2019-11-09,0.9942047841913796
2019-11-10,1.079227418701727
2019-11-11,0.9783362458795316
2019-11-12,0.9908729135221445
2019-11-13,0.9837876018656249
2019-11-14,0.9332148695300144
2019-11-15,0.8844370866939788
2019-11-16,0.8997888849307529
2019-11-17,0.9007986857666734
2019-11-18,0.7926717945975896
2019-11-19,0.777728730408169
2019-11-20,0.7661918635915275
2019-11-21,0.6388291570531686
2019-11-22,0.4964125083401352
2019-11-23,0.5149621088612114
2019-11-24,0.39857911492034
2019-11-25,0.4786717680807724
2019-11-26,0.4878537629670148
2019-11-27,0.6189986173477401
2019-11-28,0.5888877428969219
2019-11-29,0.6823595983546166
2019-11-30,0.595157526546474
2019-12-01,0.5593355631817545
2019-12-02,0.5591958369753017
2019-12-03,0.4870811385826795
2019-12-04,0.5118102972313171
2019-12-05,0.5626422265265633
2019-12-06,0.6146834541199436
2019-12-07,0.5985202652136652
2019-12-08,0.616541755924602
2019-12-09,0.5510645236133239
2019-12-10,0.5188244869961215
2019-12-11,0.4916419992762591
2019-12-12,0.5086944769081093
2019-12-13,0.5239673104542273
2019-12-14,0.4604463980542794
2019-12-15,0.4736619534364048
2019-12-16,0.4144281006339632
2019-12-17,0.3391469331244681
2019-12-18,0.5303842585581962
2019-12-19,0.4896436321795921
2019-12-20,0.5092434276277992
2019-12-21,0.4953220997434636
2019-12-22,0.6269007473965738
2019-12-23,0.5469641170685252
2019-12-24,0.5241919651050873
2019-12-25,0.5132302347956046
2019-12-26,0.5165674979011265
2019-12-27,0.5501526980427661
2019-12-28,0.5514015851674372
2019-12-29,0.5636565357731794
2019-12-30,0.5313387084412416
2019-12-31,0.5082607530461603
2020-01-01,0.5222210243933847
2020-01-02,0.4352590521766206
2020-01-03,0.5514920076900446
2020-01-04,0.5738181629797129
2020-01-05,0.5737740910293823
2020-01-06,0.7334280404310742
2020-01-07,0.9074965290602003
2020-01-08,0.7527362844455685
2020-01-09,0.7090402634014302
2020-01-10,0.8177313686286063
2020-01-11,0.7849891777040671
2020-01-12,0.8109218252495434
2020-01-13,0.8479363475929036
2020-01-14,1.002366945567422
2020-01-15,0.9907728098943169
2020-01-16,0.9676640327705082
2020-01-17,1.055255165937554
2020-01-18,1.055308869275517
2020-01-19,0.9604477124362991
2020-01-20,0.9460479592366153
2020-01-21,0.9781247929923638
2020-01-22,0.9509741377245167
2020-01-23,0.8731576092833847
2020-01-24,0.8433909717966962
2020-01-25,0.8447525989930084
2020-01-26,0.9509580911313338
2020-01-27,1.07579492152131
2020-01-28,1.159544125800971
2020-01-29,1.13465438939952
2020-01-30,1.194303489161849
2020-01-31,1.162817274997141
2020-02-01,1.144912584187487
2020-02-02,1.170519652639415
2020-02-03,1.143883058323333
2020-02-04,1.105111870934528
2020-02-05,1.209489065287725
2020-02-06,1.272306289538676
2020-02-07,1.266786114328907
2020-02-08,1.316439116357544
2020-02-09,1.388919243322962
2020-02-10,1.257045755517505
2020-02-11,1.429611938713846
2020-02-12,1.441286350909002
2020-02-13,1.388281863567034
2020-02-14,1.422082086959676
2020-02-15,1.290339642980933
2020-02-16,1.272474691195294
2020-02-17,1.206864673143201
2020-02-18,1.346385497504142
2020-02-19,1.190192278002467
2020-02-20,1.184151587224487
2020-02-21,1.211207528898321
2020-02-22,1.210996309721567
2020-02-23,1.291875845307577
2020-02-24,1.184743268549561
2020-02-25,1.085250975532187
2020-02-26,0.8756876967406771
2020-02-27,0.9491037551724042
2020-02-28,0.9103447430280492
2020-02-29,0.855004030390947
2020-03-01,0.8565316732549296
2020-03-02,0.9460527447092801
2020-03-03,0.9231168573756844
2020-03-04,0.9547746074555319
2020-03-05,0.9939618781071408
2020-03-06,1.034737977504864
2020-03-07,0.9302977895392854
2020-03-08,0.71135663340635
2020-03-09,0.6662082321593487
2020-03-10,0.6702901821456448
2020-03-11,0.6677897009916645
2020-03-12,-0.3026018764670089
2020-03-13,-0.04144610620711375
2020-03-14,-0.1243964236257525
2020-03-15,-0.1104329433991601
2020-03-16,-0.1501988923530609
2020-03-17,-0.05809986041071047
2020-03-18,-0.05965606686549642
2020-03-19,0.2073197807485012
2020-03-20,0.18223207346258
2020-03-21,0.2014756985945902
2020-03-22,0.109109155484435
2020-03-23,0.3262338781463334
2020-03-24,0.3585992778428258
2020-03-25,0.3729788329004293
2020-03-26,0.3956422273391021
2020-03-27,0.2349671006917659
2020-03-28,0.2070787383743662
2020-03-29,0.1100715711288663
2020-03-30,0.278825995361039
2020-03-31,0.2408003585132486
2020-04-01,0.3466256633271652
2020-04-02,0.3796297145995363
2020-04-03,0.3819098738914768
2020-04-04,0.416910494235713
2020-04-05,0.4194435148952261
2020-04-06,0.5702661741848526
2020-04-07,0.5033214988643137
2020-04-08,0.5618555080828568
2020-04-09,0.5451062082563314
2020-04-10,0.4322615017603101
2020-04-11,0.4205213524469049
2020-04-12,0.3754575060133533
2020-04-13,0.4119970763553955
2020-04-14,0.4107556789107091
2020-04-15,0.3294857647508934
2020-04-16,0.4829818308090441
2020-04-17,0.483235763600888
2020-04-18,0.5312773029023653
2020-04-19,0.5127612972517549
2020-04-20,0.4257625724551645
2020-04-21,0.4134745338042243
2020-04-22,0.4986195273446044
2020-04-23,0.6120548861655932
2020-04-24,0.6036873283049167
2020-04-25,0.6319168873059646
2020-04-26,0.6866382661433656
2020-04-27,0.6841175928759564
2020-04-28,0.6813467217996844
2020-04-29,1.00184220284186
2020-04-30,0.9631276942806919
2020-05-01,0.9982186280977837
2020-05-02,1.087233190468479
2020-05-03,0.9879727113301952
2020-05-04,1.013676323287777
2020-05-05,1.026121459646432
2020-05-06,1.097514877513271
2020-05-07,1.343442725594109
2020-05-08,1.290965597418739
2020-05-09,0.9352479931980301
2020-05-10,0.9506431053870369
2020-05-11,0.9033674733701754
2020-05-12,1.003961077731887
2020-05-13,1.114697714965443
2020-05-14,1.252345947865339
2020-05-15,1.133780788792541
2020-05-16,1.160385843164583
2020-05-17,1.248192533701436
2020-05-18,1.202100894635147
2020-05-19,1.232775501714644
2020-05-20,1.173469988478682
2020-05-21,1.011423977175925
2020-05-22,1.081495373429272
2020-05-23,1.065531400111083
2020-05-24,0.9461120868870541
2020-05-25,0.961042929601435
2020-05-26,0.9692730749934052
2020-05-27,1.085514576241081
2020-05-28,1.157867347634026
2020-05-29,1.113795463857301
2020-05-30,1.200162554599467
2020-05-31,1.148599684864108
2020-06-01,1.339577185841288
2020-06-02,1.151484902252049
2020-06-03,1.183092824109141
2020-06-04,1.234445447077378
2020-06-05,1.168412747940706
2020-06-06,1.18932849305055
2020-06-07,1.219281313488544
2020-06-08,1.197395096332011
2020-06-09,1.218070614217366
2020-06-10,1.250794916358896
2020-06-11,1.070724999599239
2020-06-12,1.112118265146542
2020-06-13,1.114887837654623
2020-06-14,1.076233061800767
2020-06-15,1.095515662148612
2020-06-16,1.119431871150486
2020-06-17,1.103407074195749
2020-06-18,1.083872873052077
2020-06-19,1.057486854021057
2020-06-20,1.077170645372547
2020-06-21,1.063880420682368
2020-06-22,1.165271771919558
2020-06-23,1.152157909500148
2020-06-24,1.041915331130986
2020-06-25,1.047954793125787
2020-06-26,0.9997796454021801
2020-06-27,0.9518500268405002
2020-06-28,0.9944002908387137
2020-06-29,1.009758845800708
2020-06-30,0.9929877045886654
2020-07-01,1.02505699667926
2020-07-02,0.9847770859623501
2020-07-03,0.9758987143023967
2020-07-04,0.9957846157912873
2020-07-05,0.9749163328203598
2020-07-06,1.051765110566972
2020-07-07,1.024152971340819
2020-07-08,1.071506151661687
2020-07-09,1.012270065584577
2020-07-10,1.030848125498179
2020-07-11,1.022050908630989
2020-07-12,1.028248812657166
2020-07-13,1.011082134036907
2020-07-14,1.022097743149633
2020-07-15,1.004908437731314
2020-07-16,0.9780101812504265
2020-07-17,0.9873513642558848
2020-07-18,0.9958354097677222
2020-07-19,0.9975561985296397
2020-07-20,0.9925212350890259
2020-07-21,1.048738141268523
2020-07-22,1.094503410295181
2020-07-23,1.113013158661006
2020-07-24,1.098194637754746
2020-07-25,1.14031510475944
2020-07-26,1.224682854431566
2020-07-27,1.572214093767171
2020-07-28,1.48126980215909
2020-07-29,1.544415877795207
2020-07-30,1.522372062130837
2020-07-31,1.578681865159068
2020-08-01,1.731789432233516
2020-08-02,1.532295214540426
2020-08-03,1.595461836265772
2020-08-04,1.536374016086541
2020-08-05,1.695977553389709
2020-08-06,1.704777837820236
2020-08-07,1.643930470952061
2020-08-08,1.686334195929938
2020-08-09,1.675769596691009
2020-08-10,1.711071934441963
2020-08-11,1.544933904713315
2020-08-12,1.632502957723242
2020-08-13,1.668743388234806
2020-08-14,1.709178768822599
2020-08-15,1.675164880604452
2020-08-16,1.680389292427281
2020-08-17,1.820108539933488
2020-08-18,1.711627093998174
2020-08-19,1.651505300226487
2020-08-20,1.662237730962571
2020-08-21,1.53586608934291
2020-08-22,1.601456830503506
2020-08-23,1.594584398664558
2020-08-24,1.624536357830684
2020-08-25,1.4898403551173
2020-08-26,1.538563202920931
2020-08-27,1.503953495991532
2020-08-28,1.544837241475246
2020-08-29,1.547435630833285
2020-08-30,1.599605029840545
2020-08-31,1.570235039435376
2020-09-01,1.647314018004824
2020-09-02,1.507771230430526
2020-09-03,1.187766717288763
2020-09-04,1.23797781310151
2020-09-05,1.160918156263506
2020-09-06,1.178941322639837
2020-09-07,1.191178248628261
2020-09-08,1.13176546086674
2020-09-09,1.176419113227522
2020-09-10,1.196560915679458
2020-09-11,1.196184121892119
2020-09-12,1.221794706964282
2020-09-13,1.174925378066301
2020-09-14,1.289113950641339
2020-09-15,1.297668792222789
2020-09-16,1.37555225602903
2020-09-17,1.346726930159748
2020-09-18,1.364441785205822
2020-09-19,1.38574158077142
2020-09-20,1.35523511550805
2020-09-21,1.211986939549454
2020-09-22,1.226647364090645
2020-09-23,1.162924172230281
2020-09-24,1.282184856022945
2020-09-25,1.264436918587224
2020-09-26,1.297736851570026
2020-09-27,1.329018930056535
2020-09-28,1.275158928548134
2020-09-29,1.301252212151576
2020-09-30,1.293076393016243
2020-10-01,1.237297351866038
2020-10-02,1.224407208742301
2020-10-03,1.223840812214238
2020-10-04,1.267115433836849
2020-10-05,1.279832881270004
2020-10-06,1.232169646828641
2020-10-07,1.244909646748336
2020-10-08,1.310565040269442
2020-10-09,1.364917940123909
2020-10-10,1.426596815355907
2020-10-11,1.445498913497319
2020-10-12,1.474815624643717
2020-10-13,1.467989487814977
2020-10-14,1.442901444297917
2020-10-15,1.47071685102717
2020-10-16,1.41141651995504
2020-10-17,1.430901755182545
2020-10-18,1.457318407323609
2020-10-19,1.523284871199944
2020-10-20,1.594192480894421
2020-10-21,1.846932346689188
2020-10-22,1.836575421159496
2020-10-23,1.823795829509094
2020-10-24,1.88161261107361
2020-10-25,1.854065121943896
2020-10-26,1.8626135522054
2020-10-27,2.029385270971879
2020-10-28,1.895616341419006
2020-10-29,1.982435835362989
2020-10-30,1.987707136927389
2020-10-31,2.013558534259542
2020-11-01,2.029957945265664
2020-11-02,1.947788824360122
2020-11-03,2.011526808299465
2020-11-04,2.073911932072588
2020-11-05,2.54274980531143
2020-11-06,2.466436399146869
2020-11-07,2.262018962625053
2020-11-08,2.427848358438532
2020-11-09,2.348986150947385
2020-11-10,2.386728160316836
2020-11-11,2.42275794244667
2020-11-12,2.622861179812002
2020-11-13,2.583662397200214
2020-11-14,2.510332464798602
2020-11-15,2.483257455266339
2020-11-16,2.702433069563486
2020-11-17,2.933644478035217
2020-11-18,2.921449480979212
2020-11-19,2.916189650049613
2020-11-20,3.182181186212049
2020-11-21,3.079776866742496
2020-11-22,2.956563966818733
2020-11-23,3.006119713267833
2020-11-24,3.202336992035059
2020-11-25,3.106244032262837
2020-11-26,2.706956649013999
2020-11-27,2.633053872600203
2020-11-28,2.758048704706122
2020-11-29,2.958333998218006
2020-11-30,3.242326889785959
2020-12-01,3.026280252268883
2020-12-02,3.10495099043078
2020-12-03,3.167190459526849
2020-12-04,2.969445059997396
2020-12-05,3.089727682653466
2020-12-06,3.095405866080146
2020-12-07,3.059957467308034
2020-12-08,2.77247405754789
2020-12-09,2.832653507661524
2020-12-10,2.711419464004586
2020-12-11,2.78859372200493
2020-12-12,2.888242768451109
2020-12-13,2.939480125433648
2020-12-14,3.017302530546031
2020-12-15,3.001094979263367
2020-12-16,3.500532289968608
2020-12-17,3.810649704961934
2020-12-18,3.818689909343112
2020-12-19,3.927622359544166
2020-12-20,3.947207304967018
2020-12-21,3.646125688695081
2020-12-22,3.971780425884436
2020-12-23,3.704212744317687
2020-12-24,3.816643106762257
2020-12-25,4.047571041017167
2020-12-26,4.555020252306559
2020-12-27,4.542345919938318
2020-12-28,4.456514383401768
2020-12-29,4.610773785351816
2020-12-30,4.933947643244979
2020-12-31,4.874058508374333
2021-01-01,4.876055935844879
2021-01-02,5.596631219793588
2021-01-03,5.612661653965128
2021-01-04,5.434382897959737
2021-01-05,5.736315211647792
2021-01-06,6.421464074820912
2021-01-07,6.67272183711082
2021-01-08,6.894526298746355
2021-01-09,6.881298352537796
2021-01-10,6.000488695741758
2021-01-11,5.447124373763252
2021-01-12,4.83272107546429
2021-01-13,5.991078275101887
2021-01-14,6.288794121419954
2021-01-15,5.731784059512617
2021-01-16,5.516530067704855
2021-01-17,5.388455738356647
2021-01-18,5.504344675340379
2021-01-19,5.384605824074062
2021-01-20,5.127207764794179
2021-01-21,3.848618237749596
2021-01-22,4.589916527814037
2021-01-23,4.329256598570959
2021-01-24,4.463042328636705
2021-01-25,4.412695836514354
2021-01-26,4.364002062526948
2021-01-27,3.991601679833552
2021-01-28,4.693597949148476
2021-01-29,4.658832968259314
2021-01-30,4.599094255829707
2021-01-31,4.257673382409952
2021-02-01,4.432678101329362
2021-02-02,4.938434990752441
2021-02-03,5.293035115931148
2021-02-04,5.031551517289533
2021-02-05,5.328790278376097
2021-02-06,5.448338084602967
2021-02-07,5.239871636201227
2021-02-08,6.757569825810729
2021-02-09,6.60718991914729
2021-02-10,6.083885586748823
2021-02-11,6.733082632496926
2021-02-12,6.572565197071524
2021-02-13,6.52829762719685
2021-02-14,6.654159902278566
2021-02-15,6.397144393799768
2021-02-16,6.587506391344623
2021-02-17,7.1079004827276
2021-02-18,6.871913868572269
2021-02-19,7.61357975493201
2021-02-20,7.431438139755107
2021-02-21,7.417423399422216
2021-02-22,6.839638414366394
2021-02-23,5.909352357884494
2021-02-24,6.194589669837873
2021-02-25,5.493624642195599
2021-02-26,5.562969953060406
2021-02-27,5.339992134658774
2021-02-28,5.297681661243682
2021-03-01,5.77692237693014
2021-03-02,5.586019755986999
2021-03-03,5.92914901115337
2021-03-04,5.209893450770394
2021-03-05,5.50387150177327
2021-03-06,5.531533444649487
2021-03-07,5.85710696012078
2021-03-08,5.892891178578081
2021-03-09,6.399175673221373
2021-03-10,6.345065324107841
2021-03-11,6.552231455882611
2021-03-12,6.375370812828947
2021-03-13,7.018136338095385
2021-03-14,6.66439905929746
2021-03-15,5.783002949398716
2021-03-16,6.10249563754427
2021-03-17,6.409592673580194
2021-03-18,6.039854027985667
2021-03-19,6.255313157357304
2021-03-20,6.15933376874368
2021-03-21,5.848713260600573
2021-03-22,5.528035719369006
2021-03-23,5.33710358887359
2021-03-24,5.133524347032776
2021-03-25,5.021360757543901
2021-03-26,5.368889057597514
2021-03-27,5.504554337451912
2021-03-28,5.370916831466523
2021-03-29,5.626428516679939
2021-03-30,5.792796399382081
2021-03-31,5.765131051339547
2021-04-01,5.634289731336206
2021-04-02,5.697834828754491
2021-04-03,5.309896736037799
2021-04-04,5.427090179626894
2021-04-05,5.577117710186089
2021-04-06,5.283932825384145
2021-04-07,5.084193363822569
2021-04-08,5.301044547586479
2021-04-09,5.237858303258548
2021-04-10,5.462476046001264
2021-04-11,5.381305749478244
2021-04-12,5.420638902840484
2021-04-13,5.743078615488581
2021-04-14,5.616780390554648
2021-04-15,5.649370767074197
2021-04-16,5.380107725532298
2021-04-17,5.098133312814971
2021-04-18,4.727180904378987
2021-04-19,4.444653151130833
2021-04-20,4.546140860831483
2021-04-21,4.331482786284671
2021-04-22,3.988538891658921
2021-04-23,3.783274962703409
2021-04-24,3.760621475468727
2021-04-25,3.879614365867967
2021-04-26,4.196917697617295
2021-04-27,4.378999477125369
2021-04-28,4.275105206604326
2021-04-29,4.088971421327866
2021-04-30,4.59875048587052
2021-05-01,4.530827829097101
2021-05-02,4.497722180802935
2021-05-03,4.219921548786044
2021-05-04,4.104776093763677
2021-05-05,4.364907787362913
2021-05-06,4.272323746353391
2021-05-07,4.389634795561053
2021-05-08,4.458810943585253
2021-05-09,4.466928822892293
2021-05-10,4.05391408044426
2021-05-11,4.243962106041904
2021-05-12,3.347515806419099
2021-05-13,3.376923534887687
2021-05-14,3.304609747380843
2021-05-15,3.048843190525368
2021-05-16,2.859277465438305
2021-05-17,2.719461762178156
2021-05-18,2.520691243830408
2021-05-19,1.774864514330139
2021-05-20,2.442350655252378
2021-05-21,1.99239892101509
2021-05-22,2.051359100624281
2021-05-23,1.725049094150919
2021-05-24,2.182944440439967
2021-05-25,2.03633815566682
2021-05-26,2.091677861856528
2021-05-27,2.021347212736725
2021-05-28,1.822972378887467
2021-05-29,1.564404275327174
2021-05-30,1.721044470757183
2021-05-31,1.992044881583061
2021-06-01,1.808921604078325
2021-06-02,1.94959030933438
2021-06-03,2.075526228037524
2021-06-04,1.967509417666607
2021-06-05,1.737615906913566
2021-06-06,1.81345182230089
2021-06-07,1.528093147957495
2021-06-08,1.45075857203561
2021-06-09,1.888303086020906
2021-06-10,1.826791377638288
2021-06-11,1.892593376467731
2021-06-12,1.749678409459842
2021-06-13,2.113677271995102
2021-06-14,2.242029260728915
2021-06-15,2.185374201769684
2021-06-16,2.045655469834752
2021-06-17,1.943033556828228
2021-06-18,1.735227683709184
2021-06-19,1.694693679410074
2021-06-20,1.714474854962371
2021-06-21,1.314045259844373
2021-06-22,1.517190850021527
2021-06-23,1.463394161250795
2021-06-24,1.612851520455195
2021-06-25,1.350220141970855
2021-06-26,1.39842853180735
2021-06-27,1.644309819922717
2021-06-28,1.664397156477892
2021-06-29,1.766579269145006
2021-06-30,1.678644001365266
2021-07-01,1.543064137352415
2021-07-02,1.521141401265728
2021-07-03,1.625093400443892
2021-07-04,1.65950001446743
2021-07-05,1.572884148917362
2021-07-06,1.583357947727924
2021-07-07,1.482647725571358
2021-07-08,1.393237119531592
2021-07-09,1.56738912153841
2021-07-10,1.532373473957648
2021-07-11,1.580158407382396
2021-07-12,1.459671073879898
2021-07-13,1.391820218208562
2021-07-14,1.447945592054275
2021-07-15,1.311004204151891
2021-07-16,1.310367727610881
2021-07-17,1.340610412779526
2021-07-18,1.299686621501901
2021-07-19,1.21607442879325
2021-07-20,1.087147107708463
2021-07-21,1.347426896475818
2021-07-22,1.375662771129823
2021-07-23,1.508223206062947
2021-07-24,1.554598339429306
2021-07-25,1.838231964364415
2021-07-26,1.899199773362743
2021-07-27,2.056312019877513
2021-07-28,2.079399145003404
2021-07-29,2.101152525672572
2021-07-30,2.304242691092608
2021-07-31,2.280557681971611
2021-08-01,2.046754748330934
2021-08-02,2.024429734897541
2021-08-03,1.923380594811908
2021-08-04,2.03900704384408
2021-08-05,2.089337190749937
2021-08-06,2.415132953425183
2021-08-07,2.543547469793681
2021-08-08,2.392914238815429
2021-08-09,2.672120678721246
2021-08-10,2.63637289833457
2021-08-11,2.631176872842393
2021-08-12,2.49725404806561
2021-08-13,2.808229516096369
2021-08-14,2.75397636863096
2021-08-15,2.785352139031342
2021-08-16,2.5927229764518
2021-08-17,2.488169765433045
2021-08-18,2.507174831378304
2021-08-19,2.709642318188122
2021-08-20,2.880574115110331
2021-08-21,2.873694353231914
2021-08-22,2.914547651679099
2021-08-23,2.878119041355642
2021-08-24,2.751304643042054
2021-08-25,2.86337189390219
2021-08-26,2.653371272379033
2021-08-27,2.845973636705223
2021-08-28,2.869815348238993
2021-08-29,2.749161321335399
2021-08-30,2.587794254119697
2021-08-31,2.573149364615156
2021-09-01,2.764762475697474
2021-09-02,2.735374740567662
2021-09-03,2.85943887357146
2021-09-04,2.873964332965731
2021-09-05,3.021691015659341
2021-09-06,3.084026194127566
2021-09-07,2.547700473904767
2021-09-08,2.475423910502948
2021-09-09,2.493302658196772
2021-09-10,2.354405148645356
2021-09-11,2.327278561620578
2021-09-12,2.427218914201301
2021-09-13,2.341226957254196
2021-09-14,2.524595429684736
2021-09-15,2.588500273778661
2021-09-16,2.545313901949295
2021-09-17,2.523110390945518
2021-09-18,2.572899800950797
2021-09-19,2.477137639469984
2021-09-20,1.968601248279362
2021-09-21,1.908721435433901
2021-09-22,2.113156578331128
2021-09-23,2.248612078361604
2021-09-24,2.067495064873033
2021-09-25,2.049084080658328
2021-09-26,2.155165905227755
2021-09-27,2.004719339997528
2021-09-28,1.933557480690494
2021-09-29,2.000830291067115
2021-09-30,2.125088158533929
2021-10-01,2.503181149259986
2021-10-02,2.446183054604295
2021-10-03,2.497575871513686
2021-10-04,2.641976555779297
2021-10-05,2.799882192109516
2021-10-06,3.105608700911918
2021-10-07,3.027379205583807
2021-10-08,3.029652061165553
2021-10-09,3.083270466964167
2021-10-10,3.092600220543618
2021-10-11,3.244832109638663
2021-10-12,3.188848011790236
2021-10-13,3.289662638916002
2021-10-14,3.216904837079928
2021-10-15,3.599140760699591
2021-10-16,3.539918568009794
2021-10-17,3.665373495653869
2021-10-18,3.597481170342836
2021-10-19,3.769990163536488
2021-10-20,3.885659873285475
2021-10-21,3.612353806802571
2021-10-22,3.452567238197521
2021-10-23,3.438269981807469
2021-10-24,3.487521852739175
2021-10-25,3.582880683495016
2021-10-26,3.355250399093469
2021-10-27,3.137060113662333
2021-10-28,3.396517455097785
2021-10-29,3.430861437492883
2021-10-30,3.459900648382916
2021-10-31,3.379314595453315
2021-11-01,3.308289282468845
2021-11-02,3.509785597309043
2021-11-03,3.43147421769963
2021-11-04,3.25541454252438
2021-11-05,3.270050700952964
2021-11-06,3.322343433689638
2021-11-07,3.575883803923519
2021-11-08,3.780220482398446
2021-11-09,3.705114189452254
2021-11-10,3.515243676593335
2021-11-11,3.492065295796718
2021-11-12,3.415865931917836
2021-11-13,3.459040161790932
2021-11-14,3.523613702856546
2021-11-15,3.230629419592267
2021-11-16,2.983246665900324
2021-11-17,3.038378023130473
2021-11-18,2.782602412994867
2021-11-19,2.844276598917046
2021-11-20,2.931222832927086
2021-11-21,2.824376906074067
2021-11-22,2.689083939622355
2021-11-23,2.760306304555887
2021-11-24,2.79513662061543
2021-11-25,2.836548934945653
2021-11-26,2.452653176430767
2021-11-27,2.499367154780234
2021-11-28,2.748977815693403
2021-11-29,2.734160044959607
2021-11-30,2.717428752738693
2021-12-01,2.661663786736176
2021-12-02,2.620248128874466
2021-12-03,2.331275287414777
2021-12-04,2.006032463527302
2021-12-05,1.988314387181958
2021-12-06,2.142834929011146
2021-12-07,2.135926030114326
2021-12-08,2.110515894054633
2021-12-09,1.911811292535135
2021-12-10,1.890754592910877
2021-12-11,2.016737002975407
2021-12-12,2.038256438252385
2021-12-13,1.8254115760689
2021-12-14,1.912992549253091
2021-12-15,1.984856716417998
2021-12-16,1.880956074150872
2021-12-17,1.760632951531454
2021-12-18,1.788842173206027
2021-12-19,1.803979098773496
2021-12-20,1.796087034643014
2021-12-21,1.941839243317952
2021-12-22,1.909993275815227
2021-12-23,2.115407465723907
2021-12-24,2.123212396201949
2021-12-25,2.068491819938996
2021-12-26,2.083299742954302
2021-12-27,2.05798256960081
2021-12-28,1.850792862938599
2021-12-29,1.76487326437538
2021-12-30,1.794785807027808
2021-12-31,1.758607484041973
2022-01-01,1.834518525643462
2022-01-02,1.787012945306404
2022-01-03,1.720394551577303
2022-01-04,1.722629733366423
2022-01-05,1.517321342845655
2022-01-06,1.448594698320511
2022-01-07,1.389379828787816
2022-01-08,1.372286074984452
2022-01-09,1.363215580692339
2022-01-10,1.359573617849259
2022-01-11,1.444901229271056
2022-01-12,1.523524996309208
2022-01-13,1.447733796484302
2022-01-14,1.474804969849793
2022-01-15,1.469401031350414
2022-01-16,1.455012231056541
2022-01-17,1.414165846687761
2022-01-18,1.406039599288969
2022-01-19,1.373836593712499
2022-01-20,1.301664564200903
2022-01-21,0.9668213209580864
2022-01-22,0.8864000207007767
2022-01-23,0.9213479965948357
2022-01-24,0.939055807576911
2022-01-25,0.9851827425587506
2022-01-26,1.015032948237622
2022-01-27,1.029137652473569
2022-01-28,1.079533353303687
2022-01-29,1.084075638515795
2022-01-30,1.009122476445783
2022-01-31,1.12564208129543
2022-02-01,1.131973833173852
2022-02-02,1.003295735560878
2022-02-03,1.027308650654846
2022-02-04,1.357502661641836
2022-02-05,1.355157723806953
2022-02-06,1.381779559225482
2022-02-07,1.533718369161046
2022-02-08,1.562290758382823
2022-02-09,1.549775550714605
2022-02-10,1.464219188830018
2022-02-11,1.404500392238834
2022-02-12,1.408992495768827
2022-02-13,1.386802237791204
2022-02-14,1.4208259838706
2022-02-15,1.542409989012235
2022-02-16,1.530537742471848
2022-02-17,1.262812941350932
2022-02-18,1.235428708751624
2022-02-19,1.212891125242865
2022-02-20,1.123291641345861
2022-02-21,1.007214317572021
2022-02-22,1.07871127113646
2022-02-23,0.9711020450934922
2022-02-24,1.087134314547034
2022-02-25,1.203348070072788
2022-02-26,1.13014869866186
2022-02-27,1.034871074797432
2022-02-28,1.484360246789554
2022-03-01,1.536933449420148
2022-03-02,1.5117554768335
2022-03-03,1.327361955729928
2022-03-04,1.113752736143885
2022-03-05,1.175930526523349
2022-03-06,1.084051702671678
2022-03-07,1.068927454945763
2022-03-08,1.126878847058999
2022-03-09,1.342160922087927
2022-03-10,1.151535138132529
2022-03-11,1.13835752523308
2022-03-12,1.120829959480018
2022-03-13,1.03705888666761
2022-03-14,1.168366519773428
2022-03-15,1.139337453205706
2022-03-16,1.275808926528918
2022-03-17,1.225522655953693
2022-03-18,1.340341594252919
2022-03-19,1.351872152775202
2022-03-20,1.302553784685635
2022-03-21,1.283136231193351
2022-03-22,1.372711450069792
2022-03-23,1.420135650087163
2022-03-24,1.488005744315113
2022-03-25,1.491605681098108
2022-03-26,1.531620638642392
2022-03-27,1.693986981881913
2022-03-28,1.722420562411587
2022-03-29,1.705486333176513
2022-03-30,1.699801317339874
2022-03-31,1.574738732151764
2022-04-01,1.674593244844502
2022-04-02,1.60996643003132
2022-04-03,1.592696817543932
2022-04-04,1.639377809329024
2022-04-05,1.525265627969585
2022-04-06,1.368306867420352
2022-04-07,1.401044872179642
2022-04-08,1.334222393574625
2022-04-09,1.348458329181643
2022-04-10,1.322877702174686
2022-04-11,1.120443883683849
2022-04-12,1.146342536763362
2022-04-13,1.238931566790227
2022-04-14,1.136846401861867
2022-04-15,1.188790906932512
2022-04-16,1.175515897797062
2022-04-17,1.126325832095582
2022-04-18,1.212020261089078
2022-04-19,1.241924595988751
2022-04-20,1.258429633209914
2022-04-21,1.169526740469364
2022-04-22,1.108659176337352
2022-04-23,1.10910968131967
2022-04-24,1.05658587613245
2022-04-25,1.181656779892129
2022-04-26,1.006435805993682
2022-04-27,1.095923829170498
2022-04-28,1.128179878710285
2022-04-29,1.04070064729933
2022-04-30,0.9712891143915188
2022-05-01,1.043648297548852
2022-05-02,1.025574525663334
2022-05-03,0.9903663772528891
2022-05-04,1.117682508815282
2022-05-05,0.8783103700261136
2022-05-06,0.8523353040829557
2022-05-07,0.7869638593391919
2022-05-08,0.7185545586747257
2022-05-09,0.4707615543173484
2022-05-10,0.5049215590848934
2022-05-11,0.4184989554384295
2022-05-12,0.4065870007015484
2022-05-13,0.4063287877318255
2022-05-14,0.4380155049066004
2022-05-15,0.5228580350906055
2022-05-16,0.4543146300092915
2022-05-17,0.4817799516512359
2022-05-18,0.3669804882799103
2022-05-19,0.4681411050360688
2022-05-20,0.3979679303561591
2022-05-21,0.4122790221607993
2022-05-22,0.4720609908681112
2022-05-23,0.3901993013246788
2022-05-24,0.4264947735843952
2022-05-25,0.4380644608140112
2022-05-26,0.3873906921291298
2022-05-27,0.3712032180356025
2022-05-28,0.3873298101644904
2022-05-29,0.4103035315878717
2022-05-30,0.5749329447664538
2022-05-31,0.5999408386212791
2022-06-01,0.4367449443856209
2022-06-02,0.4933951172308866
2022-06-03,0.4447398794238253
2022-06-04,0.4482700086097051
2022-06-05,0.4896006650484203
2022-06-06,0.4824022985342246
2022-06-07,0.5501504698618308
2022-06-08,0.4878446310184813
2022-06-09,0.4563054001992171
2022-06-10,0.4188750372530316
2022-06-11,0.3676802527832478
2022-06-12,0.2089700414938078
2022-06-13,-0.1048451287206809
2022-06-14,-0.0909635381760206
2022-06-15,-0.01856779968939633
2022-06-16,-0.1821704747095954
2022-06-17,-0.1631637279845339
2022-06-18,-0.2707211913336147
2022-06-19,-0.1905018434137838
2022-06-20,-0.1437671523520093
2022-06-21,-0.1475290072577929
2022-06-22,-0.1558510851340204
2022-06-23,-0.1119712639233105
2022-06-24,-0.09663157161957257
2022-06-25,-0.07643431363702789
2022-06-26,-0.106441456844492
2022-06-27,-0.1255149517845231
2022-06-28,-0.1597994449420323
2022-06-29,-0.1763105188027261
2022-06-30,-0.1524214986793529
2022-07-01,-0.2310784817830792
2022-07-02,-0.2251678945650966
2022-07-03,-0.222242078344914
2022-07-04,-0.1389614353587746
2022-07-05,-0.148343060127981
2022-07-06,-0.1249484611788955
2022-07-07,-0.0371734276504372
2022-07-08,-0.04933067646771012
2022-07-09,-0.06007181065100262
2022-07-10,-0.100214117253562
2022-07-11,-0.1685897842072918
2022-07-12,-0.1961246750149617
2022-07-13,-0.1303484642537268
2022-07-14,-0.1223759174100891
2022-07-15,-0.09465882235036634
2022-07-16,-0.04974900080519629
2022-07-17,-0.08439536334114188
2022-07-18,0.02790327514273381
2022-07-19,0.08062632534165912
2022-07-20,0.09551325012940796
2022-07-21,0.09997221617481737
2022-07-22,0.06567662582002738
2022-07-23,0.05032257985345758
2022-07-24,0.03396935694611426
2022-07-25,-0.06096615389499454
2022-07-26,-0.04393890744987063
2022-07-27,0.07120622969746111
2022-07-28,0.1507099473613301
2022-07-29,0.1538295487644534
2022-07-30,0.1411407204576014
2022-07-31,0.1141434682968353
2022-08-01,0.1005716764645643
2022-08-02,0.07203114626649415
2022-08-03,0.08776336551347931
2022-08-04,0.06186173768180544
2022-08-05,0.1080086485620804
2022-08-06,0.0804430617908267
2022-08-07,0.1079481237508864
2022-08-08,0.1466454844372448
2022-08-09,0.07426268570414828
2022-08-10,0.1673539300349813
2022-08-11,0.1611243702167924
2022-08-12,0.1985308546424782
2022-08-13,0.200266179680796
2022-08-14,0.1922159058603024
2022-08-15,0.1724585217288052
2022-08-16,0.1639212715186392
2022-08-17,0.1239157441031557
2022-08-18,0.08592862853030422
2022-08-19,-0.05272439492269092
2022-08-20,-0.03982934608106365
2022-08-21,-0.01896093135896132
2022-08-22,-0.02900560302778212
2022-08-23,-0.02195492223504892
2022-08-24,-0.01489330364314171
2022-08-25,-0.01407690757990943
2022-08-26,-0.09877552829985059
2022-08-27,-0.12108089067479
2022-08-28,-0.1464548495023127
2022-08-29,-0.1014189613838591
2022-08-30,-0.1211615017758699
2022-08-31,-0.1129346068415206
2022-09-01,-0.111168192482429
2022-09-02,-0.1148899653968169
2022-09-03,-0.1290280015543331
2022-09-04,-0.1214991868321098
2022-09-05,-0.107574352677215
2022-09-06,-0.1984336146026239
2022-09-07,-0.1628605694555511
2022-09-08,-0.1570303447440715
2022-09-09,-0.0190289465989761
2022-09-10,0.002332098131426192
2022-09-11,0.00907833379927674
2022-09-12,0.05129220768753939
2022-09-13,-0.09274878715156513
2022-09-14,-0.09381011953275611
2022-09-15,-0.1197729237753894
2022-09-16,-0.1064187137892812
2022-09-17,-0.1037054069508539
2022-09-18,-0.1421352100003756
2022-09-19,-0.136024714274179
2022-09-20,-0.1779428413054338
2022-09-21,-0.216788078545022
2022-09-22,-0.148924037147578
2022-09-23,-0.1604197622874902
2022-09-24,-0.1737979757211453
2022-09-25,-0.1866853481842474
2022-09-26,-0.1444064037591613
2022-09-27,-0.1626771449571031
2022-09-28,-0.1361284729777296
2022-09-29,-0.127497326270625
2022-09-30,-0.1373409503620646
2022-10-01,-0.1460080628406623
2022-10-02,-0.1595217300677329
2022-10-03,-0.124452809767695
2022-10-04,-0.07832514504145117
2022-10-05,-0.07207357368133058
2022-10-06,-0.09188596837358756
2022-10-07,-0.1223901806641787
2022-10-08,-0.1341859248470372
2022-10-09,-0.1270048279280969
2022-10-10,-0.1595576587689316
2022-10-11,-0.1553558047102353
2022-10-12,-0.1494872790043316
2022-10-13,-0.1295604270742207
2022-10-14,-0.1446540558367959
2022-10-15,-0.1488844860138371
2022-10-16,-0.1421336326621695
2022-10-17,-0.113541239245767
2022-10-18,-0.1412266323608079
2022-10-19,-0.1598707664572755
2022-10-20,-0.1537562776841011
2022-10-21,-0.1446466928947608
2022-10-22,-0.1411711662403349
2022-10-23,-0.1174648518351436
2022-10-24,-0.1325926054660881
2022-10-25,-0.06999837997221516
2022-10-26,-0.02708339761779751
2022-10-27,-0.06191783032943873
2022-10-28,-0.03654037687259443
2022-10-29,-0.03005459060632673
2022-10-30,-0.04234601822456365
2022-10-31,-0.04876883374907761
2022-11-01,-0.04385909389897335
2022-11-02,-0.06663297376942938
2022-11-03,-0.06030691686565105
2022-11-04,0.02260649054201014
2022-11-05,0.01466409444612304
2022-11-06,-0.01606374207451955
2022-11-07,-0.04017213257023938
2022-11-08,-0.198434183435687
2022-11-09,-0.3493493703445168
2022-11-10,-0.2481981597666112
2022-11-11,-0.2943440924513384
2022-11-12,-0.2931827005289999
2022-11-13,-0.3348625062279535
2022-11-14,-0.3100546228931577
2022-11-15,-0.2911485427437556
2022-11-16,-0.2929207527506428
2022-11-17,-0.2682079859392774
2022-11-18,-0.2734223384797931
2022-11-19,-0.2683679294398478
2022-11-20,-0.3015486243141262
2022-11-21,-0.3278682216633071
2022-11-22,-0.3024158151993115
2022-11-23,-0.2750338103980152
2022-11-24,-0.276180648920352
2022-11-25,-0.2714578847683938
2022-11-26,-0.2786669586287196
2022-11-27,-0.279654676015031
2022-11-28,-0.2975394125437452
2022-11-29,-0.2482311464533293
2022-11-30,-0.2231177163804667
2022-12-01,-0.231223025979466
2022-12-02,-0.2295811652413604
2022-12-03,-0.2366559074699399
2022-12-04,-0.2163117349469957
2022-12-05,-0.2250152258390541
2022-12-06,-0.2219899051468414
2022-12-07,-0.239916077259499
2022-12-08,-0.2105554987748227
2022-12-09,-0.2130449259882418
2022-12-10,-0.2138093138796283
2022-12-11,-0.2271388113272967
2022-12-12,-0.2117289120222003
2022-12-13,-0.1624260216789569
2022-12-14,-0.1629366045484906
2022-12-15,-0.1898245929976152
2022-12-16,-0.2417148324440891
2022-12-17,-0.2382938239208401
2022-12-18,-0.2360568393604642
2022-12-19,-0.2569574648562723
2022-12-20,-0.2285982302054789
2022-12-21,-0.2271880800143498
2022-12-22,-0.2320628251932502
2022-12-23,-0.2292336638602001
2022-12-24,-0.2262249521219638
2022-12-25,-0.2266460185435274
2022-12-26,-0.2235991601611248
2022-12-27,-0.2365466702352844
2022-12-28,-0.242555810606958
2022-12-29,-0.2374571908509584
2022-12-30,-0.2405520327007692
2022-12-31,-0.2412056012028176
2023-01-01,-0.2365213800298395
2023-01-02,-0.2282359732441073
2023-01-03,-0.2303600446502913
2023-01-04,-0.2169114587389357
2023-01-05,-0.2144203200585841
2023-01-06,-0.2049061891375724
2023-01-07,-0.2079206695003096
2023-01-08,-0.1893648015744631
2023-01-09,-0.1862053564292466
2023-01-10,-0.1668246067281138
2023-01-11,-0.1086314992305058
2023-01-12,-0.06950704689074988
2023-01-13,0.08785080177340683
2023-01-14,0.07657493926636208
2023-01-15,0.0914903776722148
2023-01-16,0.1010267848363418
2023-01-17,0.1071601936269436
2023-01-18,0.06947794142366437
2023-01-19,0.09663855354549286
2023-01-20,0.2085251138181487
2023-01-21,0.2305213138701976
2023-01-22,0.2201221157822685
2023-01-23,0.2372392414634245
2023-01-24,0.2126836651527067
2023-01-25,0.2549797137255107
2023-01-26,0.232423989708729
2023-01-27,0.2506057857005858
2023-01-28,0.247534588023153
2023-01-29,0.2944055278934546
2023-01-30,0.2256521525274652
2023-01-31,0.2436278330920192
2023-02-01,0.3244936764430546
2023-02-02,0.2771212519101136
2023-02-03,0.2655287643671291
2023-02-04,0.2554884012649649
2023-02-05,0.2388113921235669
2023-02-06,0.2194814797574582
2023-02-07,0.2582439775654243
2023-02-08,0.2324610458594005
2023-02-09,0.1471794261474426
2023-02-10,0.1357827821933613
2023-02-11,0.1502489328541933
2023-02-12,0.1473305571776706
2023-02-13,0.1424533396968591
2023-02-14,0.1721642359367156
2023-02-15,0.3525199123494534
2023-02-16,0.2862299571957628
2023-02-17,0.3543528514434185
2023-02-18,0.3613480304838065
2023-02-19,0.3223943778971536
2023-02-20,0.3696288720012117
2023-02-21,0.3362078483439407
2023-02-22,0.3158844705715822
2023-02-23,0.302712848034047
2023-02-24,0.2439100244604849
2023-02-25,0.2394879172269349
2023-02-26,0.2685374290668349
2023-02-27,0.2629776078612007
2023-02-28,0.240420030381572
2023-03-01,0.2786642736619342
2023-03-02,0.2650642288622835
2023-03-03,0.1880341003384527
2023-03-04,0.1887327222363068
2023-03-05,0.1947937965763542
2023-03-06,0.1923551069855647
2023-03-07,0.1846846309417977
2023-03-08,0.1461916041172023
2023-03-09,0.02890180805296081
2023-03-10,0.04406540591167784
2023-03-11,0.06657091546820382
2023-03-12,0.2167435791492505
2023-03-13,0.3354263459296531
2023-03-14,0.3727902621344684
2023-03-15,0.3339646918279988
2023-03-16,0.3839856321012711
2023-03-17,0.5807060468408366
2023-03-18,0.5410335436360173
2023-03-19,0.5959958479455427
2023-03-20,0.5969825602637698
2023-03-21,0.6081279174199034
2023-03-22,0.5536584840235126
2023-03-23,0.6151575992861321
2023-03-24,0.5658476521348687
2023-03-25,0.5637522698894603
2023-03-26,0.5969585929232392
2023-03-27,0.5160964641894727
2023-03-28,0.5392679592946652
2023-03-29,0.6161081912408773
2023-03-30,0.6329823105325967
2023-03-31,0.6456406164393995
2023-04-01,0.6399376707732299
2023-04-02,0.6206354517283986
2023-04-03,0.5932934127661835
2023-04-04,0.6599934972556192
2023-04-05,0.6089836359824443
2023-04-06,0.6167674333794897
2023-04-07,0.601871750924985
2023-04-08,0.6126378161856425
2023-04-09,0.6381286343598328
2023-04-10,0.7511578038779669
2023-04-11,0.7718349865934689
2023-04-12,0.7531441613083749
2023-04-13,0.8079771247923561
2023-04-14,0.7793124143764933
2023-04-15,0.7714300921056892
2023-04-16,0.7387068126217757
2023-04-17,0.7022452002345946
2023-04-18,0.7715621836661394
2023-04-19,0.6670942223609044
2023-04-20,0.6197867219133849
2023-04-21,0.5408920000560299
2023-04-22,0.5644986386817379
2023-04-23,0.583703884701095
2023-04-24,0.5581486253321124
2023-04-25,0.6208012019815521
2023-04-26,0.6883983143072333
2023-04-27,0.7118317919967402
2023-04-28,0.68989000478285
2023-04-29,0.6803880369421523
2023-04-30,0.6922141701285793
2023-05-01,0.5992975913792852
2023-05-02,0.6328952565648667
2023-05-03,0.6704061947309756
2023-05-04,0.6626332899983739
2023-05-05,0.717637112315568
2023-05-06,0.6666832371169594
2023-05-07,0.6370723818508037
2023-05-08,0.5585329908505764
2023-05-09,0.5672698482482174
2023-05-10,0.5488802913712263
2023-05-11,0.5127217866973608
2023-05-12,0.4974196031570118
2023-05-13,0.4912645233056552
2023-05-14,0.4951461680951398
2023-05-15,0.5229802432738179
2023-05-16,0.5142541309938562
2023-05-17,0.5334973979998703
2023-05-18,0.4988802161972871
2023-05-19,0.4964729273968995
2023-05-20,0.5254779494394529
2023-05-21,0.4817937134603876
2023-05-22,0.4921349693309633
2023-05-23,0.5165668547563849
2023-05-24,0.4484609667315942
2023-05-25,0.4650149002567124
2023-05-26,0.4791385120054535
2023-05-27,0.5102527233620364
2023-05-28,0.5920135537894058
2023-05-29,0.5559902693722432
2023-05-30,0.5583520259069876
2023-05-31,0.5076255327021987
2023-06-01,0.4859929283166989
2023-06-02,0.5146482944787115
2023-06-03,0.502825024356184
2023-06-04,0.5040861687021178
2023-06-05,0.4064400650198544
2023-06-06,0.5193080505541106
2023-06-07,0.4572045150697269
2023-06-08,0.4619653819971619
2023-06-09,0.4617186420922454
2023-06-10,0.4109867684534779
2023-06-11,0.4264767205429595
2023-06-12,0.418599046382903
2023-06-13,0.4274022863497984
2023-06-14,0.3695364771082341
2023-06-15,0.3906633412917834
2023-06-16,0.4512223099952119
2023-06-17,0.4615279090452039
2023-06-18,0.4545758449016445
2023-06-19,0.5015303665983272
2023-06-20,0.6074502462129324
2023-06-21,0.7317306211867205
2023-06-22,0.7215917166350356
2023-06-23,0.7557833425602898
2023-06-24,0.7564900143212784
2023-06-25,0.747097407828005
2023-06-26,0.7423630758090561
2023-06-27,0.7598646762640191
2023-06-28,0.7183428261979645
2023-06-29,0.7452168516006381
2023-06-30,0.7458892852442588
2023-07-01,0.7517609452161226
2023-07-02,0.7556202485729377
2023-07-03,0.7904040520167109
2023-07-04,0.7641100652725785
2023-07-05,0.7376566349929342
2023-07-06,0.7128376217237498
2023-07-07,0.729771840804023
2023-07-08,0.7327799673295705
2023-07-09,0.7147414708126584
2023-07-10,0.7378494068094006
2023-07-11,0.7438849198227365
2023-07-12,0.7315852284359938
2023-07-13,0.8118420624929649
2023-07-14,0.729685383772305
2023-07-15,0.7268379173817446
2023-07-16,0.7208183460461985
2023-07-17,0.716980553835832
2023-07-18,0.7080503741860829
2023-07-19,0.7030927703481403
2023-07-20,0.6869618538369082
2023-07-21,0.7018761258023031
2023-07-22,0.6864394936694697
2023-07-23,0.703165032030451
2023-07-24,0.6374713738060975
2023-07-25,0.6410758239234107
2023-07-26,0.6547422842862969
2023-07-27,0.6500971377605472
2023-07-28,0.6594247961956982
2023-07-29,0.6610114049032566
2023-07-30,0.6688796918084019
2023-07-31,0.6558375414420669
2023-08-01,0.6945903910893652
2023-08-02,0.6469239924511293
2023-08-03,0.650895441815506
2023-08-04,0.6411619767479874
2023-08-05,0.6384821897787465
2023-08-06,0.6359500254624567
2023-08-07,0.6512491350120382
2023-08-08,0.6917613705480992
2023-08-09,0.6780221074552528
2023-08-10,0.6676527233144973
2023-08-11,0.6656739980104168
2023-08-12,0.6652809518423344
2023-08-13,0.6510618911087147
2023-08-14,0.6629336040854595
2023-08-15,0.64724043365311
2023-08-16,0.5999762019771999
2023-08-17,0.4675523641509396
2023-08-18,0.4216743636429097
2023-08-19,0.428259653732418
2023-08-20,0.4253367251518113
2023-08-21,0.4230590238611419
2023-08-22,0.4184024736049324
2023-08-23,0.4539310902769128
2023-08-24,0.4269710465575263
2023-08-25,0.4205113646817508
2023-08-26,0.4176163719130185
2023-08-27,0.419246117315147
2023-08-28,0.4274563963950353
2023-08-29,0.538364940565396
2023-08-30,0.5079609739818333
2023-08-31,0.4222453462703881
2023-09-01,0.4037070175239035
2023-09-02,0.4100348464366294
2023-09-03,0.4127165491692057
2023-09-04,0.402263806913496
2023-09-05,0.4051039724918267
2023-09-06,0.4019491036800988
2023-09-07,0.4475732037518746
2023-09-08,0.4105724673383352
2023-09-09,0.4112296302421936
2023-09-10,0.4004879743365184
2023-09-11,0.3627055774667198
2023-09-12,0.4159754898893692
2023-09-13,0.46008223441103
2023-09-14,0.4572098271587525
2023-09-15,0.4680215512889298
2023-09-16,0.4556419029072068
2023-09-17,0.4553780828735955
2023-09-18,0.4706724087559554
2023-09-19,0.5078491027387452
2023-09-20,0.4956825365297395
2023-09-21,0.4664915215771616
2023-09-22,0.4639194294948357
2023-09-23,0.4616793811897633
2023-09-24,0.4378867985371736
2023-09-25,0.4385888550801911
2023-09-26,0.4375791232218577
2023-09-27,0.4508317895060786
2023-09-28,0.4978829021149943
2023-09-29,0.4877053725380399
2023-09-30,0.4919284782693858
2023-10-01,0.5610344809825163
2023-10-02,0.5231879360122088
2023-10-03,0.5140857906867344
2023-10-04,0.5507747540237482
2023-10-05,0.5244414365231859
2023-10-06,0.5586315713886555
2023-10-07,0.5621255523422914
2023-10-08,0.5510888591369824
2023-10-09,0.5306878262628726
2023-10-10,0.5234737544056258
2023-10-11,0.474799248411378
2023-10-12,0.4769001059236301
2023-10-13,0.481886949099638
2023-10-14,0.4780563823433866
2023-10-15,0.4999382415228205
2023-10-16,0.5828545159558107
2023-10-17,0.5889844403822799
2023-10-18,0.5892264863010883
2023-10-19,0.6090350884419768
2023-10-20,0.67973192065792
2023-10-21,0.7042437737012166
2023-10-22,0.7146723969588641
2023-10-23,0.9609354748676077
2023-10-24,0.9910829755682875
2023-10-25,1.036075324385677
2023-10-26,0.9861008181596792
2023-10-27,0.9760151236663713
2023-10-28,0.9883227230590174
2023-10-29,1.015638137324145
2023-10-30,1.018280416166052
2023-10-31,1.016920605753278
2023-11-01,1.080912010387229
2023-11-02,1.011630884924104
2023-11-03,1.024165469492306
2023-11-04,1.044954211570242
2023-11-05,1.049509044573149
2023-11-06,1.038110557479987
2023-11-07,1.068805425416287
2023-11-08,1.102430694289548
2023-11-09,1.144274233838584
2023-11-10,1.201450442121665
2023-11-11,1.171031473438293
2023-11-12,1.185384489797387
2023-11-13,1.120351800831377
2023-11-14,1.065668494981215
2023-11-15,1.229963983726017
2023-11-16,1.125396883346759
2023-11-17,1.127591968125214
2023-11-18,1.132292872252868
2023-11-19,1.191403560646636
2023-11-20,1.196708162128534
2023-11-21,1.099623734961691
2023-11-22,1.186017387427453
2023-11-23,1.183227386055571
2023-11-24,1.214197947895788
2023-11-25,1.214698654612171
2023-11-26,1.194701308499686
2023-11-27,1.176860263680477
2023-11-28,1.224051705737394
2023-11-29,1.211918513587443
2023-11-30,1.20336179631569
2023-12-01,1.27629948804825
2023-12-02,1.331512724469617
2023-12-03,1.380612059233506
2023-12-04,1.498022234282105
2023-12-05,1.655924014844367
2023-12-06,1.627464853958278
2023-12-07,1.592897676711579
2023-12-08,1.646995214610903
2023-12-09,1.61496593329048
2023-12-10,1.602901518589629
2023-12-11,1.460956399660861
2023-12-12,1.435485766021755
2023-12-13,1.5354558136814
2023-12-14,1.539786944515578
2023-12-15,1.464755747923724
2023-12-16,1.478940870446779
2023-12-17,1.422114393292614
2023-12-18,1.517341990546702
2023-12-19,1.493738997870434
2023-12-20,1.575442891025217
2023-12-21,1.591611505328764
2023-12-22,1.589903740789993
2023-12-23,1.579437803727631
2023-12-24,1.519595823509859
2023-12-25,1.555367041705045
2023-12-26,1.473820859749146
2023-12-27,1.556750376772921
2023-12-28,1.472063701709426
2023-12-29,1.445521765194128
2023-12-30,1.462294775796761
2023-12-31,1.468263411193552
2024-01-01,1.654733606188343
2024-01-02,1.655487100721062
2024-01-03,1.492016748973471
2024-01-04,1.576246145538684
2024-01-05,1.562396524880266
2024-01-06,1.563613522100598
2024-01-07,1.527364301209396
2024-01-08,1.741554498895182
2024-01-09,1.676390616851383
2024-01-10,1.733660798652511
2024-01-11,1.701114606737725
2024-01-12,1.450574116684128
2024-01-13,1.442344407407695
2024-01-14,1.410914407618705
2024-01-15,1.432634144775255
2024-01-16,1.460962535531917
2024-01-17,1.427635850881009
2024-01-18,1.326411629148979
2024-01-19,1.339538471584125
2024-01-20,1.35118112211137
2024-01-21,1.35117212580757
2024-01-22,1.222040771795144
2024-01-23,1.245392350311793
2024-01-24,1.241508752854743
2024-01-25,1.220265739073414
2024-01-26,1.352933461998547
2024-01-27,1.366855214380061
2024-01-28,1.363966351918185
2024-01-29,1.447189483870443
2024-01-30,1.425547918439523
2024-01-31,1.388288898261674
2024-02-01,1.437703746411148
2024-02-02,1.43962523234128
2024-02-03,1.423476329028256
2024-02-04,1.376432460093734
2024-02-05,1.38990943921306
2024-02-06,1.424004925633806
2024-02-07,1.533825395798469
2024-02-08,1.57607793647591
2024-02-09,1.698890130952404
2024-02-10,1.742076924597833
2024-02-11,1.800422833084183
2024-02-12,1.901032785430588
2024-02-13,1.855144495795056
2024-02-14,2.04471350414419
2024-02-15,2.01189784922704
2024-02-16,2.012989296038326
2024-02-17,1.986037392732193
2024-02-18,2.018764738023488
2024-02-19,1.9739066090126
2024-02-20,2.00878314064421
2024-02-21,1.959782761264613
2024-02-22,1.9476776452499
2024-02-23,1.905656725164508
2024-02-24,1.945469318721324
2024-02-25,1.956231100760113
2024-02-26,2.153742137995448
2024-02-27,2.313849596100458
2024-02-28,2.590942312599227
2024-02-29,2.587809233822427
2024-03-01,2.631274345488302
2024-03-02,2.588088134850845
2024-03-03,2.700120958593129
2024-03-04,3.0058016095303
2024-03-05,2.669254582295941
2024-03-06,2.827802369102788
2024-03-07,2.874066778288134
2024-03-08,2.932532935062024
2024-03-09,2.941084390546306
2024-03-10,2.909745140844522
2024-03-11,3.153986757007962
2024-03-12,3.099341580610035
2024-03-13,3.161136230815958
2024-03-14,3.080926528649998
2024-03-15,2.921462156575856
2024-03-16,2.613270033868173
2024-03-17,2.746763840054043
2024-03-18,2.729953007196012
2024-03-19,2.462347178721805
2024-03-20,2.760017174040254
2024-03-21,2.625873616933493
2024-03-22,2.469930062671199
2024-03-23,2.512693825832134
2024-03-24,2.645324667156562
2024-03-25,2.846861343808978
2024-03-26,2.888011944226356
2024-03-27,2.816573682645442
2024-03-28,2.87894875151378
2024-03-29,2.821956391379035
2024-03-30,2.810251371713202
2024-03-31,2.88961675232483
2024-04-01,2.758142709194811
2024-04-02,2.484757366817412
2024-04-03,2.539336300524395
2024-04-04,2.689816114234305
2024-04-05,2.63984489006585
2024-04-06,2.705782506700241
2024-04-07,2.719602127340487
2024-04-08,2.850554321314463
2024-04-09,2.691607391941623
2024-04-10,2.779553151968002
2024-04-11,2.760598035816524
2024-04-12,2.533267991660025
2024-04-13,2.320791833485094
2024-04-14,2.438012885853059
2024-04-15,2.284660267536746
2024-04-16,2.330540583275739
2024-04-17,2.162581735116158
2024-04-18,2.23938292903529
2024-04-19,2.283680102343739
2024-04-20,2.366144189479468
2024-04-21,2.371390221022886
2024-04-22,2.506093192486742
2024-04-23,2.481733898802458
2024-04-24,2.326008751362991
2024-04-25,2.319875152694009
2024-04-26,2.231325575445394
2024-04-27,2.256025945741544
2024-04-28,2.230157259915175
2024-04-29,2.312161224090369
2024-04-30,2.026690195335886
2024-05-01,1.868030608328416
2024-05-02,1.953558993491349
2024-05-03,2.212525224027907
2024-05-04,2.236359779109362
2024-05-05,2.279246777040579
2024-05-06,2.231267782586459
2024-05-07,2.167335135060423
2024-05-08,2.087198220929311
2024-05-09,2.177822123257089
2024-05-10,2.042959132233139
2024-05-11,2.053016668523038
2024-05-12,2.08440210390356
2024-05-13,2.164705910082372
2024-05-14,2.073267265248283
2024-05-15,2.365798951136481
2024-05-16,2.322119916348876
2024-05-17,2.408535822562796
2024-05-18,2.404637589280178
2024-05-19,2.371306880351277
2024-05-20,2.672402014483172
2024-05-21,2.589999863274054
2024-05-22,2.543059759413891
2024-05-23,2.434273841042216
2024-05-24,2.474429104968882
2024-05-25,2.510341645562283
2024-05-26,2.482092189500406
2024-05-27,2.510826972366818
2024-05-28,2.420196903984593
2024-05-29,2.360208397379247
2024-05-30,2.414633511440537
2024-05-31,2.357326699337125
2024-06-01,2.369793215230332
2024-06-02,2.363128327518524
2024-06-03,2.432646925477648
2024-06-04,2.540437026611106
2024-06-05,2.548389839511259
2024-06-06,2.53051961991221
2024-06-07,2.432490690430869
2024-06-08,2.42283097004493
2024-06-09,2.436602900126444
2024-06-10,2.422637508775948
2024-06-11,2.280839211474969
2024-06-12,2.345466426179714
2024-06-13,2.242393298039254
2024-06-14,2.207217149410501
2024-06-15,2.202854387090984
2024-06-16,2.225635759298451
2024-06-17,2.173405586377474
2024-06-18,2.133575104417583
2024-06-19,2.127504459020626
2024-06-20,2.108716943641695
2024-06-21,2.058440252060443
2024-06-22,2.077508608098634
2024-06-23,1.989321876573424
2024-06-24,1.825831412113718
2024-06-25,1.909127415089021
2024-06-26,1.857558095863069
2024-06-27,1.887174541156704
2024-06-28,1.833595302520131
2024-06-29,1.84989391542135
2024-06-30,1.964934431442354
2024-07-01,1.962300717496913
2024-07-02,1.908838035568834
2024-07-03,1.805837946036637
2024-07-04,1.621165406446498
2024-07-05,1.575792728372712
2024-07-06,1.655766836038614
2024-07-07,1.48125982860436
2024-07-08,1.568756903928955
2024-07-09,1.624844299399883
2024-07-10,1.630366477170342
2024-07-11,1.602984077213048
2024-07-12,1.64234757349421
2024-07-13,1.75643022781321
2024-07-14,1.843566469474584
2024-07-15,2.044989765684728
2024-07-16,2.094591376736078
2024-07-17,2.024959184208725
2024-07-18,1.969821829311701
2024-07-19,2.137636503570866
2024-07-20,2.171533587534116
2024-07-21,2.234984294531299
2024-07-22,2.188645310565254
2024-07-23,2.07745391993963
2024-07-24,2.056892717755233
2024-07-25,2.107885916917143
2024-07-26,2.193129842803327
2024-07-27,2.19331833608338
2024-07-28,2.23667845128324
2024-07-29,2.103826200974856
2024-07-30,2.086252421129613
2024-07-31,1.982164025618645
2024-08-01,1.993709305559318
2024-08-02,1.766770664432224
2024-08-03,1.744601504067343
2024-08-04,1.471871526451543
2024-08-05,1.471349063844388
2024-08-06,1.486817728032462
2024-08-07,1.426996119931152
2024-08-08,1.775743883272784
2024-08-09,1.733744062491082
2024-08-10,1.762189937802698
2024-08-11,1.603790318347508
2024-08-12,1.682412564667865
2024-08-13,1.741610595646112
2024-08-14,1.633786131010827
2024-08-15,1.542959239694916
2024-08-16,1.643662789374761
2024-08-17,1.671473165764518
2024-08-18,1.591953096553638
2024-08-19,1.717746666120735
2024-08-20,1.628015360299178
2024-08-21,1.7343702654198
2024-08-22,1.726468602024053
2024-08-23,1.915697595713377
2024-08-24,1.923870204824102
2024-08-25,1.917941044484925
2024-08-26,1.833094219332542
2024-08-27,1.620535536042041
2024-08-28,1.627957433250521
2024-08-29,1.623294892726727
2024-08-30,1.624443450030433
2024-08-31,1.60566398494013
2024-09-01,1.519166866384528
2024-09-02,1.623060459081342
2024-09-03,1.498153486348285
2024-09-04,1.548275544616523
2024-09-05,1.44081078015026
2024-09-06,1.30960145522608
2024-09-07,1.32315958848506
2024-09-08,1.37549217953869
2024-09-09,1.486339521320644
2024-09-10,1.523491799086894
2024-09-11,1.522545270783532
2024-09-12,1.544338295128067
2024-09-13,1.681735984327909
2024-09-14,1.656727294341967
2024-09-15,1.57550059325679
2024-09-16,1.514572556558789
2024-09-17,1.663700403525175
2024-09-18,1.777805694121138
2024-09-19,1.804125642557876
2024-09-20,1.823973546776636
2024-09-21,1.82530882247022
2024-09-22,1.84364634792575
2024-09-23,1.801228206601616
2024-09-24,1.86917994710043
2024-09-25,1.796197527604581
2024-09-26,1.927014642339136
2024-09-27,1.961241224820872
2024-09-28,1.945334767720644
2024-09-29,1.93133998448596
2024-09-30,1.81636257938853
2024-10-01,1.67266278541091
2024-10-02,1.669322564630107
2024-10-03,1.641239850104655
2024-10-04,1.735093437261571
2024-10-05,1.718906066188609
2024-10-06,1.817906068163895
2024-10-07,1.750314188394715
2024-10-08,1.710303956820328
2024-10-09,1.609484596691416
2024-10-10,1.595792300264094
2024-10-11,1.743090351807392
2024-10-12,1.76037531259404
2024-10-13,1.720178605681562
2024-10-14,1.911527315208958
2024-10-15,1.960036597416236
2024-10-16,2.002617211335434
2024-10-17,1.970629907166794
2024-10-18,2.031050749345601
2024-10-19,2.021953157354412
2024-10-20,2.067969770578006
2024-10-21,1.946633180509972
2024-10-22,1.944973249370363
2024-10-23,1.955590716050331
2024-10-24,1.986096327226506
2024-10-25,1.909343173612695
2024-10-26,1.923773282806192
2024-10-27,1.969203275369453
2024-10-28,2.085372531817778
2024-10-29,2.210216359204643
2024-10-30,2.198299117935675
2024-10-31,2.078047231125677
2024-11-01,2.051124208881029
2024-11-02,2.020758456503612
2024-11-03,1.992501849633268
2024-11-04,1.950473855897395
2024-11-05,2.123483088398332
2024-11-06,2.349905297037208
2024-11-07,2.380390770117661
2024-11-08,2.396359561329068
2024-11-09,2.417486898360632
2024-11-10,2.615262025435615
2024-11-11,3.069698638291268
2024-11-12,3.000362974865024
2024-11-13,3.09564169252144
2024-11-14,2.951581908888634
2024-11-15,3.111985912013618
2024-11-16,3.092070427210061
2024-11-17,3.03658233369493
2024-11-18,3.087165524328358
2024-11-19,3.12816222197909
2024-11-20,3.256424537258516
2024-11-21,3.401815682643096
2024-11-22,3.416332007955478
2024-11-23,3.362467023531324
2024-11-24,3.343699367479877
2024-11-25,3.11193214845298
2024-11-26,2.997528629594184
2024-11-27,3.244423935032166
2024-11-28,3.171994141613939
2024-11-29,3.243554239746232
2024-11-30,3.202075484910951
2024-12-01,3.254733377854628
2024-12-02,3.152499078536932
2024-12-03,3.140596056140673
2024-12-04,3.26991682981017
2024-12-05,3.192692038811119
2024-12-06,3.322618057845134
2024-12-07,3.295491356257922
2024-12-08,3.268983846812219
2024-12-09,3.150971509638711
2024-12-10,3.062567390227888
2024-12-11,3.281297313912806
2024-12-12,3.232019429137643
2024-12-13,3.282609875361886
2024-12-14,3.281179195334101
2024-12-15,3.479258177177202
2024-12-16,3.489380652182083
2024-12-17,3.481790214195029
2024-12-18,3.188745142687136
2024-12-19,2.982942714464706
2024-12-20,2.990564403186471
2024-12-21,2.968924384852311
2024-12-22,2.813576380941097
2024-12-23,2.79939101274028
2024-12-24,2.992044698256723
2024-12-25,3.017077142523078
2024-12-26,2.840678395422022
2024-12-27,2.760278756178435
2024-12-28,2.792882017335607
2024-12-29,2.704601763589082
2024-12-30,2.637785735415824
2024-12-31,2.727043356324632
2025-01-01,2.757424413532809
2025-01-02,2.842723859119409
2025-01-03,2.89663417153234
2025-01-04,2.90574882158927
2025-01-05,2.899634860063277
2025-01-06,3.089211523098286
2025-01-07,2.833493418045698
2025-01-08,2.721613709984837
2025-01-09,2.600221458664727
2025-01-10,2.686064521486604
2025-01-11,2.673837839253057
2025-01-12,2.713433916708922
2025-01-13,2.667218501873555
2025-01-14,2.782369772047932
2025-01-15,2.925197954384429
2025-01-16,2.928941595457363
2025-01-17,3.146408001381915
2025-01-18,3.105587374040612
2025-01-19,2.880584355893683
2025-01-20,2.939696319244798
2025-01-21,3.173943899066482
2025-01-22,3.028820530150897
2025-01-23,3.022934915060477
2025-01-24,3.063187664924568
2025-01-25,3.065642703166246
2025-01-26,2.916354840250852
2025-01-27,2.918484895755459
2025-01-28,2.901689076883983
2025-01-29,3.012695069528217
2025-01-30,3.047926096390854
2025-01-31,2.921955228231556
2025-02-01,2.855554617346586
2025-02-02,2.618732868544768
2025-02-03,2.842338435871323
2025-02-04,2.694968897398442
2025-02-05,2.615118681839303
2025-02-06,2.593965275987387
2025-02-07,2.596691002958565
2025-02-08,2.588548202859311
2025-02-09,2.588984353271297
2025-02-10,2.635776411643134
2025-02-11,2.546372701163306
2025-02-12,2.627631793032897
2025-02-13,2.573204019332866
2025-02-14,2.602616273630906
2025-02-15,2.604322129044645
2025-02-16,2.538973962432472
2025-02-17,2.502806954554833
2025-02-18,2.483542242808946
2025-02-19,2.554525679082829
2025-02-20,2.617539041049237
2025-02-21,2.514191171050256
2025-02-22,2.533120076521077
2025-02-23,2.510657104171558
2025-02-24,2.298079444974543
2025-02-25,2.11669428920584
2025-02-26,1.953047132701547
2025-02-27,1.930483774755687
2025-02-28,1.91298958875249
2025-03-01,2.013965938209944
2025-03-02,2.354983341197902
2025-03-03,2.006138568688947
2025-03-04,2.043053605770645
2025-03-05,2.194563746513126
2025-03-06,1.975367307473689
2025-03-07,2.02906488008639
2025-03-08,2.014531452172586
2025-03-09,1.771406906479599
2025-03-10,1.599982150739375
2025-03-11,1.837671396108982
2025-03-12,1.867406246336729
2025-03-13,1.774076657034004
2025-03-14,1.904822048095548
2025-03-15,1.900918972399836
2025-03-16,1.842382494138322
2025-03-17,1.876188361373799
2025-03-18,1.842500500756621
2025-03-19,1.976716972510818
2025-03-20,1.899387186396242
2025-03-21,1.88503649727778
2025-03-22,1.875184711337519
2025-03-23,1.967610104082443
2025-03-24,2.038253203737609
2025-03-25,2.038096627533868
2025-03-26,2.01843687066335
2025-03-27,2.017813347692553
2025-03-28,1.876499690110397
2025-03-29,1.802182514026809
2025-03-30,1.748329264179275
2025-03-31,1.793805188363911
2025-04-01,1.899738890455175
2025-04-02,1.81541549038635
2025-04-03,1.802527460980346
2025-04-04,1.834749283487912
2025-04-05,1.820755738278683
2025-04-06,1.580079872423439
2025-04-07,1.612481216268298
2025-04-08,1.494857523378747
2025-04-09,1.762003986447712
2025-04-10,1.607428632840487
2025-04-11,1.804417789048552
2025-04-12,1.90082585425567
2025-04-13,1.843930209106462
2025-04-14,1.869618172561727
2025-04-15,1.788566635400538
2025-04-16,1.835204058504744
2025-04-17,1.865603205526928
2025-04-18,1.846074414824236
2025-04-19,1.877373808711596
2025-04-20,1.942180318871514
2025-04-21,1.988974504900329
2025-04-22,2.22169982105521
2025-04-23,2.235106173563738
2025-04-24,2.254327732140031
2025-04-25,2.290720029115997
2025-04-26,2.285961519211613
2025-04-27,2.217162149398578
2025-04-28,2.286005429690126
2025-04-29,2.256918291356165
2025-04-30,2.245988160330023
2025-05-01,2.36041250367733
2025-05-02,2.34019163844858
2025-05-03,2.299188301150107
2025-05-04,2.246860158851743
2025-05-05,2.231837130074926
2025-05-06,2.352502224004873
2025-05-07,2.362576244124901
2025-05-08,2.580446601085046
2025-05-09,2.575174205740419
2025-05-10,2.640119039414603
2025-05-11,2.643762464782277
2025-05-12,2.533664135821182
2025-05-13,2.598928190381486
2025-05-14,2.589376586314228
2025-05-15,2.57953515719089
2025-05-16,2.55655768706477
2025-05-17,2.553636445625532
2025-05-18,2.631114940308181
2025-05-19,2.644977332065636
2025-05-20,2.682791621325267
2025-05-21,2.814421586118118
2025-05-22,2.877041433759805
2025-05-23,2.683127423650613
2025-05-24,2.681482841496857
2025-05-25,2.770554808114918
2025-05-26,2.743399327752674
2025-05-27,2.73689442008136
2025-05-28,2.68881269623824
2025-05-29,2.533970691081421
2025-05-30,2.489647306315481
2025-05-31,2.508295424796267
2025-06-01,2.547440068104717
2025-06-02,2.577029216570768
2025-06-03,2.53417992259048
2025-06-04,2.505949478035646
2025-06-05,2.37044100440483
2025-06-06,2.481011310046831
2025-06-07,2.517220209801498
2025-06-08,2.522440676750741
2025-06-09,2.698055107392364
2025-06-10,2.685416776471869
2025-06-11,2.632701894871051
2025-06-12,2.420803424454939
2025-06-13,2.499966390257033
2025-06-14,2.490437949604107
2025-06-15,2.476691500345535
2025-06-16,2.546209032268332
2025-06-17,2.440464605687661
2025-06-18,2.442374100610871
2025-06-19,2.427349790837973
2025-06-20,2.361682650243219
2025-06-21,2.342996752630965
2025-06-22,2.258477626916674
2025-06-23,2.434715929633587
2025-06-24,2.481798321463411
2025-06-25,2.513651688724776
2025-06-26,2.493136038047016
2025-06-27,2.491614445606992
2025-06-28,2.498497711694424
2025-06-29,2.52332068879223
2025-06-30,2.474525082535787
2025-07-01,2.407953179511175
2025-07-02,2.55186698087899
2025-07-03,2.568261068976642
2025-07-04,2.485080465867157
2025-07-05,2.478773550360605
2025-07-06,2.518331193264806
2025-07-07,2.460724998811674
2025-07-08,2.492668714537207
2025-07-09,2.587727754819178
2025-07-10,2.77144385307903
2025-07-11,2.828093160988688
2025-07-12,2.810619479133871
2025-07-13,2.852106714709965
2025-07-14,2.90126151827244
2025-07-15,2.80237633271881
2025-07-16,2.820592483251509
2025-07-17,2.855544433117212
2025-07-18,2.762700136849724
2025-07-19,2.760235947951731
2025-07-20,2.74295101167134
2025-07-21,2.729124444945243
2025-07-22,2.822300270800843
2025-07-23,2.762383781103094
2025-07-24,2.743713837025448
2025-07-25,2.693789505799039
2025-07-26,2.71959650835035
2025-07-27,2.775304455157873
2025-07-28,2.700941080999723
2025-07-29,2.693130943088665
2025-07-30,2.673291040686646
2025-07-31,2.608106934350138
2025-08-01,2.486586262586597
2025-08-02,2.473865314523555
2025-08-03,2.528321393197894
2025-08-04,2.56483525001795
2025-08-05,2.504736912921073
2025-08-06,2.547937563784373
2025-08-07,2.641009112668248
2025-08-08,2.607057832343973
2025-08-09,2.590920272565992
2025-08-10,2.686980925434484
2025-08-11,2.673955544405206
2025-08-12,2.715077345771012
2025-08-13,2.82440154379452
2025-08-14,2.632851888117833
2025-08-15,2.605704121380261
2025-08-16,2.585881315544308
2025-08-17,2.601168659694153
2025-08-18,2.535837836192051
2025-08-19,2.400940530828989
2025-08-20,2.453958779152124
2025-08-21,2.366792721072674
2025-08-22,2.528650358564153
2025-08-23,2.468150790555107
2025-08-24,2.392602251425099
2025-08-25,2.260846016113361
2025-08-26,2.326221210558201
2025-08-27,2.303608589893652
2025-08-28,2.335107443015379
2025-08-29,2.169410942977649
2025-08-30,2.172616677404111
2025-08-31,2.184508215244821
2025-09-01,2.163688574729152
2025-09-02,2.270203627290303
2025-09-03,2.295032008822806
2025-09-04,2.271358467181257
2025-09-05,2.238718478810703
2025-09-06,2.212379667968954
2025-09-07,2.249826103285179
2025-09-08,2.284750829968447
2025-09-09,2.254197580128816
2025-09-10,2.340882238603927
2025-09-11,2.382543685652016
2025-09-12,2.41643306828302
2025-09-13,2.40621215668583
2025-09-14,2.407531100323287
2025-09-15,2.37476325587714
2025-09-16,2.429816477049697
2025-09-17,2.413745202227817
2025-09-18,2.428456780659333
2025-09-19,2.36655798701894
2025-09-20,2.370044711228003
2025-09-21,2.356346236264965
2025-09-22,2.24543630451366
2025-09-23,2.221156628235932
2025-09-24,2.261765747076273
2025-09-25,2.109995403134814
2025-09-26,2.11298991413537
2025-09-27,2.111975220888333
2025-09-28,2.196555289986065
2025-09-29,2.278670062083362
2025-09-30,2.262214298270885
2025-10-01,2.39842515176218
2025-10-02,2.486758564175935
2025-10-03,2.56323535888604
2025-10-04,2.550541747002411
2025-10-05,2.580085173535886
2025-10-06,2.642447223173064
2025-10-07,2.519386933016674
2025-10-08,2.556012370292148
2025-10-09,2.494705288397705
2025-10-10,2.202665736201506
2025-10-11,2.094962702737859
2025-10-12,2.24757146919766
2025-10-13,2.254737536181947
2025-10-14,2.162459986868617
2025-10-15,2.058318908779665
2025-10-16,1.949858550991004
2025-10-17,1.917796117235067
2025-10-18,1.920405320110929
2025-10-19,1.993698491935982
2025-10-20,2.051746834163425
2025-10-21,1.985292167504276
2025-10-22,1.909740777725071
2025-10-23,2.009224125286785
2025-10-24,2.045111891609249
2025-10-25,2.064177545902672
2025-10-26,2.172686220634722
2025-10-27,2.147091142027988
2025-10-28,2.109045650383266
2025-10-29,2.023574181376398
2025-10-30,1.90462724800895
2025-10-31,1.961363449537645
2025-11-01,1.977780565931525
2025-11-02,1.97008868140667
2025-11-03,1.842224445780774
2025-11-04,1.653010001983962
2025-11-05,1.740601477184684
2025-11-06,1.654385885579586
2025-11-07,1.728773424373883
2025-11-08,1.681704761678215
2025-11-09,1.766961145212882
2025-11-10,1.811396714926999
2025-11-11,1.697688301480112
2025-11-12,1.659565015926106
2025-11-13,1.580583247684391
2025-11-14,1.411725289314869
2025-11-15,1.427526300123954
2025-11-16,1.374508628665505
2025-11-17,1.303708682221292
2025-11-18,1.337470445426531
2025-11-19,1.240380329226985
2025-11-20,1.153203771426884
2025-11-21,1.023255815080099
2025-11-22,1.046261995117151
2025-11-23,1.141034978172782
2025-11-24,1.162807560095869
2025-11-25,1.125873123722312
2025-11-26,1.222942897657729
2025-11-27,1.25664303136914
2025-11-28,1.24973502880608
2025-11-29,1.236537200141621
2025-11-30,1.252331594036483
2025-12-01,1.086488675505732
2025-12-02,1.281766638285206
2025-12-03,1.345094829292415
2025-12-04,1.292405193709768
2025-12-05,1.182213209963599
2025-12-06,1.183671773220818
2025-12-07,1.193785862661042
2025-12-08,1.237925091075472
2025-12-09,1.310326077612119
2025-12-10,1.294212118983147
2025-12-11,1.288391720135976
2025-12-12,1.216026394049125
2025-12-13,1.207753765684555
2025-12-14,1.146217822602646
2025-12-15,1.069859597552564
2025-12-16,1.124812725651386
2025-12-17,1.072679091220665
2025-12-18,1.045083027171078
2025-12-19,1.143033764512204
2025-12-20,1.142066902729573
2025-12-21,1.148587367306589
2025-12-22,1.153804933202764
2025-12-23,1.108598822259451
2025-12-24,1.130047110813899
2025-12-25,1.117040446409284
2025-12-26,1.113787425115745
2025-12-27,1.114793567955804
2025-12-28,1.125998029935416
2025-12-29,1.104360514355814
2025-12-30,1.143982732879983
2025-12-31,1.118133795268309
2026-01-01,1.15108540365801
2026-01-02,1.208499786994607
2026-01-03,1.221746137702293
2026-01-04,1.243072929106272
2026-01-05,1.347577615021214
2026-01-06,1.316385641941602
2026-01-07,1.23605024815055
2026-01-08,1.23865603596829
2026-01-09,1.215331835422469
2026-01-10,1.207966669097329
2026-01-11,1.211395303030599
2026-01-12,1.237166975487792
2026-01-13,1.397621544663889
2026-01-14,1.435858387263816
2026-01-15,1.387133688782189
2026-01-16,1.383293725724919
2026-01-17,1.370209323910771
2026-01-18,1.38048955832643
2026-01-19,1.275940462364287
2026-01-20,1.131361836303524
2026-01-21,1.177949175477271
2026-01-22,1.162487774149145
2026-01-23,1.179025504396119
2026-01-24,1.171140212753435
2026-01-25,1.07054881540488
2026-01-26,1.127141267507009
2026-01-27,1.164908788243931
2026-01-28,1.168560988483953
2026-01-29,0.9999309350067449
2026-01-30,0.9893718585330982
2026-01-31,0.7791539082305317
2026-02-01,0.7487706511830836
2026-02-02,0.8054585817469335
2026-02-03,0.6988820815666591
2026-02-04,0.58889366648809
2026-02-05,0.2971850711198285
2026-02-06,0.5627966309597962
2026-02-07,0.4984343779498964
2026-02-08,0.555440514815541
2026-02-09,0.5330046416008409
2026-02-10,0.4755635990955174
2026-02-11,0.4332670033037985
2026-02-12,0.3950368460504874
2026-02-13,0.4920248758138999
2026-02-14,0.5256546389178998
2026-02-15,0.4916102713295677
2026-02-16,0.4786947383977905
2026-02-17,0.4420994630232095
2026-02-18,0.4043645473104666
2026-02-19,0.4229269329791502
2026-02-20,0.465466948431863
2026-02-21,0.4620801807553777
2026-02-22,0.4511429117899584
2026-02-23,0.3502107846465389
2026-02-24,0.332103234484363
2026-02-25,0.4836904358102861
2026-02-26,0.4533285458180337
2026-02-27,0.3866541463304436
2026-02-28,0.4383571958898936
2026-03-01,0.3737963317016987
2026-03-02,0.5203745468086085
2026-03-03,0.4813999000636185
2026-03-04,0.6347172881708815
2026-03-05,0.5824377976827463
2026-03-06,0.4831635708015081
2026-03-07,0.4465704068692474
2026-03-08,0.4109110454659994
2026-03-09,0.4952486872318757
2026-03-10,0.5324340356649404
2026-03-11,0.5575797786773509
2026-03-12,0.5510585813450417
2026-03-13,0.57326183521571
2026-03-14,0.5704184014755584
2026-03-15,0.6410195241323116
2026-03-16,0.710155935978697
2026-03-17,0.6949488661038321
2026-03-18,0.5848212203900395
2026-03-19,0.5520162263129166
2026-03-20,0.5724536185388002
2026-03-21,0.555391031211791
2026-03-22,0.4864953015191228
2026-03-23,0.571747878943912
2026-03-24,0.5562840050834752
2026-03-25,0.5936682159977595
2026-03-26,0.5067271621978442
2026-03-27,0.4087262642394712
2026-03-28,0.4344479419982306
2026-03-29,0.4039010457829529
2026-03-30,0.4367985166917567
2026-03-31,0.4854564655942751
2026-04-01,0.4854010758055493
2026-04-02,0.4469459953745694
2026-04-03,0.4438823011660443
2026-04-04,0.4615139786192839
2026-04-05,0.4931536185020393
2026-04-06,0.5099530313339935
2026-04-07,0.6040812836980912
2026-04-08,0.5879259355393188
2026-04-09,0.61850319438841
2026-04-10,0.6508227164665797
2026-04-11,0.6680133276749465
2026-04-12,0.5813447893532552
2026-04-13,0.7108594900451798
2026-04-14,0.6898281914556061
2026-04-15,0.7220059657027951
2026-04-16,0.7180508476384818
2026-04-17,0.8015705810025674
2026-04-18,0.7501367429606626
2026-04-19,0.6881231559575258
2026-04-20,0.7557420492584804
2026-04-21,0.7437155262872891
2026-04-22,0.846803798353194
2026-04-23,0.8333597863395451
2026-04-24,0.8047213324473442
2026-04-25,0.8120597274404721
2026-04-26,0.8377839532886702
2026-04-27,0.7935996845477568
2026-04-28,0.7646481862981159
2026-04-29,0.7538311671674603
2026-04-30,0.7647633745956648
2026-05-01,0.8308830899479818
2026-05-02,0.8541787160229234
2026-05-03,0.8652501852610311
2026-05-04,0.893791276451409
2026-05-05,0.9290068590458448
2026-05-06,0.936038239609877
2026-05-07,0.8863930650447622
2026-05-08,0.8985375600191088
2026-05-09,0.9149338111777556
2026-05-10,0.9587087828453339
2026-05-11,0.9501287112231985
2026-05-12,0.9093396376616971
2026-05-13,0.866862482921853
2026-05-14,0.9364238334204397
2026-05-15,0.8546271902157211
2026-05-16,0.8232129729918374
2026-05-17,0.8158246486088944
2026-05-18,0.7843565723214941
2026-05-19,0.7716183739494646
2026-05-20,0.7988105601722141
2026-05-21,0.8033779648892385
2026-05-22,0.7383489744515981
2026-05-23,0.7666832836816494
2026-05-24,0.7744398208944313
2026-05-25,0.7854976206497263
2026-05-26,0.737257706355403
2026-05-27,0.692284360678023
2026-05-28,0.662311781045763
2026-05-29,0.6640574591700903
2026-05-30,0.677881570658156
2026-05-31,0.6798603517384952
2026-06-01,0.5942480992299787
2026-06-02,0.4255929162321072
2026-06-03,0.3782172362961303
2026-06-04,0.3412889411951446
2026-06-05,0.2719715964541023
2026-06-06,0.2369695171953174
2026-06-07,0.316063169191526
2026-06-08,0.3369312806143949
2026-06-09,0.2780343782353508
2026-06-10,0.2673875050915682
2026-06-11,0.3409243490663129
2026-06-12,0.3423664157644029
2026-06-13,0.3752701273053189
2026-06-14,0.407746317114961
2026-06-15,0.4348245806602962
2026-06-16,0.4199452446042133
2026-06-17,0.3696275746428196
2026-06-18,0.3218116009493375
2026-06-19,0.3377177993125505
2026-06-20,0.3697196170158195
2026-06-21,0.352226882156747
2026-06-22,0.3584227750255022
2026-06-23,0.3119363776240238
2026-06-24,0.253724879828108
2026-06-25,0.2206760227862869
2026-06-26,0.2294986126532358
2026-06-27,0.235815706046874
2026-06-28,0.1962064938937054
2026-06-29,0.2423343973034343
2026-06-30,0.1846041918087407
2026-07-01,0.2501782365633314
2026-07-02,0.2845135241332993
2026-07-03,0.3227769126111343
2026-07-04,0.3440671053429738
2026-07-05,0.3624870693937569
2026-07-06,0.3805660009092347
2026-07-07,0.3567376170847615
2026-07-08,0.3154505693559557
2026-07-09,0.3459458058360823
2026-07-10,0.3782916183548544
2026-07-11,0.3813208587791974
2026-07-12,0.3706181535740103
2026-07-13,0.3048908656036469
2026-07-14,0.4012632720394437
2026-07-15,0.4081317210700584
2026-07-16,0.377125808695049
2026-07-17,0.378577761964164
2026-07-18,0.4069121625559416
2026-07-19,0.4017616336867583
2026-07-20,0.4177464868598219
2026-07-21,0.4566264485442503
2026-07-22,0.448353363530429
2026-07-23,0.4185693347357267
2026-07-24,0.3836672911839003
