date,network_difficulty
2009-01-03,1.0
2009-01-09,1.0
2009-01-10,1.0
2009-01-11,1.0
2009-01-12,1.0
2009-01-13,1.0
2009-01-14,1.0
2009-01-15,1.0
2009-01-16,1.0
2009-01-17,1.0
2009-01-18,1.0
2009-01-19,1.0
2009-01-20,1.0
2009-01-21,1.0
2009-01-22,1.0
2009-01-23,1.0
2009-01-24,1.0
2009-01-25,1.0
2009-01-26,1.0
2009-01-27,1.0
2009-01-28,1.0
2009-01-29,1.0
2009-01-30,1.0
2009-01-31,1.0
2009-02-01,1.0
2009-02-02,1.0
2009-02-03,1.0
2009-02-04,1.0
2009-02-05,1.0
2009-02-06,1.0
2009-02-07,1.0
2009-02-08,1.0
2009-02-09,1.0
2009-02-10,1.0
2009-02-11,1.0
2009-02-12,1.0
2009-02-13,1.0
2009-02-14,1.0
2009-02-15,1.0
2009-02-16,1.0
2009-02-17,1.0
2009-02-18,1.0
2009-02-19,1.0
2009-02-20,1.0
2009-02-21,1.0
2009-02-22,1.0
2009-02-23,1.0
2009-02-24,1.0
2009-02-25,1.0
2009-02-26,1.0
2009-02-27,1.0
2009-02-28,1.0
2009-03-01,1.0
2009-03-02,1.0
2009-03-03,1.0
2009-03-04,1.0
2009-03-05,1.0
2009-03-06,1.0
2009-03-07,1.0
2009-03-08,1.0
2009-03-09,1.0
2009-03-10,1.0
2009-03-11,1.0
2009-03-12,1.0
2009-03-13,1.0
2009-03-14,1.0
2009-03-15,1.0
2009-03-16,1.0
2009-03-17,1.0
2009-03-18,1.0
2009-03-19,1.0
2009-03-20,1.0
2009-03-21,1.0
2009-03-22,1.0
2009-03-23,1.0
2009-03-24,1.0
2009-03-25,1.0
2009-03-26,1.0
2009-03-27,1.0
2009-03-28,1.0
2009-03-29,1.0
2009-03-30,1.0
2009-03-31,1.0
2009-04-01,1.0
2009-04-02,1.0
2009-04-03,1.0
2009-04-04,1.0
2009-04-05,1.0
2009-04-06,1.0
2009-04-07,1.0
2009-04-08,1.0
2009-04-09,1.0
2009-04-10,1.0
2009-04-11,1.0
2009-04-12,1.0
2009-04-13,1.0
2009-04-14,1.0
2009-04-15,1.0
2009-04-16,1.0
2009-04-17,1.0
2009-04-18,1.0
2009-04-19,1.0
2009-04-20,1.0
2009-04-21,1.0
2009-04-22,1.0
2009-04-23,1.0
2009-04-24,1.0
2009-04-25,1.0
2009-04-26,1.0
2009-04-27,1.0
2009-04-28,1.0
2009-04-29,1.0
2009-04-30,1.0
2009-05-01,1.0
2009-05-02,1.0
2009-05-03,1.0
2009-05-04,1.0
2009-05-05,1.0
2009-05-06,1.0
2009-05-07,1.0
2009-05-08,1.0
2009-05-09,1.0
2009-05-10,1.0
2009-05-11,1.0
2009-05-12,1.0
2009-05-13,1.0
2009-05-14,1.0
2009-05-15,1.0
2009-05-16,1.0
2009-05-17,1.0
2009-05-18,1.0
2009-05-19,1.0
2009-05-20,1.0
2009-05-21,1.0
2009-05-22,1.0
2009-05-23,1.0
2009-05-24,1.0
2009-05-25,1.0
2009-05-26,1.0
2009-05-27,1.0
2009-05-28,1.0
2009-05-29,1.0
2009-05-30,1.0
2009-05-31,1.0
2009-06-01,1.0
2009-06-02,1.0
2009-06-03,1.0
2009-06-04,1.0
2009-06-05,1.0
2009-06-06,1.0
2009-06-07,1.0
2009-06-08,1.0
2009-06-09,1.0
2009-06-10,1.0
2009-06-11,1.0
2009-06-12,1.0
2009-06-13,1.0
2009-06-14,1.0
2009-06-15,1.0
2009-06-16,1.0
2009-06-17,1.0
2009-06-18,1.0
2009-06-19,1.0
2009-06-20,1.0
2009-06-21,1.0
2009-06-22,1.0
2009-06-23,1.0
2009-06-24,1.0
2009-06-25,1.0
2009-06-26,1.0
2009-06-27,1.0
2009-06-28,1.0
2009-06-29,1.0
2009-06-30,1.0
2009-07-01,1.0
2009-07-02,1.0
2009-07-03,1.0
2009-07-04,1.0
2009-07-05,1.0
2009-07-06,1.0
2009-07-07,1.0
2009-07-08,1.0
2009-07-09,1.0
2009-07-10,1.0
2009-07-11,1.0
2009-07-12,1.0
2009-07-13,1.0
2009-07-14,1.0
2009-07-15,1.0
2009-07-16,1.0
2009-07-17,1.0
2009-07-18,1.0
2009-07-19,1.0
2009-07-20,1.0
2009-07-21,1.0
2009-07-22,1.0
2009-07-23,1.0
2009-07-24,1.0
2009-07-25,1.0
2009-07-26,1.0
2009-07-27,1.0
2009-07-28,1.0
2009-07-29,1.0
2009-07-30,1.0
2009-07-31,1.0
2009-08-01,1.0
2009-08-02,1.0
2009-08-03,1.0
2009-08-04,1.0
2009-08-05,1.0
2009-08-06,1.0
2009-08-07,1.0
2009-08-08,1.0
2009-08-09,1.0
2009-08-10,1.0
2009-08-11,1.0
2009-08-12,1.0
2009-08-13,1.0
2009-08-14,1.0
2009-08-15,1.0
2009-08-16,1.0
2009-08-17,1.0
2009-08-18,1.0
2009-08-19,1.0
2009-08-20,1.0
2009-08-21,1.0
2009-08-22,1.0
2009-08-23,1.0
2009-08-24,1.0
2009-08-25,1.0
2009-08-26,1.0
2009-08-27,1.0
2009-08-28,1.0
2009-08-29,1.0
2009-08-30,1.0
2009-08-31,1.0
2009-09-01,1.0
2009-09-02,1.0
2009-09-03,1.0
2009-09-04,1.0
2009-09-05,1.0
2009-09-06,1.0
2009-09-07,1.0
2009-09-08,1.0
2009-09-09,1.0
2009-09-10,1.0
2009-09-11,1.0
2009-09-12,1.0
2009-09-13,1.0
2009-09-14,1.0
2009-09-15,1.0
2009-09-16,1.0
2009-09-17,1.0
2009-09-18,1.0
2009-09-19,1.0
2009-09-20,1.0
2009-09-21,1.0
2009-09-22,1.0
2009-09-23,1.0
2009-09-24,1.0
2009-09-25,1.0
2009-09-26,1.0
2009-09-27,1.0
2009-09-28,1.0
2009-09-29,1.0
2009-09-30,1.0
2009-10-01,1.0
2009-10-02,1.0
2009-10-03,1.0
2009-10-04,1.0
2009-10-05,1.0
2009-10-06,1.0
2009-10-07,1.0
2009-10-08,1.0
2009-10-09,1.0
2009-10-10,1.0
2009-10-11,1.0
2009-10-12,1.0
2009-10-13,1.0
2009-10-14,1.0
2009-10-15,1.0
2009-10-16,1.0
2009-10-17,1.0
2009-10-18,1.0
2009-10-19,1.0
2009-10-20,1.0
2009-10-21,1.0
2009-10-22,1.0
2009-10-23,1.0
2009-10-24,1.0
2009-10-25,1.0
2009-10-26,1.0
2009-10-27,1.0
2009-10-28,1.0
2009-10-29,1.0
2009-10-30,1.0
2009-10-31,1.0
2009-11-01,1.0
2009-11-02,1.0
2009-11-03,1.0
2009-11-04,1.0
2009-11-05,1.0
2009-11-06,1.0
2009-11-07,1.0
2009-11-08,1.0
2009-11-09,1.0
2009-11-10,1.0
2009-11-11,1.0
2009-11-12,1.0
2009-11-13,1.0
2009-11-14,1.0
2009-11-15,1.0
2009-11-16,1.0
2009-11-17,1.0
2009-11-18,1.0
2009-11-19,1.0
2009-11-20,1.0
2009-11-21,1.0
2009-11-22,1.0
2009-11-23,1.0
2009-11-24,1.0
2009-11-25,1.0
2009-11-26,1.0
2009-11-27,1.0
2009-11-28,1.0
2009-11-29,1.0
2009-11-30,1.0
2009-12-01,1.0
2009-12-02,1.0
2009-12-03,1.0
2009-12-04,1.0
2009-12-05,1.0
2009-12-06,1.0
2009-12-07,1.0
2009-12-08,1.0
2009-12-09,1.0
2009-12-10,1.0
2009-12-11,1.0
2009-12-12,1.0
2009-12-13,1.0
2009-12-14,1.0
2009-12-15,1.0
2009-12-16,1.0
2009-12-17,1.0
2009-12-18,1.0
2009-12-19,1.0
2009-12-20,1.0
2009-12-21,1.0
2009-12-22,1.0
2009-12-23,1.0
2009-12-24,1.0
2009-12-25,1.0
2009-12-26,1.0
2009-12-27,1.0
2009-12-28,1.0
2009-12-29,1.0
2009-12-30,1.124527342510298
2009-12-31,1.182899534312
2010-01-01,1.182899534312
2010-01-02,1.182899534312
2010-01-03,1.182899534312
2010-01-04,1.182899534312
2010-01-05,1.182899534312
2010-01-06,1.182899534312
2010-01-07,1.182899534312
2010-01-08,1.182899534312
2010-01-09,1.182899534312
2010-01-10,1.182899534312
2010-01-11,1.191351034752685
2010-01-12,1.305062131591
2010-01-13,1.305062131591
2010-01-14,1.305062131591
2010-01-15,1.305062131591
2010-01-16,1.305062131591
2010-01-17,1.305062131591
2010-01-18,1.305062131591
2010-01-19,1.305062131591
2010-01-20,1.305062131591
2010-01-21,1.305062131591
2010-01-22,1.305062131591
2010-01-23,1.305062131591
2010-01-24,1.305062131591
2010-01-25,1.323251507134318
2010-01-26,1.344224970771
2010-01-27,1.344224970771
2010-01-28,1.344224970771
2010-01-29,1.344224970771
2010-01-30,1.344224970771
2010-01-31,1.344224970771
2010-02-01,1.344224970771
2010-02-02,1.344224970771
2010-02-03,1.344224970771
2010-02-04,1.381679462774211
2010-02-05,1.818648536145
2010-02-06,1.818648536145
2010-02-07,1.818648536145
2010-02-08,1.818648536145
2010-02-09,1.818648536145
2010-02-10,1.818648536145
2010-02-11,1.818648536145
2010-02-12,1.818648536145
2010-02-13,1.818648536145
2010-02-14,1.822057621139841
2010-02-15,2.527738215072
2010-02-16,2.527738215072
2010-02-17,2.527738215072
2010-02-18,2.527738215072
2010-02-19,2.527738215072
2010-02-20,2.527738215072
2010-02-21,2.527738215072
2010-02-22,2.527738215072
2010-02-23,2.527738215072
2010-02-24,3.312055121240579
2010-02-25,3.781179252033
2010-02-26,3.781179252033
2010-02-27,3.781179252033
2010-02-28,3.781179252033
2010-03-01,3.781179252033
2010-03-02,3.781179252033
2010-03-03,3.781179252033
2010-03-04,3.781179252033
2010-03-05,3.781179252033
2010-03-06,3.781179252033
2010-03-07,3.781179252033
2010-03-08,4.483087990195632
2010-03-09,4.53108175007
2010-03-10,4.53108175007
2010-03-11,4.53108175007
2010-03-12,4.53108175007
2010-03-13,4.53108175007
2010-03-14,4.53108175007
2010-03-15,4.53108175007
2010-03-16,4.53108175007
2010-03-17,4.53108175007
2010-03-18,4.53108175007
2010-03-19,4.53108175007
2010-03-20,4.53108175007
2010-03-21,4.532199165160721
2010-03-22,4.565162910337
2010-03-23,4.565162910337
2010-03-24,4.565162910337
2010-03-25,4.565162910337
2010-03-26,4.565162910337
2010-03-27,4.565162910337
2010-03-28,4.565162910337
2010-03-29,4.565162910337
2010-03-30,4.565162910337
2010-03-31,4.565162910337
2010-04-01,5.307220932029654
2010-04-02,6.085476906
2010-04-03,6.085476906
2010-04-04,6.085476906
2010-04-05,6.085476906
2010-04-06,6.085476906
2010-04-07,6.085476906
2010-04-08,6.085476906
2010-04-09,6.085476906
2010-04-10,6.085476906
2010-04-11,6.085476906
2010-04-12,7.085060404622173
2010-04-13,7.819796993353
2010-04-14,7.819796993353
2010-04-15,7.819796993353
2010-04-16,7.819796993353
2010-04-17,7.819796993353
2010-04-18,7.819796993353
2010-04-19,7.819796993353
2010-04-20,7.819796993353
2010-04-21,7.986213377469941
2010-04-22,11.464315805514
2010-04-23,11.464315805514
2010-04-24,11.464315805514
2010-04-25,11.464315805514
2010-04-26,11.464315805514
2010-04-27,11.464315805514
2010-04-28,11.464315805514
2010-04-29,11.464315805514
2010-04-30,11.464315805514
2010-05-01,11.464315805514
2010-05-02,11.464315805514
2010-05-03,11.464315805514
2010-05-04,12.24839510961542
2010-05-05,12.849183147823
2010-05-06,12.849183147823
2010-05-07,12.849183147823
2010-05-08,12.849183147823
2010-05-09,12.849183147823
2010-05-10,12.849183147823
2010-05-11,12.849183147823
2010-05-12,12.849183147823
2010-05-13,12.849183147823
2010-05-14,12.849183147823
2010-05-15,12.849183147823
2010-05-16,12.849183147823
2010-05-17,12.849183147823
2010-05-18,12.849183147823
2010-05-19,12.40886144133173
2010-05-20,11.846228149704
2010-05-21,11.846228149704
2010-05-22,11.846228149704
2010-05-23,11.846228149704
2010-05-24,11.846228149704
2010-05-25,11.846228149704
2010-05-26,11.846228149704
2010-05-27,11.846228149704
2010-05-28,11.846228149704
2010-05-29,13.42853188193951
2010-05-30,16.619078751857
2010-05-31,16.619078751857
2010-06-01,16.619078751857
2010-06-02,16.619078751857
2010-06-03,16.619078751857
2010-06-04,16.619078751857
2010-06-05,16.619078751857
2010-06-06,16.619078751857
2010-06-07,16.619078751857
2010-06-08,16.619078751857
2010-06-09,16.619078751857
2010-06-10,16.619078751857
2010-06-11,16.62361690308488
2010-06-12,17.38148815814
2010-06-13,17.38148815814
2010-06-14,17.38148815814
2010-06-15,17.38148815814
2010-06-16,17.38148815814
2010-06-17,17.38148815814
2010-06-18,17.38148815814
2010-06-19,17.38148815814
2010-06-20,17.38148815814
2010-06-21,17.38148815814
2010-06-22,17.38148815814
2010-06-23,17.38148815814
2010-06-24,18.29137822286421
2010-06-25,19.404796328382
2010-06-26,19.404796328382
2010-06-27,19.404796328382
2010-06-28,19.404796328382
2010-06-29,19.404796328382
2010-06-30,19.404796328382
2010-07-01,19.404796328382
2010-07-02,19.404796328382
2010-07-03,19.404796328382
2010-07-04,19.404796328382
2010-07-05,19.404796328382
2010-07-06,23.13766601924729
2010-07-07,23.501257222903
2010-07-08,23.501257222903
2010-07-09,23.501257222903
2010-07-10,23.501257222903
2010-07-11,23.501257222903
2010-07-12,23.501257222903
2010-07-13,35.26579222859165
2010-07-14,45.385822341012
2010-07-15,45.385822341012
2010-07-16,62.37180337556921
2010-07-17,181.54328936405
2010-07-18,181.54328936405
2010-07-19,181.54328936405
2010-07-20,181.54328936405
2010-07-21,181.54328936405
2010-07-22,181.54328936405
2010-07-23,181.54328936405
2010-07-24,181.54328936405
2010-07-25,181.54328936405
2010-07-26,181.54328936405
2010-07-27,239.3053367160604
2010-07-28,244.213223092375
2010-07-29,244.213223092375
2010-07-30,244.213223092375
2010-07-31,244.213223092375
2010-08-01,244.213223092375
2010-08-02,244.213223092375
2010-08-03,244.213223092375
2010-08-04,244.213223092375
2010-08-05,259.0684505202147
2010-08-06,352.16120906801
2010-08-07,352.16120906801
2010-08-08,352.16120906801
2010-08-09,352.16120906801
2010-08-10,352.16120906801
2010-08-11,352.16120906801
2010-08-12,352.16120906801
2010-08-13,352.16120906801
2010-08-14,352.16120906801
2010-08-15,389.9438367696579
2010-08-16,511.773534256604
2010-08-17,511.773534256604
2010-08-18,511.773534256604
2010-08-19,511.773534256604
2010-08-20,511.773534256604
2010-08-21,511.773534256604
2010-08-22,511.773534256604
2010-08-23,511.773534256604
2010-08-24,511.773534256604
2010-08-25,511.773534256604
2010-08-26,516.5569667828464
2010-08-27,623.386959868927
2010-08-28,623.386959868927
2010-08-29,623.386959868927
2010-08-30,623.386959868927
2010-08-31,623.386959868927
2010-09-01,623.386959868927
2010-09-02,623.386959868927
2010-09-03,623.386959868927
2010-09-04,623.386959868927
2010-09-05,623.386959868927
2010-09-06,623.386959868927
2010-09-07,623.386959868927
2010-09-08,696.6125182460661
2010-09-09,712.884864552097
2010-09-10,712.884864552097
2010-09-11,712.884864552097
2010-09-12,712.884864552097
2010-09-13,712.884864552097
2010-09-14,712.884864552097
2010-09-15,712.884864552097
2010-09-16,712.884864552097
2010-09-17,712.884864552097
2010-09-18,712.884864552097
2010-09-19,893.1978234229757
2010-09-20,917.830741301511
2010-09-21,917.830741301511
2010-09-22,917.830741301511
2010-09-23,917.830741301511
2010-09-24,917.830741301511
2010-09-25,917.830741301511
2010-09-26,917.830741301511
2010-09-27,917.830741301511
2010-09-28,978.3347879206927
2010-09-29,1318.67005015359
2010-09-30,1318.67005015359
2010-10-01,1318.67005015359
2010-10-02,1318.67005015359
2010-10-03,1318.67005015359
2010-10-04,1318.67005015359
2010-10-05,1318.67005015359
2010-10-06,1318.67005015359
2010-10-07,1318.67005015359
2010-10-08,1318.67005015359
2010-10-09,1318.67005015359
2010-10-10,1318.67005015359
2010-10-11,1318.67005015359
2010-10-12,1363.092897421421
2010-10-13,1378.02816503733
2010-10-14,1378.02816503733
2010-10-15,1378.02816503733
2010-10-16,1378.02816503733
2010-10-17,1378.02816503733
2010-10-18,1378.02816503733
2010-10-19,1378.02816503733
2010-10-20,1378.02816503733
2010-10-21,1962.491093194456
2010-10-22,2149.02181494673
2010-10-23,2149.02181494673
2010-10-24,2149.02181494673
2010-10-25,2149.02181494673
2010-10-26,2149.02181494673
2010-10-27,2149.02181494673
2010-10-28,2149.02181494673
2010-10-29,2149.02181494673
2010-10-30,2186.431143338201
2010-10-31,3091.7368904118
2010-11-01,3091.7368904118
2010-11-02,3091.7368904118
2010-11-03,3091.7368904118
2010-11-04,3091.7368904118
2010-11-05,3091.7368904118
2010-11-06,3091.7368904118
2010-11-07,3091.7368904118
2010-11-08,3091.7368904118
2010-11-09,3670.915067642684
2010-11-10,4536.35372327504
2010-11-11,4536.35372327504
2010-11-12,4536.35372327504
2010-11-13,4536.35372327504
2010-11-14,4536.35372327504
2010-11-15,4536.35372327504
2010-11-16,4536.35372327504
2010-11-17,4536.35372327504
2010-11-18,4917.220987396843
2010-11-19,6866.89864897274
2010-11-20,6866.89864897274
2010-11-21,6866.89864897274
2010-11-22,6866.89864897274
2010-11-23,6866.89864897274
2010-11-24,6866.89864897274
2010-11-25,6866.89864897274
2010-11-26,6866.89864897274
2010-11-27,6866.89864897274
2010-11-28,6866.89864897274
2010-11-29,6866.89864897274
2010-11-30,7166.724542277777
2010-12-01,8078.19525792509
2010-12-02,8078.19525792509
2010-12-03,8078.19525792509
2010-12-04,8078.19525792509
2010-12-05,8078.19525792509
2010-12-06,8078.19525792509
2010-12-07,8078.19525792509
2010-12-08,8078.19525792509
2010-12-09,8227.928154873947
2010-12-10,12251.9997603745
2010-12-11,12251.9997603745
2010-12-12,12251.9997603745
2010-12-13,12251.9997603745
2010-12-14,12251.9997603745
2010-12-15,12251.9997603745
2010-12-16,12251.9997603745
2010-12-17,12251.9997603745
2010-12-18,12251.9997603745
2010-12-19,12251.9997603745
2010-12-20,12251.9997603745
2010-12-21,12606.85637897131
2010-12-22,14484.1623612254
2010-12-23,14484.1623612254
2010-12-24,14484.1623612254
2010-12-25,14484.1623612254
2010-12-26,14484.1623612254
2010-12-27,14484.1623612254
2010-12-28,14484.1623612254
2010-12-29,14484.1623612254
2010-12-30,14484.1623612254
2010-12-31,14484.1623612254
2011-01-01,14484.1623612254
2011-01-02,14484.1623612254
2011-01-03,15910.04406911277
2011-01-04,16307.420938524
2011-01-05,16307.420938524
2011-01-06,16307.420938524
2011-01-07,16307.420938524
2011-01-08,16307.420938524
2011-01-09,16307.420938524
2011-01-10,16307.420938524
2011-01-11,16307.420938524
2011-01-12,16307.420938524
2011-01-13,16307.420938524
2011-01-14,16307.420938524
2011-01-15,17202.92888718891
2011-01-16,18437.6443921663
2011-01-17,18437.6443921663
2011-01-18,18437.6443921663
2011-01-19,18437.6443921663
2011-01-20,18437.6443921663
2011-01-21,18437.6443921663
2011-01-22,18437.6443921663
2011-01-23,18437.6443921663
2011-01-24,18437.6443921663
2011-01-25,18437.6443921663
2011-01-26,18437.6443921663
2011-01-27,20537.80234784001
2011-01-28,22012.3813379939
2011-01-29,22012.3813379939
2011-01-30,22012.3813379939
2011-01-31,22012.3813379939
2011-02-01,22012.3813379939
2011-02-02,22012.3813379939
2011-02-03,22012.3813379939
2011-02-04,22012.3813379939
2011-02-05,22012.3813379939
2011-02-06,22012.3813379939
2011-02-07,22012.3813379939
2011-02-08,25001.50528110928
2011-02-09,25997.8799288144
2011-02-10,25997.8799288144
2011-02-11,25997.8799288144
2011-02-12,25997.8799288144
2011-02-13,25997.8799288144
2011-02-14,25997.8799288144
2011-02-15,25997.8799288144
2011-02-16,25997.8799288144
2011-02-17,25997.8799288144
2011-02-18,34091.13062403494
2011-02-19,36459.8869250751
2011-02-20,36459.8869250751
2011-02-21,36459.8869250751
2011-02-22,36459.8869250751
2011-02-23,36459.8869250751
2011-02-24,36459.8869250751
2011-02-25,36459.8869250751
2011-02-26,36459.8869250751
2011-02-27,44848.70060782885
2011-02-28,55589.5181268687
2011-03-01,55589.5181268687
2011-03-02,55589.5181268687
2011-03-03,55589.5181268687
2011-03-04,55589.5181268687
2011-03-05,55589.5181268687
2011-03-06,55589.5181268687
2011-03-07,55589.5181268687
2011-03-08,55589.5181268687
2011-03-09,62671.83417146542
2011-03-10,76192.6193475137
2011-03-11,76192.6193475137
2011-03-12,76192.6193475137
2011-03-13,76192.6193475137
2011-03-14,76192.6193475137
2011-03-15,76192.6193475137
2011-03-16,76192.6193475137
2011-03-17,76192.6193475137
2011-03-18,76192.6193475137
2011-03-19,76192.6193475137
2011-03-20,76192.6193475137
2011-03-21,76192.6193475137
2011-03-22,76192.6193475137
2011-03-23,76192.6193475137
2011-03-24,76192.6193475137
2011-03-25,69603.3483340221
2011-03-26,68977.7846302096
2011-03-27,68977.7846302096
2011-03-28,68977.7846302096
2011-03-29,68977.7846302096
2011-03-30,68977.7846302096
2011-03-31,68977.7846302096
2011-04-01,68977.7846302096
2011-04-02,68977.7846302096
2011-04-03,68977.7846302096
2011-04-04,68977.7846302096
2011-04-05,69942.47552071784
2011-04-06,82345.6441129666
2011-04-07,82345.6441129666
2011-04-08,82345.6441129666
2011-04-09,82345.6441129666
2011-04-10,82345.6441129666
2011-04-11,82345.6441129666
2011-04-12,82345.6441129666
2011-04-13,82345.6441129666
2011-04-14,82345.6441129666
2011-04-15,82345.6441129666
2011-04-16,82345.6441129666
2011-04-17,82345.6441129666
2011-04-18,89441.61991099639
2011-04-19,92347.5909520943
2011-04-20,92347.5909520943
2011-04-21,92347.5909520943
2011-04-22,92347.5909520943
2011-04-23,92347.5909520943
2011-04-24,92347.5909520943
2011-04-25,92347.5909520943
2011-04-26,92347.5909520943
2011-04-27,92347.5909520943
2011-04-28,92347.5909520943
2011-04-29,92347.5909520943
2011-04-30,107643.0272739216
2011-05-01,109670.133292477
2011-05-02,109670.133292477
2011-05-03,109670.133292477
2011-05-04,109670.133292477
2011-05-05,109670.133292477
2011-05-06,109670.133292477
2011-05-07,109670.133292477
2011-05-08,109670.133292477
2011-05-09,115463.6135769288
2011-05-10,157416.401843649
2011-05-11,157416.401843649
2011-05-12,157416.401843649
2011-05-13,157416.401843649
2011-05-14,157416.401843649
2011-05-15,157416.401843649
2011-05-16,157416.401843649
2011-05-17,157416.401843649
2011-05-18,162533.8791381687
2011-05-19,244112.487774336
2011-05-20,244112.487774336
2011-05-21,244112.487774336
2011-05-22,244112.487774336
2011-05-23,244112.487774336
2011-05-24,244112.487774336
2011-05-25,244112.487774336
2011-05-26,277625.1803526171
2011-05-27,434877.045527628
2011-05-28,434877.045527628
2011-05-29,434877.045527628
2011-05-30,434877.045527628
2011-05-31,434877.045527628
2011-06-01,434877.045527628
2011-06-02,434877.045527628
2011-06-03,434877.045527628
2011-06-04,434877.045527628
2011-06-05,434877.045527628
2011-06-06,484311.1492324652
2011-06-07,567269.530162422
2011-06-08,567269.530162422
2011-06-09,567269.530162422
2011-06-10,567269.530162422
2011-06-11,567269.530162422
2011-06-12,567269.530162422
2011-06-13,567269.530162422
2011-06-14,567269.530162422
2011-06-15,688257.5624393809
2011-06-16,876954.493513537
2011-06-17,876954.493513537
2011-06-18,876954.493513537
2011-06-19,876954.493513537
2011-06-20,876954.493513537
2011-06-21,876954.493513537
2011-06-22,876954.493513537
2011-06-23,876954.493513537
2011-06-24,1067618.841507021
2011-06-25,1379192.28822808
2011-06-26,1379192.28822808
2011-06-27,1379192.28822808
2011-06-28,1379192.28822808
2011-06-29,1379192.28822808
2011-06-30,1379192.28822808
2011-07-01,1379192.28822808
2011-07-02,1379192.28822808
2011-07-03,1379192.28822808
2011-07-04,1379192.28822808
2011-07-05,1379192.28822808
2011-07-06,1406123.633969655
2011-07-07,1563027.99611622
2011-07-08,1563027.99611622
2011-07-09,1563027.99611622
2011-07-10,1563027.99611622
2011-07-11,1563027.99611622
2011-07-12,1563027.99611622
2011-07-13,1563027.99611622
2011-07-14,1563027.99611622
2011-07-15,1563027.99611622
2011-07-16,1563027.99611622
2011-07-17,1563027.99611622
2011-07-18,1563027.99611622
2011-07-19,1583738.978929825
2011-07-20,1690895.80305239
2011-07-21,1690895.80305239
2011-07-22,1690895.80305239
2011-07-23,1690895.80305239
2011-07-24,1690895.80305239
2011-07-25,1690895.80305239
2011-07-26,1690895.80305239
2011-07-27,1690895.80305239
2011-07-28,1690895.80305239
2011-07-29,1690895.80305239
2011-07-30,1690895.80305239
2011-07-31,1690895.80305239
2011-08-01,1807231.666829142
2011-08-02,1888786.70535305
2011-08-03,1888786.70535305
2011-08-04,1888786.70535305
2011-08-05,1888786.70535305
2011-08-06,1888786.70535305
2011-08-07,1888786.70535305
2011-08-08,1888786.70535305
2011-08-09,1888786.70535305
2011-08-10,1888786.70535305
2011-08-11,1888786.70535305
2011-08-12,1888786.70535305
2011-08-13,1888786.70535305
2011-08-14,1888786.70535305
2011-08-15,1887498.552342827
2011-08-16,1805700.83619367
2011-08-17,1805700.83619367
2011-08-18,1805700.83619367
2011-08-19,1805700.83619367
2011-08-20,1805700.83619367
2011-08-21,1805700.83619367
2011-08-22,1805700.83619367
2011-08-23,1805700.83619367
2011-08-24,1805700.83619367
2011-08-25,1805700.83619367
2011-08-26,1805700.83619367
2011-08-27,1805700.83619367
2011-08-28,1805700.83619367
2011-08-29,1805700.83619367
2011-08-30,1783130.22116161
2011-08-31,1777774.48200146
2011-09-01,1777774.48200146
2011-09-02,1777774.48200146
2011-09-03,1777774.48200146
2011-09-04,1777774.48200146
2011-09-05,1777774.48200146
2011-09-06,1777774.48200146
2011-09-07,1777774.48200146
2011-09-08,1777774.48200146
2011-09-09,1777774.48200146
2011-09-10,1777774.48200146
2011-09-11,1777774.48200146
2011-09-12,1777774.48200146
2011-09-13,1765252.611277006
2011-09-14,1755425.3203287
2011-09-15,1755425.3203287
2011-09-16,1755425.3203287
2011-09-17,1755425.3203287
2011-09-18,1755425.3203287
2011-09-19,1755425.3203287
2011-09-20,1755425.3203287
2011-09-21,1755425.3203287
2011-09-22,1755425.3203287
2011-09-23,1755425.3203287
2011-09-24,1755425.3203287
2011-09-25,1755425.3203287
2011-09-26,1755425.3203287
2011-09-27,1753437.623614968
2011-09-28,1689334.4045971
2011-09-29,1689334.4045971
2011-09-30,1689334.4045971
2011-10-01,1689334.4045971
2011-10-02,1689334.4045971
2011-10-03,1689334.4045971
2011-10-04,1689334.4045971
2011-10-05,1689334.4045971
2011-10-06,1689334.4045971
2011-10-07,1689334.4045971
2011-10-08,1689334.4045971
2011-10-09,1689334.4045971
2011-10-10,1689334.4045971
2011-10-11,1689334.4045971
2011-10-12,1689334.4045971
2011-10-13,1689334.4045971
2011-10-14,1479331.922484383
2011-10-15,1468195.42722083
2011-10-16,1468195.42722083
2011-10-17,1468195.42722083
2011-10-18,1468195.42722083
2011-10-19,1468195.42722083
2011-10-20,1468195.42722083
2011-10-21,1468195.42722083
2011-10-22,1468195.42722083
2011-10-23,1468195.42722083
2011-10-24,1468195.42722083
2011-10-25,1468195.42722083
2011-10-26,1468195.42722083
2011-10-27,1468195.42722083
2011-10-28,1468195.42722083
2011-10-29,1468195.42722083
2011-10-30,1468195.42722083
2011-10-31,1235795.78907809
2011-11-01,1203461.92637997
2011-11-02,1203461.92637997
2011-11-03,1203461.92637997
2011-11-04,1203461.92637997
2011-11-05,1203461.92637997
2011-11-06,1203461.92637997
2011-11-07,1203461.92637997
2011-11-08,1203461.92637997
2011-11-09,1203461.92637997
2011-11-10,1203461.92637997
2011-11-11,1203461.92637997
2011-11-12,1203461.92637997
2011-11-13,1203461.92637997
2011-11-14,1196024.68791719
2011-11-15,1192497.75008948
2011-11-16,1192497.75008948
2011-11-17,1192497.75008948
2011-11-18,1192497.75008948
2011-11-19,1192497.75008948
2011-11-20,1192497.75008948
2011-11-21,1192497.75008948
2011-11-22,1192497.75008948
2011-11-23,1192497.75008948
2011-11-24,1192497.75008948
2011-11-25,1192497.75008948
2011-11-26,1192497.75008948
2011-11-27,1192497.75008948
2011-11-28,1192497.75008948
2011-11-29,1149719.778624145
2011-11-30,1090715.68005127
2011-12-01,1090715.68005127
2011-12-02,1090715.68005127
2011-12-03,1090715.68005127
2011-12-04,1090715.68005127
2011-12-05,1090715.68005127
2011-12-06,1090715.68005127
2011-12-07,1090715.68005127
2011-12-08,1090715.68005127
2011-12-09,1090715.68005127
2011-12-10,1090715.68005127
2011-12-11,1090715.68005127
2011-12-12,1101351.709438355
2011-12-13,1155038.33396364
2011-12-14,1155038.33396364
2011-12-15,1155038.33396364
2011-12-16,1155038.33396364
2011-12-17,1155038.33396364
2011-12-18,1155038.33396364
2011-12-19,1155038.33396364
2011-12-20,1155038.33396364
2011-12-21,1155038.33396364
2011-12-22,1155038.33396364
2011-12-23,1155038.33396364
2011-12-24,1155038.33396364
2011-12-25,1155038.33396364
2011-12-26,1156198.948974663
2011-12-27,1159929.49722438
2011-12-28,1159929.49722438
2011-12-29,1159929.49722438
2011-12-30,1159929.49722438
2011-12-31,1159929.49722438
2012-01-01,1159929.49722438
2012-01-02,1159929.49722438
2012-01-03,1159929.49722438
2012-01-04,1159929.49722438
2012-01-05,1159929.49722438
2012-01-06,1159929.49722438
2012-01-07,1159929.49722438
2012-01-08,1178875.265504807
2012-01-09,1250757.73927466
2012-01-10,1250757.73927466
2012-01-11,1250757.73927466
2012-01-12,1250757.73927466
2012-01-13,1250757.73927466
2012-01-14,1250757.73927466
2012-01-15,1250757.73927466
2012-01-16,1250757.73927466
2012-01-17,1250757.73927466
2012-01-18,1250757.73927466
2012-01-19,1250757.73927466
2012-01-20,1250757.73927466
2012-01-21,1250757.73927466
2012-01-22,1298931.426428205
2012-01-23,1307728.36060407
2012-01-24,1307728.36060407
2012-01-25,1307728.36060407
2012-01-26,1307728.36060407
2012-01-27,1307728.36060407
2012-01-28,1307728.36060407
2012-01-29,1307728.36060407
2012-01-30,1307728.36060407
2012-01-31,1307728.36060407
2012-02-01,1307728.36060407
2012-02-02,1307728.36060407
2012-02-03,1307728.36060407
2012-02-04,1346207.358077054
2012-02-05,1379647.43921429
2012-02-06,1379647.43921429
2012-02-07,1379647.43921429
2012-02-08,1379647.43921429
2012-02-09,1379647.43921429
2012-02-10,1379647.43921429
2012-02-11,1379647.43921429
2012-02-12,1379647.43921429
2012-02-13,1379647.43921429
2012-02-14,1379647.43921429
2012-02-15,1379647.43921429
2012-02-16,1379647.43921429
2012-02-17,1379647.43921429
2012-02-18,1377710.761077079
2012-02-19,1376302.26788638
2012-02-20,1376302.26788638
2012-02-21,1376302.26788638
2012-02-22,1376302.26788638
2012-02-23,1376302.26788638
2012-02-24,1376302.26788638
2012-02-25,1376302.26788638
2012-02-26,1376302.26788638
2012-02-27,1376302.26788638
2012-02-28,1376302.26788638
2012-02-29,1376302.26788638
2012-03-01,1376302.26788638
2012-03-02,1445646.127511138
2012-03-03,1496978.59502557
2012-03-04,1496978.59502557
2012-03-05,1496978.59502557
2012-03-06,1496978.59502557
2012-03-07,1496978.59502557
2012-03-08,1496978.59502557
2012-03-09,1496978.59502557
2012-03-10,1496978.59502557
2012-03-11,1496978.59502557
2012-03-12,1496978.59502557
2012-03-13,1496978.59502557
2012-03-14,1496978.59502557
2012-03-15,1496978.59502557
2012-03-16,1497898.77250028
2012-03-17,1498294.36281651
2012-03-18,1498294.36281651
2012-03-19,1498294.36281651
2012-03-20,1498294.36281651
2012-03-21,1498294.36281651
2012-03-22,1498294.36281651
2012-03-23,1498294.36281651
2012-03-24,1498294.36281651
2012-03-25,1498294.36281651
2012-03-26,1498294.36281651
2012-03-27,1498294.36281651
2012-03-28,1498294.36281651
2012-03-29,1593806.472347043
2012-03-30,1626553.48132894
2012-03-31,1626553.48132894
2012-04-01,1626553.48132894
2012-04-02,1626553.48132894
2012-04-03,1626553.48132894
2012-04-04,1626553.48132894
2012-04-05,1626553.48132894
2012-04-06,1626553.48132894
2012-04-07,1626553.48132894
2012-04-08,1626553.48132894
2012-04-09,1626553.48132894
2012-04-10,1626553.48132894
2012-04-11,1626553.48132894
2012-04-12,1613531.750209451
2012-04-13,1577913.48567673
2012-04-14,1577913.48567673
2012-04-15,1577913.48567673
2012-04-16,1577913.48567673
2012-04-17,1577913.48567673
2012-04-18,1577913.48567673
2012-04-19,1577913.48567673
2012-04-20,1577913.48567673
2012-04-21,1577913.48567673
2012-04-22,1577913.48567673
2012-04-23,1577913.48567673
2012-04-24,1577913.48567673
2012-04-25,1577913.48567673
2012-04-26,1577913.48567673
2012-04-27,1528103.041818992
2012-04-28,1508589.67206029
2012-04-29,1508589.67206029
2012-04-30,1508589.67206029
2012-05-01,1508589.67206029
2012-05-02,1508589.67206029
2012-05-03,1508589.67206029
2012-05-04,1508589.67206029
2012-05-05,1508589.67206029
2012-05-06,1508589.67206029
2012-05-07,1508589.67206029
2012-05-08,1508589.67206029
2012-05-09,1606014.278137056
2012-05-10,1733207.51384839
2012-05-11,1733207.51384839
2012-05-12,1733207.51384839
2012-05-13,1733207.51384839
2012-05-14,1733207.51384839
2012-05-15,1733207.51384839
2012-05-16,1733207.51384839
2012-05-17,1733207.51384839
2012-05-18,1733207.51384839
2012-05-19,1733207.51384839
2012-05-20,1733207.51384839
2012-05-21,1733207.51384839
2012-05-22,1733207.51384839
2012-05-23,1733207.51384839
2012-05-24,1699095.701368131
2012-05-25,1591074.96184731
2012-05-26,1591074.96184731
2012-05-27,1591074.96184731
2012-05-28,1591074.96184731
2012-05-29,1591074.96184731
2012-05-30,1591074.96184731
2012-05-31,1591074.96184731
2012-06-01,1591074.96184731
2012-06-02,1591074.96184731
2012-06-03,1591074.96184731
2012-06-04,1591074.96184731
2012-06-05,1591074.96184731
2012-06-06,1591074.96184731
2012-06-07,1589256.921121371
2012-06-08,1583177.84744401
2012-06-09,1583177.84744401
2012-06-10,1583177.84744401
2012-06-11,1583177.84744401
2012-06-12,1583177.84744401
2012-06-13,1583177.84744401
2012-06-14,1583177.84744401
2012-06-15,1583177.84744401
2012-06-16,1583177.84744401
2012-06-17,1583177.84744401
2012-06-18,1583177.84744401
2012-06-19,1583177.84744401
2012-06-20,1624711.129467994
2012-06-21,1726566.55919348
2012-06-22,1726566.55919348
2012-06-23,1726566.55919348
2012-06-24,1726566.55919348
2012-06-25,1726566.55919348
2012-06-26,1726566.55919348
2012-06-27,1726566.55919348
2012-06-28,1726566.55919348
2012-06-29,1726566.55919348
2012-06-30,1726566.55919348
2012-07-01,1726566.55919348
2012-07-02,1726566.55919348
2012-07-03,1726566.55919348
2012-07-04,1739840.146471987
2012-07-05,1751454.53534068
2012-07-06,1751454.53534068
2012-07-07,1751454.53534068
2012-07-08,1751454.53534068
2012-07-09,1751454.53534068
2012-07-10,1751454.53534068
2012-07-11,1751454.53534068
2012-07-12,1751454.53534068
2012-07-13,1751454.53534068
2012-07-14,1751454.53534068
2012-07-15,1751454.53534068
2012-07-16,1751454.53534068
2012-07-17,1794889.942480589
2012-07-18,1866391.30500321
2012-07-19,1866391.30500321
2012-07-20,1866391.30500321
2012-07-21,1866391.30500321
2012-07-22,1866391.30500321
2012-07-23,1866391.30500321
2012-07-24,1866391.30500321
2012-07-25,1866391.30500321
2012-07-26,1866391.30500321
2012-07-27,1866391.30500321
2012-07-28,1866391.30500321
2012-07-29,1866391.30500321
2012-07-30,1950563.698077298
2012-07-31,2036671.08869332
2012-08-01,2036671.08869332
2012-08-02,2036671.08869332
2012-08-03,2036671.08869332
2012-08-04,2036671.08869332
2012-08-05,2036671.08869332
2012-08-06,2036671.08869332
2012-08-07,2036671.08869332
2012-08-08,2036671.08869332
2012-08-09,2036671.08869332
2012-08-10,2036671.08869332
2012-08-11,2036671.08869332
2012-08-12,2114253.418962271
2012-08-13,2190865.97010286
2012-08-14,2190865.97010286
2012-08-15,2190865.97010286
2012-08-16,2190865.97010286
2012-08-17,2190865.97010286
2012-08-18,2190865.97010286
2012-08-19,2190865.97010286
2012-08-20,2190865.97010286
2012-08-21,2190865.97010286
2012-08-22,2190865.97010286
2012-08-23,2190865.97010286
2012-08-24,2190865.97010286
2012-08-25,2420732.874996075
2012-08-26,2440642.60691596
2012-08-27,2440642.60691596
2012-08-28,2440642.60691596
2012-08-29,2440642.60691596
2012-08-30,2440642.60691596
2012-08-31,2440642.60691596
2012-09-01,2440642.60691596
2012-09-02,2440642.60691596
2012-09-03,2440642.60691596
2012-09-04,2440642.60691596
2012-09-05,2440642.60691596
2012-09-06,2491027.295602087
2012-09-07,2694047.95295501
2012-09-08,2694047.95295501
2012-09-09,2694047.95295501
2012-09-10,2694047.95295501
2012-09-11,2694047.95295501
2012-09-12,2694047.95295501
2012-09-13,2694047.95295501
2012-09-14,2694047.95295501
2012-09-15,2694047.95295501
2012-09-16,2694047.95295501
2012-09-17,2694047.95295501
2012-09-18,2694047.95295501
2012-09-19,2709730.245246694
2012-09-20,2864140.50781097
2012-09-21,2864140.50781097
2012-09-22,2864140.50781097
2012-09-23,2864140.50781097
2012-09-24,2864140.50781097
2012-09-25,2864140.50781097
2012-09-26,2864140.50781097
2012-09-27,2864140.50781097
2012-09-28,2864140.50781097
2012-09-29,2864140.50781097
2012-09-30,2864140.50781097
2012-10-01,2864140.50781097
2012-10-02,2864140.50781097
2012-10-03,3037440.728229452
2012-10-04,3054627.52694864
2012-10-05,3054627.52694864
2012-10-06,3054627.52694864
2012-10-07,3054627.52694864
2012-10-08,3054627.52694864
2012-10-09,3054627.52694864
2012-10-10,3054627.52694864
2012-10-11,3054627.52694864
2012-10-12,3054627.52694864
2012-10-13,3054627.52694864
2012-10-14,3054627.52694864
2012-10-15,3054627.52694864
2012-10-16,3055426.620080929
2012-10-17,3072321.73202076
2012-10-18,3072321.73202076
2012-10-19,3072321.73202076
2012-10-20,3072321.73202076
2012-10-21,3072321.73202076
2012-10-22,3072321.73202076
2012-10-23,3072321.73202076
2012-10-24,3072321.73202076
2012-10-25,3072321.73202076
2012-10-26,3072321.73202076
2012-10-27,3072321.73202076
2012-10-28,3072321.73202076
2012-10-29,3072321.73202076
2012-10-30,3304356.39299034
2012-10-31,3304356.39299034
2012-11-01,3304356.39299034
2012-11-02,3304356.39299034
2012-11-03,3304356.39299034
2012-11-04,3304356.39299034
2012-11-05,3304356.39299034
2012-11-06,3304356.39299034
2012-11-07,3304356.39299034
2012-11-08,3304356.39299034
2012-11-09,3304356.39299034
2012-11-10,3304356.39299034
2012-11-11,3304356.39299034
2012-11-12,3321435.000293302
2012-11-13,3368767.14053294
2012-11-14,3368767.14053294
2012-11-15,3368767.14053294
2012-11-16,3368767.14053294
2012-11-17,3368767.14053294
2012-11-18,3368767.14053294
2012-11-19,3368767.14053294
2012-11-20,3368767.14053294
2012-11-21,3368767.14053294
2012-11-22,3368767.14053294
2012-11-23,3368767.14053294
2012-11-24,3368767.14053294
2012-11-25,3368767.14053294
2012-11-26,3402274.379207877
2012-11-27,3438908.96015914
2012-11-28,3438908.96015914
2012-11-29,3438908.96015914
2012-11-30,3438908.96015914
2012-12-01,3438908.96015914
2012-12-02,3438908.96015914
2012-12-03,3438908.96015914
2012-12-04,3438908.96015914
2012-12-05,3438908.96015914
2012-12-06,3438908.96015914
2012-12-07,3438908.96015914
2012-12-08,3438908.96015914
2012-12-09,3438908.96015914
2012-12-10,3422568.236592957
2012-12-11,3370181.79927784
2012-12-12,3370181.79927784
2012-12-13,3370181.79927784
2012-12-14,3370181.79927784
2012-12-15,3370181.79927784
2012-12-16,3370181.79927784
2012-12-17,3370181.79927784
2012-12-18,3370181.79927784
2012-12-19,3370181.79927784
2012-12-20,3370181.79927784
2012-12-21,3370181.79927784
2012-12-22,3370181.79927784
2012-12-23,3370181.79927784
2012-12-24,3370181.79927784
2012-12-25,3370181.79927784
2012-12-26,3182517.231140548
2012-12-27,2979636.61693807
2012-12-28,2979636.61693807
2012-12-29,2979636.61693807
2012-12-30,2979636.61693807
2012-12-31,2979636.61693807
2013-01-01,2979636.61693807
2013-01-02,2979636.61693807
2013-01-03,2979636.61693807
2013-01-04,2979636.61693807
2013-01-05,2979636.61693807
2013-01-06,2979636.61693807
2013-01-07,2979636.61693807
2013-01-08,3117637.2319256
2013-01-09,3249549.58448721
2013-01-10,3249549.58448721
2013-01-11,3249549.58448721
2013-01-12,3249549.58448721
2013-01-13,3249549.58448721
2013-01-14,3249549.58448721
2013-01-15,3249549.58448721
2013-01-16,3249549.58448721
2013-01-17,3249549.58448721
2013-01-18,3249549.58448721
2013-01-19,3249549.58448721
2013-01-20,3249549.58448721
2013-01-21,3249549.58448721
2013-01-22,3249549.58448721
2013-01-23,3187155.306173401
2013-01-24,2968775.33207507
2013-01-25,2968775.33207507
2013-01-26,2968775.33207507
2013-01-27,2968775.33207507
2013-01-28,2968775.33207507
2013-01-29,2968775.33207507
2013-01-30,2968775.33207507
2013-01-31,2968775.33207507
2013-02-01,2968775.33207507
2013-02-02,2968775.33207507
2013-02-03,2968775.33207507
2013-02-04,2968775.33207507
2013-02-05,3115692.340214256
2013-02-06,3275464.58656562
2013-02-07,3275464.58656562
2013-02-08,3275464.58656562
2013-02-09,3275464.58656562
2013-02-10,3275464.58656562
2013-02-11,3275464.58656562
2013-02-12,3275464.58656562
2013-02-13,3275464.58656562
2013-02-14,3275464.58656562
2013-02-15,3275464.58656562
2013-02-16,3275464.58656562
2013-02-17,3275464.58656562
2013-02-18,3639348.679012229
2013-02-19,3651011.63069321
2013-02-20,3651011.63069321
2013-02-21,3651011.63069321
2013-02-22,3651011.63069321
2013-02-23,3651011.63069321
2013-02-24,3651011.63069321
2013-02-25,3651011.63069321
2013-02-26,3651011.63069321
2013-02-27,3651011.63069321
2013-02-28,3651011.63069321
2013-03-01,3844376.362114977
2013-03-02,4367876.0008422
2013-03-03,4367876.0008422
2013-03-04,4367876.0008422
2013-03-05,4367876.0008422
2013-03-06,4367876.0008422
2013-03-07,4367876.0008422
2013-03-08,4367876.0008422
2013-03-09,4367876.0008422
2013-03-10,4367876.0008422
2013-03-11,4367876.0008422
2013-03-12,4367876.0008422
2013-03-13,4367876.0008422
2013-03-14,4665387.720315935
2013-03-15,4847647.15206561
2013-03-16,4847647.15206561
2013-03-17,4847647.15206561
2013-03-18,4847647.15206561
2013-03-19,4847647.15206561
2013-03-20,4847647.15206561
2013-03-21,4847647.15206561
2013-03-22,4847647.15206561
2013-03-23,4847647.15206561
2013-03-24,5581051.568942848
2013-03-25,6695826.28259625
2013-03-26,6695826.28259625
2013-03-27,6695826.28259625
2013-03-28,6695826.28259625
2013-03-29,6695826.28259625
2013-03-30,6695826.28259625
2013-03-31,6695826.28259625
2013-04-01,6695826.28259625
2013-04-02,6695826.28259625
2013-04-03,6695826.28259625
2013-04-04,6695826.28259625
2013-04-05,7005058.446383557
2013-04-06,7672999.92016414
2013-04-07,7672999.92016414
2013-04-08,7672999.92016414
2013-04-09,7672999.92016414
2013-04-10,7672999.92016414
2013-04-11,7672999.92016414
2013-04-12,7672999.92016414
2013-04-13,7672999.92016414
2013-04-14,7672999.92016414
2013-04-15,7672999.92016414
2013-04-16,7672999.92016414
2013-04-17,8032770.016940695
2013-04-18,8974296.01488785
2013-04-19,8974296.01488785
2013-04-20,8974296.01488785
2013-04-21,8974296.01488785
2013-04-22,8974296.01488785
2013-04-23,8974296.01488785
2013-04-24,8974296.01488785
2013-04-25,8974296.01488785
2013-04-26,8974296.01488785
2013-04-27,8974296.01488785
2013-04-28,8974296.01488785
2013-04-29,8974296.01488785
2013-04-30,9854414.319284972
2013-05-01,10076292.8834187
2013-05-02,10076292.8834187
2013-05-03,10076292.8834187
2013-05-04,10076292.8834187
2013-05-05,10076292.8834187
2013-05-06,10076292.8834187
2013-05-07,10076292.8834187
2013-05-08,10076292.8834187
2013-05-09,10076292.8834187
2013-05-10,10076292.8834187
2013-05-11,10076292.8834187
2013-05-12,10301130.95276413
2013-05-13,11187257.4613608
2013-05-14,11187257.4613608
2013-05-15,11187257.4613608
2013-05-16,11187257.4613608
2013-05-17,11187257.4613608
2013-05-18,11187257.4613608
2013-05-19,11187257.4613608
2013-05-20,11187257.4613608
2013-05-21,11187257.4613608
2013-05-22,11187257.4613608
2013-05-23,11187257.4613608
2013-05-24,11187257.4613608
2013-05-25,11450754.07456489
2013-05-26,12153411.7097758
2013-05-27,12153411.7097758
2013-05-28,12153411.7097758
2013-05-29,12153411.7097758
2013-05-30,12153411.7097758
2013-05-31,12153411.7097758
2013-06-01,12153411.7097758
2013-06-02,12153411.7097758
2013-06-03,12153411.7097758
2013-06-04,12153411.7097758
2013-06-05,13466756.64458942
2013-06-06,15605632.6812859
2013-06-07,15605632.6812859
2013-06-08,15605632.6812859
2013-06-09,15605632.6812859
2013-06-10,15605632.6812859
2013-06-11,15605632.6812859
2013-06-12,15605632.6812859
2013-06-13,15605632.6812859
2013-06-14,15605632.6812859
2013-06-15,15605632.6812859
2013-06-16,15948722.60046814
2013-06-17,19339258.2723867
2013-06-18,19339258.2723867
2013-06-19,19339258.2723867
2013-06-20,19339258.2723867
2013-06-21,19339258.2723867
2013-06-22,19339258.2723867
2013-06-23,19339258.2723867
2013-06-24,19339258.2723867
2013-06-25,19339258.2723867
2013-06-26,19339258.2723867
2013-06-27,19339258.2723867
2013-06-28,19339258.2723867
2013-06-29,20177844.24725852
2013-06-30,21335329.113983
2013-07-01,21335329.113983
2013-07-02,21335329.113983
2013-07-03,21335329.113983
2013-07-04,21335329.113983
2013-07-05,21335329.113983
2013-07-06,21335329.113983
2013-07-07,21335329.113983
2013-07-08,21335329.113983
2013-07-09,21335329.113983
2013-07-10,21335329.113983
2013-07-11,26107065.89564982
2013-07-12,26162875.6825699
2013-07-13,26162875.6825699
2013-07-14,26162875.6825699
2013-07-15,26162875.6825699
2013-07-16,26162875.6825699
2013-07-17,26162875.6825699
2013-07-18,26162875.6825699
2013-07-19,26162875.6825699
2013-07-20,26162875.6825699
2013-07-21,26162875.6825699
2013-07-22,27181692.6916097
2013-07-23,31256960.7277689
2013-07-24,31256960.7277689
2013-07-25,31256960.7277689
2013-07-26,31256960.7277689
2013-07-27,31256960.7277689
2013-07-28,31256960.7277689
2013-07-29,31256960.7277689
2013-07-30,31256960.7277689
2013-07-31,31256960.7277689
2013-08-01,31256960.7277689
2013-08-02,31256960.7277689
2013-08-03,34144398.56715982
2013-08-04,37392766.1364746
2013-08-05,37392766.1364746
2013-08-06,37392766.1364746
2013-08-07,37392766.1364746
2013-08-08,37392766.1364746
2013-08-09,37392766.1364746
2013-08-10,37392766.1364746
2013-08-11,37392766.1364746
2013-08-12,37392766.1364746
2013-08-13,39812328.46483232
2013-08-14,50810339.0482765
2013-08-15,50810339.0482765
2013-08-16,50810339.0482765
2013-08-17,50810339.0482765
2013-08-18,50810339.0482765
2013-08-19,50810339.0482765
2013-08-20,50810339.0482765
2013-08-21,50810339.0482765
2013-08-22,50810339.0482765
2013-08-23,50810339.0482765
2013-08-24,56116797.36277125
2013-08-25,65750060.1490848
2013-08-26,65750060.1490848
2013-08-27,65750060.1490848
2013-08-28,65750060.1490848
2013-08-29,65750060.1490848
2013-08-30,65750060.1490848
2013-08-31,65750060.1490848
2013-09-01,65750060.1490848
2013-09-02,65750060.1490848
2013-09-03,65750060.1490848
2013-09-04,81734745.96208775
2013-09-05,86933017.7711944
2013-09-06,86933017.7711944
2013-09-07,86933017.7711944
2013-09-08,86933017.7711944
2013-09-09,86933017.7711944
2013-09-10,86933017.7711944
2013-09-11,86933017.7711944
2013-09-12,86933017.7711944
2013-09-13,86933017.7711944
2013-09-14,87168756.58674626
2013-09-15,112628548.666347
2013-09-16,112628548.666347
2013-09-17,112628548.666347
2013-09-18,112628548.666347
2013-09-19,112628548.666347
2013-09-20,112628548.666347
2013-09-21,112628548.666347
2013-09-22,112628548.666347
2013-09-23,112628548.666347
2013-09-24,112628548.666347
2013-09-25,125804756.6052108
2013-09-26,148819199.805093
2013-09-27,148819199.805093
2013-09-28,148819199.805093
2013-09-29,148819199.805093
2013-09-30,148819199.805093
2013-10-01,148819199.805093
2013-10-02,148819199.805093
2013-10-03,148819199.805093
2013-10-04,148819199.805093
2013-10-05,148819199.805093
2013-10-06,164129164.4716649
2013-10-07,189281249.281033
2013-10-08,189281249.281033
2013-10-09,189281249.281033
2013-10-10,189281249.281033
2013-10-11,189281249.281033
2013-10-12,189281249.281033
2013-10-13,189281249.281033
2013-10-14,189281249.281033
2013-10-15,189281249.281033
2013-10-16,219914106.5025274
2013-10-17,267731249.482421
2013-10-18,267731249.482421
2013-10-19,267731249.482421
2013-10-20,267731249.482421
2013-10-21,267731249.482421
2013-10-22,267731249.482421
2013-10-23,267731249.482421
2013-10-24,267731249.482421
2013-10-25,267731249.482421
2013-10-26,373329139.3301339
2013-10-27,390928787.638086
2013-10-28,390928787.638086
2013-10-29,390928787.638086
2013-10-30,390928787.638086
2013-10-31,390928787.638086
2013-11-01,390928787.638086
2013-11-02,390928787.638086
2013-11-03,390928787.638086
2013-11-04,390928787.638086
2013-11-05,412308267.3031437
2013-11-06,510929738.016152
2013-11-07,510929738.016152
2013-11-08,510929738.016152
2013-11-09,510929738.016152
2013-11-10,510929738.016152
2013-11-11,510929738.016152
2013-11-12,510929738.016152
2013-11-13,510929738.016152
2013-11-14,510929738.016152
2013-11-15,510929738.016152
2013-11-16,510929738.016152
2013-11-17,542721009.5878304
2013-11-18,609482679.888355
2013-11-19,609482679.888355
2013-11-20,609482679.888355
2013-11-21,609482679.888355
2013-11-22,609482679.888355
2013-11-23,609482679.888355
2013-11-24,609482679.888355
2013-11-25,609482679.888355
2013-11-26,609482679.888355
2013-11-27,609482679.888355
2013-11-28,609482679.888355
2013-11-29,634388613.6408304
2013-11-30,707408283.051497
2013-12-01,707408283.051497
2013-12-02,707408283.051497
2013-12-03,707408283.051497
2013-12-04,707408283.051497
2013-12-05,707408283.051497
2013-12-06,707408283.051497
2013-12-07,707408283.051497
2013-12-08,707408283.051497
2013-12-09,707408283.051497
2013-12-10,775435718.7809716
2013-12-11,908350862.437022
2013-12-12,908350862.437022
2013-12-13,908350862.437022
2013-12-14,908350862.437022
2013-12-15,908350862.437022
2013-12-16,908350862.437022
2013-12-17,908350862.437022
2013-12-18,908350862.437022
2013-12-19,908350862.437022
2013-12-20,908350862.437022
2013-12-21,1067492472.903946
2013-12-22,1180923195.25803
2013-12-23,1180923195.25803
2013-12-24,1180923195.25803
2013-12-25,1180923195.25803
2013-12-26,1180923195.25803
2013-12-27,1180923195.25803
2013-12-28,1180923195.25803
2013-12-29,1180923195.25803
2013-12-30,1180923195.25803
2013-12-31,1180923195.25803
2014-01-01,1180923195.25803
2014-01-02,1406071638.545981
2014-01-03,1418481395.26264
2014-01-04,1418481395.26264
2014-01-05,1418481395.26264
2014-01-06,1418481395.26264
2014-01-07,1418481395.26264
2014-01-08,1418481395.26264
2014-01-09,1418481395.26264
2014-01-10,1418481395.26264
2014-01-11,1418481395.26264
2014-01-12,1418481395.26264
2014-01-13,1730264288.293795
2014-01-14,1789546951.05324
2014-01-15,1789546951.05324
2014-01-16,1789546951.05324
2014-01-17,1789546951.05324
2014-01-18,1789546951.05324
2014-01-19,1789546951.05324
2014-01-20,1789546951.05324
2014-01-21,1789546951.05324
2014-01-22,1789546951.05324
2014-01-23,1789546951.05324
2014-01-24,1941427190.511409
2014-01-25,2193847870.17428
2014-01-26,2193847870.17428
2014-01-27,2193847870.17428
2014-01-28,2193847870.17428
2014-01-29,2193847870.17428
2014-01-30,2193847870.17428
2014-01-31,2193847870.17428
2014-02-01,2193847870.17428
2014-02-02,2193847870.17428
2014-02-03,2193847870.17428
2014-02-04,2193847870.17428
2014-02-05,2468705673.460927
2014-02-06,2621404453.06462
2014-02-07,2621404453.06462
2014-02-08,2621404453.06462
2014-02-09,2621404453.06462
2014-02-10,2621404453.06462
2014-02-11,2621404453.06462
2014-02-12,2621404453.06462
2014-02-13,2621404453.06462
2014-02-14,2621404453.06462
2014-02-15,2621404453.06462
2014-02-16,2621404453.06462
2014-02-17,3123016158.761546
2014-02-18,3129573174.52229
2014-02-19,3129573174.52229
2014-02-20,3129573174.52229
2014-02-21,3129573174.52229
2014-02-22,3129573174.52229
2014-02-23,3129573174.52229
2014-02-24,3129573174.52229
2014-02-25,3129573174.52229
2014-02-26,3129573174.52229
2014-02-27,3129573174.52229
2014-02-28,3440425943.538709
2014-03-01,3815723798.81463
2014-03-02,3815723798.81463
2014-03-03,3815723798.81463
2014-03-04,3815723798.81463
2014-03-05,3815723798.81463
2014-03-06,3815723798.81463
2014-03-07,3815723798.81463
2014-03-08,3815723798.81463
2014-03-09,3815723798.81463
2014-03-10,3815723798.81463
2014-03-11,3815723798.81463
2014-03-12,3815723798.81463
2014-03-13,4218033170.161769
2014-03-14,4250217919.86954
2014-03-15,4250217919.86954
2014-03-16,4250217919.86954
2014-03-17,4250217919.86954
2014-03-18,4250217919.86954
2014-03-19,4250217919.86954
2014-03-20,4250217919.86954
2014-03-21,4250217919.86954
2014-03-22,4250217919.86954
2014-03-23,4250217919.86954
2014-03-24,4270341395.117834
2014-03-25,5006860589.2054
2014-03-26,5006860589.2054
2014-03-27,5006860589.2054
2014-03-28,5006860589.2054
2014-03-29,5006860589.2054
2014-03-30,5006860589.2054
2014-03-31,5006860589.2054
2014-04-01,5006860589.2054
2014-04-02,5006860589.2054
2014-04-03,5006860589.2054
2014-04-04,5006860589.2054
2014-04-05,5560039346.476942
2014-04-06,6119726089.12815
2014-04-07,6119726089.12815
2014-04-08,6119726089.12815
2014-04-09,6119726089.12815
2014-04-10,6119726089.12815
2014-04-11,6119726089.12815
2014-04-12,6119726089.12815
2014-04-13,6119726089.12815
2014-04-14,6119726089.12815
2014-04-15,6119726089.12815
2014-04-16,6119726089.12815
2014-04-17,6328150816.814738
2014-04-18,6978842649.59238
2014-04-19,6978842649.59238
2014-04-20,6978842649.59238
2014-04-21,6978842649.59238
2014-04-22,6978842649.59238
2014-04-23,6978842649.59238
2014-04-24,6978842649.59238
2014-04-25,6978842649.59238
2014-04-26,6978842649.59238
2014-04-27,6978842649.59238
2014-04-28,6978842649.59238
2014-04-29,7026656894.569025
2014-04-30,8000872135.96816
2014-05-01,8000872135.96816
2014-05-02,8000872135.96816
2014-05-03,8000872135.96816
2014-05-04,8000872135.96816
2014-05-05,8000872135.96816
2014-05-06,8000872135.96816
2014-05-07,8000872135.96816
2014-05-08,8000872135.96816
2014-05-09,8000872135.96816
2014-05-10,8000872135.96816
2014-05-11,8000872135.96816
2014-05-12,8359564501.504838
2014-05-13,8853416309.1278
2014-05-14,8853416309.1278
2014-05-15,8853416309.1278
2014-05-16,8853416309.1278
2014-05-17,8853416309.1278
2014-05-18,8853416309.1278
2014-05-19,8853416309.1278
2014-05-20,8853416309.1278
2014-05-21,8853416309.1278
2014-05-22,8853416309.1278
2014-05-23,8853416309.1278
2014-05-24,9612949942.5243
2014-05-25,10455720138.4848
2014-05-26,10455720138.4848
2014-05-27,10455720138.4848
2014-05-28,10455720138.4848
2014-05-29,10455720138.4848
2014-05-30,10455720138.4848
2014-05-31,10455720138.4848
2014-06-01,10455720138.4848
2014-06-02,10455720138.4848
2014-06-03,10455720138.4848
2014-06-04,10455720138.4848
2014-06-05,10584091695.56564
2014-06-06,11756551916.904
2014-06-07,11756551916.904
2014-06-08,11756551916.904
2014-06-09,11756551916.904
2014-06-10,11756551916.904
2014-06-11,11756551916.904
2014-06-12,11756551916.904
2014-06-13,11756551916.904
2014-06-14,11756551916.904
2014-06-15,11756551916.904
2014-06-16,11756551916.904
2014-06-17,11756551916.904
2014-06-18,13171043650.37482
2014-06-19,13462580114.5253
2014-06-20,13462580114.5253
2014-06-21,13462580114.5253
2014-06-22,13462580114.5253
2014-06-23,13462580114.5253
2014-06-24,13462580114.5253
2014-06-25,13462580114.5253
2014-06-26,13462580114.5253
2014-06-27,13462580114.5253
2014-06-28,13462580114.5253
2014-06-29,15429083780.83418
2014-06-30,16818461371.1611
2014-07-01,16818461371.1611
2014-07-02,16818461371.1611
2014-07-03,16818461371.1611
2014-07-04,16818461371.1611
2014-07-05,16818461371.1611
2014-07-06,16818461371.1611
2014-07-07,16818461371.1611
2014-07-08,16818461371.1611
2014-07-09,16818461371.1611
2014-07-10,16818461371.1611
2014-07-11,16818461371.1611
2014-07-12,16834953587.95558
2014-07-13,17336316978.5078
2014-07-14,17336316978.5078
2014-07-15,17336316978.5078
2014-07-16,17336316978.5078
2014-07-17,17336316978.5078
2014-07-18,17336316978.5078
2014-07-19,17336316978.5078
2014-07-20,17336316978.5078
2014-07-21,17336316978.5078
2014-07-22,17336316978.5078
2014-07-23,17336316978.5078
2014-07-24,17336316978.5078
2014-07-25,17439393634.68957
2014-07-26,18736441558.3102
2014-07-27,18736441558.3102
2014-07-28,18736441558.3102
2014-07-29,18736441558.3102
2014-07-30,18736441558.3102
2014-07-31,18736441558.3102
2014-08-01,18736441558.3102
2014-08-02,18736441558.3102
2014-08-03,18736441558.3102
2014-08-04,18736441558.3102
2014-08-05,18736441558.3102
2014-08-06,18736441558.3102
2014-08-07,18736441558.3102
2014-08-08,19534776726.33486
2014-08-09,19729645940.5771
2014-08-10,19729645940.5771
2014-08-11,19729645940.5771
2014-08-12,19729645940.5771
2014-08-13,19729645940.5771
2014-08-14,19729645940.5771
2014-08-15,19729645940.5771
2014-08-16,19729645940.5771
2014-08-17,19729645940.5771
2014-08-18,19729645940.5771
2014-08-19,20349111933.85846
2014-08-20,23844670038.8033
2014-08-21,23844670038.8033
2014-08-22,23844670038.8033
2014-08-23,23844670038.8033
2014-08-24,23844670038.8033
2014-08-25,23844670038.8033
2014-08-26,23844670038.8033
2014-08-27,23844670038.8033
2014-08-28,23844670038.8033
2014-08-29,23844670038.8033
2014-08-30,23844670038.8033
2014-08-31,23901860903.64566
2014-09-01,27428630902.2579
2014-09-02,27428630902.2579
2014-09-03,27428630902.2579
2014-09-04,27428630902.2579
2014-09-05,27428630902.2579
2014-09-06,27428630902.2579
2014-09-07,27428630902.2579
2014-09-08,27428630902.2579
2014-09-09,27428630902.2579
2014-09-10,27428630902.2579
2014-09-11,27428630902.2579
2014-09-12,27428630902.2579
2014-09-13,27800072129.93696
2014-09-14,29829733124.0404
2014-09-15,29829733124.0404
2014-09-16,29829733124.0404
2014-09-17,29829733124.0404
2014-09-18,29829733124.0404
2014-09-19,29829733124.0404
2014-09-20,29829733124.0404
2014-09-21,29829733124.0404
2014-09-22,29829733124.0404
2014-09-23,29829733124.0404
2014-09-24,29829733124.0404
2014-09-25,30419649105.428
2014-09-26,34661425923.9769
2014-09-27,34661425923.9769
2014-09-28,34661425923.9769
2014-09-29,34661425923.9769
2014-09-30,34661425923.9769
2014-10-01,34661425923.9769
2014-10-02,34661425923.9769
2014-10-03,34661425923.9769
2014-10-04,34661425923.9769
2014-10-05,34661425923.9769
2014-10-06,34661425923.9769
2014-10-07,34661425923.9769
2014-10-08,34661425923.9769
2014-10-09,34758212115.12936
2014-10-10,35002482026.1332
2014-10-11,35002482026.1332
2014-10-12,35002482026.1332
2014-10-13,35002482026.1332
2014-10-14,35002482026.1332
2014-10-15,35002482026.1332
2014-10-16,35002482026.1332
2014-10-17,35002482026.1332
2014-10-18,35002482026.1332
2014-10-19,35002482026.1332
2014-10-20,35002482026.1332
2014-10-21,35002482026.1332
2014-10-22,35002482026.1332
2014-10-23,35640558234.18892
2014-10-24,35985640265.0762
2014-10-25,35985640265.0762
2014-10-26,35985640265.0762
2014-10-27,35985640265.0762
2014-10-28,35985640265.0762
2014-10-29,35985640265.0762
2014-10-30,35985640265.0762
2014-10-31,35985640265.0762
2014-11-01,35985640265.0762
2014-11-02,35985640265.0762
2014-11-03,35985640265.0762
2014-11-04,35985640265.0762
2014-11-05,38974444341.57628
2014-11-06,39603666252.4184
2014-11-07,39603666252.4184
2014-11-08,39603666252.4184
2014-11-09,39603666252.4184
2014-11-10,39603666252.4184
2014-11-11,39603666252.4184
2014-11-12,39603666252.4184
2014-11-13,39603666252.4184
2014-11-14,39603666252.4184
2014-11-15,39603666252.4184
2014-11-16,39603666252.4184
2014-11-17,39603666252.4184
2014-11-18,39671493922.10733
2014-11-19,40300030327.8914
2014-11-20,40300030327.8914
2014-11-21,40300030327.8914
2014-11-22,40300030327.8914
2014-11-23,40300030327.8914
2014-11-24,40300030327.8914
2014-11-25,40300030327.8914
2014-11-26,40300030327.8914
2014-11-27,40300030327.8914
2014-11-28,40300030327.8914
2014-11-29,40300030327.8914
2014-11-30,40300030327.8914
2014-12-01,40300030327.8914
2014-12-02,40294179126.759
2014-12-03,40007470271.2713
2014-12-04,40007470271.2713
2014-12-05,40007470271.2713
2014-12-06,40007470271.2713
2014-12-07,40007470271.2713
2014-12-08,40007470271.2713
2014-12-09,40007470271.2713
2014-12-10,40007470271.2713
2014-12-11,40007470271.2713
2014-12-12,40007470271.2713
2014-12-13,40007470271.2713
2014-12-14,40007470271.2713
2014-12-15,40007470271.2713
2014-12-16,40007470271.2713
2014-12-17,39560758612.91356
2014-12-18,39457671307.1387
2014-12-19,39457671307.1387
2014-12-20,39457671307.1387
2014-12-21,39457671307.1387
2014-12-22,39457671307.1387
2014-12-23,39457671307.1387
2014-12-24,39457671307.1387
2014-12-25,39457671307.1387
2014-12-26,39457671307.1387
2014-12-27,39457671307.1387
2014-12-28,39457671307.1387
2014-12-29,39457671307.1387
2014-12-30,39740132579.71417
2014-12-31,40640955016.5765
2015-01-01,40640955016.5765
2015-01-02,40640955016.5765
2015-01-03,40640955016.5765
2015-01-04,40640955016.5765
2015-01-05,40640955016.5765
2015-01-06,40640955016.5765
2015-01-07,40640955016.5765
2015-01-08,40640955016.5765
2015-01-09,40640955016.5765
2015-01-10,40640955016.5765
2015-01-11,40640955016.5765
2015-01-12,41156980050.86726
2015-01-13,43971662056.0896
2015-01-14,43971662056.0896
2015-01-15,43971662056.0896
2015-01-16,43971662056.0896
2015-01-17,43971662056.0896
2015-01-18,43971662056.0896
2015-01-19,43971662056.0896
2015-01-20,43971662056.0896
2015-01-21,43971662056.0896
2015-01-22,43971662056.0896
2015-01-23,43971662056.0896
2015-01-24,43971662056.0896
2015-01-25,43971662056.0896
2015-01-26,43971662056.0896
2015-01-27,42950498967.9951
2015-01-28,41272873894.697
2015-01-29,41272873894.697
2015-01-30,41272873894.697
2015-01-31,41272873894.697
2015-02-01,41272873894.697
2015-02-02,41272873894.697
2015-02-03,41272873894.697
2015-02-04,41272873894.697
2015-02-05,41272873894.697
2015-02-06,41272873894.697
2015-02-07,41272873894.697
2015-02-08,41272873894.697
2015-02-09,42458914416.8014
2015-02-10,44455415962.3438
2015-02-11,44455415962.3438
2015-02-12,44455415962.3438
2015-02-13,44455415962.3438
2015-02-14,44455415962.3438
2015-02-15,44455415962.3438
2015-02-16,44455415962.3438
2015-02-17,44455415962.3438
2015-02-18,44455415962.3438
2015-02-19,44455415962.3438
2015-02-20,44455415962.3438
2015-02-21,44455415962.3438
2015-02-22,44470177289.1949
2015-02-23,46684376316.8603
2015-02-24,46684376316.8603
2015-02-25,46684376316.8603
2015-02-26,46684376316.8603
2015-02-27,46684376316.8603
2015-02-28,46684376316.8603
2015-03-01,46684376316.8603
2015-03-02,46684376316.8603
2015-03-03,46684376316.8603
2015-03-04,46684376316.8603
2015-03-05,46684376316.8603
2015-03-06,46684376316.8603
2015-03-07,46684376316.8603
2015-03-08,46832059250.49766
2015-03-09,47427554950.6483
2015-03-10,47427554950.6483
2015-03-11,47427554950.6483
2015-03-12,47427554950.6483
2015-03-13,47427554950.6483
2015-03-14,47427554950.6483
2015-03-15,47427554950.6483
2015-03-16,47427554950.6483
2015-03-17,47427554950.6483
2015-03-18,47427554950.6483
2015-03-19,47427554950.6483
2015-03-20,47427554950.6483
2015-03-21,47427554950.6483
2015-03-22,47417554875.91673
2015-03-23,46717549644.7064
2015-03-24,46717549644.7064
2015-03-25,46717549644.7064
2015-03-26,46717549644.7064
2015-03-27,46717549644.7064
2015-03-28,46717549644.7064
2015-03-29,46717549644.7064
2015-03-30,46717549644.7064
2015-03-31,46717549644.7064
2015-04-01,46717549644.7064
2015-04-02,46717549644.7064
2015-04-03,46717549644.7064
2015-04-04,46717549644.7064
2015-04-05,48985437809.26589
2015-04-06,49446390688.2414
2015-04-07,49446390688.2414
2015-04-08,49446390688.2414
2015-04-09,49446390688.2414
2015-04-10,49446390688.2414
2015-04-11,49446390688.2414
2015-04-12,49446390688.2414
2015-04-13,49446390688.2414
2015-04-14,49446390688.2414
2015-04-15,49446390688.2414
2015-04-16,49446390688.2414
2015-04-17,49446390688.2414
2015-04-18,49446390688.2414
2015-04-19,48876651530.55413
2015-04-20,47610564513.4713
2015-04-21,47610564513.4713
2015-04-22,47610564513.4713
2015-04-23,47610564513.4713
2015-04-24,47610564513.4713
2015-04-25,47610564513.4713
2015-04-26,47610564513.4713
2015-04-27,47610564513.4713
2015-04-28,47610564513.4713
2015-04-29,47610564513.4713
2015-04-30,47610564513.4713
2015-05-01,47610564513.4713
2015-05-02,47610564513.4713
2015-05-03,47618947535.85397
2015-05-04,47643398017.8034
2015-05-05,47643398017.8034
2015-05-06,47643398017.8034
2015-05-07,47643398017.8034
2015-05-08,47643398017.8034
2015-05-09,47643398017.8034
2015-05-10,47643398017.8034
2015-05-11,47643398017.8034
2015-05-12,47643398017.8034
2015-05-13,47643398017.8034
2015-05-14,47643398017.8034
2015-05-15,47643398017.8034
2015-05-16,47643398017.8034
2015-05-17,48228846400.91164
2015-05-18,48807487244.6814
2015-05-19,48807487244.6814
2015-05-20,48807487244.6814
2015-05-21,48807487244.6814
2015-05-22,48807487244.6814
2015-05-23,48807487244.6814
2015-05-24,48807487244.6814
2015-05-25,48807487244.6814
2015-05-26,48807487244.6814
2015-05-27,48807487244.6814
2015-05-28,48807487244.6814
2015-05-29,48807487244.6814
2015-05-30,48807487244.6814
2015-05-31,48535929332.48639
2015-06-01,47589591153.625
2015-06-02,47589591153.625
2015-06-03,47589591153.625
2015-06-04,47589591153.625
2015-06-05,47589591153.625
2015-06-06,47589591153.625
2015-06-07,47589591153.625
2015-06-08,47589591153.625
2015-06-09,47589591153.625
2015-06-10,47589591153.625
2015-06-11,47589591153.625
2015-06-12,47589591153.625
2015-06-13,47589591153.625
2015-06-14,49124063327.52386
2015-06-15,49692386354.8938
2015-06-16,49692386354.8938
2015-06-17,49692386354.8938
2015-06-18,49692386354.8938
2015-06-19,49692386354.8938
2015-06-20,49692386354.8938
2015-06-21,49692386354.8938
2015-06-22,49692386354.8938
2015-06-23,49692386354.8938
2015-06-24,49692386354.8938
2015-06-25,49692386354.8938
2015-06-26,49692386354.8938
2015-06-27,49692386354.8938
2015-06-28,49490567918.58672
2015-06-29,49402014931.2275
2015-06-30,49402014931.2275
2015-07-01,49402014931.2275
2015-07-02,49402014931.2275
2015-07-03,49402014931.2275
2015-07-04,49402014931.2275
2015-07-05,49402014931.2275
2015-07-06,49402014931.2275
2015-07-07,49402014931.2275
2015-07-08,49402014931.2275
2015-07-09,49402014931.2275
2015-07-10,49402014931.2275
2015-07-11,49650905000.07613
2015-07-12,51076366303.4819
2015-07-13,51076366303.4819
2015-07-14,51076366303.4819
2015-07-15,51076366303.4819
2015-07-16,51076366303.4819
2015-07-17,51076366303.4819
2015-07-18,51076366303.4819
2015-07-19,51076366303.4819
2015-07-20,51076366303.4819
2015-07-21,51076366303.4819
2015-07-22,51076366303.4819
2015-07-23,51076366303.4819
2015-07-24,51076366303.4819
2015-07-25,51607092412.98493
2015-07-26,52278304845.5917
2015-07-27,52278304845.5917
2015-07-28,52278304845.5917
2015-07-29,52278304845.5917
2015-07-30,52278304845.5917
2015-07-31,52278304845.5917
2015-08-01,52278304845.5917
2015-08-02,52278304845.5917
2015-08-03,52278304845.5917
2015-08-04,52278304845.5917
2015-08-05,52278304845.5917
2015-08-06,52278304845.5917
2015-08-07,52278304845.5917
2015-08-08,52516565207.71426
2015-08-09,52699842409.347
2015-08-10,52699842409.347
2015-08-11,52699842409.347
2015-08-12,52699842409.347
2015-08-13,52699842409.347
2015-08-14,52699842409.347
2015-08-15,52699842409.347
2015-08-16,52699842409.347
2015-08-17,52699842409.347
2015-08-18,52699842409.347
2015-08-19,52699842409.347
2015-08-20,52699842409.347
2015-08-21,52699842409.347
2015-08-22,54207364887.42978
2015-08-23,54256630327.89
2015-08-24,54256630327.89
2015-08-25,54256630327.89
2015-08-26,54256630327.89
2015-08-27,54256630327.89
2015-08-28,54256630327.89
2015-08-29,54256630327.89
2015-08-30,54256630327.89
2015-08-31,54256630327.89
2015-09-01,54256630327.89
2015-09-02,54256630327.89
2015-09-03,54256630327.89
2015-09-04,55936109547.95821
2015-09-05,56957648455.01
2015-09-06,56957648455.01
2015-09-07,56957648455.01
2015-09-08,56957648455.01
2015-09-09,56957648455.01
2015-09-10,56957648455.01
2015-09-11,56957648455.01
2015-09-12,56957648455.01
2015-09-13,56957648455.01
2015-09-14,56957648455.01
2015-09-15,56957648455.01
2015-09-16,56957648455.01
2015-09-17,57320908601.77975
2015-09-18,59335351233.8666
2015-09-19,59335351233.8666
2015-09-20,59335351233.8666
2015-09-21,59335351233.8666
2015-09-22,59335351233.8666
2015-09-23,59335351233.8666
2015-09-24,59335351233.8666
2015-09-25,59335351233.8666
2015-09-26,59335351233.8666
2015-09-27,59335351233.8666
2015-09-28,59335351233.8666
2015-09-29,59335351233.8666
2015-09-30,59335351233.8666
2015-10-01,59999898065.9031
2015-10-02,60813224039.4403
2015-10-03,60813224039.4403
2015-10-04,60813224039.4403
2015-10-05,60813224039.4403
2015-10-06,60813224039.4403
2015-10-07,60813224039.4403
2015-10-08,60813224039.4403
2015-10-09,60813224039.4403
2015-10-10,60813224039.4403
2015-10-11,60813224039.4403
2015-10-12,60813224039.4403
2015-10-13,60813224039.4403
2015-10-14,60813224039.4403
2015-10-15,60848950069.65278
2015-10-16,60883825480.0983
2015-10-17,60883825480.0983
2015-10-18,60883825480.0983
2015-10-19,60883825480.0983
2015-10-20,60883825480.0983
2015-10-21,60883825480.0983
2015-10-22,60883825480.0983
2015-10-23,60883825480.0983
2015-10-24,60883825480.0983
2015-10-25,60883825480.0983
2015-10-26,60883825480.0983
2015-10-27,60883825480.0983
2015-10-28,60883825480.0983
2015-10-29,62045283043.78572
2015-10-30,62253982449.7608
2015-10-31,62253982449.7608
2015-11-01,62253982449.7608
2015-11-02,62253982449.7608
2015-11-03,62253982449.7608
2015-11-04,62253982449.7608
2015-11-05,62253982449.7608
2015-11-06,62253982449.7608
2015-11-07,62253982449.7608
2015-11-08,62253982449.7608
2015-11-09,62253982449.7608
2015-11-10,62253982449.7608
2015-11-11,64200880178.47928
2015-11-12,65848255179.7026
2015-11-13,65848255179.7026
2015-11-14,65848255179.7026
2015-11-15,65848255179.7026
2015-11-16,65848255179.7026
2015-11-17,65848255179.7026
2015-11-18,65848255179.7026
2015-11-19,65848255179.7026
2015-11-20,65848255179.7026
2015-11-21,65848255179.7026
2015-11-22,65848255179.7026
2015-11-23,65848255179.7026
2015-11-24,72061768578.81215
2015-11-25,72722780642.5472
2015-11-26,72722780642.5472
2015-11-27,72722780642.5472
2015-11-28,72722780642.5472
2015-11-29,72722780642.5472
2015-11-30,72722780642.5472
2015-12-01,72722780642.5472
2015-12-02,72722780642.5472
2015-12-03,72722780642.5472
2015-12-04,72722780642.5472
2015-12-05,72722780642.5472
2015-12-06,72883273730.7907
2015-12-07,79102380900.226
2015-12-08,79102380900.226
2015-12-09,79102380900.226
2015-12-10,79102380900.226
2015-12-11,79102380900.226
2015-12-12,79102380900.226
2015-12-13,79102380900.226
2015-12-14,79102380900.226
2015-12-15,79102380900.226
2015-12-16,79102380900.226
2015-12-17,79102380900.226
2015-12-18,81054834554.72452
2015-12-19,93448670796.3238
2015-12-20,93448670796.3238
2015-12-21,93448670796.3238
2015-12-22,93448670796.3238
2015-12-23,93448670796.3238
2015-12-24,93448670796.3238
2015-12-25,93448670796.3238
2015-12-26,93448670796.3238
2015-12-27,93448670796.3238
2015-12-28,93448670796.3238
2015-12-29,93448670796.3238
2015-12-30,93448670796.3238
2015-12-31,99178743060.35416
2016-01-01,103880340815.456
2016-01-02,103880340815.456
2016-01-03,103880340815.456
2016-01-04,103880340815.456
2016-01-05,103880340815.456
2016-01-06,103880340815.456
2016-01-07,103880340815.456
2016-01-08,103880340815.456
2016-01-09,103880340815.456
2016-01-10,103880340815.456
2016-01-11,103880340815.456
2016-01-12,103880340815.456
2016-01-13,110281664454.6553
2016-01-14,113354299801.471
2016-01-15,113354299801.471
2016-01-16,113354299801.471
2016-01-17,113354299801.471
2016-01-18,113354299801.471
2016-01-19,113354299801.471
2016-01-20,113354299801.471
2016-01-21,113354299801.471
2016-01-22,113354299801.471
2016-01-23,113354299801.471
2016-01-24,113354299801.471
2016-01-25,113354299801.471
2016-01-26,116485100199.7988
2016-01-27,120033340651.237
2016-01-28,120033340651.237
2016-01-29,120033340651.237
2016-01-30,120033340651.237
2016-01-31,120033340651.237
2016-02-01,120033340651.237
2016-02-02,120033340651.237
2016-02-03,120033340651.237
2016-02-04,120033340651.237
2016-02-05,120033340651.237
2016-02-06,120033340651.237
2016-02-07,140421880266.1273
2016-02-08,144116447847.349
2016-02-09,144116447847.349
2016-02-10,144116447847.349
2016-02-11,144116447847.349
2016-02-12,144116447847.349
2016-02-13,144116447847.349
2016-02-14,144116447847.349
2016-02-15,144116447847.349
2016-02-16,144116447847.349
2016-02-17,144116447847.349
2016-02-18,144116447847.349
2016-02-19,152801885495.6569
2016-02-20,163491654908.959
2016-02-21,163491654908.959
2016-02-22,163491654908.959
2016-02-23,163491654908.959
2016-02-24,163491654908.959
2016-02-25,163491654908.959
2016-02-26,163491654908.959
2016-02-27,163491654908.959
2016-02-28,163491654908.959
2016-02-29,163491654908.959
2016-03-01,163491654908.959
2016-03-02,163491654908.959
2016-03-03,163491654908.959
2016-03-04,163328285517.2956
2016-03-05,158427203767.392
2016-03-06,158427203767.392
2016-03-07,158427203767.392
2016-03-08,158427203767.392
2016-03-09,158427203767.392
2016-03-10,158427203767.392
2016-03-11,158427203767.392
2016-03-12,158427203767.392
2016-03-13,158427203767.392
2016-03-14,158427203767.392
2016-03-15,158427203767.392
2016-03-16,158427203767.392
2016-03-17,158427203767.392
2016-03-18,162377880110.5051
2016-03-19,165496835118.226
2016-03-20,165496835118.226
2016-03-21,165496835118.226
2016-03-22,165496835118.226
2016-03-23,165496835118.226
2016-03-24,165496835118.226
2016-03-25,165496835118.226
2016-03-26,165496835118.226
2016-03-27,165496835118.226
2016-03-28,165496835118.226
2016-03-29,165496835118.226
2016-03-30,165496835118.226
2016-03-31,165496835118.226
2016-04-01,166523911373.7026
2016-04-02,166851513282.777
2016-04-03,166851513282.777
2016-04-04,166851513282.777
2016-04-05,166851513282.777
2016-04-06,166851513282.777
2016-04-07,166851513282.777
2016-04-08,166851513282.777
2016-04-09,166851513282.777
2016-04-10,166851513282.777
2016-04-11,166851513282.777
2016-04-12,166851513282.777
2016-04-13,166851513282.777
2016-04-14,174495660875.6097
2016-04-15,178678307671.688
2016-04-16,178678307671.688
2016-04-17,178678307671.688
2016-04-18,178678307671.688
2016-04-19,178678307671.688
2016-04-20,178678307671.688
2016-04-21,178678307671.688
2016-04-22,178678307671.688
2016-04-23,178678307671.688
2016-04-24,178678307671.688
2016-04-25,178678307671.688
2016-04-26,178678307671.688
2016-04-27,178678307671.688
2016-04-28,178666172180.3706
2016-04-29,178659257772.527
2016-04-30,178659257772.527
2016-05-01,178659257772.527
2016-05-02,178659257772.527
2016-05-03,178659257772.527
2016-05-04,178659257772.527
2016-05-05,178659257772.527
2016-05-06,178659257772.527
2016-05-07,178659257772.527
2016-05-08,178659257772.527
2016-05-09,178659257772.527
2016-05-10,178659257772.527
2016-05-11,190502504491.3437
2016-05-12,194254820283.444
2016-05-13,194254820283.444
2016-05-14,194254820283.444
2016-05-15,194254820283.444
2016-05-16,194254820283.444
2016-05-17,194254820283.444
2016-05-18,194254820283.444
2016-05-19,194254820283.444
2016-05-20,194254820283.444
2016-05-21,194254820283.444
2016-05-22,194254820283.444
2016-05-23,194254820283.444
2016-05-24,194770865920.9745
2016-05-25,199312067531.243
2016-05-26,199312067531.243
2016-05-27,199312067531.243
2016-05-28,199312067531.243
2016-05-29,199312067531.243
2016-05-30,199312067531.243
2016-05-31,199312067531.243
2016-06-01,199312067531.243
2016-06-02,199312067531.243
2016-06-03,199312067531.243
2016-06-04,199312067531.243
2016-06-05,199312067531.243
2016-06-06,199312067531.243
2016-06-07,199312067531.243
2016-06-08,196422606560.9381
2016-06-09,196061423939.65
2016-06-10,196061423939.65
2016-06-11,196061423939.65
2016-06-12,196061423939.65
2016-06-13,196061423939.65
2016-06-14,196061423939.65
2016-06-15,196061423939.65
2016-06-16,196061423939.65
2016-06-17,196061423939.65
2016-06-18,196061423939.65
2016-06-19,196061423939.65
2016-06-20,196061423939.65
2016-06-21,206307449112.4912
2016-06-22,209453158595.381
2016-06-23,209453158595.381
2016-06-24,209453158595.381
2016-06-25,209453158595.381
2016-06-26,209453158595.381
2016-06-27,209453158595.381
2016-06-28,209453158595.381
2016-06-29,209453158595.381
2016-06-30,209453158595.381
2016-07-01,209453158595.381
2016-07-02,209453158595.381
2016-07-03,209453158595.381
2016-07-04,209557682217.5252
2016-07-05,213398925331.324
2016-07-06,213398925331.324
2016-07-07,213398925331.324
2016-07-08,213398925331.324
2016-07-09,213398925331.324
2016-07-10,213398925331.324
2016-07-11,213398925331.324
2016-07-12,213398925331.324
2016-07-13,213398925331.324
2016-07-14,213398925331.324
2016-07-15,213398925331.324
2016-07-16,213398925331.324
2016-07-17,213398925331.324
2016-07-18,213402086675.1142
2016-07-19,213492501107.513
2016-07-20,213492501107.513
2016-07-21,213492501107.513
2016-07-22,213492501107.513
2016-07-23,213492501107.513
2016-07-24,213492501107.513
2016-07-25,213492501107.513
2016-07-26,213492501107.513
2016-07-27,213492501107.513
2016-07-28,213492501107.513
2016-07-29,213492501107.513
2016-07-30,213492501107.513
2016-07-31,213492501107.513
2016-08-01,213492501107.513
2016-08-02,210856298776.9553
2016-08-03,201893210853.059
2016-08-04,201893210853.059
2016-08-05,201893210853.059
2016-08-06,201893210853.059
2016-08-07,201893210853.059
2016-08-08,201893210853.059
2016-08-09,201893210853.059
2016-08-10,201893210853.059
2016-08-11,201893210853.059
2016-08-12,201893210853.059
2016-08-13,201893210853.059
2016-08-14,201893210853.059
2016-08-15,203483855226.776
2016-08-16,217375482757.238
2016-08-17,217375482757.238
2016-08-18,217375482757.238
2016-08-19,217375482757.238
2016-08-20,217375482757.238
2016-08-21,217375482757.238
2016-08-22,217375482757.238
2016-08-23,217375482757.238
2016-08-24,217375482757.238
2016-08-25,217375482757.238
2016-08-26,217375482757.238
2016-08-27,217375482757.238
2016-08-28,217375482757.238
2016-08-29,218441791495.0722
2016-08-30,220755908330.372
2016-08-31,220755908330.372
2016-09-01,220755908330.372
2016-09-02,220755908330.372
2016-09-03,220755908330.372
2016-09-04,220755908330.372
2016-09-05,220755908330.372
2016-09-06,220755908330.372
2016-09-07,220755908330.372
2016-09-08,220755908330.372
2016-09-09,220755908330.372
2016-09-10,220755908330.372
2016-09-11,220755908330.372
2016-09-12,224586991480.2973
2016-09-13,225832872179.46
2016-09-14,225832872179.46
2016-09-15,225832872179.46
2016-09-16,225832872179.46
2016-09-17,225832872179.46
2016-09-18,225832872179.46
2016-09-19,225832872179.46
2016-09-20,225832872179.46
2016-09-21,225832872179.46
2016-09-22,225832872179.46
2016-09-23,225832872179.46
2016-09-24,225832872179.46
2016-09-25,234736618673.5509
2016-09-26,241227200229.991
2016-09-27,241227200229.991
2016-09-28,241227200229.991
2016-09-29,241227200229.991
2016-09-30,241227200229.991
2016-10-01,241227200229.991
2016-10-02,241227200229.991
2016-10-03,241227200229.991
2016-10-04,241227200229.991
2016-10-05,241227200229.991
2016-10-06,241227200229.991
2016-10-07,241227200229.991
2016-10-08,250540187708.5808
2016-10-09,258522748404.515
2016-10-10,258522748404.515
2016-10-11,258522748404.515
2016-10-12,258522748404.515
2016-10-13,258522748404.515
2016-10-14,258522748404.515
2016-10-15,258522748404.515
2016-10-16,258522748404.515
2016-10-17,258522748404.515
2016-10-18,258522748404.515
2016-10-19,258522748404.515
2016-10-20,258522748404.515
2016-10-21,258522748404.515
2016-10-22,257535264828.067
2016-10-23,253618246641.49
2016-10-24,253618246641.49
2016-10-25,253618246641.49
2016-10-26,253618246641.49
2016-10-27,253618246641.49
2016-10-28,253618246641.49
2016-10-29,253618246641.49
2016-10-30,253618246641.49
2016-10-31,253618246641.49
2016-11-01,253618246641.49
2016-11-02,253618246641.49
2016-11-03,253618246641.49
2016-11-04,253618246641.49
2016-11-05,253965858708.0963
2016-11-06,254620187304.061
2016-11-07,254620187304.061
2016-11-08,254620187304.061
2016-11-09,254620187304.061
2016-11-10,254620187304.061
2016-11-11,254620187304.061
2016-11-12,254620187304.061
2016-11-13,254620187304.061
2016-11-14,254620187304.061
2016-11-15,254620187304.061
2016-11-16,254620187304.061
2016-11-17,254620187304.061
2016-11-18,272434584596.2643
2016-11-19,281800917193.196
2016-11-20,281800917193.196
2016-11-21,281800917193.196
2016-11-22,281800917193.196
2016-11-23,281800917193.196
2016-11-24,281800917193.196
2016-11-25,281800917193.196
2016-11-26,281800917193.196
2016-11-27,281800917193.196
2016-11-28,281800917193.196
2016-11-29,281800917193.196
2016-11-30,281800917193.196
2016-12-01,281800917193.196
2016-12-02,286175539941.7736
2016-12-03,286765766820.55
2016-12-04,286765766820.55
2016-12-05,286765766820.55
2016-12-06,286765766820.55
2016-12-07,286765766820.55
2016-12-08,286765766820.55
2016-12-09,286765766820.55
2016-12-10,286765766820.55
2016-12-11,286765766820.55
2016-12-12,286765766820.55
2016-12-13,286765766820.55
2016-12-14,286765766820.55
2016-12-15,308312273901.6312
2016-12-16,310153855703.433
2016-12-17,310153855703.433
2016-12-18,310153855703.433
2016-12-19,310153855703.433
2016-12-20,310153855703.433
2016-12-21,310153855703.433
2016-12-22,310153855703.433
2016-12-23,310153855703.433
2016-12-24,310153855703.433
2016-12-25,310153855703.433
2016-12-26,310153855703.433
2016-12-27,310153855703.433
2016-12-28,312083434211.5137
2016-12-29,317688400354.034
2016-12-30,317688400354.034
2016-12-31,317688400354.034
2017-01-01,317688400354.034
2017-01-02,317688400354.034
2017-01-03,317688400354.034
2017-01-04,317688400354.034
2017-01-05,317688400354.034
2017-01-06,317688400354.034
2017-01-07,317688400354.034
2017-01-08,317688400354.034
2017-01-09,317688400354.034
2017-01-10,319489481520.4503
2017-01-11,336899932795.808
2017-01-12,336899932795.808
2017-01-13,336899932795.808
2017-01-14,336899932795.808
2017-01-15,336899932795.808
2017-01-16,336899932795.808
2017-01-17,336899932795.808
2017-01-18,336899932795.808
2017-01-19,336899932795.808
2017-01-20,336899932795.808
2017-01-21,336899932795.808
2017-01-22,339477557142.8683
2017-01-23,392963262344.37
2017-01-24,392963262344.37
2017-01-25,392963262344.37
2017-01-26,392963262344.37
2017-01-27,392963262344.37
2017-01-28,392963262344.37
2017-01-29,392963262344.37
2017-01-30,392963262344.37
2017-01-31,392963262344.37
2017-02-01,392963262344.37
2017-02-02,392963262344.37
2017-02-03,392963262344.37
2017-02-04,393571747855.6089
2017-02-05,422170566883.837
2017-02-06,422170566883.837
2017-02-07,422170566883.837
2017-02-08,422170566883.837
2017-02-09,422170566883.837
2017-02-10,422170566883.837
2017-02-11,422170566883.837
2017-02-12,422170566883.837
2017-02-13,422170566883.837
2017-02-14,422170566883.837
2017-02-15,422170566883.837
2017-02-16,422170566883.837
2017-02-17,422170566883.837
2017-02-18,432892501850.9855
2017-02-19,440779902286.589
2017-02-20,440779902286.589
2017-02-21,440779902286.589
2017-02-22,440779902286.589
2017-02-23,440779902286.589
2017-02-24,440779902286.589
2017-02-25,440779902286.589
2017-02-26,440779902286.589
2017-02-27,440779902286.589
2017-02-28,440779902286.589
2017-03-01,440779902286.589
2017-03-02,440779902286.589
2017-03-03,445545600359.0956
2017-03-04,460769358090.714
2017-03-05,460769358090.714
2017-03-06,460769358090.714
2017-03-07,460769358090.714
2017-03-08,460769358090.714
2017-03-09,460769358090.714
2017-03-10,460769358090.714
2017-03-11,460769358090.714
2017-03-12,460769358090.714
2017-03-13,460769358090.714
2017-03-14,460769358090.714
2017-03-15,460769358090.714
2017-03-16,460769358090.714
2017-03-17,469886043904.1296
2017-03-18,475705205061.629
2017-03-19,475705205061.629
2017-03-20,475705205061.629
2017-03-21,475705205061.629
2017-03-22,475705205061.629
2017-03-23,475705205061.629
2017-03-24,475705205061.629
2017-03-25,475705205061.629
2017-03-26,475705205061.629
2017-03-27,475705205061.629
2017-03-28,475705205061.629
2017-03-29,475705205061.629
2017-03-30,482855238677.4638
2017-03-31,499635929816.668
2017-04-01,499635929816.668
2017-04-02,499635929816.668
2017-04-03,499635929816.668
2017-04-04,499635929816.668
2017-04-05,499635929816.668
2017-04-06,499635929816.668
2017-04-07,499635929816.668
2017-04-08,499635929816.668
2017-04-09,499635929816.668
2017-04-10,499635929816.668
2017-04-11,499635929816.668
2017-04-12,499635929816.668
2017-04-13,517807877352.0731
2017-04-14,520808749422.14
2017-04-15,520808749422.14
2017-04-16,520808749422.14
2017-04-17,520808749422.14
2017-04-18,520808749422.14
2017-04-19,520808749422.14
2017-04-20,520808749422.14
2017-04-21,520808749422.14
2017-04-22,520808749422.14
2017-04-23,520808749422.14
2017-04-24,520808749422.14
2017-04-25,520808749422.14
2017-04-26,520808749422.14
2017-04-27,521839702599.6464
2017-04-28,521974519553.628
2017-04-29,521974519553.628
2017-04-30,521974519553.628
2017-05-01,521974519553.628
2017-05-02,521974519553.628
2017-05-03,521974519553.628
2017-05-04,521974519553.628
2017-05-05,521974519553.628
2017-05-06,521974519553.628
2017-05-07,521974519553.628
2017-05-08,521974519553.628
2017-05-09,521974519553.628
2017-05-10,555092980097.5475
2017-05-11,559970892890.838
2017-05-12,559970892890.838
2017-05-13,559970892890.838
2017-05-14,559970892890.838
2017-05-15,559970892890.838
2017-05-16,559970892890.838
2017-05-17,559970892890.838
2017-05-18,559970892890.838
2017-05-19,559970892890.838
2017-05-20,559970892890.838
2017-05-21,559970892890.838
2017-05-22,559970892890.838
2017-05-23,584152236545.5244
2017-05-24,595921917085.416
2017-05-25,595921917085.416
2017-05-26,595921917085.416
2017-05-27,595921917085.416
2017-05-28,595921917085.416
2017-05-29,595921917085.416
2017-05-30,595921917085.416
2017-05-31,595921917085.416
2017-06-01,595921917085.416
2017-06-02,595921917085.416
2017-06-03,595921917085.416
2017-06-04,628336862171.4232
2017-06-05,678760110082.99
2017-06-06,678760110082.99
2017-06-07,678760110082.99
2017-06-08,678760110082.99
2017-06-09,678760110082.99
2017-06-10,678760110082.99
2017-06-11,678760110082.99
2017-06-12,678760110082.99
2017-06-13,678760110082.99
2017-06-14,678760110082.99
2017-06-15,678760110082.99
2017-06-16,678760110082.99
2017-06-17,679668719409.6318
2017-06-18,711697198173.757
2017-06-19,711697198173.757
2017-06-20,711697198173.757
2017-06-21,711697198173.757
2017-06-22,711697198173.757
2017-06-23,711697198173.757
2017-06-24,711697198173.757
2017-06-25,711697198173.757
2017-06-26,711697198173.757
2017-06-27,711697198173.757
2017-06-28,711697198173.757
2017-06-29,711697198173.757
2017-06-30,711697198173.757
2017-07-01,711697198173.757
2017-07-02,708707940676.2377
2017-07-03,708659466230.332
2017-07-04,708659466230.332
2017-07-05,708659466230.332
2017-07-06,708659466230.332
2017-07-07,708659466230.332
2017-07-08,708659466230.332
2017-07-09,708659466230.332
2017-07-10,708659466230.332
2017-07-11,708659466230.332
2017-07-12,708659466230.332
2017-07-13,708659466230.332
2017-07-14,761764941640.4802
2017-07-15,804525194568.132
2017-07-16,804525194568.132
2017-07-17,804525194568.132
2017-07-18,804525194568.132
2017-07-19,804525194568.132
2017-07-20,804525194568.132
2017-07-21,804525194568.132
2017-07-22,804525194568.132
2017-07-23,804525194568.132
2017-07-24,804525194568.132
2017-07-25,804525194568.132
2017-07-26,804525194568.132
2017-07-27,836351931635.612
2017-07-28,860221984436.222
2017-07-29,860221984436.222
2017-07-30,860221984436.222
2017-07-31,860221984436.222
2017-08-01,860221984436.222
2017-08-02,860221984436.222
2017-08-03,860221984436.222
2017-08-04,860221984436.222
2017-08-05,860221984436.222
2017-08-06,860221984436.222
2017-08-07,860221984436.222
2017-08-08,860221984436.222
2017-08-09,888074709978.0602
2017-08-10,923233068448.905
2017-08-11,923233068448.905
2017-08-12,923233068448.905
2017-08-13,923233068448.905
2017-08-14,923233068448.905
2017-08-15,923233068448.905
2017-08-16,923233068448.905
2017-08-17,923233068448.905
2017-08-18,923233068448.905
2017-08-19,923233068448.905
2017-08-20,923233068448.905
2017-08-21,923233068448.905
2017-08-22,923233068448.905
2017-08-23,923233068448.905
2017-08-24,891643263405.0026
2017-08-25,888171856257.321
2017-08-26,888171856257.321
2017-08-27,888171856257.321
2017-08-28,888171856257.321
2017-08-29,888171856257.321
2017-08-30,888171856257.321
2017-08-31,888171856257.321
2017-09-01,888171856257.321
2017-09-02,888171856257.321
2017-09-03,888171856257.321
2017-09-04,888171856257.321
2017-09-05,888171856257.321
2017-09-06,903315386419.5037
2017-09-07,922724699725.963
2017-09-08,922724699725.963
2017-09-09,922724699725.963
2017-09-10,922724699725.963
2017-09-11,922724699725.963
2017-09-12,922724699725.963
2017-09-13,922724699725.963
2017-09-14,922724699725.963
2017-09-15,922724699725.963
2017-09-16,922724699725.963
2017-09-17,922724699725.963
2017-09-18,1052185622755.0
2017-09-19,1103400932964.29
2017-09-20,1103400932964.29
2017-09-21,1103400932964.29
2017-09-22,1103400932964.29
2017-09-23,1103400932964.29
2017-09-24,1103400932964.29
2017-09-25,1103400932964.29
2017-09-26,1103400932964.29
2017-09-27,1103400932964.29
2017-09-28,1103400932964.29
2017-09-29,1103400932964.29
2017-09-30,1103400932964.29
2017-10-01,1103400932964.29
2017-10-02,1123590453770.721
2017-10-03,1123863285132.97
2017-10-04,1123863285132.97
2017-10-05,1123863285132.97
2017-10-06,1123863285132.97
2017-10-07,1123863285132.97
2017-10-08,1123863285132.97
2017-10-09,1123863285132.97
2017-10-10,1123863285132.97
2017-10-11,1123863285132.97
2017-10-12,1123863285132.97
2017-10-13,1123863285132.97
2017-10-14,1123863285132.97
2017-10-15,1182954806243.737
2017-10-16,1196792694098.79
2017-10-17,1196792694098.79
2017-10-18,1196792694098.79
2017-10-19,1196792694098.79
2017-10-20,1196792694098.79
2017-10-21,1196792694098.79
2017-10-22,1196792694098.79
2017-10-23,1196792694098.79
2017-10-24,1196792694098.79
2017-10-25,1196792694098.79
2017-10-26,1233777273050.042
2017-10-27,1452839779145.92
2017-10-28,1452839779145.92
2017-10-29,1452839779145.92
2017-10-30,1452839779145.92
2017-10-31,1452839779145.92
2017-11-01,1452839779145.92
2017-11-02,1452839779145.92
2017-11-03,1452839779145.92
2017-11-04,1452839779145.92
2017-11-05,1452839779145.92
2017-11-06,1452839779145.92
2017-11-07,1452839779145.92
2017-11-08,1452839779145.92
2017-11-09,1452839779145.92
2017-11-10,1423367213138.997
2017-11-11,1364422081125.15
2017-11-12,1364422081125.15
2017-11-13,1364422081125.15
2017-11-14,1364422081125.15
2017-11-15,1364422081125.15
2017-11-16,1364422081125.15
2017-11-17,1364422081125.15
2017-11-18,1364422081125.15
2017-11-19,1364422081125.15
2017-11-20,1364422081125.15
2017-11-21,1364422081125.15
2017-11-22,1364422081125.15
2017-11-23,1364422081125.15
2017-11-24,1361966821649.323
2017-11-25,1347001430558.57
2017-11-26,1347001430558.57
2017-11-27,1347001430558.57
2017-11-28,1347001430558.57
2017-11-29,1347001430558.57
2017-11-30,1347001430558.57
2017-12-01,1347001430558.57
2017-12-02,1347001430558.57
2017-12-03,1347001430558.57
2017-12-04,1347001430558.57
2017-12-05,1347001430558.57
2017-12-06,1407975304733.448
2017-12-07,1590896927258.08
2017-12-08,1590896927258.08
2017-12-09,1590896927258.08
2017-12-10,1590896927258.08
2017-12-11,1590896927258.08
2017-12-12,1590896927258.08
2017-12-13,1590896927258.08
2017-12-14,1590896927258.08
2017-12-15,1590896927258.08
2017-12-16,1590896927258.08
2017-12-17,1590896927258.08
2017-12-18,1718045833483.407
2017-12-19,1873105475221.61
2017-12-20,1873105475221.61
2017-12-21,1873105475221.61
2017-12-22,1873105475221.61
2017-12-23,1873105475221.61
2017-12-24,1873105475221.61
2017-12-25,1873105475221.61
2017-12-26,1873105475221.61
2017-12-27,1873105475221.61
2017-12-28,1873105475221.61
2017-12-29,1873105475221.61
2017-12-30,1873105475221.61
2017-12-31,1873105475221.61
2018-01-01,1922580604980.537
2018-01-02,1931136454487.72
2018-01-03,1931136454487.72
2018-01-04,1931136454487.72
2018-01-05,1931136454487.72
2018-01-06,1931136454487.72
2018-01-07,1931136454487.72
2018-01-08,1931136454487.72
2018-01-09,1931136454487.72
2018-01-10,1931136454487.72
2018-01-11,1931136454487.72
2018-01-12,1931136454487.72
2018-01-13,2134254177773.779
2018-01-14,2227847638503.63
2018-01-15,2227847638503.63
2018-01-16,2227847638503.63
2018-01-17,2227847638503.63
2018-01-18,2227847638503.63
2018-01-19,2227847638503.63
2018-01-20,2227847638503.63
2018-01-21,2227847638503.63
2018-01-22,2227847638503.63
2018-01-23,2227847638503.63
2018-01-24,2227847638503.63
2018-01-25,2460585023617.972
2018-01-26,2603077300218.59
2018-01-27,2603077300218.59
2018-01-28,2603077300218.59
2018-01-29,2603077300218.59
2018-01-30,2603077300218.59
2018-01-31,2603077300218.59
2018-02-01,2603077300218.59
2018-02-02,2603077300218.59
2018-02-03,2603077300218.59
2018-02-04,2603077300218.59
2018-02-05,2603077300218.59
2018-02-06,2607870187292.661
2018-02-07,2874674234415.94
2018-02-08,2874674234415.94
2018-02-09,2874674234415.94
2018-02-10,2874674234415.94
2018-02-11,2874674234415.94
2018-02-12,2874674234415.94
2018-02-13,2874674234415.94
2018-02-14,2874674234415.94
2018-02-15,2874674234415.94
2018-02-16,2874674234415.94
2018-02-17,2874674234415.94
2018-02-18,2874674234415.94
2018-02-19,2874674234415.94
2018-02-20,2967570976825.593
2018-02-21,3007383866429.73
2018-02-22,3007383866429.73
2018-02-23,3007383866429.73
2018-02-24,3007383866429.73
2018-02-25,3007383866429.73
2018-02-26,3007383866429.73
2018-02-27,3007383866429.73
2018-02-28,3007383866429.73
2018-03-01,3007383866429.73
2018-03-02,3007383866429.73
2018-03-03,3007383866429.73
2018-03-04,3007383866429.73
2018-03-05,3233581400367.362
2018-03-06,3290605988755.0
2018-03-07,3290605988755.0
2018-03-08,3290605988755.0
2018-03-09,3290605988755.0
2018-03-10,3290605988755.0
2018-03-11,3290605988755.0
2018-03-12,3290605988755.0
2018-03-13,3290605988755.0
2018-03-14,3290605988755.0
2018-03-15,3290605988755.0
2018-03-16,3290605988755.0
2018-03-17,3290605988755.0
2018-03-18,3381698122496.224
2018-03-19,3462542391191.56
2018-03-20,3462542391191.56
2018-03-21,3462542391191.56
2018-03-22,3462542391191.56
2018-03-23,3462542391191.56
2018-03-24,3462542391191.56
2018-03-25,3462542391191.56
2018-03-26,3462542391191.56
2018-03-27,3462542391191.56
2018-03-28,3462542391191.56
2018-03-29,3462542391191.56
2018-03-30,3462542391191.56
2018-03-31,3462542391191.56
2018-04-01,3494288842679.615
2018-04-02,3511060552899.72
2018-04-03,3511060552899.72
2018-04-04,3511060552899.72
2018-04-05,3511060552899.72
2018-04-06,3511060552899.72
2018-04-07,3511060552899.72
2018-04-08,3511060552899.72
2018-04-09,3511060552899.72
2018-04-10,3511060552899.72
2018-04-11,3511060552899.72
2018-04-12,3511060552899.72
2018-04-13,3511060552899.72
2018-04-14,3796188328005.297
2018-04-15,3839316899029.67
2018-04-16,3839316899029.67
2018-04-17,3839316899029.67
2018-04-18,3839316899029.67
2018-04-19,3839316899029.67
2018-04-20,3839316899029.67
2018-04-21,3839316899029.67
2018-04-22,3839316899029.67
2018-04-23,3839316899029.67
2018-04-24,3839316899029.67
2018-04-25,3839316899029.67
2018-04-26,3839316899029.67
2018-04-27,3943557223451.907
2018-04-28,4022059196164.95
2018-04-29,4022059196164.95
2018-04-30,4022059196164.95
2018-05-01,4022059196164.95
2018-05-02,4022059196164.95
2018-05-03,4022059196164.95
2018-05-04,4022059196164.95
2018-05-05,4022059196164.95
2018-05-06,4022059196164.95
2018-05-07,4022059196164.95
2018-05-08,4022059196164.95
2018-05-09,4022059196164.95
2018-05-10,4022059196164.95
2018-05-11,4138123233246.037
2018-05-12,4143878474754.19
2018-05-13,4143878474754.19
2018-05-14,4143878474754.19
2018-05-15,4143878474754.19
2018-05-16,4143878474754.19
2018-05-17,4143878474754.19
2018-05-18,4143878474754.19
2018-05-19,4143878474754.19
2018-05-20,4143878474754.19
2018-05-21,4143878474754.19
2018-05-22,4143878474754.19
2018-05-23,4143878474754.19
2018-05-24,4219142059012.953
2018-05-25,4306949573981.51
2018-05-26,4306949573981.51
2018-05-27,4306949573981.51
2018-05-28,4306949573981.51
2018-05-29,4306949573981.51
2018-05-30,4306949573981.51
2018-05-31,4306949573981.51
2018-06-01,4306949573981.51
2018-06-02,4306949573981.51
2018-06-03,4306949573981.51
2018-06-04,4306949573981.51
2018-06-05,4415593341674.137
2018-06-06,4940704885521.83
2018-06-07,4940704885521.83
2018-06-08,4940704885521.83
2018-06-09,4940704885521.83
2018-06-10,4940704885521.83
2018-06-11,4940704885521.83
2018-06-12,4940704885521.83
2018-06-13,4940704885521.83
2018-06-14,4940704885521.83
2018-06-15,4940704885521.83
2018-06-16,4940704885521.83
2018-06-17,4940704885521.83
2018-06-18,4940704885521.83
2018-06-19,5024546460934.302
2018-06-20,5077499034879.02
2018-06-21,5077499034879.02
2018-06-22,5077499034879.02
2018-06-23,5077499034879.02
2018-06-24,5077499034879.02
2018-06-25,5077499034879.02
2018-06-26,5077499034879.02
2018-06-27,5077499034879.02
2018-06-28,5077499034879.02
2018-06-29,5077499034879.02
2018-06-30,5077499034879.02
2018-07-01,5077499034879.02
2018-07-02,5172892177079.8
2018-07-03,5363678461481.36
2018-07-04,5363678461481.36
2018-07-05,5363678461481.36
2018-07-06,5363678461481.36
2018-07-07,5363678461481.36
2018-07-08,5363678461481.36
2018-07-09,5363678461481.36
2018-07-10,5363678461481.36
2018-07-11,5363678461481.36
2018-07-12,5363678461481.36
2018-07-13,5363678461481.36
2018-07-14,5363678461481.36
2018-07-15,5363678461481.36
2018-07-16,5363678461481.36
2018-07-17,5199615302175.168
2018-07-18,5178671069072.25
2018-07-19,5178671069072.25
2018-07-20,5178671069072.25
2018-07-21,5178671069072.25
2018-07-22,5178671069072.25
2018-07-23,5178671069072.25
2018-07-24,5178671069072.25
2018-07-25,5178671069072.25
2018-07-26,5178671069072.25
2018-07-27,5178671069072.25
2018-07-28,5178671069072.25
2018-07-29,5595791656327.719
2018-07-30,5949437371609.53
2018-07-31,5949437371609.53
2018-08-01,5949437371609.53
2018-08-02,5949437371609.53
2018-08-03,5949437371609.53
2018-08-04,5949437371609.53
2018-08-05,5949437371609.53
2018-08-06,5949437371609.53
2018-08-07,5949437371609.53
2018-08-08,5949437371609.53
2018-08-09,5949437371609.53
2018-08-10,5949437371609.53
2018-08-11,6197839919507.373
2018-08-12,6389316883511.96
2018-08-13,6389316883511.96
2018-08-14,6389316883511.96
2018-08-15,6389316883511.96
2018-08-16,6389316883511.96
2018-08-17,6389316883511.96
2018-08-18,6389316883511.96
2018-08-19,6389316883511.96
2018-08-20,6389316883511.96
2018-08-21,6389316883511.96
2018-08-22,6389316883511.96
2018-08-23,6389316883511.96
2018-08-24,6505039002077.224
2018-08-25,6727225469722.53
2018-08-26,6727225469722.53
2018-08-27,6727225469722.53
2018-08-28,6727225469722.53
2018-08-29,6727225469722.53
2018-08-30,6727225469722.53
2018-08-31,6727225469722.53
2018-09-01,6727225469722.53
2018-09-02,6727225469722.53
2018-09-03,6727225469722.53
2018-09-04,6727225469722.53
2018-09-05,6727225469722.53
2018-09-06,6727225469722.53
2018-09-07,6971177230937.92
2018-09-08,7019199231177.17
2018-09-09,7019199231177.17
2018-09-10,7019199231177.17
2018-09-11,7019199231177.17
2018-09-12,7019199231177.17
2018-09-13,7019199231177.17
2018-09-14,7019199231177.17
2018-09-15,7019199231177.17
2018-09-16,7019199231177.17
2018-09-17,7019199231177.17
2018-09-18,7019199231177.17
2018-09-19,7019199231177.17
2018-09-20,7031329605788.919
2018-09-21,7152633351906.41
2018-09-22,7152633351906.41
2018-09-23,7152633351906.41
2018-09-24,7152633351906.41
2018-09-25,7152633351906.41
2018-09-26,7152633351906.41
2018-09-27,7152633351906.41
2018-09-28,7152633351906.41
2018-09-29,7152633351906.41
2018-09-30,7152633351906.41
2018-10-01,7152633351906.41
2018-10-02,7152633351906.41
2018-10-03,7152633351906.41
2018-10-04,7364268059356.191
2018-10-05,7454968648263.24
2018-10-06,7454968648263.24
2018-10-07,7454968648263.24
2018-10-08,7454968648263.24
2018-10-09,7454968648263.24
2018-10-10,7454968648263.24
2018-10-11,7454968648263.24
2018-10-12,7454968648263.24
2018-10-13,7454968648263.24
2018-10-14,7454968648263.24
2018-10-15,7454968648263.24
2018-10-16,7454968648263.24
2018-10-17,7454968648263.24
2018-10-18,7427362643331.727
2018-10-19,7182852313938.32
2018-10-20,7182852313938.32
2018-10-21,7182852313938.32
2018-10-22,7182852313938.32
2018-10-23,7182852313938.32
2018-10-24,7182852313938.32
2018-10-25,7182852313938.32
2018-10-26,7182852313938.32
2018-10-27,7182852313938.32
2018-10-28,7182852313938.32
2018-10-29,7182852313938.32
2018-10-30,7182852313938.32
2018-10-31,7182852313938.32
2018-11-01,7183013626017.642
2018-11-02,7184404942701.79
2018-11-03,7184404942701.79
2018-11-04,7184404942701.79
2018-11-05,7184404942701.79
2018-11-06,7184404942701.79
2018-11-07,7184404942701.79
2018-11-08,7184404942701.79
2018-11-09,7184404942701.79
2018-11-10,7184404942701.79
2018-11-11,7184404942701.79
2018-11-12,7184404942701.79
2018-11-13,7184404942701.79
2018-11-14,7184404942701.79
2018-11-15,7184404942701.79
2018-11-16,7175974755379.634
2018-11-17,6653303141405.96
2018-11-18,6653303141405.96
2018-11-19,6653303141405.96
2018-11-20,6653303141405.96
2018-11-21,6653303141405.96
2018-11-22,6653303141405.96
2018-11-23,6653303141405.96
2018-11-24,6653303141405.96
2018-11-25,6653303141405.96
2018-11-26,6653303141405.96
2018-11-27,6653303141405.96
2018-11-28,6653303141405.96
2018-11-29,6653303141405.96
2018-11-30,6653303141405.96
2018-12-01,6653303141405.96
2018-12-02,6653303141405.96
2018-12-03,6194015746026.096
2018-12-04,5646403851534.72
2018-12-05,5646403851534.72
2018-12-06,5646403851534.72
2018-12-07,5646403851534.72
2018-12-08,5646403851534.72
2018-12-09,5646403851534.72
2018-12-10,5646403851534.72
2018-12-11,5646403851534.72
2018-12-12,5646403851534.72
2018-12-13,5646403851534.72
2018-12-14,5646403851534.72
2018-12-15,5646403851534.72
2018-12-16,5646403851534.72
2018-12-17,5646403851534.72
2018-12-18,5621092245587.459
2018-12-19,5106422924659.82
2018-12-20,5106422924659.82
2018-12-21,5106422924659.82
2018-12-22,5106422924659.82
2018-12-23,5106422924659.82
2018-12-24,5106422924659.82
2018-12-25,5106422924659.82
2018-12-26,5106422924659.82
2018-12-27,5106422924659.82
2018-12-28,5106422924659.82
2018-12-29,5106422924659.82
2018-12-30,5106422924659.82
2018-12-31,5248509606855.425
2019-01-01,5618595848853.28
2019-01-02,5618595848853.28
2019-01-03,5618595848853.28
2019-01-04,5618595848853.28
2019-01-05,5618595848853.28
2019-01-06,5618595848853.28
2019-01-07,5618595848853.28
2019-01-08,5618595848853.28
2019-01-09,5618595848853.28
2019-01-10,5618595848853.28
2019-01-11,5618595848853.28
2019-01-12,5618595848853.28
2019-01-13,5618595848853.28
2019-01-14,5862614531725.708
2019-01-15,5883988430955.41
2019-01-16,5883988430955.41
2019-01-17,5883988430955.41
2019-01-18,5883988430955.41
2019-01-19,5883988430955.41
2019-01-20,5883988430955.41
2019-01-21,5883988430955.41
2019-01-22,5883988430955.41
2019-01-23,5883988430955.41
2019-01-24,5883988430955.41
2019-01-25,5883988430955.41
2019-01-26,5883988430955.41
2019-01-27,5883988430955.41
2019-01-28,5836655168808.531
2019-01-29,5814661935891.8
2019-01-30,5814661935891.8
2019-01-31,5814661935891.8
2019-02-01,5814661935891.8
2019-02-02,5814661935891.8
2019-02-03,5814661935891.8
2019-02-04,5814661935891.8
2019-02-05,5814661935891.8
2019-02-06,5814661935891.8
2019-02-07,5814661935891.8
2019-02-08,5814661935891.8
2019-02-09,5814661935891.8
2019-02-10,5894008795042.486
2019-02-11,6061518831027.27
2019-02-12,6061518831027.27
2019-02-13,6061518831027.27
2019-02-14,6061518831027.27
2019-02-15,6061518831027.27
2019-02-16,6061518831027.27
2019-02-17,6061518831027.27
2019-02-18,6061518831027.27
2019-02-19,6061518831027.27
2019-02-20,6061518831027.27
2019-02-21,6061518831027.27
2019-02-22,6061518831027.27
2019-02-23,6061518831027.27
2019-02-24,6064081790460.688
2019-02-25,6071846049920.75
2019-02-26,6071846049920.75
2019-02-27,6071846049920.75
2019-02-28,6071846049920.75
2019-03-01,6071846049920.75
2019-03-02,6071846049920.75
2019-03-03,6071846049920.75
2019-03-04,6071846049920.75
2019-03-05,6071846049920.75
2019-03-06,6071846049920.75
2019-03-07,6071846049920.75
2019-03-08,6071846049920.75
2019-03-09,6071846049920.75
2019-03-10,6071216044486.325
2019-03-11,6068891541676.55
2019-03-12,6068891541676.55
2019-03-13,6068891541676.55
2019-03-14,6068891541676.55
2019-03-15,6068891541676.55
2019-03-16,6068891541676.55
2019-03-17,6068891541676.55
2019-03-18,6068891541676.55
2019-03-19,6068891541676.55
2019-03-20,6068891541676.55
2019-03-21,6068891541676.55
2019-03-22,6068891541676.55
2019-03-23,6068891541676.55
2019-03-24,6368919654419.9
2019-03-25,6379265451411.05
2019-03-26,6379265451411.05
2019-03-27,6379265451411.05
2019-03-28,6379265451411.05
2019-03-29,6379265451411.05
2019-03-30,6379265451411.05
2019-03-31,6379265451411.05
2019-04-01,6379265451411.05
2019-04-02,6379265451411.05
2019-04-03,6379265451411.05
2019-04-04,6379265451411.05
2019-04-05,6379265451411.05
2019-04-06,6379562392399.341
2019-04-07,6393023717201.86
2019-04-08,6393023717201.86
2019-04-09,6393023717201.86
2019-04-10,6393023717201.86
2019-04-11,6393023717201.86
2019-04-12,6393023717201.86
2019-04-13,6393023717201.86
2019-04-14,6393023717201.86
2019-04-15,6393023717201.86
2019-04-16,6393023717201.86
2019-04-17,6393023717201.86
2019-04-18,6393023717201.86
2019-04-19,6393023717201.86
2019-04-20,6393023717201.86
2019-04-21,6357721118108.299
2019-04-22,6353030562983.98
2019-04-23,6353030562983.98
2019-04-24,6353030562983.98
2019-04-25,6353030562983.98
2019-04-26,6353030562983.98
2019-04-27,6353030562983.98
2019-04-28,6353030562983.98
2019-04-29,6353030562983.98
2019-04-30,6353030562983.98
2019-05-01,6353030562983.98
2019-05-02,6353030562983.98
2019-05-03,6353030562983.98
2019-05-04,6554050172254.847
2019-05-05,6702169884349.17
2019-05-06,6702169884349.17
2019-05-07,6702169884349.17
2019-05-08,6702169884349.17
2019-05-09,6702169884349.17
2019-05-10,6702169884349.17
2019-05-11,6702169884349.17
2019-05-12,6702169884349.17
2019-05-13,6702169884349.17
2019-05-14,6702169884349.17
2019-05-15,6702169884349.17
2019-05-16,6702169884349.17
2019-05-17,6702169884349.17
2019-05-18,6703779555093.124
2019-05-19,6704632680587.42
2019-05-20,6704632680587.42
2019-05-21,6704632680587.42
2019-05-22,6704632680587.42
2019-05-23,6704632680587.42
2019-05-24,6704632680587.42
2019-05-25,6704632680587.42
2019-05-26,6704632680587.42
2019-05-27,6704632680587.42
2019-05-28,6704632680587.42
2019-05-29,6704632680587.42
2019-05-30,6747104132834.882
2019-05-31,7459680720542.3
2019-06-01,7459680720542.3
2019-06-02,7459680720542.3
2019-06-03,7459680720542.3
2019-06-04,7459680720542.3
2019-06-05,7459680720542.3
2019-06-06,7459680720542.3
2019-06-07,7459680720542.3
2019-06-08,7459680720542.3
2019-06-09,7459680720542.3
2019-06-10,7459680720542.3
2019-06-11,7459680720542.3
2019-06-12,7459680720542.3
2019-06-13,7459680720542.3
2019-06-14,7411481913588.264
2019-06-15,7409399249090.25
2019-06-16,7409399249090.25
2019-06-17,7409399249090.25
2019-06-18,7409399249090.25
2019-06-19,7409399249090.25
2019-06-20,7409399249090.25
2019-06-21,7409399249090.25
2019-06-22,7409399249090.25
2019-06-23,7409399249090.25
2019-06-24,7409399249090.25
2019-06-25,7409399249090.25
2019-06-26,7409399249090.25
2019-06-27,7868124124773.381
2019-06-28,7934713219630.61
2019-06-29,7934713219630.61
2019-06-30,7934713219630.61
2019-07-01,7934713219630.61
2019-07-02,7934713219630.61
2019-07-03,7934713219630.61
2019-07-04,7934713219630.61
2019-07-05,7934713219630.61
2019-07-06,7934713219630.61
2019-07-07,7934713219630.61
2019-07-08,7934713219630.61
2019-07-09,8587445349569.644
2019-07-10,9064159826491.41
2019-07-11,9064159826491.41
2019-07-12,9064159826491.41
2019-07-13,9064159826491.41
2019-07-14,9064159826491.41
2019-07-15,9064159826491.41
2019-07-16,9064159826491.41
2019-07-17,9064159826491.41
2019-07-18,9064159826491.41
2019-07-19,9064159826491.41
2019-07-20,9064159826491.41
2019-07-21,9064159826491.41
2019-07-22,9064159826491.41
2019-07-23,9033161130737.73
2019-07-24,9013786945891.68
2019-07-25,9013786945891.68
2019-07-26,9013786945891.68
2019-07-27,9013786945891.68
2019-07-28,9013786945891.68
2019-07-29,9013786945891.68
2019-07-30,9013786945891.68
2019-07-31,9013786945891.68
2019-08-01,9013786945891.68
2019-08-02,9013786945891.68
2019-08-03,9013786945891.68
2019-08-04,9013786945891.68
2019-08-05,9890230141833.324
2019-08-06,9985348008059.55
2019-08-07,9985348008059.55
2019-08-08,9985348008059.55
2019-08-09,9985348008059.55
2019-08-10,9985348008059.55
2019-08-11,9985348008059.55
2019-08-12,9985348008059.55
2019-08-13,9985348008059.55
2019-08-14,9985348008059.55
2019-08-15,9985348008059.55
2019-08-16,9985348008059.55
2019-08-17,9985348008059.55
2019-08-18,10017050476032.42
2019-08-19,10183488432890.0
2019-08-20,10183488432890.0
2019-08-21,10183488432890.0
2019-08-22,10183488432890.0
2019-08-23,10183488432890.0
2019-08-24,10183488432890.0
2019-08-25,10183488432890.0
2019-08-26,10183488432890.0
2019-08-27,10183488432890.0
2019-08-28,10183488432890.0
2019-08-29,10183488432890.0
2019-08-30,10183488432890.0
2019-08-31,10183488432890.0
2019-09-01,10685572378039.85
2019-09-02,10771996663680.4
2019-09-03,10771996663680.4
2019-09-04,10771996663680.4
2019-09-05,10771996663680.4
2019-09-06,10771996663680.4
2019-09-07,10771996663680.4
2019-09-08,10771996663680.4
2019-09-09,10771996663680.4
2019-09-10,10771996663680.4
2019-09-11,10771996663680.4
2019-09-12,10771996663680.4
2019-09-13,10958429712866.3
2019-09-14,11890594958795.8
2019-09-15,11890594958795.8
2019-09-16,11890594958795.8
2019-09-17,11890594958795.8
2019-09-18,11890594958795.8
2019-09-19,11890594958795.8
2019-09-20,11890594958795.8
2019-09-21,11890594958795.8
2019-09-22,11890594958795.8
2019-09-23,11890594958795.8
2019-09-24,11890594958795.8
2019-09-25,11890594958795.8
2019-09-26,12017674556107.64
2019-09-27,12759819404408.8
2019-09-28,12759819404408.8
2019-09-29,12759819404408.8
2019-09-30,12759819404408.8
2019-10-01,12759819404408.8
2019-10-02,12759819404408.8
2019-10-03,12759819404408.8
2019-10-04,12759819404408.8
2019-10-05,12759819404408.8
2019-10-06,12759819404408.8
2019-10-07,12759819404408.8
2019-10-08,12759819404408.8
2019-10-09,12759819404408.8
2019-10-10,12874760266706.53
2019-10-11,13008091666971.9
2019-10-12,13008091666971.9
2019-10-13,13008091666971.9
2019-10-14,13008091666971.9
2019-10-15,13008091666971.9
2019-10-16,13008091666971.9
2019-10-17,13008091666971.9
2019-10-18,13008091666971.9
2019-10-19,13008091666971.9
2019-10-20,13008091666971.9
2019-10-21,13008091666971.9
2019-10-22,13008091666971.9
2019-10-23,13069108485875.7
2019-10-24,13691480038694.5
2019-10-25,13691480038694.5
2019-10-26,13691480038694.5
2019-10-27,13691480038694.5
2019-10-28,13691480038694.5
2019-10-29,13691480038694.5
2019-10-30,13691480038694.5
2019-10-31,13691480038694.5
2019-11-01,13691480038694.5
2019-11-02,13691480038694.5
2019-11-03,13691480038694.5
2019-11-04,13691480038694.5
2019-11-05,13691480038694.5
2019-11-06,13691480038694.5
2019-11-07,13669891710443.3
2019-11-08,12720005267390.5
2019-11-09,12720005267390.5
2019-11-10,12720005267390.5
2019-11-11,12720005267390.5
2019-11-12,12720005267390.5
2019-11-13,12720005267390.5
2019-11-14,12720005267390.5
2019-11-15,12720005267390.5
2019-11-16,12720005267390.5
2019-11-17,12720005267390.5
2019-11-18,12720005267390.5
2019-11-19,12720005267390.5
2019-11-20,12720005267390.5
2019-11-21,12795789637885.25
2019-11-22,12973235968799.8
2019-11-23,12973235968799.8
2019-11-24,12973235968799.8
2019-11-25,12973235968799.8
2019-11-26,12973235968799.8
2019-11-27,12973235968799.8
2019-11-28,12973235968799.8
2019-11-29,12973235968799.8
2019-11-30,12973235968799.8
2019-12-01,12973235968799.8
2019-12-02,12973235968799.8
2019-12-03,12973235968799.8
2019-12-04,12973235968799.8
2019-12-05,12955951549096.01
2019-12-06,12876842089682.5
2019-12-07,12876842089682.5
2019-12-08,12876842089682.5
2019-12-09,12876842089682.5
2019-12-10,12876842089682.5
2019-12-11,12876842089682.5
2019-12-12,12876842089682.5
2019-12-13,12876842089682.5
2019-12-14,12876842089682.5
2019-12-15,12876842089682.5
2019-12-16,12876842089682.5
2019-12-17,12876842089682.5
2019-12-18,12876842089682.5
2019-12-19,12892837609391.01
2019-12-20,12948593420946.4
2019-12-21,12948593420946.4
2019-12-22,12948593420946.4
2019-12-23,12948593420946.4
2019-12-24,12948593420946.4
2019-12-25,12948593420946.4
2019-12-26,12948593420946.4
2019-12-27,12948593420946.4
2019-12-28,12948593420946.4
2019-12-29,12948593420946.4
2019-12-30,12948593420946.4
2019-12-31,12948593420946.4
2020-01-01,13031658000898.64
2020-01-02,13798783827516.4
2020-01-03,13798783827516.4
2020-01-04,13798783827516.4
2020-01-05,13798783827516.4
2020-01-06,13798783827516.4
2020-01-07,13798783827516.4
2020-01-08,13798783827516.4
2020-01-09,13798783827516.4
2020-01-10,13798783827516.4
2020-01-11,13798783827516.4
2020-01-12,13798783827516.4
2020-01-13,13798783827516.4
2020-01-14,13819009697340.65
2020-01-15,14776367535688.6
2020-01-16,14776367535688.6
2020-01-17,14776367535688.6
2020-01-18,14776367535688.6
2020-01-19,14776367535688.6
2020-01-20,14776367535688.6
2020-01-21,14776367535688.6
2020-01-22,14776367535688.6
2020-01-23,14776367535688.6
2020-01-24,14776367535688.6
2020-01-25,14776367535688.6
2020-01-26,14776367535688.6
2020-01-27,14776367535688.6
2020-01-28,15203806713070.41
2020-01-29,15466098935554.7
2020-01-30,15466098935554.7
2020-01-31,15466098935554.7
2020-02-01,15466098935554.7
2020-02-02,15466098935554.7
2020-02-03,15466098935554.7
2020-02-04,15466098935554.7
2020-02-05,15466098935554.7
2020-02-06,15466098935554.7
2020-02-07,15466098935554.7
2020-02-08,15466098935554.7
2020-02-09,15466098935554.7
2020-02-10,15466098935554.7
2020-02-11,15521134947902.3
2020-02-12,15546745765529.4
2020-02-13,15546745765529.4
2020-02-14,15546745765529.4
2020-02-15,15546745765529.4
2020-02-16,15546745765529.4
2020-02-17,15546745765529.4
2020-02-18,15546745765529.4
2020-02-19,15546745765529.4
2020-02-20,15546745765529.4
2020-02-21,15546745765529.4
2020-02-22,15546745765529.4
2020-02-23,15546745765529.4
2020-02-24,15546745765529.4
2020-02-25,15509350562256.59
2020-02-26,15486913440292.9
2020-02-27,15486913440292.9
2020-02-28,15486913440292.9
2020-02-29,15486913440292.9
2020-03-01,15486913440292.9
2020-03-02,15486913440292.9
2020-03-03,15486913440292.9
2020-03-04,15486913440292.9
2020-03-05,15486913440292.9
2020-03-06,15486913440292.9
2020-03-07,15486913440292.9
2020-03-08,15486913440292.9
2020-03-09,16076772598590.75
2020-03-10,16552923967337.2
2020-03-11,16552923967337.2
2020-03-12,16552923967337.2
2020-03-13,16552923967337.2
2020-03-14,16552923967337.2
2020-03-15,16552923967337.2
2020-03-16,16552923967337.2
2020-03-17,16552923967337.2
2020-03-18,16552923967337.2
2020-03-19,16552923967337.2
2020-03-20,16552923967337.2
2020-03-21,16552923967337.2
2020-03-22,16552923967337.2
2020-03-23,16552923967337.2
2020-03-24,16552923967337.2
2020-03-25,16552923967337.2
2020-03-26,14143559041805.14
2020-03-27,13912524048945.9
2020-03-28,13912524048945.9
2020-03-29,13912524048945.9
2020-03-30,13912524048945.9
2020-03-31,13912524048945.9
2020-04-01,13912524048945.9
2020-04-02,13912524048945.9
2020-04-03,13912524048945.9
2020-04-04,13912524048945.9
2020-04-05,13912524048945.9
2020-04-06,13912524048945.9
2020-04-07,13912524048945.9
2020-04-08,14397482597687.72
2020-04-09,14715214060656.5
2020-04-10,14715214060656.5
2020-04-11,14715214060656.5
2020-04-12,14715214060656.5
2020-04-13,14715214060656.5
2020-04-14,14715214060656.5
2020-04-15,14715214060656.5
2020-04-16,14715214060656.5
2020-04-17,14715214060656.5
2020-04-18,14715214060656.5
2020-04-19,14715214060656.5
2020-04-20,14715214060656.5
2020-04-21,15624843397592.65
2020-04-22,15958652328578.4
2020-04-23,15958652328578.4
2020-04-24,15958652328578.4
2020-04-25,15958652328578.4
2020-04-26,15958652328578.4
2020-04-27,15958652328578.4
2020-04-28,15958652328578.4
2020-04-29,15958652328578.4
2020-04-30,15958652328578.4
2020-05-01,15958652328578.4
2020-05-02,15958652328578.4
2020-05-03,15958652328578.4
2020-05-04,15958652328578.4
2020-05-05,16079831604278.28
2020-05-06,16104807485529.4
2020-05-07,16104807485529.4
2020-05-08,16104807485529.4
2020-05-09,16104807485529.4
2020-05-10,16104807485529.4
2020-05-11,16104807485529.4
2020-05-12,16104807485529.4
2020-05-13,16104807485529.4
2020-05-14,16104807485529.4
2020-05-15,16104807485529.4
2020-05-16,16104807485529.4
2020-05-17,16104807485529.4
2020-05-18,16104807485529.4
2020-05-19,16104807485529.4
2020-05-20,15213703057048.28
2020-05-21,15138043247082.9
2020-05-22,15138043247082.9
2020-05-23,15138043247082.9
2020-05-24,15138043247082.9
2020-05-25,15138043247082.9
2020-05-26,15138043247082.9
2020-05-27,15138043247082.9
2020-05-28,15138043247082.9
2020-05-29,15138043247082.9
2020-05-30,15138043247082.9
2020-05-31,15138043247082.9
2020-06-01,15138043247082.9
2020-06-02,15138043247082.9
2020-06-03,15138043247082.9
2020-06-04,14477089134396.9
2020-06-05,13732352106018.3
2020-06-06,13732352106018.3
2020-06-07,13732352106018.3
2020-06-08,13732352106018.3
2020-06-09,13732352106018.3
2020-06-10,13732352106018.3
2020-06-11,13732352106018.3
2020-06-12,13732352106018.3
2020-06-13,13732352106018.3
2020-06-14,13732352106018.3
2020-06-15,13732352106018.3
2020-06-16,14265974077877.67
2020-06-17,15784744305477.4
2020-06-18,15784744305477.4
2020-06-19,15784744305477.4
2020-06-20,15784744305477.4
2020-06-21,15784744305477.4
2020-06-22,15784744305477.4
2020-06-23,15784744305477.4
2020-06-24,15784744305477.4
2020-06-25,15784744305477.4
2020-06-26,15784744305477.4
2020-06-27,15784744305477.4
2020-06-28,15784744305477.4
2020-06-29,15784744305477.4
2020-06-30,15784618886622.83
2020-07-01,15784217546288.2
2020-07-02,15784217546288.2
2020-07-03,15784217546288.2
2020-07-04,15784217546288.2
2020-07-05,15784217546288.2
2020-07-06,15784217546288.2
2020-07-07,15784217546288.2
2020-07-08,15784217546288.2
2020-07-09,15784217546288.2
2020-07-10,15784217546288.2
2020-07-11,15784217546288.2
2020-07-12,15784217546288.2
2020-07-13,16570395220715.85
2020-07-14,17345948872516.1
2020-07-15,17345948872516.1
2020-07-16,17345948872516.1
2020-07-17,17345948872516.1
2020-07-18,17345948872516.1
2020-07-19,17345948872516.1
2020-07-20,17345948872516.1
2020-07-21,17345948872516.1
2020-07-22,17345948872516.1
2020-07-23,17345948872516.1
2020-07-24,17345948872516.1
2020-07-25,17345948872516.1
2020-07-26,17345948872516.1
2020-07-27,17309155182109.23
2020-07-28,16847561611550.3
2020-07-29,16847561611550.3
2020-07-30,16847561611550.3
2020-07-31,16847561611550.3
2020-08-01,16847561611550.3
2020-08-02,16847561611550.3
2020-08-03,16847561611550.3
2020-08-04,16847561611550.3
2020-08-05,16847561611550.3
2020-08-06,16847561611550.3
2020-08-07,16847561611550.3
2020-08-08,16847561611550.3
2020-08-09,16847561611550.3
2020-08-10,16871707187018.02
2020-08-11,16947802333946.6
2020-08-12,16947802333946.6
2020-08-13,16947802333946.6
2020-08-14,16947802333946.6
2020-08-15,16947802333946.6
2020-08-16,16947802333946.6
2020-08-17,16947802333946.6
2020-08-18,16947802333946.6
2020-08-19,16947802333946.6
2020-08-20,16947802333946.6
2020-08-21,16947802333946.6
2020-08-22,16947802333946.6
2020-08-23,16947802333946.6
2020-08-24,17340945336075.37
2020-08-25,17557993035167.3
2020-08-26,17557993035167.3
2020-08-27,17557993035167.3
2020-08-28,17557993035167.3
2020-08-29,17557993035167.3
2020-08-30,17557993035167.3
2020-08-31,17557993035167.3
2020-09-01,17557993035167.3
2020-09-02,17557993035167.3
2020-09-03,17557993035167.3
2020-09-04,17557993035167.3
2020-09-05,17557993035167.3
2020-09-06,17557993035167.3
2020-09-07,17445332713343.57
2020-09-08,17345997805929.1
2020-09-09,17345997805929.1
2020-09-10,17345997805929.1
2020-09-11,17345997805929.1
2020-09-12,17345997805929.1
2020-09-13,17345997805929.1
2020-09-14,17345997805929.1
2020-09-15,17345997805929.1
2020-09-16,17345997805929.1
2020-09-17,17345997805929.1
2020-09-18,17345997805929.1
2020-09-19,17345997805929.1
2020-09-20,19148290888758.87
2020-09-21,19314656404097.0
2020-09-22,19314656404097.0
2020-09-23,19314656404097.0
2020-09-24,19314656404097.0
2020-09-25,19314656404097.0
2020-09-26,19314656404097.0
2020-09-27,19314656404097.0
2020-09-28,19314656404097.0
2020-09-29,19314656404097.0
2020-09-30,19314656404097.0
2020-10-01,19314656404097.0
2020-10-02,19314656404097.0
2020-10-03,19314656404097.0
2020-10-04,19300708897945.26
2020-10-05,19298087186262.6
2020-10-06,19298087186262.6
2020-10-07,19298087186262.6
2020-10-08,19298087186262.6
2020-10-09,19298087186262.6
2020-10-10,19298087186262.6
2020-10-11,19298087186262.6
2020-10-12,19298087186262.6
2020-10-13,19298087186262.6
2020-10-14,19298087186262.6
2020-10-15,19298087186262.6
2020-10-16,19298087186262.6
2020-10-17,19529685517635.48
2020-10-18,19997335994446.1
2020-10-19,19997335994446.1
2020-10-20,19997335994446.1
2020-10-21,19997335994446.1
2020-10-22,19997335994446.1
2020-10-23,19997335994446.1
2020-10-24,19997335994446.1
2020-10-25,19997335994446.1
2020-10-26,19997335994446.1
2020-10-27,19997335994446.1
2020-10-28,19997335994446.1
2020-10-29,19997335994446.1
2020-10-30,19997335994446.1
2020-10-31,19997335994446.1
2020-11-01,19997335994446.1
2020-11-02,19997335994446.1
2020-11-03,17865273539019.34
2020-11-04,16787779609932.7
2020-11-05,16787779609932.7
2020-11-06,16787779609932.7
2020-11-07,16787779609932.7
2020-11-08,16787779609932.7
2020-11-09,16787779609932.7
2020-11-10,16787779609932.7
2020-11-11,16787779609932.7
2020-11-12,16787779609932.7
2020-11-13,16787779609932.7
2020-11-14,16787779609932.7
2020-11-15,16787779609932.7
2020-11-16,17040598812944.79
2020-11-17,17596801059571.4
2020-11-18,17596801059571.4
2020-11-19,17596801059571.4
2020-11-20,17596801059571.4
2020-11-21,17596801059571.4
2020-11-22,17596801059571.4
2020-11-23,17596801059571.4
2020-11-24,17596801059571.4
2020-11-25,17596801059571.4
2020-11-26,17596801059571.4
2020-11-27,17596801059571.4
2020-11-28,17596801059571.4
2020-11-29,18158528379021.33
2020-11-30,19157154724710.1
2020-12-01,19157154724710.1
2020-12-02,19157154724710.1
2020-12-03,19157154724710.1
2020-12-04,19157154724710.1
2020-12-05,19157154724710.1
2020-12-06,19157154724710.1
2020-12-07,19157154724710.1
2020-12-08,19157154724710.1
2020-12-09,19157154724710.1
2020-12-10,19157154724710.1
2020-12-11,19157154724710.1
2020-12-12,19157154724710.1
2020-12-13,19144667899932.91
2020-12-14,18670168558399.6
2020-12-15,18670168558399.6
2020-12-16,18670168558399.6
2020-12-17,18670168558399.6
2020-12-18,18670168558399.6
2020-12-19,18670168558399.6
2020-12-20,18670168558399.6
2020-12-21,18670168558399.6
2020-12-22,18670168558399.6
2020-12-23,18670168558399.6
2020-12-24,18670168558399.6
2020-12-25,18670168558399.6
2020-12-26,18670168558399.6
2020-12-27,18670168558399.6
2020-12-28,18600034145237.62
2020-12-29,18599593048299.5
2020-12-30,18599593048299.5
2020-12-31,18599593048299.5
2021-01-01,18599593048299.5
2021-01-02,18599593048299.5
2021-01-03,18599593048299.5
2021-01-04,18599593048299.5
2021-01-05,18599593048299.5
2021-01-06,18599593048299.5
2021-01-07,18599593048299.5
2021-01-08,18599593048299.5
2021-01-09,19365166707094.92
2021-01-10,20607418304385.6
2021-01-11,20607418304385.6
2021-01-12,20607418304385.6
2021-01-13,20607418304385.6
2021-01-14,20607418304385.6
2021-01-15,20607418304385.6
2021-01-16,20607418304385.6
2021-01-17,20607418304385.6
2021-01-18,20607418304385.6
2021-01-19,20607418304385.6
2021-01-20,20607418304385.6
2021-01-21,20607418304385.6
2021-01-22,20607418304385.6
2021-01-23,20736254808568.35
2021-01-24,20823531150111.5
2021-01-25,20823531150111.5
2021-01-26,20823531150111.5
2021-01-27,20823531150111.5
2021-01-28,20823531150111.5
2021-01-29,20823531150111.5
2021-01-30,20823531150111.5
2021-01-31,20823531150111.5
2021-02-01,20823531150111.5
2021-02-02,20823531150111.5
2021-02-03,20823531150111.5
2021-02-04,20823531150111.5
2021-02-05,20823531150111.5
2021-02-06,21384451039675.4
2021-02-07,21434395961348.9
2021-02-08,21434395961348.9
2021-02-09,21434395961348.9
2021-02-10,21434395961348.9
2021-02-11,21434395961348.9
2021-02-12,21434395961348.9
2021-02-13,21434395961348.9
2021-02-14,21434395961348.9
2021-02-15,21434395961348.9
2021-02-16,21434395961348.9
2021-02-17,21434395961348.9
2021-02-18,21434395961348.9
2021-02-19,21455226865438.33
2021-02-20,21724134900047.3
2021-02-21,21724134900047.3
2021-02-22,21724134900047.3
2021-02-23,21724134900047.3
2021-02-24,21724134900047.3
2021-02-25,21724134900047.3
2021-02-26,21724134900047.3
2021-02-27,21724134900047.3
2021-02-28,21724134900047.3
2021-03-01,21724134900047.3
2021-03-02,21724134900047.3
2021-03-03,21724134900047.3
2021-03-04,21724134900047.3
2021-03-05,21724134900047.3
2021-03-06,21473685655440.14
2021-03-07,21448277761059.7
2021-03-08,21448277761059.7
2021-03-09,21448277761059.7
2021-03-10,21448277761059.7
2021-03-11,21448277761059.7
2021-03-12,21448277761059.7
2021-03-13,21448277761059.7
2021-03-14,21448277761059.7
2021-03-15,21448277761059.7
2021-03-16,21448277761059.7
2021-03-17,21448277761059.7
2021-03-18,21448277761059.7
2021-03-19,21524403218193.97
2021-03-20,21865558044610.5
2021-03-21,21865558044610.5
2021-03-22,21865558044610.5
2021-03-23,21865558044610.5
2021-03-24,21865558044610.5
2021-03-25,21865558044610.5
2021-03-26,21865558044610.5
2021-03-27,21865558044610.5
2021-03-28,21865558044610.5
2021-03-29,21865558044610.5
2021-03-30,21865558044610.5
2021-03-31,21865558044610.5
2021-04-01,21865558044610.5
2021-04-02,23064760716651.44
2021-04-03,23137439666472.1
2021-04-04,23137439666472.1
2021-04-05,23137439666472.1
2021-04-06,23137439666472.1
2021-04-07,23137439666472.1
2021-04-08,23137439666472.1
2021-04-09,23137439666472.1
2021-04-10,23137439666472.1
2021-04-11,23137439666472.1
2021-04-12,23137439666472.1
2021-04-13,23137439666472.1
2021-04-14,23137439666472.1
2021-04-15,23217560568175.25
2021-04-16,23581981443663.8
2021-04-17,23581981443663.8
2021-04-18,23581981443663.8
2021-04-19,23581981443663.8
2021-04-20,23581981443663.8
2021-04-21,23581981443663.8
2021-04-22,23581981443663.8
2021-04-23,23581981443663.8
2021-04-24,23581981443663.8
2021-04-25,23581981443663.8
2021-04-26,23581981443663.8
2021-04-27,23581981443663.8
2021-04-28,23581981443663.8
2021-04-29,23581981443663.8
2021-04-30,23581981443663.8
2021-05-01,23004465874892.71
2021-05-02,20608845737768.2
2021-05-03,20608845737768.2
2021-05-04,20608845737768.2
2021-05-05,20608845737768.2
2021-05-06,20608845737768.2
2021-05-07,20608845737768.2
2021-05-08,20608845737768.2
2021-05-09,20608845737768.2
2021-05-10,20608845737768.2
2021-05-11,20608845737768.2
2021-05-12,20608845737768.2
2021-05-13,23227330060562.82
2021-05-14,25046487590083.3
2021-05-15,25046487590083.3
2021-05-16,25046487590083.3
2021-05-17,25046487590083.3
2021-05-18,25046487590083.3
2021-05-19,25046487590083.3
2021-05-20,25046487590083.3
2021-05-21,25046487590083.3
2021-05-22,25046487590083.3
2021-05-23,25046487590083.3
2021-05-24,25046487590083.3
2021-05-25,25046487590083.3
2021-05-26,25046487590083.3
2021-05-27,25046487590083.3
2021-05-28,25046487590083.3
2021-05-29,25046487590083.3
2021-05-30,21214345448186.25
2021-05-31,21047730572451.6
2021-06-01,21047730572451.6
2021-06-02,21047730572451.6
2021-06-03,21047730572451.6
2021-06-04,21047730572451.6
2021-06-05,21047730572451.6
2021-06-06,21047730572451.6
2021-06-07,21047730572451.6
2021-06-08,21047730572451.6
2021-06-09,21047730572451.6
2021-06-10,21047730572451.6
2021-06-11,21047730572451.6
2021-06-12,21047730572451.6
2021-06-13,20836567779802.19
2021-06-14,19932791027262.7
2021-06-15,19932791027262.7
2021-06-16,19932791027262.7
2021-06-17,19932791027262.7
2021-06-18,19932791027262.7
2021-06-19,19932791027262.7
2021-06-20,19932791027262.7
2021-06-21,19932791027262.7
2021-06-22,19932791027262.7
2021-06-23,19932791027262.7
2021-06-24,19932791027262.7
2021-06-25,19932791027262.7
2021-06-26,19932791027262.7
2021-06-27,19932791027262.7
2021-06-28,19932791027262.7
2021-06-29,19932791027262.7
2021-06-30,19932791027262.7
2021-07-01,19932791027262.7
2021-07-02,19932791027262.7
2021-07-03,15634861856766.13
2021-07-04,14363025673660.0
2021-07-05,14363025673660.0
2021-07-06,14363025673660.0
2021-07-07,14363025673660.0
2021-07-08,14363025673660.0
2021-07-09,14363025673660.0
2021-07-10,14363025673660.0
2021-07-11,14363025673660.0
2021-07-12,14363025673660.0
2021-07-13,14363025673660.0
2021-07-14,14363025673660.0
2021-07-15,14363025673660.0
2021-07-16,14363025673660.0
2021-07-17,14348541098817.08
2021-07-18,13672594272814.1
2021-07-19,13672594272814.1
2021-07-20,13672594272814.1
2021-07-21,13672594272814.1
2021-07-22,13672594272814.1
2021-07-23,13672594272814.1
2021-07-24,13672594272814.1
2021-07-25,13672594272814.1
2021-07-26,13672594272814.1
2021-07-27,13672594272814.1
2021-07-28,13672594272814.1
2021-07-29,13672594272814.1
2021-07-30,13672594272814.1
2021-07-31,14319158983942.83
2021-08-01,14496442856349.1
2021-08-02,14496442856349.1
2021-08-03,14496442856349.1
2021-08-04,14496442856349.1
2021-08-05,14496442856349.1
2021-08-06,14496442856349.1
2021-08-07,14496442856349.1
2021-08-08,14496442856349.1
2021-08-09,14496442856349.1
2021-08-10,14496442856349.1
2021-08-11,14496442856349.1
2021-08-12,14496442856349.1
2021-08-13,15324761487407.12
2021-08-14,15556093717702.6
2021-08-15,15556093717702.6
2021-08-16,15556093717702.6
2021-08-17,15556093717702.6
2021-08-18,15556093717702.6
2021-08-19,15556093717702.6
2021-08-20,15556093717702.6
2021-08-21,15556093717702.6
2021-08-22,15556093717702.6
2021-08-23,15556093717702.6
2021-08-24,15556093717702.6
2021-08-25,16431142929372.53
2021-08-26,17615033039278.9
2021-08-27,17615033039278.9
2021-08-28,17615033039278.9
2021-08-29,17615033039278.9
2021-08-30,17615033039278.9
2021-08-31,17615033039278.9
2021-09-01,17615033039278.9
2021-09-02,17615033039278.9
2021-09-03,17615033039278.9
2021-09-04,17615033039278.9
2021-09-05,17615033039278.9
2021-09-06,17615033039278.9
2021-09-07,17615033039278.9
2021-09-08,18403887482923.28
2021-09-09,18415156832118.2
2021-09-10,18415156832118.2
2021-09-11,18415156832118.2
2021-09-12,18415156832118.2
2021-09-13,18415156832118.2
2021-09-14,18415156832118.2
2021-09-15,18415156832118.2
2021-09-16,18415156832118.2
2021-09-17,18415156832118.2
2021-09-18,18415156832118.2
2021-09-19,18415156832118.2
2021-09-20,18415156832118.2
2021-09-21,18632996500113.95
2021-09-22,18997641161759.0
2021-09-23,18997641161759.0
2021-09-24,18997641161759.0
2021-09-25,18997641161759.0
2021-09-26,18997641161759.0
2021-09-27,18997641161759.0
2021-09-28,18997641161759.0
2021-09-29,18997641161759.0
2021-09-30,18997641161759.0
2021-10-01,18997641161759.0
2021-10-02,18997641161759.0
2021-10-03,18997641161759.0
2021-10-04,19009120698769.46
2021-10-05,19893045048575.1
2021-10-06,19893045048575.1
2021-10-07,19893045048575.1
2021-10-08,19893045048575.1
2021-10-09,19893045048575.1
2021-10-10,19893045048575.1
2021-10-11,19893045048575.1
2021-10-12,19893045048575.1
2021-10-13,19893045048575.1
2021-10-14,19893045048575.1
2021-10-15,19893045048575.1
2021-10-16,19893045048575.1
2021-10-17,19893045048575.1
2021-10-18,19917361849675.49
2021-10-19,20082460130830.8
2021-10-20,20082460130830.8
2021-10-21,20082460130830.8
2021-10-22,20082460130830.8
2021-10-23,20082460130830.8
2021-10-24,20082460130830.8
2021-10-25,20082460130830.8
2021-10-26,20082460130830.8
2021-10-27,20082460130830.8
2021-10-28,20082460130830.8
2021-10-29,20082460130830.8
2021-10-30,20082460130830.8
2021-10-31,20286661027548.87
2021-11-01,21659344833264.8
2021-11-02,21659344833264.8
2021-11-03,21659344833264.8
2021-11-04,21659344833264.8
2021-11-05,21659344833264.8
2021-11-06,21659344833264.8
2021-11-07,21659344833264.8
2021-11-08,21659344833264.8
2021-11-09,21659344833264.8
2021-11-10,21659344833264.8
2021-11-11,21659344833264.8
2021-11-12,21659344833264.8
2021-11-13,21659344833264.8
2021-11-14,22434990744236.75
2021-11-15,22674148233453.1
2021-11-16,22674148233453.1
2021-11-17,22674148233453.1
2021-11-18,22674148233453.1
2021-11-19,22674148233453.1
2021-11-20,22674148233453.1
2021-11-21,22674148233453.1
2021-11-22,22674148233453.1
2021-11-23,22674148233453.1
2021-11-24,22674148233453.1
2021-11-25,22674148233453.1
2021-11-26,22674148233453.1
2021-11-27,22674148233453.1
2021-11-28,22464723406485.93
2021-11-29,22335659268936.4
2021-11-30,22335659268936.4
2021-12-01,22335659268936.4
2021-12-02,22335659268936.4
2021-12-03,22335659268936.4
2021-12-04,22335659268936.4
2021-12-05,22335659268936.4
2021-12-06,22335659268936.4
2021-12-07,22335659268936.4
2021-12-08,22335659268936.4
2021-12-09,22335659268936.4
2021-12-10,22335659268936.4
2021-12-11,23468677477375.49
2021-12-12,24195286980613.6
2021-12-13,24195286980613.6
2021-12-14,24195286980613.6
2021-12-15,24195286980613.6
2021-12-16,24195286980613.6
2021-12-17,24195286980613.6
2021-12-18,24195286980613.6
2021-12-19,24195286980613.6
2021-12-20,24195286980613.6
2021-12-21,24195286980613.6
2021-12-22,24195286980613.6
2021-12-23,24195286980613.6
2021-12-24,24195286980613.6
2021-12-25,24242457398797.11
2021-12-26,24272331996980.0
2021-12-27,24272331996980.0
2021-12-28,24272331996980.0
2021-12-29,24272331996980.0
2021-12-30,24272331996980.0
2021-12-31,24272331996980.0
2022-01-01,24272331996980.0
2022-01-02,24272331996980.0
2022-01-03,24272331996980.0
2022-01-04,24272331996980.0
2022-01-05,24272331996980.0
2022-01-06,24272331996980.0
2022-01-07,24272331996980.0
2022-01-08,24341458814595.0
2022-01-09,24371874614345.6
2022-01-10,24371874614345.6
2022-01-11,24371874614345.6
2022-01-12,24371874614345.6
2022-01-13,24371874614345.6
2022-01-14,24371874614345.6
2022-01-15,24371874614345.6
2022-01-16,24371874614345.6
2022-01-17,24371874614345.6
2022-01-18,24371874614345.6
2022-01-19,24371874614345.6
2022-01-20,24371874614345.6
2022-01-21,26338083826987.6
2022-01-22,26643185256535.5
2022-01-23,26643185256535.5
2022-01-24,26643185256535.5
2022-01-25,26643185256535.5
2022-01-26,26643185256535.5
2022-01-27,26643185256535.5
2022-01-28,26643185256535.5
2022-01-29,26643185256535.5
2022-01-30,26643185256535.5
2022-01-31,26643185256535.5
2022-02-01,26643185256535.5
2022-02-02,26643185256535.5
2022-02-03,26643185256535.5
2022-02-04,26684698822067.65
2022-02-05,26690525287405.5
2022-02-06,26690525287405.5
2022-02-07,26690525287405.5
2022-02-08,26690525287405.5
2022-02-09,26690525287405.5
2022-02-10,26690525287405.5
2022-02-11,26690525287405.5
2022-02-12,26690525287405.5
2022-02-13,26690525287405.5
2022-02-14,26690525287405.5
2022-02-15,26690525287405.5
2022-02-16,26690525287405.5
2022-02-17,27324773218056.7
2022-02-18,27967152532434.2
2022-02-19,27967152532434.2
2022-02-20,27967152532434.2
2022-02-21,27967152532434.2
2022-02-22,27967152532434.2
2022-02-23,27967152532434.2
2022-02-24,27967152532434.2
2022-02-25,27967152532434.2
2022-02-26,27967152532434.2
2022-02-27,27967152532434.2
2022-02-28,27967152532434.2
2022-03-01,27967152532434.2
2022-03-02,27967152532434.2
2022-03-03,27851682002895.64
2022-03-04,27550332084343.8
2022-03-05,27550332084343.8
2022-03-06,27550332084343.8
2022-03-07,27550332084343.8
2022-03-08,27550332084343.8
2022-03-09,27550332084343.8
2022-03-10,27550332084343.8
2022-03-11,27550332084343.8
2022-03-12,27550332084343.8
2022-03-13,27550332084343.8
2022-03-14,27550332084343.8
2022-03-15,27550332084343.8
2022-03-16,27550332084343.8
2022-03-17,27520860571022.32
2022-03-18,27452707696466.4
2022-03-19,27452707696466.4
2022-03-20,27452707696466.4
2022-03-21,27452707696466.4
2022-03-22,27452707696466.4
2022-03-23,27452707696466.4
2022-03-24,27452707696466.4
2022-03-25,27452707696466.4
2022-03-26,27452707696466.4
2022-03-27,27452707696466.4
2022-03-28,27452707696466.4
2022-03-29,27452707696466.4
2022-03-30,27452707696466.4
2022-03-31,28315874718216.5
2022-04-01,28587155782195.1
2022-04-02,28587155782195.1
2022-04-03,28587155782195.1
2022-04-04,28587155782195.1
2022-04-05,28587155782195.1
2022-04-06,28587155782195.1
2022-04-07,28587155782195.1
2022-04-08,28587155782195.1
2022-04-09,28587155782195.1
2022-04-10,28587155782195.1
2022-04-11,28587155782195.1
2022-04-12,28587155782195.1
2022-04-13,28587155782195.1
2022-04-14,28351572544596.84
2022-04-15,28225928151211.1
2022-04-16,28225928151211.1
2022-04-17,28225928151211.1
2022-04-18,28225928151211.1
2022-04-19,28225928151211.1
2022-04-20,28225928151211.1
2022-04-21,28225928151211.1
2022-04-22,28225928151211.1
2022-04-23,28225928151211.1
2022-04-24,28225928151211.1
2022-04-25,28225928151211.1
2022-04-26,28225928151211.1
2022-04-27,28770282779728.51
2022-04-28,29794407589312.1
2022-04-29,29794407589312.1
2022-04-30,29794407589312.1
2022-05-01,29794407589312.1
2022-05-02,29794407589312.1
2022-05-03,29794407589312.1
2022-05-04,29794407589312.1
2022-05-05,29794407589312.1
2022-05-06,29794407589312.1
2022-05-07,29794407589312.1
2022-05-08,29794407589312.1
2022-05-09,29794407589312.1
2022-05-10,29822970212378.75
2022-05-11,31251101365711.1
2022-05-12,31251101365711.1
2022-05-13,31251101365711.1
2022-05-14,31251101365711.1
2022-05-15,31251101365711.1
2022-05-16,31251101365711.1
2022-05-17,31251101365711.1
2022-05-18,31251101365711.1
2022-05-19,31251101365711.1
2022-05-20,31251101365711.1
2022-05-21,31251101365711.1
2022-05-22,31251101365711.1
2022-05-23,31251101365711.1
2022-05-24,31251101365711.1
2022-05-25,30705864440302.11
2022-05-26,29897409688833.6
2022-05-27,29897409688833.6
2022-05-28,29897409688833.6
2022-05-29,29897409688833.6
2022-05-30,29897409688833.6
2022-05-31,29897409688833.6
2022-06-01,29897409688833.6
2022-06-02,29897409688833.6
2022-06-03,29897409688833.6
2022-06-04,29897409688833.6
2022-06-05,29897409688833.6
2022-06-06,29897409688833.6
2022-06-07,29897409688833.6
2022-06-08,30107694713067.31
2022-06-09,30283293547736.7
2022-06-10,30283293547736.7
2022-06-11,30283293547736.7
2022-06-12,30283293547736.7
2022-06-13,30283293547736.7
2022-06-14,30283293547736.7
2022-06-15,30283293547736.7
2022-06-16,30283293547736.7
2022-06-17,30283293547736.7
2022-06-18,30283293547736.7
2022-06-19,30283293547736.7
2022-06-20,30283293547736.7
2022-06-21,30283293547736.7
2022-06-22,30139562945443.32
2022-06-23,29570168636358.0
2022-06-24,29570168636358.0
2022-06-25,29570168636358.0
2022-06-26,29570168636358.0
2022-06-27,29570168636358.0
2022-06-28,29570168636358.0
2022-06-29,29570168636358.0
2022-06-30,29570168636358.0
2022-07-01,29570168636358.0
2022-07-02,29570168636358.0
2022-07-03,29570168636358.0
2022-07-04,29570168636358.0
2022-07-05,29570168636358.0
2022-07-06,29570168636358.0
2022-07-07,29155457214820.22
2022-07-08,29152798808271.9
2022-07-09,29152798808271.9
2022-07-10,29152798808271.9
2022-07-11,29152798808271.9
2022-07-12,29152798808271.9
2022-07-13,29152798808271.9
2022-07-14,29152798808271.9
2022-07-15,29152798808271.9
2022-07-16,29152798808271.9
2022-07-17,29152798808271.9
2022-07-18,29152798808271.9
2022-07-19,29152798808271.9
2022-07-20,29152798808271.9
2022-07-21,28827135813162.64
2022-07-22,27692567959233.6
2022-07-23,27692567959233.6
2022-07-24,27692567959233.6
2022-07-25,27692567959233.6
2022-07-26,27692567959233.6
2022-07-27,27692567959233.6
2022-07-28,27692567959233.6
2022-07-29,27692567959233.6
2022-07-30,27692567959233.6
2022-07-31,27692567959233.6
2022-08-01,27692567959233.6
2022-08-02,27692567959233.6
2022-08-03,27692567959233.6
2022-08-04,27915356836850.3
2022-08-05,28174668481289.4
2022-08-06,28174668481289.4
2022-08-07,28174668481289.4
2022-08-08,28174668481289.4
2022-08-09,28174668481289.4
2022-08-10,28174668481289.4
2022-08-11,28174668481289.4
2022-08-12,28174668481289.4
2022-08-13,28174668481289.4
2022-08-14,28174668481289.4
2022-08-15,28174668481289.4
2022-08-16,28174668481289.4
2022-08-17,28174668481289.4
2022-08-18,28275424991711.35
2022-08-19,28351606743493.8
2022-08-20,28351606743493.8
2022-08-21,28351606743493.8
2022-08-22,28351606743493.8
2022-08-23,28351606743493.8
2022-08-24,28351606743493.8
2022-08-25,28351606743493.8
2022-08-26,28351606743493.8
2022-08-27,28351606743493.8
2022-08-28,28351606743493.8
2022-08-29,28351606743493.8
2022-08-30,28351606743493.8
2022-08-31,30293716756044.21
2022-09-01,30977051760460.1
2022-09-02,30977051760460.1
2022-09-03,30977051760460.1
2022-09-04,30977051760460.1
2022-09-05,30977051760460.1
2022-09-06,30977051760460.1
2022-09-07,30977051760460.1
2022-09-08,30977051760460.1
2022-09-09,30977051760460.1
2022-09-10,30977051760460.1
2022-09-11,30977051760460.1
2022-09-12,30977051760460.1
2022-09-13,31125211237044.16
2022-09-14,32045359565303.1
2022-09-15,32045359565303.1
2022-09-16,32045359565303.1
2022-09-17,32045359565303.1
2022-09-18,32045359565303.1
2022-09-19,32045359565303.1
2022-09-20,32045359565303.1
2022-09-21,32045359565303.1
2022-09-22,32045359565303.1
2022-09-23,32045359565303.1
2022-09-24,32045359565303.1
2022-09-25,32045359565303.1
2022-09-26,32045359565303.1
2022-09-27,32045359565303.1
2022-09-28,31419898493798.61
2022-09-29,31360548173144.9
2022-09-30,31360548173144.9
2022-10-01,31360548173144.9
2022-10-02,31360548173144.9
2022-10-03,31360548173144.9
2022-10-04,31360548173144.9
2022-10-05,31360548173144.9
2022-10-06,31360548173144.9
2022-10-07,31360548173144.9
2022-10-08,31360548173144.9
2022-10-09,31360548173144.9
2022-10-10,33738662001569.36
2022-10-11,35610794164371.6
2022-10-12,35610794164371.6
2022-10-13,35610794164371.6
2022-10-14,35610794164371.6
2022-10-15,35610794164371.6
2022-10-16,35610794164371.6
2022-10-17,35610794164371.6
2022-10-18,35610794164371.6
2022-10-19,35610794164371.6
2022-10-20,35610794164371.6
2022-10-21,35610794164371.6
2022-10-22,35610794164371.6
2022-10-23,35626599175757.62
2022-10-24,36835682546788.0
2022-10-25,36835682546788.0
2022-10-26,36835682546788.0
2022-10-27,36835682546788.0
2022-10-28,36835682546788.0
2022-10-29,36835682546788.0
2022-10-30,36835682546788.0
2022-10-31,36835682546788.0
2022-11-01,36835682546788.0
2022-11-02,36835682546788.0
2022-11-03,36835682546788.0
2022-11-04,36835682546788.0
2022-11-05,36835682546788.0
2022-11-06,36835682546788.0
2022-11-07,36766791551487.25
2022-11-08,36762198818467.2
2022-11-09,36762198818467.2
2022-11-10,36762198818467.2
2022-11-11,36762198818467.2
2022-11-12,36762198818467.2
2022-11-13,36762198818467.2
2022-11-14,36762198818467.2
2022-11-15,36762198818467.2
2022-11-16,36762198818467.2
2022-11-17,36762198818467.2
2022-11-18,36762198818467.2
2022-11-19,36762198818467.2
2022-11-20,36773572356982.62
2022-11-21,36950494067222.4
2022-11-22,36950494067222.4
2022-11-23,36950494067222.4
2022-11-24,36950494067222.4
2022-11-25,36950494067222.4
2022-11-26,36950494067222.4
2022-11-27,36950494067222.4
2022-11-28,36950494067222.4
2022-11-29,36950494067222.4
2022-11-30,36950494067222.4
2022-12-01,36950494067222.4
2022-12-02,36950494067222.4
2022-12-03,36950494067222.4
2022-12-04,36950494067222.4
2022-12-05,36950494067222.4
2022-12-06,34464833739061.45
2022-12-07,34244331613176.2
2022-12-08,34244331613176.2
2022-12-09,34244331613176.2
2022-12-10,34244331613176.2
2022-12-11,34244331613176.2
2022-12-12,34244331613176.2
2022-12-13,34244331613176.2
2022-12-14,34244331613176.2
2022-12-15,34244331613176.2
2022-12-16,34244331613176.2
2022-12-17,34244331613176.2
2022-12-18,34244331613176.2
2022-12-19,34606598588472.96
2022-12-20,35364065900457.1
2022-12-21,35364065900457.1
2022-12-22,35364065900457.1
2022-12-23,35364065900457.1
2022-12-24,35364065900457.1
2022-12-25,35364065900457.1
2022-12-26,35364065900457.1
2022-12-27,35364065900457.1
2022-12-28,35364065900457.1
2022-12-29,35364065900457.1
2022-12-30,35364065900457.1
2022-12-31,35364065900457.1
2023-01-01,35364065900457.1
2023-01-02,35364065900457.1
2023-01-03,34209069922954.1
2023-01-04,34093570325203.8
2023-01-05,34093570325203.8
2023-01-06,34093570325203.8
2023-01-07,34093570325203.8
2023-01-08,34093570325203.8
2023-01-09,34093570325203.8
2023-01-10,34093570325203.8
2023-01-11,34093570325203.8
2023-01-12,34093570325203.8
2023-01-13,34093570325203.8
2023-01-14,34093570325203.8
2023-01-15,34586995580398.56
2023-01-16,37590453655497.1
2023-01-17,37590453655497.1
2023-01-18,37590453655497.1
2023-01-19,37590453655497.1
2023-01-20,37590453655497.1
2023-01-21,37590453655497.1
2023-01-22,37590453655497.1
2023-01-23,37590453655497.1
2023-01-24,37590453655497.1
2023-01-25,37590453655497.1
2023-01-26,37590453655497.1
2023-01-27,37590453655497.1
2023-01-28,37590453655497.1
2023-01-29,38858880377385.04
2023-01-30,39350942467772.6
2023-01-31,39350942467772.6
2023-02-01,39350942467772.6
2023-02-02,39350942467772.6
2023-02-03,39350942467772.6
2023-02-04,39350942467772.6
2023-02-05,39350942467772.6
2023-02-06,39350942467772.6
2023-02-07,39350942467772.6
2023-02-08,39350942467772.6
2023-02-09,39350942467772.6
2023-02-10,39350942467772.6
2023-02-11,39350942467772.6
2023-02-12,39227251924109.77
2023-02-13,39156400059293.2
2023-02-14,39156400059293.2
2023-02-15,39156400059293.2
2023-02-16,39156400059293.2
2023-02-17,39156400059293.2
2023-02-18,39156400059293.2
2023-02-19,39156400059293.2
2023-02-20,39156400059293.2
2023-02-21,39156400059293.2
2023-02-22,39156400059293.2
2023-02-23,39156400059293.2
2023-02-24,39156400059293.2
2023-02-25,42835295924696.62
2023-02-26,43053844193928.5
2023-02-27,43053844193928.5
2023-02-28,43053844193928.5
2023-03-01,43053844193928.5
2023-03-02,43053844193928.5
2023-03-03,43053844193928.5
2023-03-04,43053844193928.5
2023-03-05,43053844193928.5
2023-03-06,43053844193928.5
2023-03-07,43053844193928.5
2023-03-08,43053844193928.5
2023-03-09,43053844193928.5
2023-03-10,43127061549761.13
2023-03-11,43551722213590.4
2023-03-12,43551722213590.4
2023-03-13,43551722213590.4
2023-03-14,43551722213590.4
2023-03-15,43551722213590.4
2023-03-16,43551722213590.4
2023-03-17,43551722213590.4
2023-03-18,43551722213590.4
2023-03-19,43551722213590.4
2023-03-20,43551722213590.4
2023-03-21,43551722213590.4
2023-03-22,43551722213590.4
2023-03-23,43767569956061.62
2023-03-24,46843400286276.5
2023-03-25,46843400286276.5
2023-03-26,46843400286276.5
2023-03-27,46843400286276.5
2023-03-28,46843400286276.5
2023-03-29,46843400286276.5
2023-03-30,46843400286276.5
2023-03-31,46843400286276.5
2023-04-01,46843400286276.5
2023-04-02,46843400286276.5
2023-04-03,46843400286276.5
2023-04-04,46843400286276.5
2023-04-05,46843400286276.5
2023-04-06,47189345878587.52
2023-04-07,47887764338536.2
2023-04-08,47887764338536.2
2023-04-09,47887764338536.2
2023-04-10,47887764338536.2
2023-04-11,47887764338536.2
2023-04-12,47887764338536.2
2023-04-13,47887764338536.2
2023-04-14,47887764338536.2
2023-04-15,47887764338536.2
2023-04-16,47887764338536.2
2023-04-17,47887764338536.2
2023-04-18,47887764338536.2
2023-04-19,47887764338536.2
2023-04-20,48296984989381.5
2023-04-21,48712405953118.4
2023-04-22,48712405953118.4
2023-04-23,48712405953118.4
2023-04-24,48712405953118.4
2023-04-25,48712405953118.4
2023-04-26,48712405953118.4
2023-04-27,48712405953118.4
2023-04-28,48712405953118.4
2023-04-29,48712405953118.4
2023-04-30,48712405953118.4
2023-05-01,48712405953118.4
2023-05-02,48712405953118.4
2023-05-03,48712405953118.4
2023-05-04,48484851384225.52
2023-05-05,48005534313578.8
2023-05-06,48005534313578.8
2023-05-07,48005534313578.8
2023-05-08,48005534313578.8
2023-05-09,48005534313578.8
2023-05-10,48005534313578.8
2023-05-11,48005534313578.8
2023-05-12,48005534313578.8
2023-05-13,48005534313578.8
2023-05-14,48005534313578.8
2023-05-15,48005534313578.8
2023-05-16,48005534313578.8
2023-05-17,48005534313578.8
2023-05-18,49188301954866.04
2023-05-19,49549703178592.7
2023-05-20,49549703178592.7
2023-05-21,49549703178592.7
2023-05-22,49549703178592.7
2023-05-23,49549703178592.7
2023-05-24,49549703178592.7
2023-05-25,49549703178592.7
2023-05-26,49549703178592.7
2023-05-27,49549703178592.7
2023-05-28,49549703178592.7
2023-05-29,49549703178592.7
2023-05-30,49549703178592.7
2023-05-31,49896188532214.38
2023-06-01,51234338863442.9
2023-06-02,51234338863442.9
2023-06-03,51234338863442.9
2023-06-04,51234338863442.9
2023-06-05,51234338863442.9
2023-06-06,51234338863442.9
2023-06-07,51234338863442.9
2023-06-08,51234338863442.9
2023-06-09,51234338863442.9
2023-06-10,51234338863442.9
2023-06-11,51234338863442.9
2023-06-12,51234338863442.9
2023-06-13,51234338863442.9
2023-06-14,51935360722908.93
2023-06-15,52350439455487.5
2023-06-16,52350439455487.5
2023-06-17,52350439455487.5
2023-06-18,52350439455487.5
2023-06-19,52350439455487.5
2023-06-20,52350439455487.5
2023-06-21,52350439455487.5
2023-06-22,52350439455487.5
2023-06-23,52350439455487.5
2023-06-24,52350439455487.5
2023-06-25,52350439455487.5
2023-06-26,52350439455487.5
2023-06-27,52350439455487.5
2023-06-28,52255759843019.2
2023-06-29,50646206431058.1
2023-06-30,50646206431058.1
2023-07-01,50646206431058.1
2023-07-02,50646206431058.1
2023-07-03,50646206431058.1
2023-07-04,50646206431058.1
2023-07-05,50646206431058.1
2023-07-06,50646206431058.1
2023-07-07,50646206431058.1
2023-07-08,50646206431058.1
2023-07-09,50646206431058.1
2023-07-10,50646206431058.1
2023-07-11,50646206431058.1
2023-07-12,53503052179805.04
2023-07-13,53911173001054.6
2023-07-14,53911173001054.6
2023-07-15,53911173001054.6
2023-07-16,53911173001054.6
2023-07-17,53911173001054.6
2023-07-18,53911173001054.6
2023-07-19,53911173001054.6
2023-07-20,53911173001054.6
2023-07-21,53911173001054.6
2023-07-22,53911173001054.6
2023-07-23,53911173001054.6
2023-07-24,53911173001054.6
2023-07-25,53911173001054.6
2023-07-26,53251647610383.43
2023-07-27,52328312063443.8
2023-07-28,52328312063443.8
2023-07-29,52328312063443.8
2023-07-30,52328312063443.8
2023-07-31,52328312063443.8
2023-08-01,52328312063443.8
2023-08-02,52328312063443.8
2023-08-03,52328312063443.8
2023-08-04,52328312063443.8
2023-08-05,52328312063443.8
2023-08-06,52328312063443.8
2023-08-07,52328312063443.8
2023-08-08,52328312063443.8
2023-08-09,52358969387622.27
2023-08-10,52391178981379.4
2023-08-11,52391178981379.4
2023-08-12,52391178981379.4
2023-08-13,52391178981379.4
2023-08-14,52391178981379.4
2023-08-15,52391178981379.4
2023-08-16,52391178981379.4
2023-08-17,52391178981379.4
2023-08-18,52391178981379.4
2023-08-19,52391178981379.4
2023-08-20,52391178981379.4
2023-08-21,52391178981379.4
2023-08-22,53588410123873.53
2023-08-23,55621444139429.6
2023-08-24,55621444139429.6
2023-08-25,55621444139429.6
2023-08-26,55621444139429.6
2023-08-27,55621444139429.6
2023-08-28,55621444139429.6
2023-08-29,55621444139429.6
2023-08-30,55621444139429.6
2023-08-31,55621444139429.6
2023-09-01,55621444139429.6
2023-09-02,55621444139429.6
2023-09-03,55621444139429.6
2023-09-04,55621444139429.6
2023-09-05,55621444139429.6
2023-09-06,54302721812289.59
2023-09-07,54150142369480.0
2023-09-08,54150142369480.0
2023-09-09,54150142369480.0
2023-09-10,54150142369480.0
2023-09-11,54150142369480.0
2023-09-12,54150142369480.0
2023-09-13,54150142369480.0
2023-09-14,54150142369480.0
2023-09-15,54150142369480.0
2023-09-16,54150142369480.0
2023-09-17,54150142369480.0
2023-09-18,54150142369480.0
2023-09-19,55816608966185.85
2023-09-20,57119871304635.3
2023-09-21,57119871304635.3
2023-09-22,57119871304635.3
2023-09-23,57119871304635.3
2023-09-24,57119871304635.3
2023-09-25,57119871304635.3
2023-09-26,57119871304635.3
2023-09-27,57119871304635.3
2023-09-28,57119871304635.3
2023-09-29,57119871304635.3
2023-09-30,57119871304635.3
2023-10-01,57119871304635.3
2023-10-02,57119871304635.3
2023-10-03,57252656596460.01
2023-10-04,57321508229258.0
2023-10-05,57321508229258.0
2023-10-06,57321508229258.0
2023-10-07,57321508229258.0
2023-10-08,57321508229258.0
2023-10-09,57321508229258.0
2023-10-10,57321508229258.0
2023-10-11,57321508229258.0
2023-10-12,57321508229258.0
2023-10-13,57321508229258.0
2023-10-14,57321508229258.0
2023-10-15,57321508229258.0
2023-10-16,59373391582489.02
2023-10-17,61030681983175.6
2023-10-18,61030681983175.6
2023-10-19,61030681983175.6
2023-10-20,61030681983175.6
2023-10-21,61030681983175.6
2023-10-22,61030681983175.6
2023-10-23,61030681983175.6
2023-10-24,61030681983175.6
2023-10-25,61030681983175.6
2023-10-26,61030681983175.6
2023-10-27,61030681983175.6
2023-10-28,61030681983175.6
2023-10-29,61030681983175.6
2023-10-30,62224673386139.85
2023-10-31,62463471666732.7
2023-11-01,62463471666732.7
2023-11-02,62463471666732.7
2023-11-03,62463471666732.7
2023-11-04,62463471666732.7
2023-11-05,62463471666732.7
2023-11-06,62463471666732.7
2023-11-07,62463471666732.7
2023-11-08,62463471666732.7
2023-11-09,62463471666732.7
2023-11-10,62463471666732.7
2023-11-11,62463471666732.7
2023-11-12,63233946844737.53
2023-11-13,64678587803496.6
2023-11-14,64678587803496.6
2023-11-15,64678587803496.6
2023-11-16,64678587803496.6
2023-11-17,64678587803496.6
2023-11-18,64678587803496.6
2023-11-19,64678587803496.6
2023-11-20,64678587803496.6
2023-11-21,64678587803496.6
2023-11-22,64678587803496.6
2023-11-23,64678587803496.6
2023-11-24,64678587803496.6
2023-11-25,64678587803496.6
2023-11-26,67912869716769.12
2023-11-27,67957790298897.9
2023-11-28,67957790298897.9
2023-11-29,67957790298897.9
2023-11-30,67957790298897.9
2023-12-01,67957790298897.9
2023-12-02,67957790298897.9
2023-12-03,67957790298897.9
2023-12-04,67957790298897.9
2023-12-05,67957790298897.9
2023-12-06,67957790298897.9
2023-12-07,67957790298897.9
2023-12-08,67957790298897.9
2023-12-09,67957790298897.9
2023-12-10,67436283581404.7
2023-12-11,67305906902031.4
2023-12-12,67305906902031.4
2023-12-13,67305906902031.4
2023-12-14,67305906902031.4
2023-12-15,67305906902031.4
2023-12-16,67305906902031.4
2023-12-17,67305906902031.4
2023-12-18,67305906902031.4
2023-12-19,67305906902031.4
2023-12-20,67305906902031.4
2023-12-21,67305906902031.4
2023-12-22,67305906902031.4
2023-12-23,70449192118839.66
2023-12-24,72006146478567.1
2023-12-25,72006146478567.1
2023-12-26,72006146478567.1
2023-12-27,72006146478567.1
2023-12-28,72006146478567.1
2023-12-29,72006146478567.1
2023-12-30,72006146478567.1
2023-12-31,72006146478567.1
2024-01-01,72006146478567.1
2024-01-02,72006146478567.1
2024-01-03,72006146478567.1
2024-01-04,72006146478567.1
2024-01-05,72006146478567.1
2024-01-06,73146570446681.97
2024-01-07,73197634206448.3
2024-01-08,73197634206448.3
2024-01-09,73197634206448.3
2024-01-10,73197634206448.3
2024-01-11,73197634206448.3
2024-01-12,73197634206448.3
2024-01-13,73197634206448.3
2024-01-14,73197634206448.3
2024-01-15,73197634206448.3
2024-01-16,73197634206448.3
2024-01-17,73197634206448.3
2024-01-18,73197634206448.3
2024-01-19,73197634206448.3
2024-01-20,72219650984228.06
2024-01-21,70343519904866.8
2024-01-22,70343519904866.8
2024-01-23,70343519904866.8
2024-01-24,70343519904866.8
2024-01-25,70343519904866.8
2024-01-26,70343519904866.8
2024-01-27,70343519904866.8
2024-01-28,70343519904866.8
2024-01-29,70343519904866.8
2024-01-30,70343519904866.8
2024-01-31,70343519904866.8
2024-02-01,70343519904866.8
2024-02-02,72346611061722.98
2024-02-03,75502165623893.7
2024-02-04,75502165623893.7
2024-02-05,75502165623893.7
2024-02-06,75502165623893.7
2024-02-07,75502165623893.7
2024-02-08,75502165623893.7
2024-02-09,75502165623893.7
2024-02-10,75502165623893.7
2024-02-11,75502165623893.7
2024-02-12,75502165623893.7
2024-02-13,75502165623893.7
2024-02-14,75502165623893.7
2024-02-15,77563331090796.72
2024-02-16,81725299822043.2
2024-02-17,81725299822043.2
2024-02-18,81725299822043.2
2024-02-19,81725299822043.2
2024-02-20,81725299822043.2
2024-02-21,81725299822043.2
2024-02-22,81725299822043.2
2024-02-23,81725299822043.2
2024-02-24,81725299822043.2
2024-02-25,81725299822043.2
2024-02-26,81725299822043.2
2024-02-27,81725299822043.2
2024-02-28,81725299822043.2
2024-02-29,81725299822043.2
2024-03-01,79428308380841.55
2024-03-02,79351228131136.8
2024-03-03,79351228131136.8
2024-03-04,79351228131136.8
2024-03-05,79351228131136.8
2024-03-06,79351228131136.8
2024-03-07,79351228131136.8
2024-03-08,79351228131136.8
2024-03-09,79351228131136.8
2024-03-10,79351228131136.8
2024-03-11,79351228131136.8
2024-03-12,79351228131136.8
2024-03-13,79351228131136.8
2024-03-14,82709090260024.34
2024-03-15,83947913181361.5
2024-03-16,83947913181361.5
2024-03-17,83947913181361.5
2024-03-18,83947913181361.5
2024-03-19,83947913181361.5
2024-03-20,83947913181361.5
2024-03-21,83947913181361.5
2024-03-22,83947913181361.5
2024-03-23,83947913181361.5
2024-03-24,83947913181361.5
2024-03-25,83947913181361.5
2024-03-26,83947913181361.5
2024-03-27,83947913181361.5
2024-03-28,83467245353210.28
2024-03-29,83126997340024.6
2024-03-30,83126997340024.6
2024-03-31,83126997340024.6
2024-04-01,83126997340024.6
2024-04-02,83126997340024.6
2024-04-03,83126997340024.6
2024-04-04,83126997340024.6
2024-04-05,83126997340024.6
2024-04-06,83126997340024.6
2024-04-07,83126997340024.6
2024-04-08,83126997340024.6
2024-04-09,83126997340024.6
2024-04-10,83450993523979.55
2024-04-11,86388558925171.0
2024-04-12,86388558925171.0
2024-04-13,86388558925171.0
2024-04-14,86388558925171.0
2024-04-15,86388558925171.0
2024-04-16,86388558925171.0
2024-04-17,86388558925171.0
2024-04-18,86388558925171.0
2024-04-19,86388558925171.0
2024-04-20,86388558925171.0
2024-04-21,86388558925171.0
2024-04-22,86388558925171.0
2024-04-23,86388558925171.0
2024-04-24,87185497750595.5
2024-04-25,88104191118793.2
2024-04-26,88104191118793.2
2024-04-27,88104191118793.2
2024-04-28,88104191118793.2
2024-04-29,88104191118793.2
2024-04-30,88104191118793.2
2024-05-01,88104191118793.2
2024-05-02,88104191118793.2
2024-05-03,88104191118793.2
2024-05-04,88104191118793.2
2024-05-05,88104191118793.2
2024-05-06,88104191118793.2
2024-05-07,88104191118793.2
2024-05-08,88104191118793.2
2024-05-09,85164867739885.67
2024-05-10,83148355189239.8
2024-05-11,83148355189239.8
2024-05-12,83148355189239.8
2024-05-13,83148355189239.8
2024-05-14,83148355189239.8
2024-05-15,83148355189239.8
2024-05-16,83148355189239.8
2024-05-17,83148355189239.8
2024-05-18,83148355189239.8
2024-05-19,83148355189239.8
2024-05-20,83148355189239.8
2024-05-21,83148355189239.8
2024-05-22,83148355189239.8
2024-05-23,84060416283612.22
2024-05-24,84381461788831.3
2024-05-25,84381461788831.3
2024-05-26,84381461788831.3
2024-05-27,84381461788831.3
2024-05-28,84381461788831.3
2024-05-29,84381461788831.3
2024-05-30,84381461788831.3
2024-05-31,84381461788831.3
2024-06-01,84381461788831.3
2024-06-02,84381461788831.3
2024-06-03,84381461788831.3
2024-06-04,84381461788831.3
2024-06-05,84381461788831.3
2024-06-06,83931592439295.88
2024-06-07,83716654861184.5
2024-06-08,83716654861184.5
2024-06-09,83716654861184.5
2024-06-10,83716654861184.5
2024-06-11,83716654861184.5
2024-06-12,83716654861184.5
2024-06-13,83716654861184.5
2024-06-14,83716654861184.5
2024-06-15,83716654861184.5
2024-06-16,83716654861184.5
2024-06-17,83716654861184.5
2024-06-18,83716654861184.5
2024-06-19,83716654861184.5
2024-06-20,83691445854747.72
2024-06-21,83675262295059.9
2024-06-22,83675262295059.9
2024-06-23,83675262295059.9
2024-06-24,83675262295059.9
2024-06-25,83675262295059.9
2024-06-26,83675262295059.9
2024-06-27,83675262295059.9
2024-06-28,83675262295059.9
2024-06-29,83675262295059.9
2024-06-30,83675262295059.9
2024-07-01,83675262295059.9
2024-07-02,83675262295059.9
2024-07-03,83675262295059.9
2024-07-04,83675262295059.9
2024-07-05,80082477459597.47
2024-07-06,79495195323031.5
2024-07-07,79495195323031.5
2024-07-08,79495195323031.5
2024-07-09,79495195323031.5
2024-07-10,79495195323031.5
2024-07-11,79495195323031.5
2024-07-12,79495195323031.5
2024-07-13,79495195323031.5
2024-07-14,79495195323031.5
2024-07-15,79495195323031.5
2024-07-16,79495195323031.5
2024-07-17,79495195323031.5
2024-07-18,80326252623417.97
2024-07-19,82047728459932.8
2024-07-20,82047728459932.8
2024-07-21,82047728459932.8
2024-07-22,82047728459932.8
2024-07-23,82047728459932.8
2024-07-24,82047728459932.8
2024-07-25,82047728459932.8
2024-07-26,82047728459932.8
2024-07-27,82047728459932.8
2024-07-28,82047728459932.8
2024-07-29,82047728459932.8
2024-07-30,82047728459932.8
2024-07-31,87487947532069.94
2024-08-01,90666502495565.8
2024-08-02,90666502495565.8
2024-08-03,90666502495565.8
2024-08-04,90666502495565.8
2024-08-05,90666502495565.8
2024-08-06,90666502495565.8
2024-08-07,90666502495565.8
2024-08-08,90666502495565.8
2024-08-09,90666502495565.8
2024-08-10,90666502495565.8
2024-08-11,90666502495565.8
2024-08-12,90666502495565.8
2024-08-13,90666502495565.8
2024-08-14,90637752282067.28
2024-08-15,86871474313762.0
2024-08-16,86871474313762.0
2024-08-17,86871474313762.0
2024-08-18,86871474313762.0
2024-08-19,86871474313762.0
2024-08-20,86871474313762.0
2024-08-21,86871474313762.0
2024-08-22,86871474313762.0
2024-08-23,86871474313762.0
2024-08-24,86871474313762.0
2024-08-25,86871474313762.0
2024-08-26,86871474313762.0
2024-08-27,86871474313762.0
2024-08-28,87937390901164.36
2024-08-29,89471664776970.8
2024-08-30,89471664776970.8
2024-08-31,89471664776970.8
2024-09-01,89471664776970.8
2024-09-02,89471664776970.8
2024-09-03,89471664776970.8
2024-09-04,89471664776970.8
2024-09-05,89471664776970.8
2024-09-06,89471664776970.8
2024-09-07,89471664776970.8
2024-09-08,89471664776970.8
2024-09-09,89471664776970.8
2024-09-10,89471664776970.8
2024-09-11,92286401734175.23
2024-09-12,92671576265161.1
2024-09-13,92671576265161.1
2024-09-14,92671576265161.1
2024-09-15,92671576265161.1
2024-09-16,92671576265161.1
2024-09-17,92671576265161.1
2024-09-18,92671576265161.1
2024-09-19,92671576265161.1
2024-09-20,92671576265161.1
2024-09-21,92671576265161.1
2024-09-22,92671576265161.1
2024-09-23,92671576265161.1
2024-09-24,92671576265161.1
2024-09-25,91782581703877.52
2024-09-26,88404402370999.9
2024-09-27,88404402370999.9
2024-09-28,88404402370999.9
2024-09-29,88404402370999.9
2024-09-30,88404402370999.9
2024-10-01,88404402370999.9
2024-10-02,88404402370999.9
2024-10-03,88404402370999.9
2024-10-04,88404402370999.9
2024-10-05,88404402370999.9
2024-10-06,88404402370999.9
2024-10-07,88404402370999.9
2024-10-08,88404402370999.9
2024-10-09,91073716327741.33
2024-10-10,92049594548485.5
2024-10-11,92049594548485.5
2024-10-12,92049594548485.5
2024-10-13,92049594548485.5
2024-10-14,92049594548485.5
2024-10-15,92049594548485.5
2024-10-16,92049594548485.5
2024-10-17,92049594548485.5
2024-10-18,92049594548485.5
2024-10-19,92049594548485.5
2024-10-20,92049594548485.5
2024-10-21,92049594548485.5
2024-10-22,93021007793487.83
2024-10-23,95672703408223.9
2024-10-24,95672703408223.9
2024-10-25,95672703408223.9
2024-10-26,95672703408223.9
2024-10-27,95672703408223.9
2024-10-28,95672703408223.9
2024-10-29,95672703408223.9
2024-10-30,95672703408223.9
2024-10-31,95672703408223.9
2024-11-01,95672703408223.9
2024-11-02,95672703408223.9
2024-11-03,95672703408223.9
2024-11-04,95989214149657.6
2024-11-05,101646843652785.0
2024-11-06,101646843652785.0
2024-11-07,101646843652785.0
2024-11-08,101646843652785.0
2024-11-09,101646843652785.0
2024-11-10,101646843652785.0
2024-11-11,101646843652785.0
2024-11-12,101646843652785.0
2024-11-13,101646843652785.0
2024-11-14,101646843652785.0
2024-11-15,101646843652785.0
2024-11-16,101646843652785.0
2024-11-17,101646843652785.0
2024-11-18,101766294632436.5
2024-11-19,102289407543324.0
2024-11-20,102289407543324.0
2024-11-21,102289407543324.0
2024-11-22,102289407543324.0
2024-11-23,102289407543324.0
2024-11-24,102289407543324.0
2024-11-25,102289407543324.0
2024-11-26,102289407543324.0
2024-11-27,102289407543324.0
2024-11-28,102289407543324.0
2024-11-29,102289407543324.0
2024-11-30,102289407543324.0
2024-12-01,102289407543324.0
2024-12-02,102892719959890.1
2024-12-03,103919634711492.0
2024-12-04,103919634711492.0
2024-12-05,103919634711492.0
2024-12-06,103919634711492.0
2024-12-07,103919634711492.0
2024-12-08,103919634711492.0
2024-12-09,103919634711492.0
2024-12-10,103919634711492.0
2024-12-11,103919634711492.0
2024-12-12,103919634711492.0
2024-12-13,103919634711492.0
2024-12-14,103919634711492.0
2024-12-15,103919634711492.0
2024-12-16,108242734681593.6
2024-12-17,108522647629298.0
2024-12-18,108522647629298.0
2024-12-19,108522647629298.0
2024-12-20,108522647629298.0
2024-12-21,108522647629298.0
2024-12-22,108522647629298.0
2024-12-23,108522647629298.0
2024-12-24,108522647629298.0
2024-12-25,108522647629298.0
2024-12-26,108522647629298.0
2024-12-27,108522647629298.0
2024-12-28,108522647629298.0
2024-12-29,108610329323384.6
2024-12-30,109782075598905.0
2024-12-31,109782075598905.0
2025-01-01,109782075598905.0
2025-01-02,109782075598905.0
2025-01-03,109782075598905.0
2025-01-04,109782075598905.0
2025-01-05,109782075598905.0
2025-01-06,109782075598905.0
2025-01-07,109782075598905.0
2025-01-08,109782075598905.0
2025-01-09,109782075598905.0
2025-01-10,109782075598905.0
2025-01-11,109782075598905.0
2025-01-12,109910589834949.1
2025-01-13,110451907374650.0
2025-01-14,110451907374650.0
2025-01-15,110451907374650.0
2025-01-16,110451907374650.0
2025-01-17,110451907374650.0
2025-01-18,110451907374650.0
2025-01-19,110451907374650.0
2025-01-20,110451907374650.0
2025-01-21,110451907374650.0
2025-01-22,110451907374650.0
2025-01-23,110451907374650.0
2025-01-24,110451907374650.0
2025-01-25,110451907374650.0
2025-01-26,110451907374650.0
2025-01-27,108526595760698.8
2025-01-28,108105433845147.0
2025-01-29,108105433845147.0
2025-01-30,108105433845147.0
2025-01-31,108105433845147.0
2025-02-01,108105433845147.0
2025-02-02,108105433845147.0
2025-02-03,108105433845147.0
2025-02-04,108105433845147.0
2025-02-05,108105433845147.0
2025-02-06,108105433845147.0
2025-02-07,108105433845147.0
2025-02-08,108105433845147.0
2025-02-09,111878185464323.4
2025-02-10,114167270716408.0
2025-02-11,114167270716408.0
2025-02-12,114167270716408.0
2025-02-13,114167270716408.0
2025-02-14,114167270716408.0
2025-02-15,114167270716408.0
2025-02-16,114167270716408.0
2025-02-17,114167270716408.0
2025-02-18,114167270716408.0
2025-02-19,114167270716408.0
2025-02-20,114167270716408.0
2025-02-21,114167270716408.0
2025-02-22,114167270716408.0
2025-02-23,113609310651996.4
2025-02-24,110568428300953.0
2025-02-25,110568428300953.0
2025-02-26,110568428300953.0
2025-02-27,110568428300953.0
2025-02-28,110568428300953.0
2025-03-01,110568428300953.0
2025-03-02,110568428300953.0
2025-03-03,110568428300953.0
2025-03-04,110568428300953.0
2025-03-05,110568428300953.0
2025-03-06,110568428300953.0
2025-03-07,110568428300953.0
2025-03-08,110568428300953.0
2025-03-09,111085509723900.1
2025-03-10,112149504190349.0
2025-03-11,112149504190349.0
2025-03-12,112149504190349.0
2025-03-13,112149504190349.0
2025-03-14,112149504190349.0
2025-03-15,112149504190349.0
2025-03-16,112149504190349.0
2025-03-17,112149504190349.0
2025-03-18,112149504190349.0
2025-03-19,112149504190349.0
2025-03-20,112149504190349.0
2025-03-21,112149504190349.0
2025-03-22,112149504190349.0
2025-03-23,113035968276012.0
2025-03-24,113757508810854.0
2025-03-25,113757508810854.0
2025-03-26,113757508810854.0
2025-03-27,113757508810854.0
2025-03-28,113757508810854.0
2025-03-29,113757508810854.0
2025-03-30,113757508810854.0
2025-03-31,113757508810854.0
2025-04-01,113757508810854.0
2025-04-02,113757508810854.0
2025-04-03,113757508810854.0
2025-04-04,113757508810854.0
2025-04-05,116403947359503.2
2025-04-06,121507793131898.0
2025-04-07,121507793131898.0
2025-04-08,121507793131898.0
2025-04-09,121507793131898.0
2025-04-10,121507793131898.0
2025-04-11,121507793131898.0
2025-04-12,121507793131898.0
2025-04-13,121507793131898.0
2025-04-14,121507793131898.0
2025-04-15,121507793131898.0
2025-04-16,121507793131898.0
2025-04-17,121507793131898.0
2025-04-18,121507793131898.0
2025-04-19,122638153785919.0
2025-04-20,123234387977051.0
2025-04-21,123234387977051.0
2025-04-22,123234387977051.0
2025-04-23,123234387977051.0
2025-04-24,123234387977051.0
2025-04-25,123234387977051.0
2025-04-26,123234387977051.0
2025-04-27,123234387977051.0
2025-04-28,123234387977051.0
2025-04-29,123234387977051.0
2025-04-30,123234387977051.0
2025-05-01,123234387977051.0
2025-05-02,123234387977051.0
2025-05-03,122656845148755.0
2025-05-04,119116256505723.0
2025-05-05,119116256505723.0
2025-05-06,119116256505723.0
2025-05-07,119116256505723.0
2025-05-08,119116256505723.0
2025-05-09,119116256505723.0
2025-05-10,119116256505723.0
2025-05-11,119116256505723.0
2025-05-12,119116256505723.0
2025-05-13,119116256505723.0
2025-05-14,119116256505723.0
2025-05-15,119116256505723.0
2025-05-16,119116256505723.0
2025-05-17,120040690785396.5
2025-05-18,121658450774825.0
2025-05-19,121658450774825.0
2025-05-20,121658450774825.0
2025-05-21,121658450774825.0
2025-05-22,121658450774825.0
2025-05-23,121658450774825.0
2025-05-24,121658450774825.0
2025-05-25,121658450774825.0
2025-05-26,121658450774825.0
2025-05-27,121658450774825.0
2025-05-28,121658450774825.0
2025-05-29,121658450774825.0
2025-05-30,121658450774825.0
2025-05-31,126982285146989.0
2025-06-01,126982285146989.0
2025-06-02,126982285146989.0
2025-06-03,126982285146989.0
2025-06-04,126982285146989.0
2025-06-05,126982285146989.0
2025-06-06,126982285146989.0
2025-06-07,126982285146989.0
2025-06-08,126982285146989.0
2025-06-09,126982285146989.0
2025-06-10,126982285146989.0
2025-06-11,126982285146989.0
2025-06-12,126982285146989.0
2025-06-13,126982285146989.0
2025-06-14,126457722400161.5
2025-06-15,126411437451912.0
2025-06-16,126411437451912.0
2025-06-17,126411437451912.0
2025-06-18,126411437451912.0
2025-06-19,126411437451912.0
2025-06-20,126411437451912.0
2025-06-21,126411437451912.0
2025-06-22,126411437451912.0
2025-06-23,126411437451912.0
2025-06-24,126411437451912.0
2025-06-25,126411437451912.0
2025-06-26,126411437451912.0
2025-06-27,126411437451912.0
2025-06-28,126411437451912.0
2025-06-29,118486829305199.4
2025-06-30,116958512019762.0
2025-07-01,116958512019762.0
2025-07-02,116958512019762.0
2025-07-03,116958512019762.0
2025-07-04,116958512019762.0
2025-07-05,116958512019762.0
2025-07-06,116958512019762.0
2025-07-07,116958512019762.0
2025-07-08,116958512019762.0
2025-07-09,116958512019762.0
2025-07-10,116958512019762.0
2025-07-11,116958512019762.0
2025-07-12,123861664365998.2
2025-07-13,126271255279307.0
2025-07-14,126271255279307.0
2025-07-15,126271255279307.0
2025-07-16,126271255279307.0
2025-07-17,126271255279307.0
2025-07-18,126271255279307.0
2025-07-19,126271255279307.0
2025-07-20,126271255279307.0
2025-07-21,126271255279307.0
2025-07-22,126271255279307.0
2025-07-23,126271255279307.0
2025-07-24,126271255279307.0
2025-07-25,126271255279307.0
2025-07-26,127546681084645.9
2025-07-27,127620086886392.0
2025-07-28,127620086886392.0
2025-07-29,127620086886392.0
2025-07-30,127620086886392.0
2025-07-31,127620086886392.0
2025-08-01,127620086886392.0
2025-08-02,127620086886392.0
2025-08-03,127620086886392.0
2025-08-04,127620086886392.0
2025-08-05,127620086886392.0
2025-08-06,127620086886392.0
2025-08-07,127620086886392.0
2025-08-08,127812602656962.8
2025-08-09,129435235580345.0
2025-08-10,129435235580345.0
2025-08-11,129435235580345.0
2025-08-12,129435235580345.0
2025-08-13,129435235580345.0
2025-08-14,129435235580345.0
2025-08-15,129435235580345.0
2025-08-16,129435235580345.0
2025-08-17,129435235580345.0
2025-08-18,129435235580345.0
2025-08-19,129435235580345.0
2025-08-20,129435235580345.0
2025-08-21,129435235580345.0
2025-08-22,129461255998124.6
2025-08-23,129699156960681.0
2025-08-24,129699156960681.0
2025-08-25,129699156960681.0
2025-08-26,129699156960681.0
2025-08-27,129699156960681.0
2025-08-28,129699156960681.0
2025-08-29,129699156960681.0
2025-08-30,129699156960681.0
2025-08-31,129699156960681.0
2025-09-01,129699156960681.0
2025-09-02,129699156960681.0
2025-09-03,129699156960681.0
2025-09-04,129699156960681.0
2025-09-05,134687808431056.4
2025-09-06,136039872848261.0
2025-09-07,136039872848261.0
2025-09-08,136039872848261.0
2025-09-09,136039872848261.0
2025-09-10,136039872848261.0
2025-09-11,136039872848261.0
2025-09-12,136039872848261.0
2025-09-13,136039872848261.0
2025-09-14,136039872848261.0
2025-09-15,136039872848261.0
2025-09-16,136039872848261.0
2025-09-17,136039872848261.0
2025-09-18,138438976556289.6
2025-09-19,142342602928675.0
2025-09-20,142342602928675.0
2025-09-21,142342602928675.0
2025-09-22,142342602928675.0
2025-09-23,142342602928675.0
2025-09-24,142342602928675.0
2025-09-25,142342602928675.0
2025-09-26,142342602928675.0
2025-09-27,142342602928675.0
2025-09-28,142342602928675.0
2025-09-29,142342602928675.0
2025-09-30,142342602928675.0
2025-10-01,143475520864303.7
2025-10-02,150839487445890.0
2025-10-03,150839487445890.0
2025-10-04,150839487445890.0
2025-10-05,150839487445890.0
2025-10-06,150839487445890.0
2025-10-07,150839487445890.0
2025-10-08,150839487445890.0
2025-10-09,150839487445890.0
2025-10-10,150839487445890.0
2025-10-11,150839487445890.0
2025-10-12,150839487445890.0
2025-10-13,150839487445890.0
2025-10-14,150839487445890.0
2025-10-15,150839487445890.0
2025-10-16,147843124914821.0
2025-10-17,146716052770107.0
2025-10-18,146716052770107.0
2025-10-19,146716052770107.0
2025-10-20,146716052770107.0
2025-10-21,146716052770107.0
2025-10-22,146716052770107.0
2025-10-23,146716052770107.0
2025-10-24,146716052770107.0
2025-10-25,146716052770107.0
2025-10-26,146716052770107.0
2025-10-27,146716052770107.0
2025-10-28,146716052770107.0
2025-10-29,151927965556154.5
2025-10-30,155973032196072.0
2025-10-31,155973032196072.0
2025-11-01,155973032196072.0
2025-11-02,155973032196072.0
2025-11-03,155973032196072.0
2025-11-04,155973032196072.0
2025-11-05,155973032196072.0
2025-11-06,155973032196072.0
2025-11-07,155973032196072.0
2025-11-08,155973032196072.0
2025-11-09,155973032196072.0
2025-11-10,155973032196072.0
2025-11-11,155973032196072.0
2025-11-12,155034213817835.6
2025-11-13,152271405447597.0
2025-11-14,152271405447597.0
2025-11-15,152271405447597.0
2025-11-16,152271405447597.0
2025-11-17,152271405447597.0
2025-11-18,152271405447597.0
2025-11-19,152271405447597.0
2025-11-20,152271405447597.0
2025-11-21,152271405447597.0
2025-11-22,152271405447597.0
2025-11-23,152271405447597.0
2025-11-24,152271405447597.0
2025-11-25,152271405447597.0
2025-11-26,152271405447597.0
2025-11-27,149322886247932.8
2025-11-28,149301205959700.0
2025-11-29,149301205959700.0
2025-11-30,149301205959700.0
2025-12-01,149301205959700.0
2025-12-02,149301205959700.0
2025-12-03,149301205959700.0
2025-12-04,149301205959700.0
2025-12-05,149301205959700.0
2025-12-06,149301205959700.0
2025-12-07,149301205959700.0
2025-12-08,149301205959700.0
2025-12-09,149301205959700.0
2025-12-10,149301205959700.0
2025-12-11,148351266800646.6
2025-12-12,148195306640205.0
2025-12-13,148195306640205.0
2025-12-14,148195306640205.0
2025-12-15,148195306640205.0
2025-12-16,148195306640205.0
2025-12-17,148195306640205.0
2025-12-18,148195306640205.0
2025-12-19,148195306640205.0
2025-12-20,148195306640205.0
2025-12-21,148195306640205.0
2025-12-22,148195306640205.0
2025-12-23,148195306640205.0
2025-12-24,148195306640205.0
2025-12-25,148246453508056.3
2025-12-26,148258433855481.0
2025-12-27,148258433855481.0
2025-12-28,148258433855481.0
2025-12-29,148258433855481.0
2025-12-30,148258433855481.0
2025-12-31,148258433855481.0
2026-01-01,148258433855481.0
2026-01-02,148258433855481.0
2026-01-03,148258433855481.0
2026-01-04,148258433855481.0
2026-01-05,148258433855481.0
2026-01-06,148258433855481.0
2026-01-07,148258433855481.0
2026-01-08,147838570619931.0
2026-01-09,147581879443453.0
2026-01-10,147322654534931.0
2026-01-11,147109390068266.7
2026-01-12,146819543123595.0
2026-01-13,146472570619931.0
2026-01-14,146411243832845.0
2026-01-15,146472570619931.0
2026-01-16,146472570619931.0
2026-01-17,146472570619931.0
2026-01-18,146472570619931.0
2026-01-19,146472570619931.0
2026-01-20,146472570619931.0
2026-01-21,146472570619931.0
2026-01-22,145380647164846.2
2026-01-23,141668107417558.0
2026-01-24,141668107417558.0
2026-01-25,141668107417558.0
2026-01-26,141668107417558.0
2026-01-27,141668107417558.0
2026-01-28,141668107417558.0
2026-01-29,141668107417558.0
2026-01-30,141668107417558.0
2026-01-31,141668107417558.0
2026-02-01,141668107417558.0
2026-02-02,141668107417558.0
2026-02-03,141668107417558.0
2026-02-04,141668107417558.0
2026-02-05,141668107417558.0
2026-02-06,141668107417558.0
2026-02-07,135091488417742.5
2026-02-08,125864590119494.0
2026-02-09,125864590119494.0
2026-02-10,125864590119494.0
2026-02-11,125864590119494.0
2026-02-12,125864590119494.0
2026-02-13,125864590119494.0
2026-02-14,125864590119494.0
2026-02-15,125864590119494.0
2026-02-16,125864590119494.0
2026-02-17,125864590119494.0
2026-02-18,125864590119494.0
2026-02-19,129178582886132.3
2026-02-20,144398401518101.0
2026-02-21,144398401518101.0
2026-02-22,144398401518101.0
2026-02-23,144398401518101.0
2026-02-24,144398401518101.0
2026-02-25,144398401518101.0
2026-02-26,144398401518101.0
2026-02-27,144398401518101.0
2026-02-28,144398401518101.0
2026-03-01,144398401518101.0
2026-03-02,144398401518101.0
2026-03-03,144398401518101.0
2026-03-04,144398401518101.0
2026-03-05,144554344327811.1
2026-03-06,145042165424853.0
2026-03-07,145042165424853.0
2026-03-08,145042165424853.0
2026-03-09,145042165424853.0
2026-03-10,145042165424853.0
2026-03-11,145042165424853.0
2026-03-12,145042165424853.0
2026-03-13,145042165424853.0
2026-03-14,145042165424853.0
2026-03-15,145042165424853.0
2026-03-16,145042165424853.0
2026-03-17,145042165424853.0
2026-03-18,145042165424853.0
2026-03-19,145042165424853.0
2026-03-20,143821341753207.0
2026-03-21,133793147307543.0
2026-03-22,133793147307543.0
2026-03-23,133793147307543.0
2026-03-24,133793147307543.0
2026-03-25,133793147307543.0
2026-03-26,133793147307543.0
2026-03-27,133793147307543.0
2026-03-28,133793147307543.0
2026-03-29,133793147307543.0
2026-03-30,133793147307543.0
2026-03-31,133793147307543.0
2026-04-01,133793147307543.0
2026-04-02,133793147307543.0
2026-04-03,136897382165745.0
2026-04-04,138966872071213.0
2026-04-05,138966872071213.0
2026-04-06,138966872071213.0
2026-04-07,138966872071213.0
2026-04-08,138966872071213.0
2026-04-09,138966872071213.0
2026-04-10,138966872071213.0
2026-04-11,138966872071213.0
2026-04-12,138966872071213.0
2026-04-13,138966872071213.0
2026-04-14,138966872071213.0
2026-04-15,138966872071213.0
2026-04-16,138966872071213.0
2026-04-17,138111655812093.7
2026-04-18,135594876535257.0
2026-04-19,135594876535257.0
2026-04-20,135594876535257.0
2026-04-21,135594876535257.0
2026-04-22,135594876535257.0
2026-04-23,135594876535257.0
2026-04-24,135594876535257.0
2026-04-25,135594876535257.0
2026-04-26,135594876535257.0
2026-04-27,135594876535257.0
2026-04-28,135594876535257.0
2026-04-29,135594876535257.0
2026-04-30,135594876535257.0
2026-05-01,135594876535257.0
2026-05-02,132774975638217.1
2026-05-03,132472011079031.0
2026-05-04,132472011079031.0
2026-05-05,132472011079031.0
2026-05-06,132472011079031.0
2026-05-07,132472011079031.0
2026-05-08,132472011079031.0
2026-05-09,132472011079031.0
2026-05-10,132472011079031.0
2026-05-11,132472011079031.0
2026-05-12,132472011079031.0
2026-05-13,132472011079031.0
2026-05-14,132472011079031.0
2026-05-15,133733057677307.5
2026-05-16,136607070854775.0
2026-05-17,136607070854775.0
2026-05-18,136607070854775.0
2026-05-19,136607070854775.0
2026-05-20,136607070854775.0
2026-05-21,136607070854775.0
2026-05-22,136607070854775.0
2026-05-23,136607070854775.0
2026-05-24,136607070854775.0
2026-05-25,136607070854775.0
2026-05-26,136607070854775.0
2026-05-27,136607070854775.0
2026-05-28,136607070854775.0
2026-05-29,137874131731108.8
2026-05-30,138955357012247.0
2026-05-31,138955357012247.0
2026-06-01,138955357012247.0
2026-06-02,138955357012247.0
2026-06-03,138955357012247.0
2026-06-04,138955357012247.0
2026-06-05,138955357012247.0
2026-06-06,138955357012247.0
2026-06-07,138955357012247.0
2026-06-08,138955357012247.0
2026-06-09,138955357012247.0
2026-06-10,138955357012247.0
2026-06-11,138955357012247.0
2026-06-12,138955357012247.0
2026-06-13,138955357012247.0
2026-06-14,124932866006548.0
2026-06-15,124932866006548.0
2026-06-16,124932866006548.0
2026-06-17,124932866006548.0
2026-06-18,124932866006548.0
2026-06-19,124932866006548.0
2026-06-20,124932866006548.0
2026-06-21,124932866006548.0
2026-06-22,124932866006548.0
2026-06-23,124932866006548.0
2026-06-24,124932866006548.0
2026-06-25,124932866006548.0
2026-06-26,124932866006548.0
2026-06-27,133869853540305.0
2026-06-28,133869853540305.0
2026-06-29,133869853540305.0
2026-06-30,133869853540305.0
2026-07-01,133869853540305.0
2026-07-02,133869853540305.0
2026-07-03,133869853540305.0
2026-07-04,133869853540305.0
2026-07-05,133869853540305.0
2026-07-06,133869853540305.0
2026-07-07,133869853540305.0
2026-07-08,133869853540305.0
2026-07-09,133869853540305.0
2026-07-10,133869853540305.0
2026-07-11,127170500429035.0
2026-07-12,127170500429035.0
2026-07-13,127170500429035.0
2026-07-14,127170500429035.0
2026-07-15,127170500429035.0
2026-07-16,127170500429035.0
2026-07-17,127170500429035.0
2026-07-18,127170500429035.0
2026-07-19,127170500429035.0
2026-07-20,127170500429035.0
2026-07-21,127170500429035.0
2026-07-22,127170500429035.0
2026-07-23,127170500429035.0
2026-07-24,127170500429035.0
