date,nupl
2010-08-01,90.23282972129492
2010-08-02,89.83906160840547
2010-08-03,89.78294108454058
2010-08-04,88.47421342942839
2010-08-05,88.94742397827262
2010-08-06,88.80346244836498
2010-08-07,87.94165408175607
2010-08-08,88.0457589014418
2010-08-09,89.21953840527507
2010-08-10,88.42429412974045
2010-08-11,87.85215375093509
2010-08-12,88.14371898125472
2010-08-13,86.52885937668854
2010-08-14,86.78765771070512
2010-08-15,86.0488434859779
2010-08-16,85.74190872967321
2010-08-17,86.59502669602435
2010-08-18,85.87881204983316
2010-08-19,85.49819121246708
2010-08-20,84.56288464220741
2010-08-21,83.92710782529282
2010-08-22,83.5654284816774
2010-08-23,83.82857066583333
2010-08-24,83.5626075761969
2010-08-25,83.31961744469835
2010-08-26,82.82172588979681
2010-08-27,82.83943301811422
2010-08-28,82.65692286022542
2010-08-29,82.21130724065027
2010-08-30,82.04288423933211
2010-08-31,80.54519704967481
2010-09-01,81.32428913596026
2010-09-02,81.17021747447588
2010-09-03,80.37201951335793
2010-09-04,80.51295114180648
2010-09-05,80.24234394175096
2010-09-06,80.11697708991531
2010-09-07,79.57393797402037
2010-09-08,79.7375422658661
2010-09-09,78.96339269297833
2010-09-10,79.12909777329861
2010-09-11,78.97298124950399
2010-09-12,78.74928518974022
2010-09-13,78.5698708289075
2010-09-14,78.35195031144548
2010-09-15,77.37477957594889
2010-09-16,77.68678262679494
2010-09-17,76.12863386035582
2010-09-18,76.29711456310952
2010-09-19,76.82933998011093
2010-09-20,76.63561601010171
2010-09-21,76.46220461783918
2010-09-22,75.89015767836904
2010-09-23,75.60917738141733
2010-09-24,75.37939321954072
2010-09-25,75.18640934171874
2010-09-26,74.99474108824997
2010-09-27,74.38257748022711
2010-09-28,73.03034840676206
2010-09-29,72.8143463313349
2010-09-30,72.6954241314493
2010-10-01,72.01517565942372
2010-10-02,69.20237164855007
2010-10-03,69.10475515013185
2010-10-04,68.96366495279112
2010-10-05,68.28265736986067
2010-10-06,69.10562409694238
2010-10-07,70.71568875312393
2010-10-08,75.78451522455616
2010-10-09,77.4861517030354
2010-10-10,76.21414219130148
2010-10-11,76.78558058093186
2010-10-12,75.82101686298266
2010-10-13,77.17577259586777
2010-10-14,77.39698785587436
2010-10-15,77.30378494146032
2010-10-16,75.73263650086882
2010-10-17,75.68007309460411
2010-10-18,75.392651899667
2010-10-19,73.86236402958522
2010-10-20,74.08255350019472
2010-10-21,75.32316929847951
2010-10-22,75.59574397848195
2010-10-23,75.07978970074072
2010-10-24,75.65065926193222
2010-10-25,78.37349334032166
2010-10-26,80.39677200661914
2010-10-27,83.46648223104248
2010-10-28,80.75503783977406
2010-10-29,82.09865942860965
2010-10-30,82.51372434526502
2010-10-31,81.4108735869273
2010-11-01,81.5379635787289
2010-11-02,80.96498559812568
2010-11-03,81.16378702144232
2010-11-04,81.8637148092549
2010-11-05,83.41210007402243
2010-11-06,84.54348017805565
2010-11-07,85.79662671825314
2010-11-08,76.07243114898118
2010-11-09,71.92376701181712
2010-11-10,75.44965781741654
2010-11-11,73.35564926613928
2010-11-12,77.67543113000563
2010-11-13,77.92843329227924
2010-11-14,77.78431159703156
2010-11-15,75.93284187001706
2010-11-16,71.08451822292689
2010-11-17,70.42623966544467
2010-11-18,75.25033726130548
2010-11-19,76.00821116299727
2010-11-20,76.00489635936928
2010-11-21,75.31376147646995
2010-11-22,75.58554306413316
2010-11-23,75.4673011534975
2010-11-24,75.21337964459997
2010-11-25,74.61164695352747
2010-11-26,74.96411984710181
2010-11-27,74.67632389332992
2010-11-28,74.16353469978431
2010-11-29,67.96331488986989
2010-11-30,65.40285193347066
2010-12-01,68.25302699258971
2010-12-02,70.64345899890108
2010-12-03,71.07341054789917
2010-12-04,64.00592956138415
2010-12-05,60.73561828437396
2010-12-06,63.34730857304549
2010-12-07,68.52773030370908
2010-12-08,66.37514640868561
2010-12-09,61.8698374679301
2010-12-10,62.50114474920458
2010-12-11,66.33216280547144
2010-12-12,64.997433502409
2010-12-13,66.29596548220734
2010-12-14,68.50580523891038
2010-12-15,66.9995068470468
2010-12-16,68.43353982207913
2010-12-17,66.97820102511963
2010-12-18,66.93725490054325
2010-12-19,66.63789125168438
2010-12-20,69.64480127496677
2010-12-21,65.54416375507402
2010-12-22,66.79739794948955
2010-12-23,66.66790214046549
2010-12-24,66.30478349377496
2010-12-25,66.40906474755367
2010-12-26,66.39695676479081
2010-12-27,68.03569588680496
2010-12-28,68.56922468920769
2010-12-29,71.0462723243283
2010-12-30,70.85280483031984
2010-12-31,70.70887447836624
2011-01-01,70.55866275670009
2011-01-02,70.32252572617888
2011-01-03,69.6412667365275
2011-01-04,68.99929859085645
2011-01-05,69.77965032708187
2011-01-06,69.5492197178706
2011-01-07,71.4579733032519
2011-01-08,71.51131828918217
2011-01-09,71.3441050412637
2011-01-10,71.26575352972063
2011-01-11,70.52931900847923
2011-01-12,71.34168900715206
2011-01-13,68.8850266598548
2011-01-14,74.95522399742256
2011-01-15,73.85688178014396
2011-01-16,73.58096608097009
2011-01-17,70.46691306679007
2011-01-18,66.79079089974292
2011-01-19,66.41605407798164
2011-01-20,72.88288147621634
2011-01-21,73.95844036338282
2011-01-22,75.68225367107179
2011-01-23,73.92839706125281
2011-01-24,73.49815566493245
2011-01-25,72.71990082647302
2011-01-26,72.67995092595443
2011-01-27,69.30969175040477
2011-01-28,70.71291108153352
2011-01-29,69.88954363909347
2011-01-30,72.26924435826024
2011-01-31,74.77384870142627
2011-02-01,80.31813043557551
2011-02-02,79.91701777429259
2011-02-03,78.36502537053404
2011-02-04,81.96427508051583
2011-02-05,82.89352954009513
2011-02-06,81.94263192807205
2011-02-07,80.77745104801997
2011-02-08,80.14346771174358
2011-02-09,82.84715405467097
2011-02-10,80.18278059753601
2011-02-11,81.28435200980306
2011-02-12,82.23242394388716
2011-02-13,81.25852824671465
2011-02-14,81.23746445810023
2011-02-15,80.46646094878379
2011-02-16,80.15468851786753
2011-02-17,79.84383599573208
2011-02-18,78.32904540457427
2011-02-19,76.49116896310234
2011-02-20,75.0698044705435
2011-02-21,75.0396163517556
2011-02-22,75.95260398966964
2011-02-23,75.4744882434916
2011-02-24,77.61591840252363
2011-02-25,76.79272565240557
2011-02-26,76.02727744062729
2011-02-27,73.70961242832253
2011-02-28,72.09887578252643
2011-03-01,70.76489241807674
2011-03-02,71.24816425985226
2011-03-03,71.06896369634812
2011-03-04,69.66061555712241
2011-03-05,69.69296128792999
2011-03-06,68.23268997056287
2011-03-07,67.36123151671
2011-03-08,67.21867625732949
2011-03-09,67.62565816554081
2011-03-10,69.90724814539824
2011-03-11,68.66807787432862
2011-03-12,68.01896161686088
2011-03-13,67.86956905193234
2011-03-14,67.65862059751248
2011-03-15,66.59061806203951
2011-03-16,65.78331610961288
2011-03-17,65.20621979462807
2011-03-18,62.85498210517125
2011-03-19,62.42208533203624
2011-03-20,60.97016652282707
2011-03-21,60.74537416768155
2011-03-22,63.18803236730879
2011-03-23,64.71385761793107
2011-03-24,65.67330746889171
2011-03-25,65.54759662188245
2011-03-26,63.03840836156999
2011-03-27,62.35297952628349
2011-03-28,61.27788536176282
2011-03-29,60.96512536903857
2011-03-30,59.94500499642213
2011-03-31,60.35974361183038
2011-04-01,59.75087600580022
2011-04-02,60.06790792309421
2011-04-03,59.88296611297856
2011-04-04,54.44344492139214
2011-04-05,57.84353460546113
2011-04-06,57.8889908987969
2011-04-07,58.62552495281482
2011-04-08,57.69815444382797
2011-04-09,56.46044422356177
2011-04-10,55.17480563437155
2011-04-11,60.06863416761374
2011-04-12,62.69464887807823
2011-04-13,64.99834092226779
2011-04-14,66.95255764062833
2011-04-15,66.26554311743752
2011-04-16,67.57529850986896
2011-04-17,71.20760472762919
2011-04-18,70.67386660081714
2011-04-19,71.1107503874588
2011-04-20,69.97451179321934
2011-04-21,70.60853023298415
2011-04-22,74.44145460994204
2011-04-23,78.16277821890287
2011-04-24,76.41566963770231
2011-04-25,75.52492861755954
2011-04-26,78.2777336491374
2011-04-27,79.02533218399158
2011-04-28,82.33736677302326
2011-04-29,82.22110118689307
2011-04-30,83.13715103283958
2011-05-01,80.12841942380356
2011-05-02,80.75111022832883
2011-05-03,80.44685646702088
2011-05-04,79.86165555147186
2011-05-05,79.07387916717381
2011-05-06,78.76399286617543
2011-05-07,79.6522759484437
2011-05-08,80.10188806223456
2011-05-09,79.9702835081199
2011-05-10,85.28751277480094
2011-05-11,83.57068104247527
2011-05-12,85.6191499052553
2011-05-13,86.43783026557873
2011-05-14,83.44735220765824
2011-05-15,82.60366730417053
2011-05-16,82.21254989206531
2011-05-17,80.04800825695418
2011-05-18,77.60259868414158
2011-05-19,78.52398067861229
2011-05-20,72.31325020140554
2011-05-21,76.09005226683917
2011-05-22,77.90936142677805
2011-05-23,78.57589833084153
2011-05-24,78.75057172830566
2011-05-25,80.0391958711878
2011-05-26,81.15895261341207
2011-05-27,79.44719609245611
2011-05-28,78.79331316043486
2011-05-29,78.37833234888991
2011-05-30,79.10814086409493
2011-05-31,78.1790895108776
2011-06-01,80.30637376826635
2011-06-02,81.56595755956162
2011-06-03,84.63849289151707
2011-06-04,87.26733153898199
2011-06-05,85.11438411346109
2011-06-06,83.83147090834507
2011-06-07,86.49451755270813
2011-06-08,87.19358982501643
2011-06-09,85.23223473717803
2011-06-10,80.45032091864005
2011-06-11,67.30785800730064
2011-06-12,71.84544097987488
2011-06-13,73.37094446421763
2011-06-14,70.75953581476028
2011-06-15,68.23516010210012
2011-06-16,62.54275567039909
2011-06-17,59.75713565226857
2011-06-18,62.92987943430921
2011-06-19,62.95097225993396
2011-06-20,62.67735268844888
2011-06-21,62.22681642017483
2011-06-22,62.08203377062807
2011-06-23,61.89767583786164
2011-06-24,61.64547920535403
2011-06-25,61.52288366164913
2011-06-26,57.86682848244973
2011-06-27,58.6608298226912
2011-06-28,58.57250914647469
2011-06-29,58.19143629075148
2011-06-30,56.07904570893479
2011-07-01,53.97481429878673
2011-07-02,53.87872948682497
2011-07-03,54.01650942503694
2011-07-04,48.72325243828017
2011-07-05,45.68484553565681
2011-07-06,51.49986858247021
2011-07-07,52.16196945312919
2011-07-08,49.70368879721495
2011-07-09,50.44558151980042
2011-07-10,51.01712693529118
2011-07-11,49.52606070500495
2011-07-12,48.74027917768356
2011-07-13,48.31507572763721
2011-07-14,48.1497985434461
2011-07-15,47.5860457180947
2011-07-16,47.21863649467585
2011-07-17,45.80914999501735
2011-07-18,52.09852598312406
2011-07-19,49.71070693114881
2011-07-20,49.09356665234075
2011-07-21,48.75608507871453
2011-07-22,49.21540166831178
2011-07-23,49.23104492855659
2011-07-24,49.98435504465731
2011-07-25,50.09886738544242
2011-07-26,49.91003021987778
2011-07-27,49.3059137891093
2011-07-28,47.66181737332774
2011-07-29,48.16565492947081
2011-07-30,48.01867279819666
2011-07-31,47.50243793320767
2011-08-01,46.49980266352465
2011-08-02,39.38846456456307
2011-08-03,29.31857238215544
2011-08-04,35.59604547231893
2011-08-05,28.94649216966113
2011-08-06,-10.78981143702245
2011-08-07,11.93523975062912
2011-08-08,14.21389264148019
2011-08-09,33.03435680185734
2011-08-10,33.73657643308528
2011-08-11,28.53479515801449
2011-08-12,29.31337876090102
2011-08-13,34.26756163626328
2011-08-14,37.69755099443197
2011-08-15,40.45838626289473
2011-08-16,37.47075686431621
2011-08-17,38.34233410629338
2011-08-18,37.93408467284506
2011-08-19,41.25792410832265
2011-08-20,40.97534777080926
2011-08-21,39.52103114928751
2011-08-22,37.64319832752179
2011-08-23,38.08900119818818
2011-08-24,37.09410651173042
2011-08-25,29.84426536889018
2011-08-26,17.15028973651829
2011-08-27,24.29991725909077
2011-08-28,27.50763938300239
2011-08-29,26.32885879641848
2011-08-30,24.85464923775121
2011-08-31,20.73309509104597
2011-09-01,21.82392764994709
2011-09-02,23.36836736815318
2011-09-03,22.87959583935131
2011-09-04,18.52728198927715
2011-09-05,10.5732854759375
2011-09-06,5.287118504725619
2011-09-07,9.017577172584756
2011-09-08,-2.470115157053687
2011-09-09,-29.72154078284779
2011-09-10,-35.04131769048967
2011-09-11,1.718797358518032
2011-09-12,-2.944597254454901
2011-09-13,-5.763537666772151
2011-09-14,-10.54729088773216
2011-09-15,-27.80820974136583
2011-09-16,-27.20677112744935
2011-09-17,-27.87750476609019
2011-09-18,-17.64098753002691
2011-09-19,-9.967835692192907
2011-09-20,0.7241241452207781
2011-09-21,-6.990952215642049
2011-09-22,-10.67633594311249
2011-09-23,-9.262588052565157
2011-09-24,-11.71674653750258
2011-09-25,-12.41786723923217
2011-09-26,-24.96346630903201
2011-09-27,-23.56481746845119
2011-09-28,-25.74883531846561
2011-09-29,-25.65995215508486
2011-09-30,-18.9139267246018
2011-10-01,-19.4416853342152
2011-10-02,-19.98038006451367
2011-10-03,-20.3781344790026
2011-10-04,-20.4975492810155
2011-10-05,-22.16770226617046
2011-10-06,-25.34538775028047
2011-10-07,-37.66843231441951
2011-10-08,-44.43401000373886
2011-10-09,-43.47791509439251
2011-10-10,-46.77261474474773
2011-10-11,-46.76914856289353
2011-10-12,-41.4341457717103
2011-10-13,-45.52543879748557
2011-10-14,-47.15909394206722
2011-10-15,-53.12935815908332
2011-10-16,-61.78562245747348
2011-10-17,-120.3474471423982
2011-10-18,-139.2305971191796
2011-10-19,-160.109272567675
2011-10-20,-143.1775233413522
2011-10-21,-120.4837115707158
2011-10-22,-82.15049751964895
2011-10-23,-83.24239014887594
2011-10-24,-117.2649893632026
2011-10-25,-110.604718610758
2011-10-26,-104.1819406704135
2011-10-27,-78.14225437144242
2011-10-28,-79.04027896212193
2011-10-29,-59.17455042806821
2011-10-30,-76.71970405796371
2011-10-31,-74.73738528673695
2011-11-01,-79.29130883333964
2011-11-02,-75.62405623148373
2011-11-03,-77.98003883970664
2011-11-04,-80.9901348058838
2011-11-05,-90.74495137027485
2011-11-06,-89.64424382157316
2011-11-07,-86.97612595624503
2011-11-08,-82.29795285950355
2011-11-09,-86.53363881139296
2011-11-10,-89.07523707887357
2011-11-11,-78.96110748850452
2011-11-12,-81.13428178265873
2011-11-13,-121.4606522649885
2011-11-14,-144.818028981516
2011-11-15,-134.7404426005046
2011-11-16,-101.0785396827396
2011-11-17,-128.1775556068667
2011-11-18,-137.4646030717855
2011-11-19,-124.9323451981094
2011-11-20,-126.820156759728
2011-11-21,-117.5691806666722
2011-11-22,-113.4891304998743
2011-11-23,-112.9739187900859
2011-11-24,-106.0565150748266
2011-11-25,-98.24428019253317
2011-11-26,-102.0500999086006
2011-11-27,-98.25886997289058
2011-11-28,-84.79181505663777
2011-11-29,-78.63949641606841
2011-11-30,-63.34170874898114
2011-12-01,-59.16703213823639
2011-12-02,-59.03905210610306
2011-12-03,-76.53607091077332
2011-12-04,-74.62142717175992
2011-12-05,-68.848149906407
2011-12-06,-65.11360075364286
2011-12-07,-63.15663776374472
2011-12-08,-61.4106567103905
2011-12-09,-63.72180862871745
2011-12-10,-58.11345469399605
2011-12-11,-49.26148441888655
2011-12-12,-51.97857103058594
2011-12-13,-52.55203125221007
2011-12-14,-54.54168563097661
2011-12-15,-52.63277960012529
2011-12-16,-52.23364411936677
2011-12-17,-52.1702074338535
2011-12-18,-52.14776546048835
2011-12-19,-38.83695327894184
2011-12-20,-24.46880846911794
2011-12-21,-26.02414171803539
2011-12-22,-26.78633748668838
2011-12-23,-24.79408949005504
2011-12-24,-24.44323173068918
2011-12-25,-15.54835053265336
2011-12-26,-21.93925171881947
2011-12-27,-19.62337361794163
2011-12-28,-16.30365764300537
2011-12-29,-17.70736393470555
2011-12-30,-15.79970611236677
2011-12-31,-4.871635625841487
2012-01-01,6.144428786559314
2012-01-02,4.702429051257889
2012-01-03,-1.172683627536147
2012-01-04,15.83137091673158
2012-01-05,28.80408823773573
2012-01-06,23.25999443533402
2012-01-07,25.85887555227552
2012-01-08,28.42000030857301
2012-01-09,19.85494600001431
2012-01-10,21.86646265578146
2012-01-11,26.0060583757488
2012-01-12,23.25765509566957
2012-01-13,18.50114437981635
2012-01-14,24.26628181998191
2012-01-15,25.88868019981167
2012-01-16,22.66310352028145
2012-01-17,13.07331156871469
2012-01-18,13.69354774158568
2012-01-19,17.65437708024812
2012-01-20,20.33032196836914
2012-01-21,16.49958412405527
2012-01-22,17.70872836399403
2012-01-23,18.50671134256497
2012-01-24,17.29692509634367
2012-01-25,10.53373853861216
2012-01-26,2.938009241933575
2012-01-27,2.706536298791962
2012-01-28,8.1209565626305
2012-01-29,4.955264375176599
2012-01-30,6.234555011959076
2012-01-31,7.188671292293913
2012-02-01,15.72112454598443
2012-02-02,13.41894136615957
2012-02-03,13.51883682176335
2012-02-04,12.089630411166
2012-02-05,7.018478658275135
2012-02-06,6.982712842496158
2012-02-07,9.928581310890655
2012-02-08,8.968664155843125
2012-02-09,12.53200717860627
2012-02-10,13.24577982488372
2012-02-11,6.825080099326685
2012-02-12,7.010591738318106
2012-02-13,2.410163351461963
2012-02-14,-9.96345487776974
2012-02-15,-19.96057437357387
2012-02-16,-18.12161020357554
2012-02-17,-13.18878640756839
2012-02-18,-16.30227161747006
2012-02-19,-13.87682356508878
2012-02-20,-14.04102418772823
2012-02-21,-16.43198694911996
2012-02-22,-11.01551768735964
2012-02-23,1.189045456307264
2012-02-24,0.5515537228991063
2012-02-25,-4.852055515510228
2012-02-26,-1.538809922087525
2012-02-27,-1.529298271453156
2012-02-28,-3.712472192200505
2012-02-29,-1.547140138647157
2012-03-01,-0.5122267906810585
2012-03-02,-5.546129018306884
2012-03-03,-6.702802356897076
2012-03-04,-2.346567815016138
2012-03-05,-0.1239828858540792
2012-03-06,0.4046380849959064
2012-03-07,0.2511570976309718
2012-03-08,-1.636061006146777
2012-03-09,-1.95988954512506
2012-03-10,-2.785083412802436
2012-03-11,-1.288528060015215
2012-03-12,-1.307211846516687
2012-03-13,5.956913873354869
2012-03-14,7.972997222543693
2012-03-15,7.816344900202315
2012-03-16,6.921667938218862
2012-03-17,5.015453867027913
2012-03-18,6.059129304994626
2012-03-19,-5.124101153813843
2012-03-20,-2.631489368559908
2012-03-21,-2.424983173251532
2012-03-22,-6.003698189804058
2012-03-23,-4.851313692326443
2012-03-24,-6.304630895507119
2012-03-25,-7.895233415687164
2012-03-26,-7.267789077847725
2012-03-27,-3.373085600152392
2012-03-28,-2.967288010593694
2012-03-29,-3.382984462462002
2012-03-30,0.3069402897389217
2012-03-31,1.058125040040259
2012-04-01,-1.360710956729388
2012-04-02,1.493080154619614
2012-04-03,2.178156033938578
2012-04-04,1.662045182560723
2012-04-05,1.32276009747257
2012-04-06,2.08234520285655
2012-04-07,-3.090177758111468
2012-04-08,-1.154317813103295
2012-04-09,-0.184413664009031
2012-04-10,0.1672312722850011
2012-04-11,1.569579714766756
2012-04-12,0.9777907930585694
2012-04-13,1.763099286848957
2012-04-14,1.898091451890144
2012-04-15,1.272051183037887
2012-04-16,2.1676011819936
2012-04-17,2.770673285775333
2012-04-18,5.598230402999738
2012-04-19,5.430305869400204
2012-04-20,9.341449566025883
2012-04-21,7.683374960072031
2012-04-22,5.889670485114173
2012-04-23,3.020238942696424
2012-04-24,4.667054901286622
2012-04-25,5.210382766587562
2012-04-26,3.626820544128267
2012-04-27,3.924488446942975
2012-04-28,0.9646402807696686
2012-04-29,0.2692699002091958
2012-04-30,1.077078071124449
2012-05-01,3.42864776774468
2012-05-02,3.401063584443842
2012-05-03,4.138936212121558
2012-05-04,4.660712337025003
2012-05-05,3.218234304953032
2012-05-06,2.426156640768445
2012-05-07,4.141460241912343
2012-05-08,2.853814800618293
2012-05-09,3.146736009247903
2012-05-10,1.265026662500013
2012-05-11,1.716373100797824
2012-05-12,1.472808789935492
2012-05-13,1.382285038771031
2012-05-14,2.785378162033464
2012-05-15,3.290208405601369
2012-05-16,4.405871715998943
2012-05-17,4.644230738912625
2012-05-18,5.093549295185628
2012-05-19,5.260569619702249
2012-05-20,5.456217145964059
2012-05-21,5.558644231142368
2012-05-22,5.421709738039065
2012-05-23,6.086057733385281
2012-05-24,6.397793627555637
2012-05-25,6.232509966339772
2012-05-26,6.283269796860946
2012-05-27,6.25616388672286
2012-05-28,6.127279397502039
2012-05-29,6.256071484221593
2012-05-30,6.982367376614318
2012-05-31,8.596221320265984
2012-06-01,8.95510352251811
2012-06-02,8.787352517814512
2012-06-03,8.24712442048076
2012-06-04,10.2713329369715
2012-06-05,12.19574110137377
2012-06-06,12.44340693428748
2012-06-07,14.16837484897994
2012-06-08,14.63417632038928
2012-06-09,13.63722773381996
2012-06-10,12.13329122601153
2012-06-11,12.91346033236415
2012-06-12,15.5945588449451
2012-06-13,18.06371154987393
2012-06-14,18.22827933891495
2012-06-15,23.46554516127157
2012-06-16,24.71906956632485
2012-06-17,20.83546877964299
2012-06-18,22.59771367191398
2012-06-19,25.30698899368335
2012-06-20,27.35550739282733
2012-06-21,27.02448070179763
2012-06-22,25.14018836970639
2012-06-23,23.89292525796107
2012-06-24,22.66609775542921
2012-06-25,22.15935939748091
2012-06-26,23.63849921202119
2012-06-27,26.16295652765544
2012-06-28,25.06093451240853
2012-06-29,26.19876046630026
2012-06-30,26.26690186149018
2012-07-01,25.65833240713902
2012-07-02,26.71021149448914
2012-07-03,23.82537140197934
2012-07-04,23.87567170832773
2012-07-05,24.89962367037171
2012-07-06,26.11261719371035
2012-07-07,26.7156704597221
2012-07-08,27.03468936252871
2012-07-09,29.51862182584629
2012-07-10,31.25903774300325
2012-07-11,30.91002148812965
2012-07-12,35.31012569455721
2012-07-13,34.82924747235459
2012-07-14,34.50583801076932
2012-07-15,35.44887940696226
2012-07-16,43.71768159657324
2012-07-17,43.73932494147995
2012-07-18,44.57599496680356
2012-07-19,36.27101794037721
2012-07-20,38.63330649758088
2012-07-21,41.7001180990299
2012-07-22,36.51405510432102
2012-07-23,39.60779123970497
2012-07-24,39.45250177223798
2012-07-25,40.42849950745308
2012-07-26,42.04184051597138
2012-07-27,41.7200554977845
2012-07-28,41.38836793985312
2012-07-29,40.18261609432997
2012-07-30,42.46098473692462
2012-07-31,43.85848304995065
2012-08-01,44.48594384009096
2012-08-02,49.87298440070326
2012-08-03,50.38192849157721
2012-08-04,48.99322333945831
2012-08-05,49.54144483378654
2012-08-06,49.52635613632863
2012-08-07,50.6569056422287
2012-08-08,50.01699946517092
2012-08-09,50.1060379441364
2012-08-10,51.69745250829391
2012-08-11,51.54833364117556
2012-08-12,52.06887274842179
2012-08-13,53.19834420504781
2012-08-14,54.06593060568146
2012-08-15,57.31407270849229
2012-08-16,57.82528263812888
2012-08-17,50.61906200043123
2012-08-18,49.33588660193772
2012-08-19,37.52524597889852
2012-08-20,40.66625378124839
2012-08-21,41.16966112706199
2012-08-22,41.00861179909781
2012-08-23,42.13929281230917
2012-08-24,44.72026123396841
2012-08-25,44.56502986279685
2012-08-26,44.54484036393633
2012-08-27,45.79073010680072
2012-08-28,44.79356322042571
2012-08-29,44.86814790024234
2012-08-30,44.35550823043334
2012-08-31,40.11854208686228
2012-09-01,39.30257364203425
2012-09-02,40.80323775356459
2012-09-03,42.13658612777042
2012-09-04,41.46887962063649
2012-09-05,44.05170730300285
2012-09-06,45.14129367786877
2012-09-07,44.38993013997649
2012-09-08,44.85354836731283
2012-09-09,44.4857055612912
2012-09-10,43.90327467887762
2012-09-11,44.07715505800836
2012-09-12,44.45083570247743
2012-09-13,45.02710016705311
2012-09-14,46.29111252269988
2012-09-15,46.95666721266741
2012-09-16,46.7754958249921
2012-09-17,46.53300352798999
2012-09-18,47.76597649551608
2012-09-19,49.23594344650837
2012-09-20,48.08474755815521
2012-09-21,47.76675728906427
2012-09-22,46.89080119838829
2012-09-23,47.21604973483687
2012-09-24,46.23734954680778
2012-09-25,46.59786987172308
2012-09-26,47.24774054711443
2012-09-27,46.56351554849212
2012-09-28,46.89034407186591
2012-09-29,46.74161107808852
2012-09-30,46.68358753716607
2012-10-01,46.72194371092068
2012-10-02,47.79509556155932
2012-10-03,48.62864755232442
2012-10-04,47.9742116961955
2012-10-05,47.6496394305134
2012-10-06,45.43411226536055
2012-10-07,43.88192634844587
2012-10-08,43.37876197390058
2012-10-09,43.38980691938774
2012-10-10,44.44405313078673
2012-10-11,44.25724157410912
2012-10-12,43.87867011363129
2012-10-13,43.37941532197034
2012-10-14,41.74888631426577
2012-10-15,43.28190623593778
2012-10-16,43.01173623770284
2012-10-17,43.28398583725446
2012-10-18,43.16031765633785
2012-10-19,42.2515180262984
2012-10-20,42.09356004712499
2012-10-21,41.4711434091051
2012-10-22,41.8853093425756
2012-10-23,41.48240344064018
2012-10-24,41.05827124112948
2012-10-25,37.05383657297924
2012-10-26,32.50989748151222
2012-10-27,34.79671627414018
2012-10-28,37.21319056797036
2012-10-29,36.32330028494666
2012-10-30,37.47354116719944
2012-10-31,38.66605216274212
2012-11-01,36.14284254656323
2012-11-02,34.49912600096216
2012-11-03,35.61487433543189
2012-11-04,37.13370206672192
2012-11-05,36.51785616783195
2012-11-06,37.0659253753971
2012-11-07,37.8236428385143
2012-11-08,37.2083626977472
2012-11-09,37.06268396997302
2012-11-10,36.62801485995298
2012-11-11,36.87938500640104
2012-11-12,38.29926871416981
2012-11-13,37.56272547510639
2012-11-14,37.68377595055054
2012-11-15,38.50425269706327
2012-11-16,41.32653774789298
2012-11-17,41.37886589842605
2012-11-18,40.53597247719752
2012-11-19,40.47100116914711
2012-11-20,40.90516036549965
2012-11-21,40.71953996283374
2012-11-22,43.22934844135601
2012-11-23,43.28024005982456
2012-11-24,43.43089131391204
2012-11-25,43.74708189534323
2012-11-26,42.15928806208959
2012-11-27,42.4298942119191
2012-11-28,42.37192455809632
2012-11-29,43.62094095068302
2012-11-30,43.54841653812954
2012-12-01,43.93059581529266
2012-12-02,43.17232525974197
2012-12-03,43.70638197231359
2012-12-04,46.06016771702937
2012-12-05,45.91975254665894
2012-12-06,45.01955126953091
2012-12-07,45.87829753236861
2012-12-08,46.25110747827645
2012-12-09,45.35339032126359
2012-12-10,45.62230953168557
2012-12-11,46.18896464578074
2012-12-12,46.57979547900362
2012-12-13,46.16316746457967
2012-12-14,45.50714515821127
2012-12-15,45.67698147812536
2012-12-16,44.52610361584551
2012-12-17,44.3231202865913
2012-12-18,44.05027242613681
2012-12-19,45.67433747805817
2012-12-20,45.47278376393214
2012-12-21,44.76883203126574
2012-12-22,44.2491458963683
2012-12-23,43.90782732803212
2012-12-24,44.43019855925128
2012-12-25,44.28384970692134
2012-12-26,44.45819494271607
2012-12-27,44.62609358134573
2012-12-28,44.80957070599352
2012-12-29,44.23645143058245
2012-12-30,44.64634193529127
2012-12-31,44.75997327109449
2013-01-01,43.48646185167777
2013-01-02,43.71371425108443
2013-01-03,43.75586968240366
2013-01-04,44.34116764251483
2013-01-05,44.04973843200069
2013-01-06,44.34845260411973
2013-01-07,44.62316524088545
2013-01-08,44.67188771952486
2013-01-09,45.36048090538677
2013-01-10,46.34123879085126
2013-01-11,46.44930136585697
2013-01-12,46.34510264511762
2013-01-13,46.04628808613691
2013-01-14,46.45136319995871
2013-01-15,46.15407069427874
2013-01-16,47.57945984308679
2013-01-17,50.79524690172654
2013-01-18,50.60575898432241
2013-01-19,50.16422667915214
2013-01-20,50.31232703164156
2013-01-21,53.59140515303136
2013-01-22,54.47944524777606
2013-01-23,55.23471758604421
2013-01-24,50.63949084616324
2013-01-25,52.87781975646734
2013-01-26,54.06970937780358
2013-01-27,54.3864552806406
2013-01-28,56.30485264678
2013-01-29,56.95493645413181
2013-01-30,57.0640703584843
2013-01-31,58.59900768131811
2013-02-01,56.681505003258
2013-02-02,55.34685131219435
2013-02-03,57.21332603742376
2013-02-04,57.08353624007736
2013-02-05,56.92718471042181
2013-02-06,57.52778149418154
2013-02-07,59.55931511694912
2013-02-08,59.68827030669315
2013-02-09,61.46232866048147
2013-02-10,61.48665355771637
2013-02-11,62.00807134629397
2013-02-12,62.79094565931298
2013-02-13,58.21363593703028
2013-02-14,64.37122644333638
2013-02-15,64.0488256295776
2013-02-16,63.85772406865262
2013-02-17,62.57264897326741
2013-02-18,62.84900716907402
2013-02-19,65.55868506942343
2013-02-20,65.50465002883625
2013-02-21,65.209997198499
2013-02-22,65.32834838426919
2013-02-23,64.36171389731548
2013-02-24,64.48479961903753
2013-02-25,63.98234965070869
2013-02-26,64.3842085122134
2013-02-27,66.23232579067918
2013-02-28,65.93657008551214
2013-03-01,66.81900320643976
2013-03-02,66.26467870962315
2013-03-03,66.15245023092356
2013-03-04,67.73068079421509
2013-03-05,70.27288410213795
2013-03-06,63.04386898544966
2013-03-07,69.54768568182514
2013-03-08,70.21620460666327
2013-03-09,71.67487370902923
2013-03-10,71.00782995263559
2013-03-11,71.1087766744144
2013-03-12,69.21345444216857
2013-03-13,70.4070578109612
2013-03-14,69.84490238364901
2013-03-15,69.55075990247495
2013-03-16,69.5774958147272
2013-03-17,69.58324923523595
2013-03-18,71.19782673362944
2013-03-19,74.51587976590491
2013-03-20,75.6676141338079
2013-03-21,76.79430330521015
2013-03-22,75.68718004884866
2013-03-23,72.62691351764626
2013-03-24,75.1141948002185
2013-03-25,74.95093197778375
2013-03-26,76.24927903299873
2013-03-27,78.06164635891977
2013-03-28,76.56448683632259
2013-03-29,76.70941980740545
2013-03-30,76.65517497761978
2013-03-31,76.55822127595798
2013-04-01,77.56588434307332
2013-04-02,79.4496158027854
2013-04-03,78.6520584476631
2013-04-04,78.86711527845505
2013-04-05,79.05065049733078
2013-04-06,78.69931421949323
2013-04-07,81.19312024544452
2013-04-08,81.72983742498691
2013-04-09,82.894346104356
2013-04-10,75.74488407869119
2013-04-11,72.85019072374084
2013-04-12,66.99635991300272
2013-04-13,56.94151873186256
2013-04-14,55.61681651898873
2013-04-15,49.86417094280909
2013-04-16,39.57440946907958
2013-04-17,58.87746129945746
2013-04-18,64.20855468712811
2013-04-19,65.70530854734076
2013-04-20,68.21417144278766
2013-04-21,66.18704924183221
2013-04-22,67.52484696284907
2013-04-23,70.28331171825853
2013-04-24,71.87364419508096
2013-04-25,67.73568593389018
2013-04-26,66.25745676850323
2013-04-27,64.75242441228495
2013-04-28,65.65779268311621
2013-04-29,67.47462613901729
2013-04-30,65.81436228385341
2013-05-01,59.17088304440635
2013-05-02,55.69292321687396
2013-05-03,50.24735795373386
2013-05-04,58.38982082488331
2013-05-05,60.16611797569607
2013-05-06,57.70459474894091
2013-05-07,57.77334440275488
2013-05-08,58.2530298823704
2013-05-09,58.27057896557923
2013-05-10,59.91381136028704
2013-05-11,59.27857645378397
2013-05-12,59.23136290810487
2013-05-13,59.68236660028171
2013-05-14,54.89783646497466
2013-05-15,58.85722052413161
2013-05-16,59.73560481835143
2013-05-17,61.48226167883035
2013-05-18,60.97395117470338
2013-05-19,60.80949030054158
2013-05-20,60.63906248851355
2013-05-21,60.68334425775025
2013-05-22,60.96615525664044
2013-05-23,61.64684818551903
2013-05-24,63.32102981671134
2013-05-25,62.25582375283493
2013-05-26,63.14678289393972
2013-05-27,61.35380071779247
2013-05-28,61.61955008495512
2013-05-29,61.8643987197332
2013-05-30,60.77660100280221
2013-05-31,61.20637071039196
2013-06-01,60.8668842429092
2013-06-02,58.44412968567344
2013-06-03,58.54484044836726
2013-06-04,58.20250453678882
2013-06-05,58.20019554852085
2013-06-06,56.9080215721613
2013-06-07,53.94245477184304
2013-06-08,52.86526225662039
2013-06-09,48.83530833326423
2013-06-10,51.95054456715955
2013-06-11,53.05139531785865
2013-06-12,52.80381420569677
2013-06-13,50.23588762023063
2013-06-14,47.86278115499745
2013-06-15,48.90013261409804
2013-06-16,48.39825815534289
2013-06-17,49.82848415096178
2013-06-18,52.14837943931404
2013-06-19,52.6036363155989
2013-06-20,53.48175602804186
2013-06-21,53.13914416947564
2013-06-22,52.68795896021662
2013-06-23,52.10728930366907
2013-06-24,50.05702563950558
2013-06-25,50.29671782799981
2013-06-26,50.31722085778738
2013-06-27,49.27252604794924
2013-06-28,45.24836759880841
2013-06-29,45.68800396106075
2013-06-30,47.24444241348784
2013-07-01,42.83813416280606
2013-07-02,42.89040255381107
2013-07-03,36.66150092843349
2013-07-04,35.58620033241836
2013-07-05,25.18053323603805
2013-07-06,25.17556689715379
2013-07-07,32.8964820301226
2013-07-08,34.23744543164015
2013-07-09,34.65921965058528
2013-07-10,44.07367148454492
2013-07-11,43.50442028538885
2013-07-12,45.76891424949969
2013-07-13,47.44943236383589
2013-07-14,45.42369971292523
2013-07-15,47.94553972836643
2013-07-16,47.93036027606401
2013-07-17,47.7043353392575
2013-07-18,43.91328731493672
2013-07-19,44.62349632677554
2013-07-20,42.85103763601261
2013-07-21,43.48707156194131
2013-07-22,44.72284908741941
2013-07-23,46.62717059920743
2013-07-24,46.37842610021805
2013-07-25,46.938249548215
2013-07-26,46.76969541912592
2013-07-27,45.62322631816313
2013-07-28,48.74606432737434
2013-07-29,49.12341772238667
2013-07-30,51.78562064388945
2013-07-31,51.34303754801961
2013-08-01,50.59949230722156
2013-08-02,50.48647944308231
2013-08-03,49.98414855663631
2013-08-04,50.19536654120302
2013-08-05,50.90751244251904
2013-08-06,50.67290972090876
2013-08-07,50.17204267172086
2013-08-08,50.22911100841969
2013-08-09,48.86558964747253
2013-08-10,48.81273678041801
2013-08-11,49.72015888465157
2013-08-12,50.35092658099036
2013-08-13,50.9804249437275
2013-08-14,52.36272295841158
2013-08-15,50.92274285685937
2013-08-16,51.07785990158058
2013-08-17,52.44521396629066
2013-08-18,52.72601882709925
2013-08-19,54.27182855638159
2013-08-20,55.85345171846659
2013-08-21,55.79997218071397
2013-08-22,55.08471935075693
2013-08-23,53.97655977375165
2013-08-24,54.39059642115915
2013-08-25,55.11401067437649
2013-08-26,54.71380419482201
2013-08-27,58.09719003125866
2013-08-28,57.38225469272149
2013-08-29,56.92011250287243
2013-08-30,59.67603528880265
2013-08-31,60.75423567263909
2013-09-01,61.29000342981047
2013-09-02,60.93908458712865
2013-09-03,60.63273420427031
2013-09-04,55.67713614187046
2013-09-05,56.66921201375546
2013-09-06,53.09382789717867
2013-09-07,55.5884737912159
2013-09-08,54.52514670052994
2013-09-09,56.46857293411688
2013-09-10,57.05404324859927
2013-09-11,58.83845180070869
2013-09-12,58.34183558173793
2013-09-13,58.46590481065302
2013-09-14,56.92501370195365
2013-09-15,58.03828472343238
2013-09-16,57.67130014123398
2013-09-17,58.1266793128937
2013-09-18,57.84259072178158
2013-09-19,55.86685693061702
2013-09-20,55.37686238155677
2013-09-21,55.59039538481662
2013-09-22,55.61998825383166
2013-09-23,55.09885713446623
2013-09-24,55.50594079762584
2013-09-25,55.73209532378755
2013-09-26,56.19699349142488
2013-09-27,56.93027650965605
2013-09-28,57.5365343215422
2013-09-29,58.05500467744632
2013-09-30,57.72020911157787
2013-10-01,56.63037460674452
2013-10-02,49.87649950852723
2013-10-03,53.26855475197881
2013-10-04,55.35012438856884
2013-10-05,55.32770526603239
2013-10-06,60.497129371135
2013-10-07,61.44044831585148
2013-10-08,56.15254732070362
2013-10-09,57.42488444256823
2013-10-10,48.40327936936721
2013-10-11,54.26760688123736
2013-10-12,60.99103087059895
2013-10-13,58.87125010725354
2013-10-14,69.09582189002236
2013-10-15,55.77742229076876
2013-10-16,53.84223946327874
2013-10-17,57.32657062035802
2013-10-18,65.03305971001218
2013-10-19,61.22419604917603
2013-10-20,67.08149214150602
2013-10-21,65.4838597893409
2013-10-22,65.42897756093952
2013-10-23,66.00015188685161
2013-10-24,63.88283025518201
2013-10-25,60.95819773624718
2013-10-26,62.09045310989263
2013-10-27,67.4911110290804
2013-10-28,61.99717891043688
2013-10-29,64.8650363992488
2013-10-30,62.17160324552723
2013-10-31,66.81812633778964
2013-11-01,68.51418370736496
2013-11-02,67.56820905029721
2013-11-03,63.68212896145117
2013-11-04,65.95040473031698
2013-11-05,71.38453308106678
2013-11-06,69.7363401700087
2013-11-07,70.97116906153116
2013-11-08,77.64321728685579
2013-11-09,73.6526724630834
2013-11-10,76.54232369832314
2013-11-11,73.0407738345374
2013-11-12,76.76113349067516
2013-11-13,75.78318587022815
2013-11-14,76.52422331867574
2013-11-15,75.00578682194433
2013-11-16,77.96931134002509
2013-11-17,83.9654745749941
2013-11-18,83.82526119988398
2013-11-19,79.22701853369855
2013-11-20,78.80548170060224
2013-11-21,80.5690352832087
2013-11-22,82.38046641618904
2013-11-23,81.70765113515908
2013-11-24,80.6022345961069
2013-11-25,79.72935147732692
2013-11-26,79.796190667395
2013-11-27,80.80452691400103
2013-11-28,79.63778207225536
2013-11-29,81.1878726241135
2013-11-30,79.86812057935056
2013-12-01,76.01773942570237
2013-12-02,77.39452875448943
2013-12-03,77.89517089340728
2013-12-04,77.8714189026542
2013-12-05,76.29706553130843
2013-12-06,71.95754823453558
2013-12-07,64.49502331911556
2013-12-08,68.4029958541025
2013-12-09,73.27360236309644
2013-12-10,73.50644243176235
2013-12-11,70.92978793053221
2013-12-12,70.43680320632119
2013-12-13,70.46376056129895
2013-12-14,82.85174696578088
2013-12-15,69.65661544821337
2013-12-16,62.9013496171385
2013-12-17,62.47146421864416
2013-12-18,50.82509335248244
2013-12-19,61.29971420277069
2013-12-20,58.91165531721879
2013-12-21,56.99686675604377
2013-12-22,58.78173466845054
2013-12-23,60.09526649440461
2013-12-24,59.39321351134306
2013-12-25,60.37107389321318
2013-12-26,63.56000187688971
2013-12-27,62.79461214505133
2013-12-28,62.67496354456654
2013-12-29,62.24280113977593
2013-12-30,63.08523557284963
2013-12-31,68.70742637496376
2014-01-01,63.2399592753268
2014-01-02,64.39786311636226
2014-01-03,65.43445771527306
2014-01-04,65.96049801600523
2014-01-05,68.6837366818891
2014-01-06,68.63083654053196
2014-01-07,63.24766157226291
2014-01-08,65.2396423856036
2014-01-09,65.19453486605775
2014-01-10,65.90185649770733
2014-01-11,67.15235860581828
2014-01-12,64.82513218934646
2014-01-13,64.20386463525885
2014-01-14,68.88926932368283
2014-01-15,67.35933211032015
2014-01-16,68.93768050702496
2014-01-17,62.5004061734294
2014-01-18,64.15243304748829
2014-01-19,64.14598986308168
2014-01-20,71.46896370103615
2014-01-21,59.4804569598226
2014-01-22,66.74751844583568
2014-01-23,61.001575250727
2014-01-24,61.17238971373401
2014-01-25,61.5496608082309
2014-01-26,63.30871557705121
2014-01-27,59.81833418334966
2014-01-28,73.37364157957342
2014-01-29,71.18960537722268
2014-01-30,60.9576869367796
2014-01-31,68.3327544487849
2014-02-01,61.40263964505743
2014-02-02,72.00362538935482
2014-02-03,61.56828193974886
2014-02-04,71.04737631629261
2014-02-05,58.67325903097345
2014-02-06,55.71930555945119
2014-02-07,53.68279714932739
2014-02-08,52.78822101734135
2014-02-09,51.96708314350541
2014-02-10,52.68555895718298
2014-02-11,53.91276923391223
2014-02-12,49.45678487138778
2014-02-13,46.6191157862122
2014-02-14,46.99525375128867
2014-02-15,50.62028259730958
2014-02-16,47.24723727747692
2014-02-17,48.3620295424294
2014-02-18,68.69300371182936
2014-02-19,47.69305468951948
2014-02-20,41.68464094459401
2014-02-21,76.13815289127469
2014-02-22,45.55934829284803
2014-02-23,46.41229136229313
2014-02-24,42.09276540812979
2014-02-25,40.06205400981623
2014-02-26,46.78502082533554
2014-02-27,53.77602926293549
2014-02-28,43.01987059122828
2014-03-01,53.4576789394831
2014-03-02,42.3799391752593
2014-03-03,50.37448109358684
2014-03-04,51.28368647473236
2014-03-05,50.77324817422553
2014-03-06,50.40702023117278
2014-03-07,45.99095623433735
2014-03-08,44.77371697786864
2014-03-09,45.98226525869432
2014-03-10,44.79454953742867
2014-03-11,46.88281502644728
2014-03-12,44.64189711743592
2014-03-13,45.67382386304743
2014-03-14,44.96410979556338
2014-03-15,45.29779072040579
2014-03-16,45.15098806491533
2014-03-17,44.01756248111477
2014-03-18,43.20150104119129
2014-03-19,42.2844858217539
2014-03-20,39.55239737376088
2014-03-21,38.07031385561432
2014-03-22,38.11425395370689
2014-03-23,37.83006189462017
2014-03-24,39.50969740351037
2014-03-25,39.3342576749293
2014-03-26,38.67788173332001
2014-03-27,27.55805378076835
2014-03-28,30.91242488885664
2014-03-29,28.21279533218254
2014-03-30,24.75961513690763
2014-03-31,23.79049789431689
2014-04-01,27.35666511704558
2014-04-02,19.20942664669468
2014-04-03,21.36149275419395
2014-04-04,24.70823020462488
2014-04-05,27.04405898724946
2014-04-06,26.4269102050975
2014-04-07,26.93398074836342
2014-04-08,28.22382121733838
2014-04-09,26.03263808460384
2014-04-10,8.758714523594552
2014-04-11,23.87249079219813
2014-04-12,23.63427895036376
2014-04-13,22.16991570081108
2014-04-14,29.07639682547141
2014-04-15,35.37556595681087
2014-04-16,37.2311117828848
2014-04-17,32.73697360608937
2014-04-18,30.64145368036388
2014-04-19,33.87651954278781
2014-04-20,32.51264189517388
2014-04-21,32.47649047582198
2014-04-22,31.47184839351215
2014-04-23,31.39203665884876
2014-04-24,32.40769249585709
2014-04-25,27.36121655242397
2014-04-26,26.91820655251903
2014-04-27,21.66025960894794
2014-04-28,23.91062434437621
2014-04-29,24.95462865329609
2014-04-30,25.42809135334142
2014-05-01,27.30571133058019
2014-05-02,25.5355680432593
2014-05-03,23.7630263939158
2014-05-04,23.96204186430931
2014-05-05,22.76068390856146
2014-05-06,22.76643352280158
2014-05-07,24.54710864226021
2014-05-08,24.01461860450433
2014-05-09,26.93751967000843
2014-05-10,26.08572437358785
2014-05-11,23.09798724584329
2014-05-12,23.89458629625568
2014-05-13,24.41798311732614
2014-05-14,24.61099428767211
2014-05-15,25.47960693914197
2014-05-16,26.61979751665733
2014-05-17,26.51000114259639
2014-05-18,26.18012624885542
2014-05-19,24.92260758915945
2014-05-20,31.1176538218341
2014-05-21,31.61007125562372
2014-05-22,35.877398748663
2014-05-23,35.5589465399635
2014-05-24,36.09056059346469
2014-05-25,41.0261232181394
2014-05-26,42.15985732426924
2014-05-27,40.68538531050761
2014-05-28,40.68413258961188
2014-05-29,40.14663862622765
2014-05-30,44.30340792854912
2014-05-31,45.23886103523078
2014-06-01,46.8877964689954
2014-06-02,48.27015920839946
2014-06-03,48.02734971453822
2014-06-04,45.97180760976511
2014-06-05,47.13101822192714
2014-06-06,46.67339015663921
2014-06-07,46.92549028100967
2014-06-08,46.79782312877664
2014-06-09,46.18212083093906
2014-06-10,46.8805738471289
2014-06-11,45.58796196009374
2014-06-12,41.56525542717687
2014-06-13,42.02211250996078
2014-06-14,39.42348823521959
2014-06-15,40.01606141649206
2014-06-16,40.52394755613174
2014-06-17,41.87527792096427
2014-06-18,41.58855166756407
2014-06-19,40.77512517947034
2014-06-20,39.95484381021163
2014-06-21,40.51508408713842
2014-06-22,41.21980278284414
2014-06-23,39.44320519984451
2014-06-24,39.45469213703517
2014-06-25,37.27300655606217
2014-06-26,38.8143310662093
2014-06-27,41.00925290409374
2014-06-28,40.33745095945056
2014-06-29,40.31592386665027
2014-06-30,44.11475831692297
2014-07-01,43.74128106583559
2014-07-02,44.37799134803505
2014-07-03,43.71245141224397
2014-07-04,42.29602505938334
2014-07-05,42.51259435738607
2014-07-06,42.5521271115724
2014-07-07,41.16649605547154
2014-07-08,41.46011503250293
2014-07-09,42.05069147171856
2014-07-10,41.56436057253651
2014-07-11,42.90411995968469
2014-07-12,43.33760640880977
2014-07-13,42.52556117585858
2014-07-14,41.61654974749104
2014-07-15,41.61218653327754
2014-07-16,41.27177915726236
2014-07-17,42.194861024468
2014-07-18,42.36516477164196
2014-07-19,42.07800698460583
2014-07-20,41.65127832994875
2014-07-21,41.94060042089368
2014-07-22,41.72659824732566
2014-07-23,41.56197187137841
2014-07-24,39.71778693455544
2014-07-25,39.54665606029135
2014-07-26,38.97998560968644
2014-07-27,38.87433083165621
2014-07-28,38.16004263652135
2014-07-29,37.89677261807539
2014-07-30,35.68803240959504
2014-07-31,38.01088051140081
2014-08-01,39.20190882380445
2014-08-02,38.0333516603364
2014-08-03,38.15889416994646
2014-08-04,38.59398976658179
2014-08-05,37.83389284436832
2014-08-06,37.80505470445645
2014-08-07,38.20221568548638
2014-08-08,38.07112237669951
2014-08-09,37.64951171440849
2014-08-10,38.01699491246063
2014-08-11,36.18131144919279
2014-08-12,35.4513264674255
2014-08-13,32.41416861751007
2014-08-14,28.2460283492648
2014-08-15,24.98627179946834
2014-08-16,29.5838017468521
2014-08-17,25.13024921126412
2014-08-18,20.50961555961629
2014-08-19,25.09099296348874
2014-08-20,29.25228097423036
2014-08-21,29.42108110709867
2014-08-22,28.91022746896175
2014-08-23,27.06843295623178
2014-08-24,28.14637423625539
2014-08-25,27.38530212892116
2014-08-26,28.79567385847875
2014-08-27,29.69023431766601
2014-08-28,28.68417427388231
2014-08-29,29.25435865948943
2014-08-30,27.90419786504163
2014-08-31,24.2878427095605
2014-09-01,23.28755032451509
2014-09-02,24.0853747372814
2014-09-03,24.07112842013482
2014-09-04,25.94652511932774
2014-09-05,24.67153478353509
2014-09-06,24.86197711046182
2014-09-07,24.64868709017919
2014-09-08,23.69598161402727
2014-09-09,23.14715585870641
2014-09-10,24.51447401945951
2014-09-11,24.1710698941425
2014-09-12,23.93687272370065
2014-09-13,24.44659851510297
2014-09-14,24.08101049691411
2014-09-15,23.62832357001608
2014-09-16,22.44560219549292
2014-09-17,21.15773121547719
2014-09-18,13.94351943158605
2014-09-19,8.727906502518085
2014-09-20,13.20294034929256
2014-09-21,10.65274012172097
2014-09-22,11.06536150222235
2014-09-23,17.65243278979218
2014-09-24,15.25344712101725
2014-09-25,12.99514851153862
2014-09-26,11.09247421262839
2014-09-27,10.16676613307736
2014-09-28,5.71794268020267
2014-09-29,5.58867286135159
2014-09-30,8.031146914070126
2014-10-01,7.21776385918459
2014-10-02,4.690267915977925
2014-10-03,2.964345223123416
2014-10-04,-6.339903648812367
2014-10-05,-10.76911913523677
2014-10-06,-5.217071853210514
2014-10-07,-4.399846729072965
2014-10-08,0.8402098268352198
2014-10-09,4.873320879144593
2014-10-10,3.885291478909259
2014-10-11,3.183926757723427
2014-10-12,5.706566074693781
2014-10-13,10.13609972443611
2014-10-14,11.76041248133055
2014-10-15,12.58225120314933
2014-10-16,8.35705256725513
2014-10-17,8.277868092965512
2014-10-18,10.94947165274641
2014-10-19,9.699062426547888
2014-10-20,8.743715650907246
2014-10-21,8.864927714511516
2014-10-22,8.407589528971554
2014-10-23,2.815343152848038
2014-10-24,3.055669993134807
2014-10-25,0.3683202969954114
2014-10-26,1.732182592423515
2014-10-27,1.580300113291677
2014-10-28,1.398133126939771
2014-10-29,-2.494193178151466
2014-10-30,-0.2957169759107037
2014-10-31,-1.799894958021792
2014-11-01,-6.055316989552251
2014-11-02,-6.191800001280895
2014-11-03,-6.18227329592102
2014-11-04,-3.305786737857741
2014-11-05,-1.581596097535165
2014-11-06,1.258354336982426
2014-11-07,-0.0765989254145949
2014-11-08,0.1910772139643635
2014-11-09,4.77922705217268
2014-11-10,6.267314032506471
2014-11-11,7.221003073192961
2014-11-12,23.1928559871379
2014-11-13,17.76207579670696
2014-11-14,14.79933845975082
2014-11-15,7.748980858825111
2014-11-16,12.71864711173862
2014-11-17,12.56810267025965
2014-11-18,8.976068286327815
2014-11-19,10.13610880967954
2014-11-20,2.618945978182818
2014-11-21,2.846171399461977
2014-11-22,2.755704250415652
2014-11-23,6.63919839927618
2014-11-24,9.899333497590263
2014-11-25,7.030037348650398
2014-11-26,7.253123356743152
2014-11-27,7.58626050142997
2014-11-28,9.868268267361845
2014-11-29,9.458845746627897
2014-11-30,9.967950028690154
2014-12-01,10.34750099906788
2014-12-02,11.098369589223
2014-12-03,10.21816685566928
2014-12-04,8.973519420757913
2014-12-05,10.7192335477067
2014-12-06,10.2870332417058
2014-12-07,10.49641257541907
2014-12-08,7.211559236021531
2014-12-09,5.475274919774764
2014-12-10,3.166498276185425
2014-12-11,4.260732894326025
2014-12-12,5.213034236027214
2014-12-13,3.82937923189749
2014-12-14,4.871782277648523
2014-12-15,3.287072083907389
2014-12-16,-0.7330453313315499
2014-12-17,-3.921447696074559
2014-12-18,-6.484081870140967
2014-12-19,-4.142089757650291
2014-12-20,-0.2171126732151196
2014-12-21,-2.712163028413384
2014-12-22,0.7817689113172765
2014-12-23,1.692587069620005
2014-12-24,-2.156831516811708
2014-12-25,-2.774542926246554
2014-12-26,0.410180764192658
2014-12-27,-3.450473822503353
2014-12-28,-2.591085473909238
2014-12-29,-4.315085688183035
2014-12-30,-4.838072197262933
2014-12-31,-1.974788102710684
2015-01-01,-3.710941073255309
2015-01-02,-3.268383189735569
2015-01-03,-15.655801388442
2015-01-04,-21.06280239644628
2015-01-05,-18.44001254624474
2015-01-06,-14.37590595648036
2015-01-07,-10.61002938538705
2015-01-08,-14.80761260349894
2015-01-09,-12.05965430303398
2015-01-10,-18.43614353689407
2015-01-11,-20.81764552215158
2015-01-12,-19.84151145876214
2015-01-13,-44.25481259493308
2015-01-14,-74.31335775903285
2015-01-15,-50.69440323490046
2015-01-16,-53.07452352644996
2015-01-17,-58.57818606509056
2015-01-18,-48.51260163076322
2015-01-19,-49.15744941966305
2015-01-20,-49.61543729169293
2015-01-21,-37.75811979351917
2015-01-22,-34.84283928293807
2015-01-23,-34.84395970713376
2015-01-24,-27.04207514596798
2015-01-25,-19.66209633398045
2015-01-26,-13.70483030406477
2015-01-27,-17.85619291794209
2015-01-28,-31.52246762399474
2015-01-29,-32.50529127212038
2015-01-30,-36.85583840753378
2015-01-31,-41.57107511924845
2015-02-01,-35.91836527190733
2015-02-02,-30.10720233044283
2015-02-03,-36.11430940317052
2015-02-04,-35.98298736948728
2015-02-05,-42.36476499613099
2015-02-06,-38.14421507191477
2015-02-07,-36.13853815282377
2015-02-08,-38.26960705965651
2015-02-09,-40.8809255232487
2015-02-10,-40.19213476912489
2015-02-11,-40.86875435258768
2015-02-12,-38.69382502478727
2015-02-13,-29.5953708462081
2015-02-14,-19.85709062986188
2015-02-15,-32.9655667804011
2015-02-16,-32.15189330996096
2015-02-17,-26.30239632710778
2015-02-18,-30.37489531379679
2015-02-19,-27.61815240612949
2015-02-20,-25.83816762186148
2015-02-21,-25.0472727887603
2015-02-22,-30.20521239728877
2015-02-23,-28.17354502864884
2015-02-24,-27.87760269290195
2015-02-25,-29.43637353799198
2015-02-26,-29.48962929656938
2015-02-27,-20.45981970096048
2015-02-28,-20.39475371801809
2015-03-01,-18.61834519118404
2015-03-02,-11.09011322563728
2015-03-03,-8.498373926646035
2015-03-04,-12.16148296343736
2015-03-05,-10.71526697849102
2015-03-06,-12.2874439673926
2015-03-07,-9.536835822778544
2015-03-08,-10.89620859115809
2015-03-09,-5.151845384285458
2015-03-10,-5.024146862298917
2015-03-11,-3.182860499893897
2015-03-12,-3.862834450639929
2015-03-13,-8.183102415175735
2015-03-14,-8.94696236389424
2015-03-15,-6.976243127583653
2015-03-16,-5.387925243943598
2015-03-17,-7.32036616191677
2015-03-18,-20.11250168103636
2015-03-19,-17.11737693275824
2015-03-20,-16.8079742550585
2015-03-21,-16.81927313471047
2015-03-22,-13.46381293605246
2015-03-23,-13.87792104180216
2015-03-24,-23.89944835619622
2015-03-25,-23.01868408117265
2015-03-26,-21.92158540329028
2015-03-27,-22.40675368554154
2015-03-28,-20.16039456001836
2015-03-29,-25.26279149983442
2015-03-30,-22.40335806420585
2015-03-31,-23.97732875506032
2015-04-01,-22.25316365170692
2015-04-02,-19.42572150540044
2015-04-03,-18.96450962598573
2015-04-04,-18.90615307827942
2015-04-05,-15.88056046026345
2015-04-06,-18.62940511196118
2015-04-07,-18.95836633796766
2015-04-08,-22.96147718744466
2015-04-09,-23.78325677371551
2015-04-10,-27.42559620151143
2015-04-11,-27.22307248970667
2015-04-12,-27.49987114093364
2015-04-13,-34.33607621593223
2015-04-14,-36.75784991684966
2015-04-15,-33.37325895749129
2015-04-16,-30.3713253593508
2015-04-17,-33.58152142113317
2015-04-18,-33.34670138779909
2015-04-19,-33.95504064007022
2015-04-20,-32.40787679889255
2015-04-21,-27.03697279623037
2015-04-22,-27.2378495586311
2015-04-23,-26.2567723773021
2015-04-24,-28.51786767545563
2015-04-25,-31.14362346005274
2015-04-26,-36.0120145633751
2015-04-27,-29.83654538618438
2015-04-28,-31.5336588070791
2015-04-29,-31.61031456016966
2015-04-30,-25.78397178775715
2015-05-01,-27.31226664636853
2015-05-02,-26.54771241307531
2015-05-03,-23.56308039547099
2015-05-04,-24.22696294476855
2015-05-05,-25.34004975580985
2015-05-06,-29.21044493475499
2015-05-07,-24.92954109147697
2015-05-08,-21.66001003249533
2015-05-09,-22.73127165238528
2015-05-10,-23.05100445431661
2015-05-11,-22.16111773208173
2015-05-12,-22.57325594329033
2015-05-13,-25.30276847663319
2015-05-14,-24.73169633127342
2015-05-15,-24.43570080981371
2015-05-16,-25.38287715453216
2015-05-17,-25.2924391155221
2015-05-18,-26.48513271469504
2015-05-19,-27.16731619776456
2015-05-20,-26.12249363899689
2015-05-21,-25.30710743044044
2015-05-22,-23.21127448692042
2015-05-23,-23.2606215799132
2015-05-24,-22.31492970099936
2015-05-25,-24.12073694868332
2015-05-26,-24.199507584039
2015-05-27,-24.21648046473383
2015-05-28,-24.05114428906109
2015-05-29,-24.26447999232752
2015-05-30,-25.80650592150838
2015-05-31,-27.52499776540751
2015-06-01,-31.10167701006381
2015-06-02,-29.53200962537489
2015-06-03,-29.69533765861969
2015-06-04,-30.33835259662804
2015-06-05,-30.04218670138474
2015-06-06,-29.75980488715757
2015-06-07,-30.69985176809362
2015-06-08,-27.73994148009718
2015-06-09,-27.24158392021915
2015-06-10,-27.4821644531882
2015-06-11,-26.94472449014771
2015-06-12,-27.08449850423756
2015-06-13,-25.14688777760826
2015-06-14,-24.54450844243683
2015-06-15,-23.01732329377304
2015-06-16,-15.87482957744529
2015-06-17,-17.17655244550539
2015-06-18,-16.76767011193401
2015-06-19,-19.81391940188993
2015-06-20,-19.21124166610751
2015-06-21,-19.59766194678246
2015-06-22,-18.14556806413276
2015-06-23,-19.36956646388229
2015-06-24,-21.17617709354363
2015-06-25,-19.97368702573457
2015-06-26,-19.85780426244745
2015-06-27,-16.23173905641057
2015-06-28,-17.04029883272031
2015-06-29,-13.33343658075312
2015-06-30,-10.50193044618762
2015-07-01,-12.63478091749594
2015-07-02,-14.28389364141066
2015-07-03,-13.52803652190373
2015-07-04,-11.64955000202955
2015-07-05,-7.412294631820093
2015-07-06,-7.968494346994443
2015-07-07,-9.467528561414756
2015-07-08,-9.453741469662285
2015-07-09,-9.243881368562612
2015-07-10,-1.783827340668093
2015-07-11,0.3584447297033555
2015-07-12,5.680847620955559
2015-07-13,-0.2418126002044052
2015-07-14,-0.3343248574753155
2015-07-15,-0.9159526402429841
2015-07-16,-5.021552851124234
2015-07-17,-4.366793856682105
2015-07-18,-5.620057810503576
2015-07-19,-6.371852364800739
2015-07-20,-4.54450424410226
2015-07-21,-5.44326885132354
2015-07-22,-5.000935699688464
2015-07-23,-5.660334172067383
2015-07-24,-1.178462085250703
2015-07-25,-0.8375107557864359
2015-07-26,0.09827622034115358
2015-07-27,0.903527887524952
2015-07-28,1.157092078293631
2015-07-29,-1.026546507678566
2015-07-30,-1.54679704512164
2015-07-31,-3.036563614605309
2015-08-01,-4.463800729483158
2015-08-02,-3.249373779052439
2015-08-03,-3.458741151090494
2015-08-04,-2.260560501252162
2015-08-05,-4.074944336018921
2015-08-06,-4.388887042909789
2015-08-07,-4.65951708020203
2015-08-08,-11.9078258729216
2015-08-09,-9.419026647305268
2015-08-10,-9.548703942791859
2015-08-11,-7.398463244974812
2015-08-12,-8.907485266887244
2015-08-13,-9.80594681583426
2015-08-14,-8.952959940744554
2015-08-15,-10.81116438127294
2015-08-16,-11.98595239316526
2015-08-17,-12.08386653053329
2015-08-18,-25.75255153846382
2015-08-19,-26.41999328696889
2015-08-20,-22.40529288253828
2015-08-21,-23.30106859881151
2015-08-22,-24.8916578831236
2015-08-23,-26.76796696132201
2015-08-24,-37.59734469223739
2015-08-25,-27.99666811041782
2015-08-26,-25.27523254463939
2015-08-27,-27.42452945081828
2015-08-28,-23.06482580470136
2015-08-29,-23.7434200129505
2015-08-30,-24.72665320724071
2015-08-31,-22.93270338655059
2015-09-01,-24.4568465081665
2015-09-02,-23.66991232948301
2015-09-03,-24.85341001154401
2015-09-04,-22.85026245208511
2015-09-05,-21.05275794672215
2015-09-06,-17.84328588686024
2015-09-07,-18.03947586427325
2015-09-08,-16.65246278077711
2015-09-09,-18.78965398762429
2015-09-10,-18.40347982511799
2015-09-11,-17.6116931369634
2015-09-12,-20.15247262878379
2015-09-13,-22.45870789914525
2015-09-14,-22.36187523268739
2015-09-15,-22.74466100769793
2015-09-16,-23.17642799447797
2015-09-17,-21.27884039432113
2015-09-18,-21.19162464494967
2015-09-19,-21.86971240347729
2015-09-20,-22.28053868274255
2015-09-21,-23.89993402386451
2015-09-22,-21.63203722875633
2015-09-23,-22.03951621503392
2015-09-24,-19.88319745947098
2015-09-25,-19.56100196745183
2015-09-26,-20.10908074181283
2015-09-27,-20.62466362687911
2015-09-28,-17.32136714888773
2015-09-29,-18.93061892586432
2015-09-30,-19.22640996542544
2015-10-01,-18.44611248163394
2015-10-02,-18.98281159112867
2015-10-03,-17.46878336629426
2015-10-04,-17.74752534548176
2015-10-05,-17.38487351604544
2015-10-06,-13.78773581556317
2015-10-07,-15.52067399130301
2015-10-08,-16.18275031615731
2015-10-09,-14.88853971191841
2015-10-10,-14.29056706522043
2015-10-11,-13.25199626769
2015-10-12,-14.01873819362324
2015-10-13,-12.01515223406351
2015-10-14,-10.88800507089478
2015-10-15,-9.871138049115757
2015-10-16,-5.818659729497217
2015-10-17,-2.937243627066483
2015-10-18,-6.714443600054959
2015-10-19,-5.910872764811165
2015-10-20,-3.728033066599195
2015-10-21,-4.766575518332511
2015-10-22,-2.14944804811667
2015-10-23,-0.653517227392153
2015-10-24,1.164822054395165
2015-10-25,1.242319541255771
2015-10-26,1.695825413259799
2015-10-27,4.894884902374963
2015-10-28,6.752155365254692
2015-10-29,9.728656171524264
2015-10-30,14.41337032555434
2015-10-31,9.350870936868578
2015-11-01,12.89804453957208
2015-11-02,21.01598573745611
2015-11-03,30.01553477161456
2015-11-04,26.03457701725166
2015-11-05,23.94522468767008
2015-11-06,22.09302335396934
2015-11-07,24.15584942812245
2015-11-08,21.29438760376711
2015-11-09,22.02303155005637
2015-11-10,14.35174451306784
2015-11-11,7.042895551909789
2015-11-12,13.32957617607221
2015-11-13,13.53754188186295
2015-11-14,12.36277032555729
2015-11-15,8.820701313038848
2015-11-16,11.90434986465587
2015-11-17,12.50392399298664
2015-11-18,12.97792163530876
2015-11-19,10.78663902233821
2015-11-20,9.129662429682
2015-11-21,10.81840042041518
2015-11-22,9.73571496837759
2015-11-23,9.608857466784537
2015-11-24,8.963081681769053
2015-11-25,11.34502679621857
2015-11-26,17.08492411745181
2015-11-27,17.07245566678118
2015-11-28,18.31991563422869
2015-11-29,21.21760796064578
2015-11-30,22.61489327877405
2015-12-01,18.85650781611414
2015-12-02,18.22137713747631
2015-12-03,18.94078417861061
2015-12-04,19.25086722658396
2015-12-05,24.93885255622402
2015-12-06,23.73206950106201
2015-12-07,25.00982690600044
2015-12-08,28.40254109784859
2015-12-09,29.01214317244771
2015-12-10,28.67610376600251
2015-12-11,33.72735311495481
2015-12-12,30.81685412105654
2015-12-13,30.82361131482145
2015-12-14,32.75019819313476
2015-12-15,34.93774751392193
2015-12-16,33.66469780871228
2015-12-17,33.74793408138465
2015-12-18,34.95867467374311
2015-12-19,34.54780975370628
2015-12-20,30.26050811319097
2015-12-21,31.06679255327061
2015-12-22,30.59927249750417
2015-12-23,31.43770290891761
2015-12-24,33.31228149756269
2015-12-25,33.06547037229929
2015-12-26,26.53565345772578
2015-12-27,28.2574995526647
2015-12-28,28.08316932279227
2015-12-29,29.9839305256453
2015-12-30,28.51991130514001
2015-12-31,29.46823423886103
2016-01-01,30.03409532557553
2016-01-02,29.7078767267524
2016-01-03,29.2075664432444
2016-01-04,29.5998280461775
2016-01-05,29.06432799656645
2016-01-06,29.01735368327839
2016-01-07,33.36260479507699
2016-01-08,32.31265422422804
2016-01-09,31.38412598697093
2016-01-10,31.62303497158505
2016-01-11,30.89110157107404
2016-01-12,29.04776388686878
2016-01-13,28.57066486340172
2016-01-14,28.20145323443014
2016-01-15,15.81372902417746
2016-01-16,20.47409924181853
2016-01-17,19.41415268492905
2016-01-18,20.29963183634527
2016-01-19,18.12524240860377
2016-01-20,26.56164943240742
2016-01-21,24.74026315228772
2016-01-22,20.49872252401215
2016-01-23,20.86337623421489
2016-01-24,23.21752975390652
2016-01-25,21.78118386639235
2016-01-26,21.6231828148404
2016-01-27,22.35633979541316
2016-01-28,18.57841606571017
2016-01-29,19.51765010165989
2016-01-30,19.07592731300315
2016-01-31,17.17926508269887
2016-02-01,18.39248410208422
2016-02-02,18.402877078358
2016-02-03,17.46466904819105
2016-02-04,21.45847823781347
2016-02-05,20.54490096870871
2016-02-06,19.38500151186819
2016-02-07,19.25056215308577
2016-02-08,18.07972023802639
2016-02-09,18.66315522773327
2016-02-10,19.90937725312473
2016-02-11,19.74229541110407
2016-02-12,20.70437993136089
2016-02-13,22.5997864292226
2016-02-14,25.5118352029128
2016-02-15,23.82731469224504
2016-02-16,24.8063563653324
2016-02-17,26.34629967785811
2016-02-18,27.13273304069415
2016-02-19,27.11537488214989
2016-02-20,29.66719252936019
2016-02-21,29.36438808252382
2016-02-22,29.53274461298411
2016-02-23,27.10464748810183
2016-02-24,27.56563295429979
2016-02-25,26.78539481298198
2016-02-26,28.56236023266161
2016-02-27,28.36855879950368
2016-02-28,28.25857632679663
2016-02-29,29.08148590575901
2016-03-01,28.40073504024017
2016-03-02,25.9489105523374
2016-03-03,26.02602706921636
2016-03-04,23.67439014288584
2016-03-05,21.76164406379741
2016-03-06,22.83139428634005
2016-03-07,24.7930828701556
2016-03-08,24.24669519149095
2016-03-09,24.55367442905484
2016-03-10,25.14530702675701
2016-03-11,25.78455159409905
2016-03-12,24.31706009602724
2016-03-13,24.45759036433008
2016-03-14,24.8794327682246
2016-03-15,24.97410339751538
2016-03-16,25.04654314454763
2016-03-17,25.36048634191834
2016-03-18,23.60425553213343
2016-03-19,23.51024456437043
2016-03-20,24.01446601699656
2016-03-21,24.11345467745517
2016-03-22,25.00268129784829
2016-03-23,25.0870532766356
2016-03-24,24.40833488471443
2016-03-25,24.74611663856012
2016-03-26,24.92848958056609
2016-03-27,26.14500365304082
2016-03-28,25.79846845753638
2016-03-29,24.31287751744609
2016-03-30,24.20417977741503
2016-03-31,24.47791038436185
2016-04-01,25.00551346598798
2016-04-02,25.21363440754609
2016-04-03,25.27925457886499
2016-04-04,24.9765496887372
2016-04-05,25.6667395599204
2016-04-06,25.2670553164877
2016-04-07,25.12108921415349
2016-04-08,24.48740517524497
2016-04-09,24.57663806606234
2016-04-10,25.1018118729249
2016-04-11,25.25451935538219
2016-04-12,25.79892319707554
2016-04-13,25.65181161233632
2016-04-14,25.55624218342557
2016-04-15,26.37702248588133
2016-04-16,26.39242166492705
2016-04-17,25.91257264021899
2016-04-18,26.24363983629385
2016-04-19,27.28677381817485
2016-04-20,28.14063725662734
2016-04-21,29.47485689944536
2016-04-22,28.22027752063634
2016-04-23,29.97496545783236
2016-04-24,30.40085584500468
2016-04-25,31.04114245514044
2016-04-26,31.85782635957752
2016-04-27,27.71309149340544
2016-04-28,28.86033328046765
2016-04-29,29.92705817344737
2016-04-30,28.89737698849766
2016-05-01,29.39324927361399
2016-05-02,28.10344529689099
2016-05-03,28.88952022200443
2016-05-04,28.30878148906081
2016-05-05,28.4639663388836
2016-05-06,30.26492294127407
2016-05-07,30.13953404760441
2016-05-08,29.99003534817892
2016-05-09,30.53425969492039
2016-05-10,28.67400106133561
2016-05-11,28.88315515912094
2016-05-12,29.36500666701656
2016-05-13,29.54012748731314
2016-05-14,29.53849459627684
2016-05-15,29.7412639473497
2016-05-16,29.06303635958704
2016-05-17,28.788838775562
2016-05-18,28.84652489121222
2016-05-19,26.27053827327492
2016-05-20,27.07799185922323
2016-05-21,27.09313302659996
2016-05-22,26.53066719760193
2016-05-23,27.12644908781833
2016-05-24,27.41472064370906
2016-05-25,27.93012739926033
2016-05-26,28.55726139273197
2016-05-27,30.72324674266934
2016-05-28,37.39022056194353
2016-05-29,36.63743903782289
2016-05-30,38.0749119290308
2016-05-31,37.48442438620954
2016-06-01,38.23833866553174
2016-06-02,38.43592488497827
2016-06-03,41.84335758756911
2016-06-04,41.90857072066323
2016-06-05,42.10779630257087
2016-06-06,42.99496799676934
2016-06-07,41.99660755738165
2016-06-08,42.00381617134037
2016-06-09,41.2065952553675
2016-06-10,41.83360185050941
2016-06-11,44.3854147002007
2016-06-12,48.46866131324422
2016-06-13,50.6877176098036
2016-06-14,49.43190228754663
2016-06-15,50.49579668626074
2016-06-16,53.55007678789912
2016-06-17,52.5001275603823
2016-06-18,52.85100716827237
2016-06-19,53.19035209903882
2016-06-20,49.26961979808391
2016-06-21,46.49691842279105
2016-06-22,38.86429150220535
2016-06-23,43.00780122245703
2016-06-24,45.9298708932116
2016-06-25,46.00068858065322
2016-06-26,42.20847265174933
2016-06-27,45.15886620173604
2016-06-28,44.20255659800525
2016-06-29,43.78254311516827
2016-06-30,46.09172219560311
2016-07-01,46.34563099383759
2016-07-02,48.56572621076361
2016-07-03,44.97532880187362
2016-07-04,46.68903612232319
2016-07-05,45.82394743769089
2016-07-06,45.80191856951505
2016-07-07,43.14350176255511
2016-07-08,44.97133530294985
2016-07-09,44.10650491024178
2016-07-10,43.87054468721436
2016-07-11,43.89544962377346
2016-07-12,44.82809734210525
2016-07-13,44.0662050992827
2016-07-14,44.76926564316113
2016-07-15,45.10255671647194
2016-07-16,44.97319539851248
2016-07-17,46.05098012270406
2016-07-18,45.372324674277
2016-07-19,45.33022514724658
2016-07-20,44.41750880805053
2016-07-21,44.76477665586465
2016-07-22,43.7419485353821
2016-07-23,44.21549518181933
2016-07-24,44.43865012048629
2016-07-25,43.7735843403521
2016-07-26,43.47107251296627
2016-07-27,43.5324571777707
2016-07-28,43.75828037958513
2016-07-29,43.77281512214955
2016-07-30,43.59709812468003
2016-07-31,40.60787355095594
2016-08-01,39.39455163103
2016-08-02,30.5928181177439
2016-08-03,35.04944446862596
2016-08-04,35.9876916553366
2016-08-05,35.90972715838596
2016-08-06,37.81347338026838
2016-08-07,37.94916926484761
2016-08-08,37.34169761368432
2016-08-09,37.12190630064551
2016-08-10,37.93583750151996
2016-08-11,37.28268195009585
2016-08-12,37.31067395990097
2016-08-13,37.25772958904967
2016-08-14,35.58754405890994
2016-08-15,35.12838149609211
2016-08-16,36.35041421132306
2016-08-17,35.68020939685456
2016-08-18,35.96401342774334
2016-08-19,36.00566584663433
2016-08-20,36.34626641168373
2016-08-21,36.62733285332151
2016-08-22,37.1051296322706
2016-08-23,36.83059412201889
2016-08-24,36.54039053340013
2016-08-25,36.05910080452114
2016-08-26,36.42350826153432
2016-08-27,35.36925115178089
2016-08-28,35.83519138499874
2016-08-29,35.66401924755705
2016-08-30,35.97474896602657
2016-08-31,35.81569204006469
2016-09-01,35.26492621422002
2016-09-02,35.70268229653145
2016-09-03,38.31644505635178
2016-09-04,39.0347587444141
2016-09-05,38.72310696202678
2016-09-06,39.24015768526737
2016-09-07,39.30029910301082
2016-09-08,40.60882206349369
2016-09-09,40.23972394910915
2016-09-10,40.28157914216085
2016-09-11,38.70168860218814
2016-09-12,38.58784280430721
2016-09-13,38.7889992986269
2016-09-14,38.81581356221869
2016-09-15,38.58818028224935
2016-09-16,38.63279167489729
2016-09-17,38.50421405874464
2016-09-18,38.8340916524708
2016-09-19,38.61562234818607
2016-09-20,37.34576782787509
2016-09-21,37.36596584338068
2016-09-22,37.15588516956518
2016-09-23,37.95530029562422
2016-09-24,37.89622083738238
2016-09-25,37.71522712717689
2016-09-26,38.19310130033868
2016-09-27,38.04322302784312
2016-09-28,38.00050933123767
2016-09-29,38.02793486551365
2016-09-30,38.53872551005526
2016-10-01,38.9779590330653
2016-10-02,38.52185459995993
2016-10-03,38.55180373600013
2016-10-04,38.34494857274487
2016-10-05,38.41211808439483
2016-10-06,38.40835879705794
2016-10-07,38.92236378249848
2016-10-08,39.0499240517469
2016-10-09,38.83961397542911
2016-10-10,38.92468913808455
2016-10-11,41.05414161051014
2016-10-12,40.27229841812353
2016-10-13,40.42098687666428
2016-10-14,40.59470126900239
2016-10-15,40.53977138307877
2016-10-16,40.69896934025107
2016-10-17,40.33175710564864
2016-10-18,40.06616401198848
2016-10-19,39.4780320061146
2016-10-20,39.43472257165684
2016-10-21,39.57203859296037
2016-10-22,42.14538569005799
2016-10-23,41.41122294425552
2016-10-24,41.19252625825328
2016-10-25,41.5592727186264
2016-10-26,43.27346445702614
2016-10-27,43.86240623483593
2016-10-28,44.03670568044372
2016-10-29,45.34655429784686
2016-10-30,44.73997464053598
2016-10-31,44.65830008968523
2016-11-01,46.61402776598825
2016-11-02,47.50966943198843
2016-11-03,43.97140923065069
2016-11-04,44.66697224598221
2016-11-05,44.58617993766686
2016-11-06,45.16546389972142
2016-11-07,44.66750941763771
2016-11-08,45.0443061449331
2016-11-09,45.82762419681698
2016-11-10,45.30903229698747
2016-11-11,45.33160499920641
2016-11-12,44.37153938243512
2016-11-13,43.92025781597179
2016-11-14,44.31350018096963
2016-11-15,44.75931800988656
2016-11-16,46.82236705738869
2016-11-17,46.16294629404504
2016-11-18,47.05026753891157
2016-11-19,47.06095257171562
2016-11-20,45.73201008348176
2016-11-21,46.03186327308892
2016-11-22,47.09795462817188
2016-11-23,46.34890153916827
2016-11-24,45.51321005582917
2016-11-25,45.85599395776005
2016-11-26,45.42764486952747
2016-11-27,45.16110158587955
2016-11-28,45.24504300996239
2016-11-29,45.2643818895752
2016-11-30,45.78066096395579
2016-12-01,46.64878881861342
2016-12-02,47.51847176679823
2016-12-03,46.83102022731861
2016-12-04,47.05100794007851
2016-12-05,46.1109181015259
2016-12-06,46.22563664674723
2016-12-07,46.61524734360645
2016-12-08,46.79566127570433
2016-12-09,46.93795222852152
2016-12-10,46.57164971956524
2016-12-11,46.63640612589674
2016-12-12,47.27318641926515
2016-12-13,46.82737060927511
2016-12-14,47.02313440408864
2016-12-15,46.87668688330812
2016-12-16,47.20534039237496
2016-12-17,47.56518684732641
2016-12-18,47.57357398181406
2016-12-19,47.56773090570452
2016-12-20,48.03925234650813
2016-12-21,49.91265507375988
2016-12-22,51.2704687709432
2016-12-23,54.06859239349389
2016-12-24,52.7473544615762
2016-12-25,52.81287328502972
2016-12-26,52.64467125933933
2016-12-27,54.60719504342946
2016-12-28,55.87779872097956
2016-12-29,55.526997899035
2016-12-30,54.95826377225425
2016-12-31,55.21902205662803
2017-01-01,56.53765883552432
2017-01-02,57.26650422222313
2017-01-03,57.66668741557108
2017-01-04,60.17054857261164
2017-01-05,55.56703204451357
2017-01-06,50.24584347306257
2017-01-07,49.45464500584166
2017-01-08,50.34863089679638
2017-01-09,50.07045669345326
2017-01-10,50.51325845823897
2017-01-11,41.59478675559613
2017-01-12,44.44488982484862
2017-01-13,46.03857242203981
2017-01-14,45.51273576862232
2017-01-15,45.51750631834966
2017-01-16,45.96774392867287
2017-01-17,50.40171160674085
2017-01-18,49.43107285855078
2017-01-19,49.88868094549866
2017-01-20,49.55302418410821
2017-01-21,51.23355956104557
2017-01-22,51.10437345861769
2017-01-23,49.74105790295289
2017-01-24,49.17368043601206
2017-01-25,49.47260671920606
2017-01-26,50.24630779047065
2017-01-27,50.30393013480862
2017-01-28,50.47909907933848
2017-01-29,49.93070414165178
2017-01-30,50.24630068633346
2017-01-31,52.43770373660631
2017-02-01,53.44593072369774
2017-02-02,54.08158080351113
2017-02-03,54.53326997868108
2017-02-04,55.15008857043865
2017-02-05,54.2780359598104
2017-02-06,54.54526180070496
2017-02-07,55.66223248702349
2017-02-08,55.73878334768653
2017-02-09,52.24518581545755
2017-02-10,52.69295388494417
2017-02-11,53.13386114697111
2017-02-12,53.04884665146002
2017-02-13,52.51899745506364
2017-02-14,53.00930455472138
2017-02-15,53.06593060157457
2017-02-16,54.29173560818129
2017-02-17,54.85487162664795
2017-02-18,54.65840044419183
2017-02-19,54.44089036259816
2017-02-20,55.59727064164204
2017-02-21,56.94573889704915
2017-02-22,57.23785628007625
2017-02-23,58.69275792905495
2017-02-24,58.43861616493287
2017-02-25,57.37881123479728
2017-02-26,58.54023286897093
2017-02-27,58.98564380664977
2017-02-28,58.36836850213909
2017-03-01,59.50387160752444
2017-03-02,60.45650885141074
2017-03-03,60.9292525681678
2017-03-04,60.15778726978365
2017-03-05,60.40429997694211
2017-03-06,60.41930674110782
2017-03-07,58.78776609642963
2017-03-08,55.09210406834683
2017-03-09,57.55170871276477
2017-03-10,54.5987755527505
2017-03-11,56.65035258166542
2017-03-12,58.13869793916261
2017-03-13,58.38476209718966
2017-03-14,58.40221728196106
2017-03-15,60.19339430969447
2017-03-16,55.40664938047822
2017-03-17,51.92465370529496
2017-03-18,47.20772151160465
2017-03-19,49.11862954336016
2017-03-20,50.53893597778328
2017-03-21,52.45964310470961
2017-03-22,49.6315950357771
2017-03-23,49.24626168195835
2017-03-24,44.51903799428264
2017-03-25,45.91739978043334
2017-03-26,45.96227732929663
2017-03-27,49.59874450559515
2017-03-28,49.39208363945551
2017-03-29,49.9681806413591
2017-03-30,49.61534628719907
2017-03-31,51.30340811302118
2017-04-01,51.17413578164604
2017-04-02,53.19335596868673
2017-04-03,53.92646637883843
2017-04-04,53.45193607709725
2017-04-05,53.24805399671777
2017-04-06,54.90798268019451
2017-04-07,54.66745333477569
2017-04-08,54.62371525429373
2017-04-09,55.47809679610469
2017-04-10,55.3691135473706
2017-04-11,55.78304524299449
2017-04-12,55.36797237623144
2017-04-13,53.91203165288834
2017-04-14,53.89188380513293
2017-04-15,54.0042424839414
2017-04-16,53.71754810743613
2017-04-17,54.42136102349405
2017-04-18,54.56268312515448
2017-04-19,54.99731065813953
2017-04-20,55.74270895122946
2017-04-21,56.13566297729717
2017-04-22,55.49545789701562
2017-04-23,55.64311063840937
2017-04-24,55.76435778747162
2017-04-25,56.35724350857719
2017-04-26,56.70414527274703
2017-04-27,57.77232144252554
2017-04-28,58.38219028232652
2017-04-29,57.54993655812309
2017-04-30,58.43805964919301
2017-05-01,59.534743339533
2017-05-02,60.82218454729716
2017-05-03,61.31831211610807
2017-05-04,62.04725280483648
2017-05-05,61.73448297190867
2017-05-06,61.9703705275715
2017-05-07,62.39864620884256
2017-05-08,64.23685724479431
2017-05-09,64.71202554658845
2017-05-10,65.36320034930043
2017-05-11,66.07125643921336
2017-05-12,62.67866263950168
2017-05-13,65.25726246274361
2017-05-14,64.8977849047996
2017-05-15,63.54492869509252
2017-05-16,63.88185203466448
2017-05-17,65.02648861165959
2017-05-18,66.5936162052668
2017-05-19,67.51704330862123
2017-05-20,68.40587877153266
2017-05-21,68.25794252465526
2017-05-22,68.99047214321615
2017-05-23,70.55198223586206
2017-05-24,72.23678074087395
2017-05-25,70.56068418277906
2017-05-26,68.40174355253093
2017-05-27,66.00984529318974
2017-05-28,67.34089220873992
2017-05-29,67.8468486906174
2017-05-30,67.32870780595576
2017-05-31,68.36360813401062
2017-06-01,69.08788769605559
2017-06-02,70.03439136196576
2017-06-03,70.00682075634123
2017-06-04,70.2052569190968
2017-06-05,72.13069422691567
2017-06-06,72.51625239970028
2017-06-07,70.67141722331155
2017-06-08,71.68726797650446
2017-06-09,71.59022421450221
2017-06-10,71.96684926811416
2017-06-11,72.57460954988429
2017-06-12,69.23203126873419
2017-06-13,69.37557289390189
2017-06-14,65.80966487251096
2017-06-15,64.7196413659532
2017-06-16,65.92450718676757
2017-06-17,67.75111338953822
2017-06-18,66.35548755672566
2017-06-19,67.37735011033854
2017-06-20,68.33191651357353
2017-06-21,67.38060235877374
2017-06-22,67.80419509061487
2017-06-23,67.5001083443572
2017-06-24,65.38887921234127
2017-06-25,65.11397939202566
2017-06-26,63.51593094316347
2017-06-27,64.84920777703337
2017-06-28,65.16074780832581
2017-06-29,64.93237325486903
2017-06-30,63.63381392322592
2017-07-01,61.94008911585712
2017-07-02,63.97110946264528
2017-07-03,64.76895332142679
2017-07-04,64.59665141201816
2017-07-05,64.95557365792894
2017-07-06,64.67155465622865
2017-07-07,62.89043703289236
2017-07-08,63.76587880100645
2017-07-09,62.76332048958708
2017-07-10,60.57769886521815
2017-07-11,59.5594484276037
2017-07-12,61.20848994699256
2017-07-13,60.27726406699758
2017-07-14,57.96147584472251
2017-07-15,52.51598954954165
2017-07-16,52.18023641305849
2017-07-17,57.732847549179
2017-07-18,58.90428239453078
2017-07-19,58.86329265514598
2017-07-20,65.59827024213637
2017-07-21,64.43102859516029
2017-07-22,66.37083307725183
2017-07-23,65.18070464784988
2017-07-24,65.10080615667992
2017-07-25,62.60095363736489
2017-07-26,61.92604428563786
2017-07-27,63.97135441663843
2017-07-28,64.06137479208738
2017-07-29,62.20351230886371
2017-07-30,61.85017110355477
2017-07-31,62.36435871670199
2017-08-01,59.87363849056073
2017-08-02,59.77312967706992
2017-08-03,60.51640142894317
2017-08-04,60.67782382224108
2017-08-05,64.67834893477101
2017-08-06,63.31593705915688
2017-08-07,64.31417025919707
2017-08-08,63.85217597970502
2017-08-09,62.85249331941824
2017-08-10,63.48161370259285
2017-08-11,65.34262938318601
2017-08-12,67.45119469261142
2017-08-13,68.23383839867103
2017-08-14,69.66780913336332
2017-08-15,67.8389889731583
2017-08-16,69.14669082635089
2017-08-17,67.90482918206722
2017-08-18,66.8675985845557
2017-08-19,65.98851463140821
2017-08-20,65.45443910321009
2017-08-21,63.44455788676463
2017-08-22,64.86513730317685
2017-08-23,65.0958564551776
2017-08-24,66.76267770654157
2017-08-25,66.45355283169827
2017-08-26,66.15483105591281
2017-08-27,65.66496170887905
2017-08-28,65.94460793443517
2017-08-29,67.20734133519122
2017-08-30,66.91708211577826
2017-08-31,67.62449298233176
2017-09-01,68.29562922435828
2017-09-02,66.06589202907911
2017-09-03,65.38891139265424
2017-09-04,62.17536325288807
2017-09-05,64.38942866987395
2017-09-06,64.86728826296033
2017-09-07,64.87631514377077
2017-09-08,62.24454335070376
2017-09-09,62.21325562188987
2017-09-10,61.29987571134461
2017-09-11,61.46120648177094
2017-09-12,60.39675094912555
2017-09-13,58.22444163077546
2017-09-14,51.25983728347533
2017-09-15,56.44267012894477
2017-09-16,55.49834214497032
2017-09-17,56.51802011468774
2017-09-18,59.17610273248369
2017-09-19,58.0499050663493
2017-09-20,57.18846693478469
2017-09-21,54.94336165281327
2017-09-22,54.23073950192566
2017-09-23,56.02493143978423
2017-09-24,55.13444363130237
2017-09-25,57.65850147025138
2017-09-26,57.26879968824144
2017-09-27,59.82662445153634
2017-09-28,59.82279113367079
2017-09-29,59.61082294750907
2017-09-30,61.03474391726087
2017-10-01,61.52183398072494
2017-10-02,60.91271333202006
2017-10-03,60.01554418383279
2017-10-04,59.19676352043957
2017-10-05,59.93539824847338
2017-10-06,60.28119160822371
2017-10-07,60.77633668775343
2017-10-08,61.78818764147167
2017-10-09,63.59769127978987
2017-10-10,62.34481770303412
2017-10-11,62.99562234542388
2017-10-12,66.59938540432441
2017-10-13,67.23445442406366
2017-10-14,68.17853029163959
2017-10-15,67.39029308753356
2017-10-16,67.43000776507631
2017-10-17,65.77199476828623
2017-10-18,65.80079618424845
2017-10-19,66.51560297651959
2017-10-20,67.64990699441205
2017-10-21,67.99755998747779
2017-10-22,67.18700239336741
2017-10-23,65.55579024916712
2017-10-24,63.47479640436791
2017-10-25,64.7881957965712
2017-10-26,66.20193402097595
2017-10-27,65.11940388350071
2017-10-28,64.2263187666386
2017-10-29,66.50320585928397
2017-10-30,66.31060834148063
2017-10-31,67.35614764255246
2017-11-01,69.04993576905147
2017-11-02,69.32770210812723
2017-11-03,69.39516649960744
2017-11-04,70.18763865028794
2017-11-05,69.91035474104373
2017-11-06,68.48848768721963
2017-11-07,68.32487688352329
2017-11-08,69.22384690574263
2017-11-09,68.72777517726718
2017-11-10,65.72134583561466
2017-11-11,63.42612476801867
2017-11-12,60.83744809473618
2017-11-13,64.03372137177954
2017-11-14,64.32686246798474
2017-11-15,66.35775490491032
2017-11-16,68.84288611026896
2017-11-17,66.96428925528937
2017-11-18,67.33067513212316
2017-11-19,68.23648826263928
2017-11-20,68.65804004211552
2017-11-21,67.82891733234216
2017-11-22,67.88550625807281
2017-11-23,66.74721125213094
2017-11-24,67.11067025155148
2017-11-25,69.0974284537521
2017-11-26,70.99281042791333
2017-11-27,70.92074931471085
2017-11-28,70.95264173492083
2017-11-29,70.45408583291251
2017-11-30,69.7316655534211
2017-12-01,72.25472615752025
2017-12-02,71.76950774637609
2017-12-03,72.40612934973731
2017-12-04,72.79615065709163
2017-12-05,72.93023758389879
2017-12-06,76.66937400678556
2017-12-07,79.3514250022795
2017-12-08,76.92445171397326
2017-12-09,74.07204643140632
2017-12-10,75.39442750997442
2017-12-11,76.74726970954308
2017-12-12,76.60797926655125
2017-12-13,74.97218463103407
2017-12-14,75.27341953804829
2017-12-15,75.72261193361139
2017-12-16,77.32065441237336
2017-12-17,75.56088734555377
2017-12-18,75.91515635351564
2017-12-19,72.92185645228686
2017-12-20,72.04540737405726
2017-12-21,68.89354820363232
2017-12-22,65.82260365889461
2017-12-23,66.89353203307691
2017-12-24,65.4859380624246
2017-12-25,65.8812018078429
2017-12-26,69.53258980189221
2017-12-27,68.07095760395985
2017-12-28,66.00184226441728
2017-12-29,65.78114153059647
2017-12-30,62.13663656466489
2017-12-31,63.83650269609142
2018-01-01,64.35030335235116
2018-01-02,66.49843877185785
2018-01-03,66.89950225197292
2018-01-04,66.46397363567024
2018-01-05,69.73120799287173
2018-01-06,69.55769822254445
2018-01-07,67.1198955424023
2018-01-08,65.44996056492035
2018-01-09,62.56320729289815
2018-01-10,63.89173024953817
2018-01-11,59.45140069729122
2018-01-12,62.40142845097898
2018-01-13,62.56438733735767
2018-01-14,61.03854566809667
2018-01-15,59.6306693141892
2018-01-16,51.57497715161667
2018-01-17,52.78927230672296
2018-01-18,53.3668135385698
2018-01-19,54.03448423581433
2018-01-20,56.92105383426031
2018-01-21,54.56992487008827
2018-01-22,50.80403941395618
2018-01-23,50.03441397312165
2018-01-24,53.18749173493698
2018-01-25,53.52213964762873
2018-01-26,52.1349580600342
2018-01-27,53.80124385997248
2018-01-28,54.59502744855445
2018-01-29,52.32093983210454
2018-01-30,45.70155824360625
2018-01-31,47.87610386796249
2018-02-01,39.84394905394646
2018-02-02,40.18850151087641
2018-02-03,42.28252190515989
2018-02-04,36.44665819768637
2018-02-05,25.49511288649734
2018-02-06,31.80416664476628
2018-02-07,33.03052164848743
2018-02-08,35.03454381533432
2018-02-09,41.99047806149193
2018-02-10,38.62421163708836
2018-02-11,37.31939219412867
2018-02-12,42.24455441290589
2018-02-13,40.19143968474987
2018-02-14,44.99389432408961
2018-02-15,49.40547240710222
2018-02-16,49.06409270158652
2018-02-17,53.25393126668929
2018-02-18,50.17081840365903
2018-02-19,54.28962253831722
2018-02-20,52.82711851303107
2018-02-21,50.02875631672693
2018-02-22,45.04565922845556
2018-02-23,48.5139548812328
2018-02-24,44.8314335289586
2018-02-25,44.57354067447758
2018-02-26,48.66364870029231
2018-02-27,49.95585823262788
2018-02-28,48.60159897317212
2018-03-01,51.49284424916038
2018-03-02,51.66245019045622
2018-03-03,52.76721554726129
2018-03-04,53.11352421160183
2018-03-05,52.29825786617533
2018-03-06,50.33370452341275
2018-03-07,45.84704146551314
2018-03-08,42.6465587672861
2018-03-09,42.67121094356831
2018-03-10,37.16640595600447
2018-03-11,44.32959097012936
2018-03-12,42.20940104619642
2018-03-13,42.78032365343561
2018-03-14,34.26126782503067
2018-03-15,34.11168639113274
2018-03-16,36.01096953494396
2018-03-17,31.26776434753306
2018-03-18,36.21262307902055
2018-03-19,37.86069517313175
2018-03-20,40.87096324936411
2018-03-21,41.37961193577417
2018-03-22,38.79398234855974
2018-03-23,40.66069330808077
2018-03-24,38.16859670327415
2018-03-25,36.92352845045937
2018-03-26,35.64866054953826
2018-03-27,32.43690401991361
2018-03-28,33.89112438724777
2018-03-29,23.28138470828133
2018-03-30,25.31568041678621
2018-03-31,25.31711424461842
2018-04-01,25.55267095232162
2018-04-02,26.08780424184782
2018-04-03,29.77068850178326
2018-04-04,22.52551675557013
2018-04-05,23.90574909409675
2018-04-06,22.11739271025057
2018-04-07,25.77402945556242
2018-04-08,26.89312335392873
2018-04-09,23.70325209105841
2018-04-10,24.97803561950329
2018-04-11,25.75383374104514
2018-04-12,34.6438708420898
2018-04-13,34.77363476020746
2018-04-14,36.00339264278575
2018-04-15,38.43471365292856
2018-04-16,35.81474837620168
2018-04-17,34.82656079103656
2018-04-18,36.64461017056183
2018-04-19,37.96660518850435
2018-04-20,41.17993761427483
2018-04-21,41.13688219990488
2018-04-22,41.09847457141723
2018-04-23,43.25265181483413
2018-04-24,45.34316132911903
2018-04-25,40.6354019382494
2018-04-26,43.20686213507361
2018-04-27,41.79345724323012
2018-04-28,44.16667077401715
2018-04-29,44.21657654897334
2018-04-30,41.51182208540386
2018-05-01,41.87235915339802
2018-05-02,42.76221428584775
2018-05-03,45.11826610908379
2018-05-04,45.89577614061803
2018-05-05,46.75108426260997
2018-05-06,44.2055266204675
2018-05-07,43.687580114764
2018-05-08,42.13707385530364
2018-05-09,43.29337759073053
2018-05-10,40.85031674152948
2018-05-11,37.53375381660714
2018-05-12,37.25504841469196
2018-05-13,39.17181613870806
2018-05-14,38.91589231571297
2018-05-15,37.18672662146675
2018-05-16,36.41346379445822
2018-05-17,33.08992100596136
2018-05-18,35.22262611288779
2018-05-19,35.03643328156259
2018-05-20,37.24425944936037
2018-05-21,36.38779371632317
2018-05-22,33.08423821314913
2018-05-23,29.77294352420262
2018-05-24,29.58416209906479
2018-05-25,28.69912155578832
2018-05-26,27.04150379818212
2018-05-27,28.02641346802154
2018-05-28,25.64979892519443
2018-05-29,29.33402839339146
2018-05-30,28.20424988544229
2018-05-31,29.54973425112593
2018-06-01,29.23418223384093
2018-06-02,30.84137179790688
2018-06-03,31.4636710594607
2018-06-04,29.50539011262951
2018-06-05,30.57972147887655
2018-06-06,31.6240640476725
2018-06-07,31.40010348268887
2018-06-08,30.91595294510889
2018-06-09,27.65709183813725
2018-06-10,21.71263773524348
2018-06-11,23.34300184001026
2018-06-12,19.95616568880303
2018-06-13,16.80279553455829
2018-06-14,21.12135607503315
2018-06-15,18.51328830533111
2018-06-16,19.91559746992941
2018-06-17,18.76056784199554
2018-06-18,22.44637083233334
2018-06-19,21.96766567820481
2018-06-20,22.89310171197381
2018-06-21,22.48829862380697
2018-06-22,15.30256273291383
2018-06-23,15.27040779135395
2018-06-24,15.88805746100062
2018-06-25,16.44827419241681
2018-06-26,15.08694798261209
2018-06-27,16.53809316068991
2018-06-28,13.00843250999092
2018-06-29,17.79695263228873
2018-06-30,19.41990115387036
2018-07-01,19.24432468648024
2018-07-02,22.62672763301358
2018-07-03,20.85559313618457
2018-07-04,22.11194752059873
2018-07-05,21.79637161008385
2018-07-06,22.58577492746089
2018-07-07,24.29614999133763
2018-07-08,24.02036936323754
2018-07-09,23.53792337132608
2018-07-10,20.2259305549641
2018-07-11,20.17309023997598
2018-07-12,18.61062875302526
2018-07-13,18.7289827568085
2018-07-14,18.89996849895186
2018-07-15,20.19935827258535
2018-07-16,24.74896257376426
2018-07-17,30.86290007381122
2018-07-18,30.77912643779504
2018-07-19,31.32577211629968
2018-07-20,29.65363467351542
2018-07-21,31.48862442986054
2018-07-22,31.7135690231492
2018-07-23,33.87476466047723
2018-07-24,39.25191123374573
2018-07-25,37.843161059901
2018-07-26,35.28912388016754
2018-07-27,37.34136792225707
2018-07-28,37.88870175569846
2018-07-29,37.14212839555363
2018-07-30,36.90987138452474
2018-07-31,33.18197929448438
2018-08-01,33.21307615788233
2018-08-02,30.70245366268555
2018-08-03,31.32108463110013
2018-08-04,26.14621630891986
2018-08-05,27.51053308674038
2018-08-06,26.6704566780426
2018-08-07,22.71751799064894
2018-08-08,18.8951971898191
2018-08-09,22.43897095171744
2018-08-10,16.50272844938085
2018-08-11,19.14801998342557
2018-08-12,19.83116582848296
2018-08-13,18.4619102051467
2018-08-14,18.53701459115755
2018-08-15,19.61332269286871
2018-08-16,20.20557195420739
2018-08-17,23.32647945828993
2018-08-18,20.67717204410924
2018-08-19,22.4050033867602
2018-08-20,19.90014022285442
2018-08-21,21.83309025695386
2018-08-22,21.23595699784594
2018-08-23,22.02328186083529
2018-08-24,24.79521183283741
2018-08-25,25.10793951624023
2018-08-26,24.49553061447233
2018-08-27,26.54140783255409
2018-08-28,28.23697102799045
2018-08-29,28.03694013032872
2018-08-30,26.95739481488013
2018-08-31,27.87318661732072
2018-09-01,29.01634614062004
2018-09-02,30.12365837937167
2018-09-03,30.01293185340486
2018-09-04,31.05738299073481
2018-09-05,21.04137280734459
2018-09-06,21.78483900003994
2018-09-07,21.21421863294815
2018-09-08,18.00837293552152
2018-09-09,19.01508769978815
2018-09-10,19.91484899473826
2018-09-11,19.23780919178492
2018-09-12,21.11791278800602
2018-09-13,21.80624706350852
2018-09-14,22.07328028538219
2018-09-15,22.35416600429633
2018-09-16,22.51878021535394
2018-09-17,19.25845026606537
2018-09-18,20.13135229660601
2018-09-19,21.39999687780926
2018-09-20,22.50055344399615
2018-09-21,25.87860129334769
2018-09-22,24.78941869810512
2018-09-23,24.65201346582406
2018-09-24,22.70842439440767
2018-09-25,21.42413560215606
2018-09-26,22.52525086251916
2018-09-27,24.91379452576187
2018-09-28,24.00144135348026
2018-09-29,23.51900268823938
2018-09-30,24.21645000095466
2018-10-01,23.55168435678743
2018-10-02,23.0645025308241
2018-10-03,22.7868271725784
2018-10-04,24.00580252576254
2018-10-05,24.01226718647253
2018-10-06,23.82608362716598
2018-10-07,23.85825753491234
2018-10-08,24.45373453266294
2018-10-09,24.10820363237969
2018-10-10,22.92848347525877
2018-10-11,19.43929381651026
2018-10-12,20.1194756336109
2018-10-13,20.28450894917338
2018-10-14,20.52122406075078
2018-10-15,24.24704312037134
2018-10-16,24.01027203007063
2018-10-17,23.98091150999502
2018-10-18,23.14851932856158
2018-10-19,22.70556332789963
2018-10-20,23.55185659699193
2018-10-21,23.63272951929953
2018-10-22,23.42981022039836
2018-10-23,23.3540940601042
2018-10-24,23.42220057339324
2018-10-25,23.27399635455672
2018-10-26,23.23825604730327
2018-10-27,23.30925902788536
2018-10-28,23.3877736347067
2018-10-29,21.53122094958572
2018-10-30,21.54939229079907
2018-10-31,21.94280796574047
2018-11-01,22.89566717788763
2018-11-02,22.58639957977812
2018-11-03,22.26002885400311
2018-11-04,23.47523401653186
2018-11-05,23.13656411502829
2018-11-06,24.19874887613457
2018-11-07,24.27784944114152
2018-11-08,23.29167700271848
2018-11-09,22.52380677707102
2018-11-10,22.74192864716746
2018-11-11,22.92858494817061
2018-11-12,22.3442609595335
2018-11-13,22.01704688718429
2018-11-14,13.54101879954125
2018-11-15,12.66486152507275
2018-11-16,12.22806019951327
2018-11-17,12.54117036023548
2018-11-18,12.72009239801105
2018-11-19,0.5060095209138527
2018-11-20,-10.2226196885718
2018-11-21,-5.461216837034483
2018-11-22,-10.79495321328514
2018-11-23,-8.8719111868712
2018-11-24,-25.13771356510846
2018-11-25,-17.53708607110441
2018-11-26,-25.687618091967
2018-11-27,-23.70151377812405
2018-11-28,-11.26282715534224
2018-11-29,-12.04800757023019
2018-11-30,-17.94284388642756
2018-12-01,-12.195722706264
2018-12-02,-14.9891305361382
2018-12-03,-22.1317723899713
2018-12-04,-21.03144249140774
2018-12-05,-25.39960156108687
2018-12-06,-39.44682668101648
2018-12-07,-33.37788709768746
2018-12-08,-35.04640117919603
2018-12-09,-29.36545994532747
2018-12-10,-35.16456872668471
2018-12-11,-37.07548917172644
2018-12-12,-33.57202887792914
2018-12-13,-39.80329471693073
2018-12-14,-41.76269810967006
2018-12-15,-42.74998158720458
2018-12-16,-40.89085973193525
2018-12-17,-29.99192736989788
2018-12-18,-23.6062648822663
2018-12-19,-21.96265567580936
2018-12-20,-11.45907591536401
2018-12-21,-17.63322301608103
2018-12-22,-12.85666101907293
2018-12-23,-7.911498738285494
2018-12-24,-18.46476335846793
2018-12-25,-19.57952466413646
2018-12-26,-18.40819466814269
2018-12-27,-24.79942029097729
2018-12-28,-15.37086340807888
2018-12-29,-20.12370467278422
2018-12-30,-16.89501236127468
2018-12-31,-21.15309504152395
2019-01-01,-17.63537929866287
2019-01-02,-15.43958263465185
2019-01-03,-18.84621255460244
2019-01-04,-15.75798087723433
2019-01-05,-17.16661074951214
2019-01-06,-10.11193783219788
2019-01-07,-11.7124423019899
2019-01-08,-12.1247037432249
2019-01-09,-11.14810871408475
2019-01-10,-22.43960470285961
2019-01-11,-22.14385328747706
2019-01-12,-22.69168071245469
2019-01-13,-25.89936816107847
2019-01-14,-20.5715637837875
2019-01-15,-23.58262050744592
2019-01-16,-22.95505530261047
2019-01-17,-21.7461729269422
2019-01-18,-22.52882220076716
2019-01-19,-19.73319402117911
2019-01-20,-25.03849428758779
2019-01-21,-24.68302592012737
2019-01-22,-23.61638943537002
2019-01-23,-24.60070588507363
2019-01-24,-23.6525242455526
2019-01-25,-24.15398405902884
2019-01-26,-23.66333101629873
2019-01-27,-24.86616764246536
2019-01-28,-28.37679522098257
2019-01-29,-30.16160507212609
2019-01-30,-26.82842314351007
2019-01-31,-28.8909646491016
2019-02-01,-27.8574719585636
2019-02-02,-26.3370522315171
2019-02-03,-27.95309179298862
2019-02-04,-28.61256744962902
2019-02-05,-28.37801977378523
2019-02-06,-29.9641909999737
2019-02-07,-30.45366140294395
2019-02-08,-20.3403673409284
2019-02-09,-20.73544237682707
2019-02-10,-20.68244312290921
2019-02-11,-22.5052660093504
2019-02-12,-21.2938856819714
2019-02-13,-21.31319698640405
2019-02-14,-22.10260788310582
2019-02-15,-21.58558683647723
2019-02-16,-21.14254364594956
2019-02-17,-18.08133112519981
2019-02-18,-10.32769621916635
2019-02-19,-11.89279373585478
2019-02-20,-10.63695032336286
2019-02-21,-11.11085262042901
2019-02-22,-10.02632963978352
2019-02-23,-5.072892420064767
2019-02-24,-14.97154257013731
2019-02-25,-13.56043098807195
2019-02-26,-14.74898566923527
2019-02-27,-13.7797955124886
2019-02-28,-14.02978822610844
2019-03-01,-13.79543536927563
2019-03-02,-13.35821393476105
2019-03-03,-13.85668981579797
2019-03-04,-16.62150065105077
2019-03-05,-12.93054000444359
2019-03-06,-12.13169228861255
2019-03-07,-11.89274413916374
2019-03-08,-12.23850077747695
2019-03-09,-10.53573826604527
2019-03-10,-10.58878311625585
2019-03-11,-12.78091976088263
2019-03-12,-11.70584141828979
2019-03-13,-11.6325953842345
2019-03-14,-11.77088531306118
2019-03-15,-10.23837905643703
2019-03-16,-8.387018745179276
2019-03-17,-8.10266039383652
2019-03-18,-8.511463692397786
2019-03-19,-8.537902375013545
2019-03-20,-6.782943412490827
2019-03-21,-8.446084142232168
2019-03-22,-8.556816951481384
2019-03-23,-8.349806326059529
2019-03-24,-8.659514023152232
2019-03-25,-10.41752720831609
2019-03-26,-9.589349915775497
2019-03-27,-7.321953256426128
2019-03-28,-7.250420293237631
2019-03-29,-4.698165464173193
2019-03-30,-5.362864506334958
2019-03-31,-4.893460051557785
2019-04-01,-4.094611550731686
2019-04-02,12.84242171850205
2019-04-03,13.48172376770635
2019-04-04,11.97473541223877
2019-04-05,13.28922838043148
2019-04-06,13.75667091165252
2019-04-07,17.19627178055295
2019-04-08,16.92469481346468
2019-04-09,16.24074090095971
2019-04-10,17.76237363417802
2019-04-11,13.21632233460923
2019-04-12,13.8425186360632
2019-04-13,14.11008935598189
2019-04-14,15.42860472384253
2019-04-15,13.57761068984649
2019-04-16,16.61249097028398
2019-04-17,16.55398507297978
2019-04-18,17.21901323824734
2019-04-19,17.22572497351828
2019-04-20,17.85723723251347
2019-04-21,17.32095784580774
2019-04-22,18.56005947111539
2019-04-23,20.79282313768138
2019-04-24,19.72743728040105
2019-04-25,15.13339678021736
2019-04-26,16.22851994881037
2019-04-27,16.57412603123866
2019-04-28,17.04271753595517
2019-04-29,16.3967525689992
2019-04-30,18.46507840315989
2019-05-01,18.97003312749629
2019-05-02,21.16219795788841
2019-05-03,24.87974641946787
2019-05-04,24.86035595852369
2019-05-05,23.85728281576128
2019-05-06,24.54050605848431
2019-05-07,24.77275935725899
2019-05-08,27.46701985339944
2019-05-09,28.31880664582906
2019-05-10,31.11934491307979
2019-05-11,37.37864809626922
2019-05-12,36.74756478643127
2019-05-13,43.4371156019294
2019-05-14,43.93696574405382
2019-05-15,45.60369166733118
2019-05-16,42.2491435994078
2019-05-17,37.77150219257898
2019-05-18,37.69917542283371
2019-05-19,42.5971504892016
2019-05-20,42.49173517295787
2019-05-21,42.94576339030785
2019-05-22,40.09813652112301
2019-05-23,41.84185285763134
2019-05-24,42.6183465647369
2019-05-25,42.87127281166663
2019-05-26,48.1749865643087
2019-05-27,47.2873803979608
2019-05-28,46.67101915637947
2019-05-29,45.88808667000385
2019-05-30,43.34798598978104
2019-05-31,45.08513126439339
2019-06-01,44.99552107892192
2019-06-02,45.600024759097
2019-06-03,40.516994708702
2019-06-04,39.27580793813268
2019-06-05,39.65001598475303
2019-06-06,39.55049484166106
2019-06-07,41.45671053922367
2019-06-08,40.35242765187574
2019-06-09,38.03294163307734
2019-06-10,40.95834332924366
2019-06-11,39.74251950879626
2019-06-12,42.07481868410981
2019-06-13,42.36749451738827
2019-06-14,44.99367287531946
2019-06-15,46.10412319951013
2019-06-16,48.05043327317433
2019-06-17,48.57191601820686
2019-06-18,47.74676185831985
2019-06-19,48.15259001774933
2019-06-20,49.77850179693561
2019-06-21,52.47807401790642
2019-06-22,55.11859155952646
2019-06-23,54.24681851776045
2019-06-24,55.71750450876984
2019-06-25,58.68611569968477
2019-06-26,61.69754570485915
2019-06-27,56.25530045448623
2019-06-28,58.55904861027042
2019-06-29,58.2236491161995
2019-06-30,53.79719723342495
2019-07-01,50.83279038005895
2019-07-02,54.72221063866149
2019-07-03,56.79709326776323
2019-07-04,54.04038034885622
2019-07-05,55.08341440156747
2019-07-06,54.0342018871128
2019-07-07,54.86997290887206
2019-07-08,57.823496216978
2019-07-09,59.64273772731582
2019-07-10,56.06491836016103
2019-07-11,54.26920734889347
2019-07-12,55.28150327855356
2019-07-13,53.49920487193217
2019-07-14,47.58245107530835
2019-07-15,51.80402243834532
2019-07-16,44.67669390751016
2019-07-17,45.31414285529043
2019-07-18,50.52825229334766
2019-07-19,49.4511690936568
2019-07-20,50.99083502946531
2019-07-21,49.98854582008009
2019-07-22,48.28081801735789
2019-07-23,45.2818561669885
2019-07-24,47.4728933708648
2019-07-25,45.30844372020467
2019-07-26,47.64852124638506
2019-07-27,43.49494754994912
2019-07-28,44.1026255856585
2019-07-29,43.06922754296323
2019-07-30,44.1727221991009
2019-07-31,46.03028456526386
2019-08-01,47.78724561188599
2019-08-02,48.29364628747803
2019-08-03,49.86107223069655
2019-08-04,51.42385158067572
2019-08-05,53.38966395035057
2019-08-06,51.98533169361168
2019-08-07,53.88346148507787
2019-08-08,53.69712676644534
2019-08-09,53.49887872824998
2019-08-10,51.27307037248071
2019-08-11,51.59536407710667
2019-08-12,51.31083113071448
2019-08-13,48.19236154657345
2019-08-14,44.85940965921746
2019-08-15,45.9769929372839
2019-08-16,45.71378677168644
2019-08-17,45.50937901471507
2019-08-18,46.05429910964552
2019-08-19,48.87758295872044
2019-08-20,47.84910672733637
2019-08-21,44.61448018570916
2019-08-22,44.90131955998572
2019-08-23,46.21356345511412
2019-08-24,44.7297889272177
2019-08-25,46.65994912686196
2019-08-26,45.73698986638873
2019-08-27,44.68457943543031
2019-08-28,42.0987765928711
2019-08-29,40.65062642420754
2019-08-30,41.58172292881175
2019-08-31,41.84169912022518
2019-09-01,42.63333554493263
2019-09-02,46.04052328769892
2019-09-03,46.88487384118645
2019-09-04,46.56080163258151
2019-09-05,46.65842301016929
2019-09-06,45.01689283831231
2019-09-07,45.95190216428007
2019-09-08,45.3689318224781
2019-09-09,45.00212335237975
2019-09-10,43.90232700648171
2019-09-11,43.81911019740371
2019-09-12,45.08750964154486
2019-09-13,44.73115233753003
2019-09-14,44.79045091746477
2019-09-15,44.89811501118788
2019-09-16,44.17341777560193
2019-09-17,44.03717550083203
2019-09-18,43.72693520696706
2019-09-19,44.1014843586213
2019-09-20,43.6456440263614
2019-09-21,42.44238460086953
2019-09-22,42.72757879497945
2019-09-23,41.18399888859111
2019-09-24,34.22443896765399
2019-09-25,31.96953276743229
2019-09-26,28.811236057754
2019-09-27,30.93345272848715
2019-09-28,31.01068013065415
2019-09-29,29.42992995163396
2019-09-30,31.0270678028744
2019-10-01,31.78584043763532
2019-10-02,32.16837592364256
2019-10-03,30.17480945320033
2019-10-04,30.49088029492295
2019-10-05,30.65991549551131
2019-10-06,27.71105060947932
2019-10-07,31.28219107242768
2019-10-08,30.88436640579504
2019-10-09,34.03551330533756
2019-10-10,33.72933742130281
2019-10-11,31.70863369725375
2019-10-12,32.35814066154285
2019-10-13,31.69424131947566
2019-10-14,32.07587141590835
2019-10-15,30.50465175281622
2019-10-16,28.82919184213019
2019-10-17,29.93924336848279
2019-10-18,28.65232017475481
2019-10-19,28.66492570791343
2019-10-20,31.09795463065502
2019-10-21,30.78932664942978
2019-10-22,29.55930993944947
2019-10-23,24.2501819348257
2019-10-24,24.14390660033209
2019-10-25,38.56447297316636
2019-10-26,38.63593919316294
2019-10-27,41.58036476646011
2019-10-28,38.66681202110306
2019-10-29,39.14214229000442
2019-10-30,37.7517677776352
2019-10-31,37.6086648012048
2019-11-01,38.40986727792626
2019-11-02,38.89636853012706
2019-11-03,37.82156776429089
2019-11-04,39.20598568881391
2019-11-05,38.78704560530038
2019-11-06,39.03949650649
2019-11-07,38.06209393782222
2019-11-08,35.34578362847732
2019-11-09,35.22688599732233
2019-11-10,37.1282283150384
2019-11-11,34.87777950786798
2019-11-12,35.18151975056594
2019-11-13,34.97863527762757
2019-11-14,33.80321254292035
2019-11-15,32.62484175877722
2019-11-16,33.01489334671817
2019-11-17,33.04738110505541
2019-11-18,30.29933314264888
2019-11-19,29.91486174180386
2019-11-20,29.61934323627341
2019-11-21,26.00512200213458
2019-11-22,21.49969119083979
2019-11-23,22.15277186548038
2019-11-24,18.05168239521194
2019-11-25,20.94481978150173
2019-11-26,21.28370016425535
2019-11-27,25.5662389165124
2019-11-28,24.63401912178033
2019-11-29,27.47636224820351
2019-11-30,24.85072958439713
2019-12-01,23.72032966748592
2019-12-02,23.73214997779587
2019-12-03,21.34127869375839
2019-12-04,22.19124450800179
2019-12-05,23.88157383379836
2019-12-06,25.54472081542326
2019-12-07,25.04347865474264
2019-12-08,25.60868358478725
2019-12-09,23.53626822570051
2019-12-10,22.47981847590929
2019-12-11,21.56775402565941
2019-12-12,22.16111679185006
2019-12-13,22.68015552580621
2019-12-14,20.50175988601561
2019-12-15,20.9694747435199
2019-12-16,18.85265690244342
2019-12-17,15.99083999300683
2019-12-18,22.96597502128893
2019-12-19,21.58441404276321
2019-12-20,22.25604647116675
2019-12-21,21.78404128260628
2019-12-22,26.06496149078342
2019-12-23,23.52319626891344
2019-12-24,22.76834621078358
2019-12-25,22.42953773134059
2019-12-26,22.54813063319458
2019-12-27,23.6761900272046
2019-12-28,23.72039447049044
2019-12-29,24.12158166038196
2019-12-30,23.08353752991215
2019-12-31,22.3123424437539
2020-01-01,22.78861514331939
2020-01-02,19.74697917783094
2020-01-03,23.76703427561674
2020-01-04,24.49979095713334
2020-01-05,24.50036134017279
2020-01-06,29.31451190826805
2020-01-07,33.90566915387574
2020-01-08,29.83901284388875
2020-01-09,28.59641815120567
2020-01-10,31.59529678918212
2020-01-11,30.72048022387484
2020-01-12,31.41692518064339
2020-01-13,32.38342565096244
2020-01-14,36.09702914873975
2020-01-15,35.8011264016826
2020-01-16,35.24783264480939
2020-01-17,37.23570801146422
2020-01-18,37.23625263956632
2020-01-19,35.06733964996382
2020-01-20,34.73369565550361
2020-01-21,35.49543955742917
2020-01-22,34.85584247855068
2020-01-23,32.94946459798823
2020-01-24,32.18581269825503
2020-01-25,32.22498285137272
2020-01-26,34.86508653203374
2020-01-27,37.70682845405486
2020-01-28,39.47047095350395
2020-01-29,38.91323523949768
2020-01-30,40.10999022381048
2020-01-31,39.43438017072842
2020-02-01,39.06491957152775
2020-02-02,39.60137151586705
2020-02-03,39.04586158446068
2020-02-04,38.22908224636951
2020-02-05,40.37250366383336
2020-02-06,41.54389533447318
2020-02-07,41.35500977506882
2020-02-08,42.27552283107586
2020-02-09,43.57658849123317
2020-02-10,41.08710504059421
2020-02-11,44.20563478736008
2020-02-12,44.38592596215113
2020-02-13,43.44816675696446
2020-02-14,44.02928317141455
2020-02-15,41.65788523573946
2020-02-16,41.32343502535738
2020-02-17,40.05725924467421
2020-02-18,42.69152038108736
2020-02-19,39.69251571390671
2020-02-20,39.58695350570204
2020-02-21,40.13149297847377
2020-02-22,40.13375678640738
2020-02-23,41.69352075881301
2020-02-24,39.60975452999095
2020-02-25,37.51102804829657
2020-02-26,32.65482182526399
2020-02-27,34.47654289674405
2020-02-28,33.55464407283564
2020-02-29,32.18115443147999
2020-03-01,32.23392858214667
2020-03-02,34.44075085169546
2020-03-03,33.88795976830808
2020-03-04,34.69340445229314
2020-03-05,35.61251028906503
2020-03-06,36.54044162342922
2020-03-07,34.11748916253827
2020-03-08,28.37940450991806
2020-03-09,27.11116622358026
2020-03-10,27.25744401101865
2020-03-11,27.23782270011602
2020-03-12,-20.78671345667871
2020-03-13,-2.440872923474691
2020-03-14,-7.72286618185864
2020-03-15,-6.80736754529308
2020-03-16,-9.538853011803312
2020-03-17,-3.494831552297523
2020-03-18,-3.59517608036441
2020-03-19,10.76121268627145
2020-03-20,9.589687726967883
2020-03-21,10.49843969857932
2020-03-22,5.971727922599235
2020-03-23,15.96254305414471
2020-03-24,17.25460519791579
2020-03-25,17.83010818658241
2020-03-26,18.70863293262889
2020-03-27,12.02674407496464
2020-03-28,10.75908761543208
2020-03-29,6.02705042911153
2020-03-30,13.98232987890133
2020-03-31,12.31413041887511
2020-04-01,16.87259766376372
2020-04-02,18.18388306497024
2020-04-03,18.27150635149583
2020-04-04,19.62032880592896
2020-04-05,19.71568943089534
2020-04-06,25.009049930104
2020-04-07,22.74090733106845
2020-04-08,24.72466971506232
2020-04-09,24.16310358268636
2020-04-10,20.23070449670954
2020-04-11,19.793428421038
2020-04-12,18.05627708024982
2020-04-13,19.48026779665647
2020-04-14,19.43425632264095
2020-04-15,16.21749197826507
2020-04-16,22.10463700110384
2020-04-17,22.11339445435026
2020-04-18,23.78677326454388
2020-04-19,23.15113656073391
2020-04-20,20.01584643318122
2020-04-21,19.5584467905615
2020-04-22,22.67137433910803
2020-04-23,26.44949156490562
2020-04-24,26.17189627645763
2020-04-25,27.0622158840479
2020-04-26,28.73062616013963
2020-04-27,28.61972959028797
2020-04-28,28.5344566717453
2020-04-29,36.86311830435562
2020-04-30,35.86511720844113
2020-05-01,36.66515735995256
2020-05-02,38.65936467629432
2020-05-03,36.39109637665222
2020-05-04,36.977923941506
2020-05-05,37.25491278493111
2020-05-06,38.79676310994483
2020-05-07,43.57614801056888
2020-05-08,42.53530921955254
2020-05-09,34.90002090928268
2020-05-10,35.2935422685476
2020-05-11,34.15827857890844
2020-05-12,36.58940662104123
2020-05-13,39.03136355585537
2020-05-14,41.80449714133722
2020-05-15,39.39815815208135
2020-05-16,39.95461720400026
2020-05-17,41.70998590088047
2020-05-18,40.76482891689592
2020-05-19,41.35457540015148
2020-05-20,40.15232932587212
2020-05-21,36.65952494563085
2020-05-22,38.23613374761865
2020-05-23,37.88715658138965
2020-05-24,35.13389466084558
2020-05-25,35.52182298606034
2020-05-26,35.72617796840885
2020-05-27,38.36154003753559
2020-05-28,39.89068252554181
2020-05-29,38.96517455662911
2020-05-30,40.75876862992102
2020-05-31,39.70568218399427
2020-06-01,43.41185143049396
2020-06-02,39.71255965674247
2020-06-03,40.36060548124475
2020-06-04,41.38264151073493
2020-06-05,40.0612381468146
2020-06-06,40.49503150878059
2020-06-07,41.10228369972436
2020-06-08,40.63602758595885
2020-06-09,41.047785012348
2020-06-10,41.68928375289245
2020-06-11,37.97844610087813
2020-06-12,38.88308204272442
2020-06-13,38.94952487449849
2020-06-14,38.12108416588853
2020-06-15,38.55582838713984
2020-06-16,39.06348639022404
2020-06-17,38.72555881030917
2020-06-18,38.25116103657752
2020-06-19,37.67961848055588
2020-06-20,38.11826123476188
2020-06-21,37.82880314511927
2020-06-22,39.98590358342696
2020-06-23,39.70923386405007
2020-06-24,37.34554107802141
2020-06-25,37.49319280070071
2020-06-26,36.3389528979139
2020-06-27,35.21714895428794
2020-06-28,36.23005765034732
2020-06-29,36.58917727202113
2020-06-30,36.19811033640116
2020-07-01,36.93885365673658
2020-07-02,36.01888567189376
2020-07-03,35.81783769153722
2020-07-04,36.28945025225265
2020-07-05,35.81016423395616
2020-07-06,37.57165174436239
2020-07-07,36.95370907336466
2020-07-08,37.99015543306493
2020-07-09,36.66271485756878
2020-07-10,37.09534679789691
2020-07-11,36.90237663556497
2020-07-12,37.04955705041177
2020-07-13,36.66484775339002
2020-07-14,36.91149048840804
2020-07-15,36.51441441845937
2020-07-16,35.89546291126736
2020-07-17,36.12050496221977
2020-07-18,36.32315757038922
2020-07-19,36.36539988707912
2020-07-20,36.25440676533533
2020-07-21,37.53660059481205
2020-07-22,38.538328832838
2020-07-23,38.92670660935821
2020-07-24,38.60673770007566
2020-07-25,39.50027512843812
2020-07-26,41.21210971616327
2020-07-27,47.29342756574139
2020-07-28,45.74006434492362
2020-07-29,46.74388663416347
2020-07-30,46.36189003339774
2020-07-31,47.23729343155408
2020-08-01,49.52495034130587
2020-08-02,46.46567774283609
2020-08-03,47.40939570020947
2020-08-04,46.46288429749117
2020-08-05,48.88156470874295
2020-08-06,48.92374204666263
2020-08-07,47.96049047165617
2020-08-08,48.56466135091627
2020-08-09,48.39724491177199
2020-08-10,48.8988453558694
2020-08-11,46.32750266697364
2020-08-12,47.69355598444064
2020-08-13,48.23159325792701
2020-08-14,48.80639427719233
2020-08-15,48.30321170651871
2020-08-16,48.38152096263762
2020-08-17,50.31247302332541
2020-08-18,48.76462623635413
2020-08-19,47.87764896166706
2020-08-20,48.03458781636468
2020-08-21,46.05299808357684
2020-08-22,47.10192118212962
2020-08-23,47.00537970001983
2020-08-24,47.46076376276546
2020-08-25,45.31080623264621
2020-08-26,46.11107525938975
2020-08-27,45.54895347209384
2020-08-28,46.20665911960919
2020-08-29,46.26015117257079
2020-08-30,47.08317293754993
2020-08-31,46.60399913087356
2020-09-01,47.76469888302458
2020-09-02,45.56832414566094
2020-09-03,39.75752124132168
2020-09-04,40.77317355957495
2020-09-05,39.25349763236198
2020-09-06,39.63523668082235
2020-09-07,39.90829163579563
2020-09-08,38.70575863923341
2020-09-09,39.64174331251449
2020-09-10,40.05819076626419
2020-09-11,40.06402495350307
2020-09-12,40.58799135322636
2020-09-13,39.65927108565968
2020-09-14,41.90287187066556
2020-09-15,42.05830313800912
2020-09-16,43.46759783654206
2020-09-17,42.95110997163452
2020-09-18,43.26655017479768
2020-09-19,43.63933998116013
2020-09-20,43.0972922027638
2020-09-21,40.40176176712135
2020-09-22,40.68194335936133
2020-09-23,39.41640022741998
2020-09-24,41.78200150193369
2020-09-25,41.44171518026918
2020-09-26,42.07710326209912
2020-09-27,42.66569827511047
2020-09-28,41.65780381079615
2020-09-29,42.12810965342148
2020-09-30,41.98114691679189
2020-10-01,40.91956020213932
2020-10-02,40.67367848557917
2020-10-03,40.67197563171679
2020-10-04,41.5206172377851
2020-10-05,41.76241742677662
2020-10-06,40.84785073091252
2020-10-07,41.09706456971325
2020-10-08,42.34255238094339
2020-10-09,43.32205465610515
2020-10-10,44.40597621070834
2020-10-11,44.73393496066903
2020-10-12,45.21788015099823
2020-10-13,45.099812911751
2020-10-14,44.66548793475732
2020-10-15,45.12837959887811
2020-10-16,44.11736722867141
2020-10-17,44.46397069618337
2020-10-18,44.9197003816907
2020-10-19,45.96039990477231
2020-10-20,47.06087320201363
2020-10-21,50.6619822102805
2020-10-22,50.39591182523974
2020-10-23,50.11207124720642
2020-10-24,50.86281014729924
2020-10-25,50.48349599059726
2020-10-26,50.59220810424046
2020-10-27,52.66900532408314
2020-10-28,50.92381443473939
2020-10-29,52.00213242277844
2020-10-30,52.05182718270986
2020-10-31,52.35016105103648
2020-11-01,52.52301584409644
2020-11-02,51.44117399266954
2020-11-03,51.91430011795649
2020-11-04,52.62964850345448
2020-11-05,57.50214203249132
2020-11-06,56.66553643259289
2020-11-07,54.5269578620404
2020-11-08,56.20612777488439
2020-11-09,55.36538575370425
2020-11-10,55.73045833089169
2020-11-11,56.06565252010773
2020-11-12,57.95167998691302
2020-11-13,57.53661534817775
2020-11-14,56.82273681322365
2020-11-15,56.56481852442551
2020-11-16,58.59686235911619
2020-11-17,60.46197724127209
2020-11-18,60.16859087132202
2020-11-19,60.08912984171756
2020-11-20,61.97549204242825
2020-11-21,61.1455214230664
2020-11-22,60.1800533237437
2020-11-23,60.54279393981642
2020-11-24,61.91412268462167
2020-11-25,61.16339554571616
2020-11-26,57.82876387765113
2020-11-27,57.13756477895441
2020-11-28,58.27894303737007
2020-11-29,59.97054843717424
2020-11-30,62.02064666060904
2020-12-01,60.30318724423476
2020-12-02,60.84032865516386
2020-12-03,61.26805158512912
2020-12-04,59.70597956193821
2020-12-05,60.67357589852958
2020-12-06,60.73027263594343
2020-12-07,60.44141459702421
2020-12-08,58.04931126021779
2020-12-09,58.5631323205067
2020-12-10,57.44800193272827
2020-12-11,58.12998238416741
2020-12-12,58.95400363455315
2020-12-13,59.24122522008017
2020-12-14,59.85317264031016
2020-12-15,59.68552494657217
2020-12-16,63.17519258417656
2020-12-17,64.81702224819298
2020-12-18,64.5529314436846
2020-12-19,65.15483752996471
2020-12-20,65.20889108380472
2020-12-21,63.34394364706733
2020-12-22,65.11947826227234
2020-12-23,63.36452753709369
2020-12-24,63.90361684671602
2020-12-25,65.25805449819215
2020-12-26,67.82219036267973
2020-12-27,67.60031516884433
2020-12-28,66.77874279616167
2020-12-29,67.2810619333302
2020-12-30,68.63126735475346
2020-12-31,68.3055380512046
2021-01-01,68.17922162253836
2021-01-02,70.83688390039427
2021-01-03,70.67049739512831
2021-01-04,69.80551417506783
2021-01-05,70.75706787698908
2021-01-06,72.8401702548864
2021-01-07,73.19458145438192
2021-01-08,73.48272003703065
2021-01-09,73.26443034284088
2021-01-10,70.50175993622842
2021-01-11,68.45752642685635
2021-01-12,65.81375517832416
2021-01-13,70.47080803805444
2021-01-14,71.39202356388394
2021-01-15,69.48369989342841
2021-01-16,68.72087036283887
2021-01-17,68.2706554920767
2021-01-18,68.73065702803032
2021-01-19,68.28816296437273
2021-01-20,67.28815653667593
2021-01-21,60.7864126392702
2021-01-22,64.95920370832975
2021-01-23,63.68891055815191
2021-01-24,64.45887977932844
2021-01-25,64.24671534194147
2021-01-26,64.07536552230566
2021-01-27,61.94897250960145
2021-01-28,65.67117519814323
2021-01-29,65.4172005066196
2021-01-30,65.1642824875861
2021-01-31,63.42409933125091
2021-02-01,64.38339555531667
2021-02-02,66.82170458657384
2021-02-03,68.35582259716745
2021-02-04,67.23793427762226
2021-02-05,68.43579983368193
2021-02-06,68.93491336805764
2021-02-07,68.12119202793575
2021-02-08,73.27165779830489
2021-02-09,72.54709146372468
2021-02-10,70.7919465907589
2021-02-11,72.78847693103049
2021-02-12,72.27562220881758
2021-02-13,72.21606352888816
2021-02-14,72.68032163612955
2021-02-15,71.83772540764835
2021-02-16,72.40898209793262
2021-02-17,73.84111020345007
2021-02-18,73.10678353827632
2021-02-19,74.88625791924116
2021-02-20,74.35081870884682
2021-02-21,74.3344968624726
2021-02-22,72.76935477844549
2021-02-23,69.70598240227915
2021-02-24,70.67005548883577
2021-02-25,68.1542018308707
2021-02-26,68.3646213853711
2021-02-27,67.63708398612114
2021-02-28,67.54199884246464
2021-03-01,69.42600613589399
2021-03-02,68.73178671932311
2021-03-03,70.05780718354657
2021-03-04,67.3381028684721
2021-03-05,68.59022365435624
2021-03-06,68.7879955019734
2021-03-07,70.08688062877785
2021-03-08,70.23869284587121
2021-03-09,71.94516707914613
2021-03-10,71.793794315887
2021-03-11,72.36011137907735
2021-03-12,71.8007548100295
2021-03-13,73.73359796949646
2021-03-14,72.779974115008
2021-03-15,69.96416239055337
2021-03-16,71.08928455673532
2021-03-17,72.10873812812729
2021-03-18,70.9846513583656
2021-03-19,71.78665655863632
2021-03-20,71.55934883231613
2021-03-21,70.5898359668609
2021-03-22,69.46271826822681
2021-03-23,68.72344540050177
2021-03-24,67.92326690734868
2021-03-25,67.46862300860715
2021-03-26,68.95205376230744
2021-03-27,69.51303673150535
2021-03-28,69.08013045341083
2021-03-29,70.09954382878797
2021-03-30,70.73034460852207
2021-03-31,70.66654101287449
2021-04-01,70.18500143873177
2021-04-02,70.4534334969336
2021-04-03,69.05399804725675
2021-04-04,69.60198111396261
2021-04-05,70.2456185924887
2021-04-06,68.87303824517126
2021-04-07,68.11587904470134
2021-04-08,69.06004299910371
2021-04-09,68.87336793865771
2021-04-10,69.8235157988918
2021-04-11,69.54546665441661
2021-04-12,69.71548946117333
2021-04-13,70.8916680667561
2021-04-14,70.37218133209726
2021-04-15,70.51091531698997
2021-04-16,69.51024130121957
2021-04-17,68.37529642858316
2021-04-18,66.5568868747571
2021-04-19,65.2272780142844
2021-04-20,65.77837798474617
2021-04-21,64.72877903422285
2021-04-22,62.84384507331714
2021-04-23,61.68395587628579
2021-04-24,61.57518604045226
2021-04-25,62.37448407191062
2021-04-26,64.19657861203692
2021-04-27,65.14966675181594
2021-04-28,64.64737080575208
2021-04-29,63.61832438563953
2021-04-30,66.27483039339744
2021-05-01,65.99378783744774
2021-05-02,65.91159794006083
2021-05-03,64.51860891183618
2021-05-04,63.94850896825957
2021-05-05,65.38274498602725
2021-05-06,64.92360655369644
2021-05-07,65.48259368650767
2021-05-08,65.89149557901773
2021-05-09,65.99610657038568
2021-05-10,63.84937078552133
2021-05-11,64.96960964621708
2021-05-12,59.40198493438407
2021-05-13,59.69618237250225
2021-05-14,59.2288436986501
2021-05-15,57.31978179574869
2021-05-16,55.80860378357359
2021-05-17,54.672790788296
2021-05-18,52.84443506292094
2021-05-19,44.31773237627198
2021-05-20,52.37617068706212
2021-05-21,47.36653270198278
2021-05-22,48.17370395234995
2021-05-23,43.93539680320369
2021-05-24,49.76162432883385
2021-05-25,48.09404875940115
2021-05-26,48.77783919333411
2021-05-27,47.97177262329804
2021-05-28,45.46933834723097
2021-05-29,41.76158502141067
2021-05-30,44.10440106752561
2021-05-31,47.76536368161908
2021-06-01,45.37950893690202
2021-06-02,47.2767696871267
2021-06-03,48.85266353927039
2021-06-04,47.57987232790474
2021-06-05,44.53784844558641
2021-06-06,45.63427001982425
2021-06-07,41.4816969566366
2021-06-08,40.33363457635281
2021-06-09,46.78901787987157
2021-06-10,45.98237517089045
2021-06-11,46.8708052593753
2021-06-12,44.96088160297556
2021-06-13,49.68582102053416
2021-06-14,51.14533978443326
2021-06-15,50.51490555955343
2021-06-16,48.88813120987079
2021-06-17,47.66012654909662
2021-06-18,44.89217542842366
2021-06-19,44.33690181860199
2021-06-20,44.64958851745096
2021-06-21,38.28159306426473
2021-06-22,41.77292501540158
2021-06-23,40.91881381487212
2021-06-24,43.30678081957983
2021-06-25,39.24835728573439
2021-06-26,40.12936931082576
2021-06-27,44.07090702452604
2021-06-28,44.38018136912701
2021-06-29,45.86479409208475
2021-06-30,44.63390973993305
2021-07-01,42.60421515010104
2021-07-02,42.33452768794054
2021-07-03,43.9720895187147
2021-07-04,44.50138116431132
2021-07-05,43.20828110327975
2021-07-06,43.39644810945593
2021-07-07,41.80619257285108
2021-07-08,40.34600462769535
2021-07-09,43.22444800200547
2021-07-10,42.69651978836117
2021-07-11,43.46612518420186
2021-07-12,41.53675273467537
2021-07-13,40.4183765061603
2021-07-14,41.41397914875498
2021-07-15,39.07556093399893
2021-07-16,39.10200439733784
2021-07-17,39.56849723924613
2021-07-18,38.85776248211972
2021-07-19,37.32222646192566
2021-07-20,34.76427569533199
2021-07-21,39.78912037773122
2021-07-22,40.29246426439454
2021-07-23,42.60313201499258
2021-07-24,43.3614668638232
2021-07-25,47.53045757581307
2021-07-26,48.2507657905529
2021-07-27,50.10605518607737
2021-07-28,50.29554792453308
2021-07-29,50.30174733090364
2021-07-30,52.61822256253892
2021-07-31,52.38235351326968
2021-08-01,49.70922649733532
2021-08-02,49.45601185252676
2021-08-03,48.21900073883496
2021-08-04,49.68785195565049
2021-08-05,50.31584685561197
2021-08-06,53.92220024689887
2021-08-07,55.22275572919394
2021-08-08,53.73233822029275
2021-08-09,56.44020451018879
2021-08-10,56.11269164600273
2021-08-11,56.07246726264982
2021-08-12,54.80698353610709
2021-08-13,57.689533058708
2021-08-14,57.20519807606499
2021-08-15,57.5233599984936
2021-08-16,55.78255133883129
2021-08-17,54.79812652945575
2021-08-18,54.99063361550706
2021-08-19,56.91050061790718
2021-08-20,58.40123658289682
2021-08-21,58.36416781044896
2021-08-22,58.73474252213546
2021-08-23,58.43068728260664
2021-08-24,57.36588852726292
2021-08-25,58.27822175342897
2021-08-26,56.42904214902921
2021-08-27,58.15847710480357
2021-08-28,58.38236887111867
2021-08-29,57.37464987126849
2021-08-30,55.90612383418711
2021-08-31,55.78155833498201
2021-09-01,57.5484711939643
2021-09-02,57.286223695135
2021-09-03,58.37712687551592
2021-09-04,58.52418422802749
2021-09-05,59.76773235174549
2021-09-06,60.2786932750009
2021-09-07,55.69468938863251
2021-09-08,55.01881626893979
2021-09-09,55.19006927690734
2021-09-10,53.79951261403683
2021-09-11,53.54677067260035
2021-09-12,54.61556168900226
2021-09-13,53.76546935566591
2021-09-14,55.64070093421337
2021-09-15,56.24810361218463
2021-09-16,55.8400362694089
2021-09-17,55.64665455387902
2021-09-18,56.15315471765998
2021-09-19,55.25218024399447
2021-09-20,49.60940336628119
2021-09-21,48.89476469023194
2021-09-22,51.4487075404701
2021-09-23,53.0209725033401
2021-09-24,50.98067687092084
2021-09-25,50.78569396415364
2021-09-26,51.90370074595483
2021-09-27,50.12119654089149
2021-09-28,49.26624216600874
2021-09-29,50.13863295139276
2021-09-30,51.65204518881281
2021-10-01,55.68389612741669
2021-10-02,55.12455771323529
2021-10-03,55.65955646426232
2021-10-04,57.04635906305104
2021-10-05,58.44583425689894
2021-10-06,60.81402643395607
2021-10-07,60.14655030959599
2021-10-08,60.15930332440745
2021-10-09,60.59899284863245
2021-10-10,60.68466183519049
2021-10-11,61.81325266275137
2021-10-12,61.38400652998121
2021-10-13,62.12084416298166
2021-10-14,61.56983718981513
2021-10-15,64.12530444109774
2021-10-16,63.74354914736219
2021-10-17,64.57780454601532
2021-10-18,64.12429105391399
2021-10-19,65.0906805031967
2021-10-20,65.68620259770479
2021-10-21,63.99569116197649
2021-10-22,62.996936098862
2021-10-23,62.9363599481501
2021-10-24,63.27439345376165
2021-10-25,63.87358895565067
2021-10-26,62.35487611364427
2021-10-27,60.83125006568157
2021-10-28,62.70565084593886
2021-10-29,62.95073726462622
2021-10-30,63.18248613989365
2021-10-31,62.63960474868383
2021-11-01,62.08613028495079
2021-11-02,63.38692656169049
2021-11-03,62.83265436638232
2021-11-04,61.63720459263996
2021-11-05,61.73809926362244
2021-11-06,62.13997270420045
2021-11-07,63.88625196464541
2021-11-08,65.08297128411192
2021-11-09,64.59839219024211
2021-11-10,63.37781027317737
2021-11-11,63.23929653918374
2021-11-12,62.47727064769104
2021-11-13,62.80901404344894
2021-11-14,63.28311238627678
2021-11-15,61.24513987880569
2021-11-16,59.35118008494593
2021-11-17,59.80555473276833
2021-11-18,57.75250390300851
2021-11-19,58.32407684074101
2021-11-20,59.08825682955654
2021-11-21,58.22262402943073
2021-11-22,57.07884602986649
2021-11-23,57.74684209326021
2021-11-24,58.08274805005104
2021-11-25,58.30432077957949
2021-11-26,54.81303723092168
2021-11-27,55.322101857383
2021-11-28,57.68318131870112
2021-11-29,57.54132907830222
2021-11-30,57.41166636133909
2021-12-01,56.90298270425473
2021-12-02,56.56186045228802
2021-12-03,53.74026992366827
2021-12-04,50.12898289668456
2021-12-05,49.94975680302127
2021-12-06,51.88276807740679
2021-12-07,51.76592900554263
2021-12-08,51.51126111068617
2021-12-09,49.10218698590027
2021-12-10,48.86618743512305
2021-12-11,50.49716644352136
2021-12-12,50.78583873865274
2021-12-13,48.07485221466501
2021-12-14,49.25709139899966
2021-12-15,50.20360850561348
2021-12-16,48.87600759058621
2021-12-17,47.27605442123078
2021-12-18,47.69561239888718
2021-12-19,47.92802266672005
2021-12-20,47.86051985243856
2021-12-21,49.81476275317081
2021-12-22,49.41823876987602
2021-12-23,51.97353080658982
2021-12-24,52.07450836542355
2021-12-25,51.45331171364968
2021-12-26,51.65201565682042
2021-12-27,51.35859511917001
2021-12-28,48.75207133732881
2021-12-29,47.60547651074049
2021-12-30,48.0436898789758
2021-12-31,47.55606965486406
2022-01-01,48.63336782939378
2022-01-02,48.00461733567141
2022-01-03,47.08902692690221
2022-01-04,47.15834754738597
2022-01-05,44.04438863752171
2022-01-06,42.96809256867945
2022-01-07,42.00957756683869
2022-01-08,41.73932995687629
2022-01-09,41.59816927672762
2022-01-10,41.55688347551656
2022-01-11,43.07154319918387
2022-01-12,44.37520542054888
2022-01-13,43.15140830907335
2022-01-14,43.63000882417739
2022-01-15,43.55689013831437
2022-01-16,43.33425806801927
2022-01-17,42.67588656702457
2022-01-18,42.56490229554917
2022-01-19,42.05126897621042
2022-01-20,40.77624126696816
2022-01-21,33.96964469476996
2022-01-22,32.09984576242416
2022-01-23,32.96456239208698
2022-01-24,33.43620414264471
2022-01-25,34.52417805996342
2022-01-26,35.22028276602344
2022-01-27,35.56621307089861
2022-01-28,36.71267260351711
2022-01-29,36.86109605160043
2022-01-30,35.24517006066225
2022-01-31,37.79045006013195
2022-02-01,37.81058947577466
2022-02-02,35.04324499716226
2022-02-03,35.6083745755869
2022-02-04,42.19380082499118
2022-02-05,42.14765592524638
2022-02-06,42.63660234864649
2022-02-07,45.17785434576611
2022-02-08,45.63261996724636
2022-02-09,45.43744169352383
2022-02-10,44.02912092531245
2022-02-11,43.01459208138381
2022-02-12,43.10342837510987
2022-02-13,42.72974910902783
2022-02-14,43.34133337108184
2022-02-15,45.3568125276045
2022-02-16,45.17497638720462
2022-02-17,40.50755504913877
2022-02-18,40.01132082154211
2022-02-19,39.58638323284566
2022-02-20,37.79260314704769
2022-02-21,35.29206494041951
2022-02-22,36.89536600605108
2022-02-23,34.48796080916522
2022-02-24,37.1186753080063
2022-02-25,39.52993793007321
2022-02-26,38.05632223881671
2022-02-27,36.01835392834079
2022-02-28,44.59502582665431
2022-03-01,45.44232108911563
2022-03-02,45.0345506456251
2022-03-03,41.84188234684886
2022-03-04,37.68631330502599
2022-03-05,38.98199239592257
2022-03-06,37.07859779029838
2022-03-07,36.77341064371364
2022-03-08,38.01625955857881
2022-03-09,42.2060865781651
2022-03-10,38.56235088877568
2022-03-11,38.28057816950636
2022-03-12,37.92463814511894
2022-03-13,36.12780850476739
2022-03-14,38.9314452265718
2022-03-15,38.35271556655695
2022-03-16,41.04850694834723
2022-03-17,40.10438641942282
2022-03-18,42.27319341605974
2022-03-19,42.48768464931921
2022-03-20,41.59512982584002
2022-03-21,41.24523489782705
2022-03-22,42.87739489394986
2022-03-23,43.71203225390176
2022-03-24,44.85323657062602
2022-03-25,44.80581773793315
2022-03-26,45.47280397236531
2022-03-27,47.97340586772375
2022-03-28,48.32801902837382
2022-03-29,48.05094168923107
2022-03-30,47.96654961417183
2022-03-31,46.08510172587267
2022-04-01,47.61120551394273
2022-04-02,46.6456580497572
2022-04-03,46.38578832316491
2022-04-04,47.11529946962386
2022-04-05,45.33228101043829
2022-04-06,42.70141433064715
2022-04-07,43.30579048859457
2022-04-08,42.13413551523509
2022-04-09,42.40937953837777
2022-04-10,41.95398919950142
2022-04-11,38.02162329143178
2022-04-12,38.55110551763813
2022-04-13,40.40999942709147
2022-04-14,38.35062330400997
2022-04-15,39.42261651365598
2022-04-16,39.16899244825299
2022-04-17,38.16973709465223
2022-04-18,39.92692839536128
2022-04-19,40.51584605390659
2022-04-20,40.84048687505442
2022-04-21,39.04671383875495
2022-04-22,37.81558904416774
2022-04-23,37.84022605500527
2022-04-24,36.72384168017126
2022-04-25,39.37904500597839
2022-04-26,35.65637359229554
2022-04-27,37.64624831413627
2022-04-28,38.33948775582826
2022-04-29,36.47953908696531
2022-04-30,34.91243020118297
2022-05-01,36.58303930085673
2022-05-02,36.22249293726533
2022-05-03,35.45878309595055
2022-05-04,38.26483867559072
2022-05-05,32.7976134545143
2022-05-06,32.16868383977708
2022-05-07,30.47131037604948
2022-05-08,28.60495982304607
2022-05-09,20.88697392451244
2022-05-10,22.1121877625614
2022-05-11,19.1301511969763
2022-05-12,18.74543883640633
2022-05-13,18.76165503522124
2022-05-14,19.91703872687831
2022-05-15,22.89401184293747
2022-05-16,20.52593784559463
2022-05-17,21.51693175167496
2022-05-18,17.29694714209067
2022-05-19,21.08139101155844
2022-05-20,18.52724953172978
2022-05-21,19.07199046435025
2022-05-22,21.25131054954905
2022-05-23,18.25455794082
2022-05-24,19.62870290001082
2022-05-25,20.06120193701953
2022-05-26,18.17919277982273
2022-05-27,17.58155990211127
2022-05-28,18.20922314436055
2022-05-29,19.08493607973607
2022-05-30,24.83642845245944
2022-05-31,25.62620077607543
2022-06-01,20.07761113312625
2022-06-02,22.14838493548535
2022-06-03,20.42788021395263
2022-06-04,20.57378634263283
2022-06-05,22.05881720746332
2022-06-06,21.81536046044933
2022-06-07,24.1716408986998
2022-06-08,22.04782523941696
2022-06-09,20.94454587005754
2022-06-10,19.57826912715184
2022-06-11,17.62513724453069
2022-06-12,10.85239557035488
2022-06-13,-6.575403669783142
2022-06-14,-5.699707949841121
2022-06-15,-1.118988444122043
2022-06-16,-12.2325012441974
2022-06-17,-10.85676656990145
2022-06-18,-19.51198698320908
2022-06-19,-12.98611492857397
2022-06-20,-9.50659531082283
2022-06-21,-9.796279267079877
2022-06-22,-10.42861607936676
2022-06-23,-7.282587702120452
2022-06-24,-6.229037412785327
2022-06-25,-4.86229710603584
2022-06-26,-6.903955953962599
2022-06-27,-8.254933254271746
2022-06-28,-10.76274649845939
2022-06-29,-12.02278997357015
2022-06-30,-10.26655406492293
2022-07-01,-16.46596153578993
2022-07-02,-15.98708117394912
2022-07-03,-15.75743842312283
2022-07-04,-9.30341367222416
2022-07-05,-9.999168768760985
2022-07-06,-8.309082683242359
2022-07-07,-2.335947024319485
2022-07-08,-3.125046683705979
2022-07-09,-3.837139784039173
2022-07-10,-6.571479723618218
2022-07-11,-11.61640927382725
2022-07-12,-13.78582993508952
2022-07-13,-8.759690020891231
2022-07-14,-8.188169360911685
2022-07-15,-6.24282112135302
2022-07-16,-3.186466498440688
2022-07-17,-5.528921793563346
2022-07-18,1.70245513703417
2022-07-19,4.772590213904943
2022-07-20,5.601023162166458
2022-07-21,5.857427412250477
2022-07-22,3.93265846537546
2022-07-23,3.043183724327503
2022-07-24,2.075278066430336
2022-07-25,-3.958788322666767
2022-07-26,-2.824579011209483
2022-07-27,4.260703729632759
2022-07-28,8.60344945559503
2022-07-29,8.765791017026087
2022-07-30,8.10094877724472
2022-07-31,6.65618798105187
2022-08-01,5.912175504325584
2022-08-02,4.308323546971443
2022-08-03,5.200672899519182
2022-08-04,3.726133841210094
2022-08-05,6.329745565603472
2022-08-06,4.791790672533924
2022-08-07,6.326487768071798
2022-08-08,8.40237947626344
2022-08-09,4.444973187320938
2022-08-10,9.48209200168877
2022-08-11,9.161909925176293
2022-08-12,11.05246417267938
2022-08-13,11.13802499434244
2022-08-14,10.73942259582921
2022-08-15,9.746062336650535
2022-08-16,9.309196771441952
2022-08-17,7.20436235370725
2022-08-18,5.109583786559169
2022-08-19,-3.423229543276468
2022-08-20,-2.565169099606229
2022-08-21,-1.205070833095606
2022-08-22,-1.856491687645567
2022-08-23,-1.399321249649293
2022-08-24,-0.9452747493614078
2022-08-25,-0.89335891365388
2022-08-26,-6.628752974113816
2022-08-27,-8.255381026905
2022-08-28,-10.16132906965054
2022-08-29,-6.823624197793427
2022-08-30,-8.272108124725703
2022-08-31,-7.670465189048226
2022-09-01,-7.547075880882587
2022-09-02,-7.824979434085765
2022-09-03,-8.874620744245643
2022-09-04,-8.3124450543901
2022-09-05,-7.291805021071429
2022-09-06,-14.35380358194431
2022-09-07,-11.49227256387679
2022-09-08,-11.04153839605523
2022-09-09,-1.218952726924849
2022-09-10,0.1473618294458356
2022-09-11,0.5712731307424668
2022-09-12,3.143572845359743
2022-09-13,-6.252453350943971
2022-09-14,-6.336117126818275
2022-09-15,-8.244597051732299
2022-09-16,-7.261171636263425
2022-09-17,-7.063997714101395
2022-09-18,-9.944348545747545
2022-09-19,-9.485564043714406
2022-09-20,-12.79183081029154
2022-09-21,-16.0436109866848
2022-09-22,-10.49667020857503
2022-09-23,-11.40317727580956
2022-09-24,-12.47349130726152
2022-09-25,-13.52616156803511
2022-09-26,-10.15302291304477
2022-09-27,-11.59250355504465
2022-09-28,-9.528206102416526
2022-09-29,-8.873864721235908
2022-09-30,-9.630622335521883
2022-10-01,-10.30212566079348
2022-10-02,-11.36540949322917
2022-10-03,-8.652110703277433
2022-10-04,-5.276418994018512
2022-10-05,-4.83591970158691
2022-10-06,-6.24966812435514
2022-10-07,-8.502457447369693
2022-10-08,-9.404858716624325
2022-10-09,-8.85718481798511
2022-10-10,-11.39083238659092
2022-10-11,-11.06159573716661
2022-10-12,-10.61216240873753
2022-10-13,-9.071889424453133
2022-10-14,-10.23873797875133
2022-10-15,-10.5708423788217
2022-10-16,-10.04442694866574
2022-10-17,-7.871932394439984
2022-10-18,-9.975858473618304
2022-10-19,-11.44955811977816
2022-10-20,-10.96671419458489
2022-10-21,-10.25253685186916
2022-10-22,-9.98791655475168
2022-10-23,-8.173722389594651
2022-10-24,-9.325666174424207
2022-10-25,-4.714035801502803
2022-10-26,-1.771800446811178
2022-10-27,-4.144745571390357
2022-10-28,-2.405385954670209
2022-10-29,-1.96988596798357
2022-10-30,-2.798543177069601
2022-10-31,-3.237445569273367
2022-11-01,-2.902739200358534
2022-11-02,-4.478366294543901
2022-11-03,-4.036550915580811
2022-11-04,1.431775903043508
2022-11-05,0.9333760816749637
2022-11-06,-1.043279240538636
2022-11-07,-2.657602655876795
2022-11-08,-14.6910738062681
2022-11-09,-29.29887493748931
2022-11-10,-19.23030478925811
2022-11-11,-23.69927867813306
2022-11-12,-23.65155326035457
2022-11-13,-27.97526988145321
2022-11-14,-25.42743175890955
2022-11-15,-23.5618725447266
2022-11-16,-23.80378150634025
2022-11-17,-21.47178217642982
2022-11-18,-22.27426040997463
2022-11-19,-21.78592356575917
2022-11-20,-25.17603599423163
2022-11-21,-28.0490252920351
2022-11-22,-25.36182306558614
2022-11-23,-22.53200385640948
2022-11-24,-22.6616124559159
2022-11-25,-22.20324948590066
2022-11-26,-22.94357207399143
2022-11-27,-23.04811272370951
2022-11-28,-24.92801778530365
2022-11-29,-19.97999787619208
2022-11-30,-17.61200828202926
2022-12-01,-18.37634189745675
2022-12-02,-18.23497354827463
2022-12-03,-18.90689517038874
2022-12-04,-17.01392326688684
2022-12-05,-17.87862440310761
2022-12-06,-17.61294452525759
2022-12-07,-19.31246860670536
2022-12-08,-16.56498909375849
2022-12-09,-16.80860549579851
2022-12-10,-16.87778378847985
2022-12-11,-18.12589914596401
2022-12-12,-16.69401015208012
2022-12-13,-12.33364593660771
2022-12-14,-12.38664165987442
2022-12-15,-14.73601380647864
2022-12-16,-19.56205440574239
2022-12-17,-19.23932560479863
2022-12-18,-19.02664362729554
2022-12-19,-21.10034933248022
2022-12-20,-18.34805873397817
2022-12-21,-18.22811687870123
2022-12-22,-18.69877580458212
2022-12-23,-18.43625931789124
2022-12-24,-18.15361501714087
2022-12-25,-18.20345793494733
2022-12-26,-17.91601555610321
2022-12-27,-19.1620658512008
2022-12-28,-19.77547989523802
2022-12-29,-19.3004789990901
2022-12-30,-19.60842580915186
2022-12-31,-19.71961445312161
2023-01-01,-19.26460278717381
2023-01-02,-18.46488339527589
2023-01-03,-18.67655697475239
2023-01-04,-17.40608814834347
2023-01-05,-17.17714665875113
2023-01-06,-16.29994588200676
2023-01-07,-16.58234494875892
2023-01-08,-14.88233916666566
2023-01-09,-14.59735406367065
2023-01-10,-12.88860976219627
2023-01-11,-8.037848103474959
2023-01-12,-4.995659535431973
2023-01-13,5.668790874703844
2023-01-14,4.974188490063669
2023-01-15,5.884775729229286
2023-01-16,6.455555884903941
2023-01-17,6.816489655874025
2023-01-18,4.528030799741067
2023-01-19,6.190064693616105
2023-01-20,12.45746811289715
2023-01-21,13.58512688317603
2023-01-22,13.04801705639375
2023-01-23,13.91812940091322
2023-01-24,12.65643509773345
2023-01-25,14.79675820485813
2023-01-26,13.67230567780441
2023-01-27,14.59363703212712
2023-01-28,14.43843350165221
2023-01-29,16.71087422973273
2023-01-30,13.32588301496204
2023-01-31,14.23233990861796
2023-02-01,18.08603406516971
2023-02-02,15.8591007621031
2023-02-03,15.29369669940616
2023-02-04,14.7961883271652
2023-02-05,13.96490842651104
2023-02-06,12.98003208600328
2023-02-07,14.92842330835006
2023-02-08,13.63928589546756
2023-02-09,9.090668017621322
2023-02-10,8.44906320482275
2023-02-11,9.266037069769805
2023-02-12,9.102581112375264
2023-02-13,8.829074426303485
2023-02-14,10.47731325189484
2023-02-15,19.3232436468841
2023-02-16,16.26947322449368
2023-02-17,19.38688425581143
2023-02-18,19.69108155554598
2023-02-19,17.94721290587199
2023-02-20,20.04528272051578
2023-02-21,18.56694773072419
2023-02-22,17.64641297019152
2023-02-23,17.03263848311699
2023-02-24,14.19509228333151
2023-02-25,13.97609780803076
2023-02-26,15.40906872316091
2023-02-27,15.13597834646045
2023-02-28,14.03093816736329
2023-03-01,15.91334976020279
2023-03-02,15.2568279156876
2023-03-03,11.32918174992996
2023-03-04,11.36686825926111
2023-03-05,11.69510975444212
2023-03-06,11.56774455473703
2023-03-07,11.19159503113386
2023-03-08,9.072693849856694
2023-03-09,1.935617042626092
2023-03-10,2.924142824185766
2023-03-11,4.353106571075482
2023-03-12,12.90466525486909
2023-03-13,18.6309712086085
2023-03-14,20.2598549960724
2023-03-15,18.53293088039402
2023-03-16,20.72413113246565
2023-03-17,28.28536837362611
2023-03-18,26.86028235038451
2023-03-19,28.79216551200113
2023-03-20,28.80670429970299
2023-03-21,29.16841581070988
2023-03-22,27.25652674171793
2023-03-23,29.36692063045252
2023-03-24,27.65667146146421
2023-03-25,27.5818490177807
2023-03-26,28.732688823209
2023-03-27,25.82093924107211
2023-03-28,26.66676945397593
2023-03-29,29.33536638597226
2023-03-30,30.21898173098646
2023-03-31,30.62054472132788
2023-04-01,30.42447012894638
2023-04-02,29.77860401712078
2023-04-03,28.84045136825622
2023-04-04,31.06937216902098
2023-04-05,29.3569993191929
2023-04-06,29.62090354229737
2023-04-07,29.11980480908211
2023-04-08,29.48606701889358
2023-04-09,30.33998469588668
2023-04-10,33.87869726871398
2023-04-11,34.45076181777127
2023-04-12,33.89589978995113
2023-04-13,35.4705110558159
2023-04-14,34.6259392917471
2023-04-15,34.39522070669322
2023-04-16,33.42195464182714
2023-04-17,32.3066948734224
2023-04-18,34.38482929350998
2023-04-19,31.16924883583402
2023-04-20,29.61617733157628
2023-04-21,26.85798955478697
2023-04-22,27.70732514770497
2023-04-23,28.37926476571391
2023-04-24,27.48165164011651
2023-04-25,29.65286150023073
2023-04-26,31.83696412159705
2023-04-27,32.56234287664803
2023-04-28,31.86972117413742
2023-04-29,31.56260829462103
2023-04-30,31.9358323909212
2023-05-01,28.89326658054147
2023-05-02,30.02450770937394
2023-05-03,31.21642745519587
2023-05-04,30.96454607686885
2023-05-05,32.68867280778569
2023-05-06,31.08973432010738
2023-05-07,30.01837844800298
2023-05-08,27.32334191163395
2023-05-09,27.63757832861107
2023-05-10,26.98613301105903
2023-05-11,25.669931186285
2023-05-12,25.09886480209437
2023-05-13,24.8664639815888
2023-05-14,25.01295391791966
2023-05-15,26.03160070207462
2023-05-16,25.70391863143144
2023-05-17,26.41224831897975
2023-05-18,25.13156741763289
2023-05-19,25.04501434892754
2023-05-20,26.12538683647247
2023-05-21,24.48555976544272
2023-05-22,24.85589358007502
2023-05-23,25.76861508195226
2023-05-24,23.1619574578455
2023-05-25,23.80391337561406
2023-05-26,24.35090968628306
2023-05-27,25.52899802712176
2023-05-28,28.45082519225274
2023-05-29,27.1853459568317
2023-05-30,27.26187961030262
2023-05-31,25.41579901789503
2023-06-01,24.59658493355492
2023-06-02,25.67220038519442
2023-06-03,25.23226845479872
2023-06-04,25.28019400877867
2023-06-05,21.43854576834148
2023-06-06,25.85176492372733
2023-06-07,23.48591310999247
2023-06-08,23.67272803577484
2023-06-09,23.66313503729632
2023-06-10,21.63159859473053
2023-06-11,22.26647746308015
2023-06-12,21.94888126062239
2023-06-13,22.30857140934121
2023-06-14,19.88888280095162
2023-06-15,20.79676203891061
2023-06-16,23.26919261498404
2023-06-17,23.67436667116333
2023-06-18,23.3960006494937
2023-06-19,25.21612016476698
2023-06-20,28.99668667499353
2023-06-21,32.94410527964691
2023-06-22,32.61570173747744
2023-06-23,33.62033808531818
2023-06-24,33.63008935273091
2023-06-25,33.34653436846774
2023-06-26,33.19484879428013
2023-06-27,33.69205924510268
2023-06-28,32.42983692600934
2023-06-29,33.24104458356359
2023-06-30,33.24466308295285
2023-07-01,33.39079759788314
2023-07-02,33.50192015359277
2023-07-03,34.50341368823487
2023-07-04,33.73772256839005
2023-07-05,32.95298149344921
2023-07-06,32.22618197580025
2023-07-07,32.74054051912722
2023-07-08,32.83127844754662
2023-07-09,32.28369540225128
2023-07-10,32.97860294919683
2023-07-11,33.14928805861891
2023-07-12,32.77518548084444
2023-07-13,35.10692500899374
2023-07-14,32.71216899887919
2023-07-15,32.62829224603259
2023-07-16,32.44641190330182
2023-07-17,32.33697250352662
2023-07-18,32.05677984428527
2023-07-19,31.8949814261041
2023-07-20,31.39073192459717
2023-07-21,31.86534936308793
2023-07-22,31.38347458340913
2023-07-23,31.90303675019972
2023-07-24,29.81564105761256
2023-07-25,29.93616421243764
2023-07-26,30.38207056957662
2023-07-27,30.2530398786847
2023-07-28,30.62995282664621
2023-07-29,30.68154907998984
2023-07-30,30.93543270281811
2023-07-31,30.52030054878849
2023-08-01,31.75290102398694
2023-08-02,30.2396518112257
2023-08-03,30.37001507055383
2023-08-04,30.05209518691128
2023-08-05,29.96554891044864
2023-08-06,29.88245960929089
2023-08-07,30.38494243127922
2023-08-08,31.67593847622134
2023-08-09,31.23984208210397
2023-08-10,30.91061363670422
2023-08-11,30.84544523644772
2023-08-12,30.83146193483113
2023-08-13,30.37161035261851
2023-08-14,30.75442499757582
2023-08-15,30.24690667663047
2023-08-16,28.67378792896279
2023-08-17,23.86324303088752
2023-08-18,22.05363645091242
2023-08-19,22.32445606480034
2023-08-20,22.20726607168145
2023-08-21,22.12290578182839
2023-08-22,21.93973412262968
2023-08-23,23.37168527776664
2023-08-24,22.30088613821304
2023-08-25,22.04493409858506
2023-08-26,21.92843739799063
2023-08-27,21.9938375591111
2023-08-28,22.33198758644415
2023-08-29,26.59648929569764
2023-08-30,25.4753187280066
2023-08-31,22.13154608873042
2023-09-01,21.37460474526782
2023-09-02,21.63867550547478
2023-09-03,21.75124434642727
2023-09-04,21.31988083580129
2023-09-05,21.44285513480064
2023-09-06,21.3151030382717
2023-09-07,23.17640548890698
2023-09-08,21.67723909698044
2023-09-09,21.70663037621213
2023-09-10,21.26102091131267
2023-09-11,19.65494559784776
2023-09-12,21.91103260438321
2023-09-13,23.68440336454834
2023-09-14,23.5661637950994
2023-09-15,23.98829167659703
2023-09-16,23.5028042701151
2023-09-17,23.49228958715292
2023-09-18,24.08523906139348
2023-09-19,25.4891756733752
2023-09-20,25.03305449341047
2023-09-21,23.91347104514648
2023-09-22,23.81407842410976
2023-09-23,23.72698085558098
2023-09-24,22.78331047675737
2023-09-25,22.81340929477567
2023-09-26,22.77419307997141
2023-09-27,23.30526574228108
2023-09-28,25.12550728652394
2023-09-29,24.73598527478226
2023-09-30,24.89505109190448
2023-10-01,27.43150944167103
2023-10-02,26.05884322383135
2023-10-03,25.72135249286558
2023-10-04,27.05517267805937
2023-10-05,26.10105098677341
2023-10-06,27.332339295939
2023-10-07,27.45171105557817
2023-10-08,27.05819422454452
2023-10-09,26.31569571726941
2023-10-10,26.05180489014991
2023-10-11,24.21821008636432
2023-10-12,24.30329474153694
2023-10-13,24.49672606979784
2023-10-14,24.3412319614537
2023-10-15,25.1745564189897
2023-10-16,28.16516727230669
2023-10-17,28.37249425337853
2023-10-18,28.37542802423132
2023-10-19,29.06062398136627
2023-10-20,31.36122033723717
2023-10-21,32.12451634628336
2023-10-22,32.44336930773034
2023-10-23,39.20016784476225
2023-10-24,39.86024385687452
2023-10-25,40.89735207348802
2023-10-26,39.67121446433145
2023-10-27,39.41283560534522
2023-10-28,39.70384192280457
2023-10-29,40.35140636451895
2023-10-30,40.39782653809166
2023-10-31,40.35240750539164
2023-11-01,41.79038818883708
2023-11-02,40.16907901144062
2023-11-03,40.44983012027748
2023-11-04,40.92999333524539
2023-11-05,41.03261625266333
2023-11-06,40.75681160114035
2023-11-07,41.44718193291439
2023-11-08,42.18437354538393
2023-11-09,43.03663452199898
2023-11-10,44.20898426702853
2023-11-11,43.5722350750589
2023-11-12,43.87039025864458
2023-11-13,42.47706163498219
2023-11-14,41.25612420900796
2023-11-15,44.75071222736593
2023-11-16,42.55111140032316
2023-11-17,42.59217382677193
2023-11-18,42.69286300838493
2023-11-19,43.93988236046707
2023-11-20,44.03082448211442
2023-11-21,41.93258363809235
2023-11-22,43.77057505813758
2023-11-23,43.70579079318714
2023-11-24,44.33328656142309
2023-11-25,44.3419743478731
2023-11-26,43.93051907926416
2023-11-27,43.56002102172955
2023-11-28,44.51667375951298
2023-11-29,44.25612294714549
2023-11-30,44.07267178847237
2023-12-01,45.49989981643552
2023-12-02,46.54245612645605
2023-12-03,47.4352268643804
2023-12-04,49.40568308726526
2023-12-05,51.86258650446251
2023-12-06,51.35469234769513
2023-12-07,50.78295910973624
2023-12-08,51.59261660541118
2023-12-09,51.08967233997166
2023-12-10,50.90025432546198
2023-12-11,48.5733211053212
2023-12-12,48.09372828526742
2023-12-13,49.76551278598829
2023-12-14,49.81928472026616
2023-12-15,48.54425712226025
2023-12-16,48.77663037441009
2023-12-17,47.80284297786794
2023-12-18,49.40337261197674
2023-12-19,48.98988857044175
2023-12-20,50.29076544225715
2023-12-21,50.53057845859937
2023-12-22,50.48623833926308
2023-12-23,50.31675707992055
2023-12-24,49.33246558525322
2023-12-25,49.91393188043217
2023-12-26,48.54339766237028
2023-12-27,49.84257705659306
2023-12-28,48.43468005002971
2023-12-29,47.95714621379626
2023-12-30,48.24058507631301
2023-12-31,48.33754373368289
2024-01-01,51.3233284699905
2024-01-02,51.29284099429556
2024-01-03,48.67793015789597
2024-01-04,49.86363102482424
2024-01-05,49.619856173252
2024-01-06,49.63793823067564
2024-01-07,49.04947744464037
2024-01-08,52.30121209743898
2024-01-09,51.30548793620707
2024-01-10,52.12172456823026
2024-01-11,51.61678284913691
2024-01-12,47.64752184654808
2024-01-13,47.5142327471881
2024-01-14,46.9688438586124
2024-01-15,47.35031900431072
2024-01-16,47.72922324843864
2024-01-17,47.15085894791462
2024-01-18,45.28374196448909
2024-01-19,45.5221935259063
2024-01-20,45.74190356905704
2024-01-21,45.74648909124529
2024-01-22,43.27489469453577
2024-01-23,43.74218622679268
2024-01-24,43.62473549407354
2024-01-25,43.19092223391426
2024-01-26,45.72880558120856
2024-01-27,45.98224896406343
2024-01-28,45.93162356790032
2024-01-29,47.39480262163365
2024-01-30,46.96732244513954
2024-01-31,46.27816470747913
2024-02-01,47.15146189562038
2024-02-02,47.18133879756947
2024-02-03,46.90540005900344
2024-02-04,46.07316561561387
2024-02-05,46.31135978596878
2024-02-06,46.89223709535397
2024-02-07,48.7361717130828
2024-02-08,49.39088421400866
2024-02-09,51.23310602180776
2024-02-10,51.85252365326421
2024-02-11,52.66300850411569
2024-02-12,53.97395083815446
2024-02-13,53.33865377639644
2024-02-14,55.63241261873539
2024-02-15,55.19862752889462
2024-02-16,55.18684830267284
2024-02-17,54.85244929228234
2024-02-18,55.2482786801697
2024-02-19,54.62655479332582
2024-02-20,55.05012221290405
2024-02-21,54.41983467887725
2024-02-22,54.23201645179703
2024-02-23,53.66010489174501
2024-02-24,54.17319705623827
2024-02-25,54.31342754634607
2024-02-26,56.64530453751908
2024-02-27,58.28491500906483
2024-02-28,60.6970623416027
2024-02-29,60.55791560571981
2024-03-01,60.82257105765989
2024-03-02,60.42581054240205
2024-03-03,61.4278400633664
2024-03-04,63.79539270669326
2024-03-05,60.84974617048475
2024-03-06,61.86911804099967
2024-03-07,62.11312034991903
2024-03-08,62.47483863898709
2024-03-09,62.52850276808029
2024-03-10,62.25431976554224
2024-03-11,63.95975718668085
2024-03-12,63.46742572570767
2024-03-13,63.54319572864217
2024-03-14,62.88076407378139
2024-03-15,61.61830955891288
2024-03-16,58.9616515113856
2024-03-17,60.1277668146513
2024-03-18,59.96420441870802
2024-03-19,57.50036218426893
2024-03-20,60.26025111447741
2024-03-21,59.02414311508376
2024-03-22,57.50213533665427
2024-03-23,57.70359117553872
2024-03-24,58.96207268563468
2024-03-25,60.51508200873641
2024-03-26,60.84187549174803
2024-03-27,60.23682606181379
2024-03-28,60.69145200911861
2024-03-29,60.21853671457752
2024-03-30,60.13362252143328
2024-03-31,60.80919299021932
2024-04-01,59.60707488625464
2024-04-02,57.02832575440262
2024-04-03,57.55060910170373
2024-04-04,58.95052154899832
2024-04-05,58.50824033798747
2024-04-06,59.11018829127068
2024-04-07,59.24997417423123
2024-04-08,60.35803300673697
2024-04-09,58.9812451780591
2024-04-10,59.76648578004019
2024-04-11,59.60383280305069
2024-04-12,57.5203416225896
2024-04-13,55.40368325821764
2024-04-14,56.63996807236153
2024-04-15,55.05048640861469
2024-04-16,55.54707319374551
2024-04-17,53.71870661663397
2024-04-18,54.58186739959658
2024-04-19,55.05888234989751
2024-04-20,55.95024789704274
2024-04-21,56.01970566062791
2024-04-22,57.37777476669565
2024-04-23,57.15530209689796
2024-04-24,55.46779341926784
2024-04-25,55.41734474790416
2024-04-26,54.47158076622593
2024-04-27,54.75486457725505
2024-04-28,54.4670070760037
2024-04-29,55.3676616810427
2024-04-30,52.10430230452289
2024-05-01,50.11524094776765
2024-05-02,51.25561795745531
2024-05-03,54.36082634410712
2024-05-04,54.63483800599388
2024-05-05,55.11982486479346
2024-05-06,54.59132471394476
2024-05-07,53.87843241929156
2024-05-08,52.94134834981585
2024-05-09,54.00978064249286
2024-05-10,52.43858716751282
2024-05-11,52.57654842800515
2024-05-12,52.9627097815733
2024-05-13,53.90653041050231
2024-05-14,52.83932477984579
2024-05-15,56.05885958911947
2024-05-16,55.58960460480626
2024-05-17,56.48710796262915
2024-05-18,56.45959789907869
2024-05-19,56.12877481257193
2024-05-20,59.03351468402348
2024-05-21,58.23619478991209
2024-05-22,57.78547217805894
2024-05-23,56.71924758977334
2024-05-24,57.1295412507181
2024-05-25,57.50047991039446
2024-05-26,57.23649598279154
2024-05-27,57.50834666544049
2024-05-28,56.21114852536608
2024-05-29,55.60429467836716
2024-05-30,56.16872390082535
2024-05-31,55.58860654686632
2024-06-01,55.73519224408263
2024-06-02,55.67974308360679
2024-06-03,56.37411865639974
2024-06-04,57.42737530069133
2024-06-05,57.48691746123572
2024-06-06,57.2719641534661
2024-06-07,56.2997244686795
2024-06-08,56.22264336270019
2024-06-09,56.38034590737053
2024-06-10,56.24819821155238
2024-06-11,54.7289947221374
2024-06-12,55.42025707237005
2024-06-13,54.32517284053922
2024-06-14,53.94589745660267
2024-06-15,53.90703377031437
2024-06-16,54.18295657693908
2024-06-17,53.60522631127225
2024-06-18,53.16951607133108
2024-06-19,53.10567410020224
2024-06-20,52.89920645158777
2024-06-21,52.30201716867045
2024-06-22,52.48085406767839
2024-06-23,51.41305507114507
2024-06-24,49.30608515703175
2024-06-25,50.43794432264907
2024-06-26,49.76731670139418
2024-06-27,50.13401799420603
2024-06-28,49.42631859934425
2024-06-29,49.66411444232271
2024-06-30,51.18081201491091
2024-07-01,51.14552729772191
2024-07-02,50.47506613142571
2024-07-03,49.08513629701577
2024-07-04,46.40398252464983
2024-07-05,45.7142550984827
2024-07-06,46.95962613180399
2024-07-07,44.20908538264379
2024-07-08,45.66429183118721
2024-07-09,46.53479919679771
2024-07-10,46.62045236224434
2024-07-11,46.21381769920966
2024-07-12,46.82802298545595
2024-07-13,48.51060730003604
2024-07-14,49.72729221690469
2024-07-15,52.29236309350813
2024-07-16,52.88002878752749
2024-07-17,52.03390443306736
2024-07-18,51.33781994331099
2024-07-19,53.34016171549243
2024-07-20,53.73824525834927
2024-07-21,54.46561038384501
2024-07-22,53.94548255148598
2024-07-23,52.5946043156242
2024-07-24,52.35165910047208
2024-07-25,52.97996025295253
2024-07-26,53.95650124886391
2024-07-27,53.95953777170042
2024-07-28,54.46080504770801
2024-07-29,52.92851315485989
2024-07-30,52.73046745923596
2024-07-31,51.46742557322504
2024-08-01,51.61985219061533
2024-08-02,48.61866602630071
2024-08-03,48.31878372920535
2024-08-04,44.11736564927065
2024-08-05,44.19077964769545
2024-08-06,44.47592312632526
2024-08-07,43.46804190663085
2024-08-08,48.88813232665456
2024-08-09,48.281815259761
2024-08-10,48.6689575446939
2024-08-11,46.33879633810768
2024-08-12,47.54052539467443
2024-08-13,48.42503551214052
2024-08-14,46.84847611494355
2024-08-15,45.44866240970292
2024-08-16,47.03347778903787
2024-08-17,47.46570293213762
2024-08-18,46.26462993520223
2024-08-19,48.17365744093663
2024-08-20,46.85128962627096
2024-08-21,48.43712921181447
2024-08-22,48.3283738023184
2024-08-23,50.91921943804617
2024-08-24,51.02333238758285
2024-08-25,50.95769749092796
2024-08-26,49.83088893282856
2024-08-27,46.78619935319711
2024-08-28,46.92963281109177
2024-08-29,46.8353656505352
2024-08-30,46.86624989258877
2024-08-31,46.58576546936588
2024-09-01,45.22860633353686
2024-09-02,46.89041291358899
2024-09-03,44.92344272574426
2024-09-04,45.7514296112299
2024-09-05,43.99377840125568
2024-09-06,41.68063555446589
2024-09-07,41.94713062228271
2024-09-08,42.90950633202821
2024-09-09,44.8120734255877
2024-09-10,45.4369976199649
2024-09-11,45.43355548738091
2024-09-12,45.7907003652892
2024-09-13,47.89380336278482
2024-09-14,47.52684329390078
2024-09-15,46.28579744424297
2024-09-16,45.31607153344772
2024-09-17,47.6481085742749
2024-09-18,49.30087244644294
2024-09-19,49.64756103092756
2024-09-20,49.89795378310274
2024-09-21,49.91951950775299
2024-09-22,50.17870111939177
2024-09-23,49.58216121451773
2024-09-24,50.50737899459609
2024-09-25,49.49604733940586
2024-09-26,51.23897262689908
2024-09-27,51.66897566384817
2024-09-28,51.46115754826982
2024-09-29,51.29348727869173
2024-09-30,49.7715389794472
2024-10-01,47.73037633240737
2024-10-02,47.70352287318179
2024-10-03,47.30066472090244
2024-10-04,48.69161735314339
2024-10-05,48.46842598977621
2024-10-06,49.87760195078027
2024-10-07,48.93291138234443
2024-10-08,48.16444773349509
2024-10-09,46.6559413548796
2024-10-10,46.46935301683283
2024-10-11,48.62043184267952
2024-10-12,48.86245369504447
2024-10-13,48.29277290748416
2024-10-14,50.91603066514837
2024-10-15,51.5020945806542
2024-10-16,52.02024094014324
2024-10-17,51.61406254125077
2024-10-18,52.35683639510425
2024-10-19,52.25027278447657
2024-10-20,52.77623423962056
2024-10-21,51.2232661918504
2024-10-22,51.20148141352396
2024-10-23,51.34509994298019
2024-10-24,51.73228883297656
2024-10-25,50.7495244370155
2024-10-26,50.94869248697822
2024-10-27,51.5441987384969
2024-10-28,52.96703080710768
2024-10-29,54.36243020611101
2024-10-30,54.21767293309049
2024-10-31,52.81903858280445
2024-11-01,52.49357372412034
2024-11-02,52.13063271941503
2024-11-03,51.79084682187273
2024-11-04,51.25550338813293
2024-11-05,53.37337408155779
2024-11-06,55.7728598148324
2024-11-07,56.05512904341216
2024-11-08,56.18254026616582
2024-11-09,56.40399017236393
2024-11-10,58.28962946742128
2024-11-11,62.00087195684314
2024-11-12,61.31594000057768
2024-11-13,61.92035498132665
2024-11-14,60.65465024743798
2024-11-15,61.83288691087938
2024-11-16,61.68034964380509
2024-11-17,61.26347754850055
2024-11-18,61.61398629425852
2024-11-19,61.80947683288073
2024-11-20,62.65579918239275
2024-11-21,63.36390044091319
2024-11-22,63.33218658043172
2024-11-23,62.90372062377931
2024-11-24,62.76301934849887
2024-11-25,61.02911140496983
2024-11-26,60.10956649041771
2024-11-27,61.95016454117942
2024-11-28,61.39473931002622
2024-11-29,61.88595414889465
2024-11-30,61.60415301424456
2024-12-01,62.00693788651122
2024-12-02,61.20985206155198
2024-12-03,61.08433631606472
2024-12-04,61.98577331599813
2024-12-05,61.18334795560413
2024-12-06,61.98424622580085
2024-12-07,61.80376616907508
2024-12-08,61.63052045012116
2024-12-09,60.61983482791918
2024-12-10,59.89104700600798
2024-12-11,61.48325688590663
2024-12-12,61.1164217990248
2024-12-13,61.47612252044037
2024-12-14,61.48462648224339
2024-12-15,62.86030330352047
2024-12-16,62.85537575011981
2024-12-17,62.70765242243709
2024-12-18,60.5977213959731
2024-12-19,58.88082140100853
2024-12-20,58.91545010775611
2024-12-21,58.761926333955
2024-12-22,57.47815157640544
2024-12-23,57.19176674654847
2024-12-24,58.76827294583317
2024-12-25,58.99274466156947
2024-12-26,57.53367888176859
2024-12-27,56.82677244435348
2024-12-28,57.13703289045122
2024-12-29,56.35372693115323
2024-12-30,55.70000364533293
2024-12-31,56.49205147310997
2025-01-01,56.75853086477075
2025-01-02,57.50936205070059
2025-01-03,57.97967057672201
2025-01-04,58.07802841348645
2025-01-05,58.05494288872952
2025-01-06,59.58037897114588
2025-01-07,57.45839498717542
2025-01-08,56.49269946975362
2025-01-09,55.40260729423301
2025-01-10,56.21867810803241
2025-01-11,56.12866320207658
2025-01-12,56.52004801630862
2025-01-13,56.11861352467054
2025-01-14,57.16468866932966
2025-01-15,58.3701233365632
2025-01-16,58.37121988848275
2025-01-17,60.07448737217116
2025-01-18,59.76124273151427
2025-01-19,57.95359399855491
2025-01-20,58.43482810820263
2025-01-21,60.2619729955704
2025-01-22,59.1108968750022
2025-01-23,58.96595627161506
2025-01-24,59.29038067420011
2025-01-25,59.32970357791527
2025-01-26,58.14579045255822
2025-01-27,58.17742585880107
2025-01-28,58.04586077237728
2025-01-29,58.98065522219251
2025-01-30,59.26386618519734
2025-01-31,58.25077141889988
2025-02-01,57.72867620763591
2025-02-02,55.64160299105115
2025-02-03,57.66969856146324
2025-02-04,56.33273980368178
2025-02-05,55.57567879757785
2025-02-06,55.37333750187481
2025-02-07,55.4250402803177
2025-02-08,55.37467291712095
2025-02-09,55.36770298433716
2025-02-10,55.82747012336815
2025-02-11,54.9778635714856
2025-02-12,55.7725821316309
2025-02-13,55.28242582756823
2025-02-14,55.58140889665928
2025-02-15,55.62044684874218
2025-02-16,55.02073061885572
2025-02-17,54.68965849866727
2025-02-18,54.51814165349064
2025-02-19,55.2334250524349
2025-02-20,55.84705424787675
2025-02-21,54.86465043479619
2025-02-22,55.0638459150324
2025-02-23,54.86397902940062
2025-02-24,52.68231842564324
2025-02-25,50.66050060342761
2025-02-26,48.68945886626281
2025-02-27,48.41769517229785
2025-02-28,48.22990847136484
2025-03-01,49.53616233090117
2025-03-02,53.44117441320969
2025-03-03,49.4469708471558
2025-03-04,49.93839421787038
2025-03-05,51.73258572386151
2025-03-06,49.09577259391288
2025-03-07,49.78566550041584
2025-03-08,49.62682231762997
2025-03-09,46.44241702674352
2025-03-10,43.94601793133366
2025-03-11,47.39552377732922
2025-03-12,47.80468146836275
2025-03-13,46.54849743801362
2025-03-14,48.32862274302128
2025-03-15,48.29223332932732
2025-03-16,47.52861147220267
2025-03-17,48.00199424835893
2025-03-18,47.56761881052222
2025-03-19,49.33180232938508
2025-03-20,48.33972014158025
2025-03-21,48.17249844910367
2025-03-22,48.05309032090182
2025-03-23,49.27292073746893
2025-03-24,50.16149061946638
2025-03-25,50.17560675209162
2025-03-26,49.94716237822072
2025-03-27,49.95509339188542
2025-03-28,48.13620411589321
2025-03-29,47.14936532256651
2025-03-30,46.41621637864029
2025-03-31,47.07852406203654
2025-04-01,48.52771618057422
2025-04-02,47.39945161587205
2025-04-03,47.2093814644773
2025-04-04,47.66818437846525
2025-04-05,47.49459500040297
2025-04-06,43.99632569501907
2025-04-07,44.51450636604562
2025-04-08,42.67105607215748
2025-04-09,46.74015425344599
2025-04-10,44.46266956669764
2025-04-11,47.34530781469321
2025-04-12,48.65419203109057
2025-04-13,47.90635813708356
2025-04-14,48.25872323964305
2025-04-15,47.18740788605565
2025-04-16,47.84097184736587
2025-04-17,48.32526349151009
2025-04-18,48.07469219404322
2025-04-19,48.51127876081922
2025-04-20,49.3712616299512
2025-04-21,49.96724722011433
2025-04-22,52.7185484143199
2025-04-23,52.80395865590813
2025-04-24,53.00409555835444
2025-04-25,53.34207722068016
2025-04-26,53.30008567971899
2025-04-27,52.55254575738382
2025-04-28,53.30449940877446
2025-04-29,52.96841858716126
2025-04-30,52.84697559041053
2025-05-01,54.07190088563405
2025-05-02,53.84938844236884
2025-05-03,53.42434332801039
2025-05-04,52.87137716711777
2025-05-05,52.68357327797209
2025-05-06,53.97741285237493
2025-05-07,54.07627580921994
2025-05-08,56.23793536224883
2025-05-09,56.15458166424915
2025-05-10,56.78339440051295
2025-05-11,56.83125928333217
2025-05-12,55.77665578325127
2025-05-13,56.36233588087569
2025-05-14,56.2702137223978
2025-05-15,56.14925044355067
2025-05-16,55.92226326744836
2025-05-17,55.91227430318099
2025-05-18,56.6644886736385
2025-05-19,56.76700230422306
2025-05-20,57.09319533091755
2025-05-21,58.22866745296098
2025-05-22,58.72771855760167
2025-05-23,57.01335095502819
2025-05-24,57.01833773165524
2025-05-25,57.83539076259193
2025-05-26,57.56518955623074
2025-05-27,57.46483306400818
2025-05-28,57.03092349730701
2025-05-29,55.56135976611964
2025-05-30,55.13422485479447
2025-05-31,55.34764164602193
2025-06-01,55.74987872933634
2025-06-02,55.99557067633998
2025-06-03,55.55194879967836
2025-06-04,55.2568851339384
2025-06-05,53.89946248856392
2025-06-06,55.04190609516557
2025-06-07,55.41248038118488
2025-06-08,55.48036131427393
2025-06-09,57.13980545433023
2025-06-10,57.02000287745973
2025-06-11,56.53583684028006
2025-06-12,54.4836174951258
2025-06-13,55.26949346914515
2025-06-14,55.19727833288565
2025-06-15,55.07603173091523
2025-06-16,55.73557478373203
2025-06-17,54.70290402909712
2025-06-18,54.72940577209586
2025-06-19,54.58529900443562
2025-06-20,53.91799723014235
2025-06-21,53.73855085492926
2025-06-22,52.83510088660904
2025-06-23,54.70054952867407
2025-06-24,55.15887168029052
2025-06-25,55.46188749584974
2025-06-26,55.2333974942628
2025-06-27,55.18547736873172
2025-06-28,55.27423433045578
2025-06-29,55.53810456411011
2025-06-30,55.02106175725121
2025-07-01,54.35190597077476
2025-07-02,55.79238007441333
2025-07-03,55.93929546062469
2025-07-04,54.92327907293927
2025-07-05,54.88474981844382
2025-07-06,55.29891625507643
2025-07-07,54.71369741377249
2025-07-08,55.01798769016381
2025-07-09,55.91599512879719
2025-07-10,57.59552174112653
2025-07-11,58.03373243802509
2025-07-12,57.87609939670166
2025-07-13,58.24265803028052
2025-07-14,58.59299395495167
2025-07-15,57.74567796253696
2025-07-16,57.77515855766629
2025-07-17,58.00743862923125
2025-07-18,57.1879003080598
2025-07-19,57.16799600466097
2025-07-20,57.03453820988723
2025-07-21,56.89690364284855
2025-07-22,57.69036261649924
2025-07-23,57.1464941735147
2025-07-24,56.97816021364734
2025-07-25,56.51522265586518
2025-07-26,56.76901541053287
2025-07-27,57.28188133199615
2025-07-28,56.61695793941212
2025-07-29,56.52544317375775
2025-07-30,56.34019200150549
2025-07-31,55.7445795829368
2025-08-01,54.58790321653429
2025-08-02,54.48469372319716
2025-08-03,55.03742051523559
2025-08-04,55.4108930618004
2025-08-05,54.83493557096306
2025-08-06,55.27773825495756
2025-08-07,56.16099968458267
2025-08-08,55.84388028041312
2025-08-09,55.70569787286637
2025-08-10,56.61738166303124
2025-08-11,56.50301978526421
2025-08-12,56.87630763993495
2025-08-13,57.83947080224296
2025-08-14,56.11468694466699
2025-08-15,55.8704579513252
2025-08-16,55.63301225715627
2025-08-17,55.80221765443378
2025-08-18,55.20395518964884
2025-08-19,53.84651421883117
2025-08-20,54.4042756905778
2025-08-21,53.52253843378201
2025-08-22,55.15643406204958
2025-08-23,54.57565314561425
2025-08-24,53.82939848774257
2025-08-25,52.43715185268614
2025-08-26,53.16519580594353
2025-08-27,52.93655006905572
2025-08-28,53.27690569721467
2025-08-29,51.36476919034673
2025-08-30,51.42136604460438
2025-08-31,51.57465376324119
2025-09-01,51.35151184246938
2025-09-02,52.56634365610095
2025-09-03,52.84960839733255
2025-09-04,52.59508515752749
2025-09-05,52.20462553849158
2025-09-06,51.92565670077218
2025-09-07,52.36139872218891
2025-09-08,52.75674354707568
2025-09-09,52.43706880935515
2025-09-10,53.38797647850087
2025-09-11,53.83039751220849
2025-09-12,54.18059549689666
2025-09-13,54.08654975123963
2025-09-14,54.1195533223483
2025-09-15,53.78551428192733
2025-09-16,54.36177108820878
2025-09-17,54.187471574263
2025-09-18,54.3432821886747
2025-09-19,53.68787391211747
2025-09-20,53.74127314703647
2025-09-21,53.61645487322014
2025-09-22,52.44308302296553
2025-09-23,52.17159295029764
2025-09-24,52.62371604614323
2025-09-25,50.89082072462976
2025-09-26,50.93741139145468
2025-09-27,50.94444278852064
2025-09-28,51.94378490220915
2025-09-29,52.86050385599111
2025-09-30,52.67100282188917
2025-10-01,54.06661860708157
2025-10-02,54.93749856636219
2025-10-03,55.65565885742681
2025-10-04,55.53164505402874
2025-10-05,55.8241194951409
2025-10-06,56.39835008788532
2025-10-07,55.16238484142216
2025-10-08,55.50421938285493
2025-10-09,54.88423160316237
2025-10-10,51.8044661532042
2025-10-11,50.57666046834572
2025-10-12,52.34831302675467
2025-10-13,52.44661854376108
2025-10-14,51.39206626285522
2025-10-15,50.09094240409458
2025-10-16,48.77040341639736
2025-10-17,48.36482254952671
2025-10-18,48.41554165269614
2025-10-19,49.36797398988948
2025-10-20,50.09872651327024
2025-10-21,49.27507317774895
2025-10-22,48.28866984570023
2025-10-23,49.55836492636026
2025-10-24,50.01547110214845
2025-10-25,50.2623594331704
2025-10-26,51.54459985718589
2025-10-27,51.24177590090985
2025-10-28,50.77216287659721
2025-10-29,49.72349113813652
2025-10-30,48.19833094263269
2025-10-31,48.93996808062248
2025-11-01,49.15092299248594
2025-11-02,49.07059838211467
2025-11-03,47.40240477173559
2025-11-04,44.73852903214312
2025-11-05,46.03755113844109
2025-11-06,44.79562557910429
2025-11-07,45.83399307084914
2025-11-08,45.15499103888801
2025-11-09,46.39324888965369
2025-11-10,47.01024509724286
2025-11-11,45.40823421229236
2025-11-12,44.85245251178031
2025-11-13,43.67396391564438
2025-11-14,40.95828027894042
2025-11-15,41.23870285469978
2025-11-16,40.34311085225489
2025-11-17,39.09975523060338
2025-11-18,39.71027001194867
2025-11-19,37.95301300231495
2025-11-20,36.27361342462675
2025-11-21,33.63009842420007
2025-11-22,34.08015421916458
2025-11-23,35.9179241010835
2025-11-24,36.36476818035274
2025-11-25,35.63166088013023
2025-11-26,37.5341650653097
2025-11-27,38.18661150673321
2025-11-28,38.07346513327843
2025-11-29,37.83425295800915
2025-11-30,38.14826375705557
2025-12-01,34.88047570945781
2025-12-02,38.74317007568484
2025-12-03,39.89528243546243
2025-12-04,38.95006960231907
2025-12-05,36.88285330944309
2025-12-06,36.92264383104983
2025-12-07,37.13332745376221
2025-12-08,37.99973543569268
2025-12-09,39.35301715626369
2025-12-10,39.03845241453364
2025-12-11,38.94559929338995
2025-12-12,37.59821125133075
2025-12-13,37.44776091851214
2025-12-14,36.2418878257253
2025-12-15,34.69712417551402
2025-12-16,35.85367375652216
2025-12-17,34.78761745930985
2025-12-18,34.20983030785834
2025-12-19,36.26559397159701
2025-12-20,36.2687712519375
2025-12-21,36.40707011262948
2025-12-22,36.51939539046996
2025-12-23,35.60945131744816
2025-12-24,36.0685455484489
2025-12-25,35.80859440914692
2025-12-26,35.7701034394097
2025-12-27,35.79941745155141
2025-12-28,36.04360582298607
2025-12-29,35.60958785203661
2025-12-30,36.43793279169301
2025-12-31,35.93078394103016
2026-01-01,36.61278223280678
2026-01-02,37.7587006397209
2026-01-03,38.0245582817316
2026-01-04,38.44051518822313
2026-01-05,40.3640243310475
2026-01-06,39.80484698998109
2026-01-07,38.31063914605992
2026-01-08,38.37468598936503
2026-01-09,37.94363609585108
2026-01-10,37.81146279298416
2026-01-11,37.89131779585144
2026-01-12,38.39965747176992
2026-01-13,41.31555679864653
2026-01-14,41.96159462312223
2026-01-15,41.1225373502549
2026-01-16,41.06211078019555
2026-01-17,40.83757847301409
2026-01-18,41.02626626932592
2026-01-19,39.14725992237246
2026-01-20,36.34609547747703
2026-01-21,37.30431907307243
2026-01-22,37.0101189557468
2026-01-23,37.44274353691294
2026-01-24,37.29304621918793
2026-01-25,35.22841905728007
2026-01-26,36.42340190037739
2026-01-27,37.19641257601097
2026-01-28,37.27747582193322
2026-01-29,33.73194991718931
2026-01-30,33.51964205550804
2026-01-31,28.44408619378112
2026-02-01,27.65519526617569
2026-02-02,29.16123377185325
2026-02-03,26.35805647598986
2026-02-04,23.20801459107287
2026-02-05,13.28845614574941
2026-02-06,22.52176303121988
2026-02-07,20.49689217325852
2026-02-08,22.31905573755784
2026-02-09,21.6304963233268
2026-02-10,19.77553474151889
2026-02-11,18.35936702790348
2026-02-12,17.03403506642976
2026-02-13,20.37861658416989
2026-02-14,21.47428513609548
2026-02-15,20.37100532368328
2026-02-16,19.95366241628886
2026-02-17,18.72290864147626
2026-02-18,17.41551933864152
2026-02-19,18.07787041870173
2026-02-20,19.55840304914681
2026-02-21,19.44530318508849
2026-02-22,19.07666952751627
2026-02-23,15.48231774427983
2026-02-24,14.81784075567944
2026-02-25,20.21961213196398
2026-02-26,19.19838981533799
2026-02-27,16.86069132057314
2026-02-28,18.69829170308032
2026-03-01,16.3997088937572
2026-03-02,21.45501877540704
2026-03-03,20.17752869671891
2026-03-04,24.99716954481423
2026-03-05,23.42868166310478
2026-03-06,20.26188850602413
2026-03-07,19.02416051660915
2026-03-08,17.77817246015991
2026-03-09,20.67795070060976
2026-03-10,21.89302554768534
2026-03-11,22.7136397402319
2026-03-12,22.51559936043996
2026-03-13,23.21273686494786
2026-03-14,23.13233645563293
2026-03-15,25.27256329003826
2026-03-16,27.25204604183574
2026-03-17,26.82842659980416
2026-03-18,23.59133454994539
2026-03-19,22.5764798431163
2026-03-20,23.22550714840017
2026-03-21,22.69297335295791
2026-03-22,20.45009616533084
2026-03-23,23.20597700357211
2026-03-24,22.73694444361079
2026-03-25,23.90731392056962
2026-03-26,21.15419299388631
2026-03-27,17.80665399708113
2026-03-28,18.72399682612772
2026-03-29,17.64317549347295
2026-03-30,18.8216928242687
2026-03-31,20.49280726992142
2026-04-01,20.49368055757576
2026-04-02,19.19279882644295
2026-04-03,19.09112044342418
2026-04-04,19.7021464553908
2026-04-05,20.77073459463406
2026-04-06,21.32845965006964
2026-04-07,24.31327377560203
2026-04-08,23.81567247124243
2026-04-09,24.75022966040638
2026-04-10,25.70994700148186
2026-04-11,26.20890656432027
2026-04-12,23.61618587987735
2026-04-13,27.43253463153345
2026-04-14,26.84029166267664
2026-04-15,27.75058268819745
2026-04-16,27.64250097904639
2026-04-17,29.89046552803129
2026-04-18,28.52438419332222
2026-04-19,26.80487335361235
2026-04-20,28.69148925724513
2026-04-21,28.36734078262462
2026-04-22,31.08466776295047
2026-04-23,30.74711020401575
2026-04-24,30.03970543425251
2026-04-25,30.23545353531121
2026-04-26,30.89957304636718
2026-04-27,29.75789409504901
2026-04-28,28.99300482583919
2026-04-29,28.71213932980509
2026-04-30,29.0178668451919
2026-05-01,30.75033582460202
2026-05-02,31.34527943402551
2026-05-03,31.62386916803807
2026-05-04,32.31269417194297
2026-05-05,33.15875536322239
2026-05-06,33.32538753482444
2026-05-07,32.13067814339724
2026-05-08,32.43300977687247
2026-05-09,32.83486587546255
2026-05-10,33.87594560749036
2026-05-11,33.67710725856774
2026-05-12,32.70761528566831
2026-05-13,31.66868791348166
2026-05-14,33.36738527003657
2026-05-15,31.37415704226848
2026-05-16,30.58013501549738
2026-05-17,30.39356840415993
2026-05-18,29.57830159715542
2026-05-19,29.25118516887013
2026-05-20,29.98005580289484
2026-05-21,30.10598722510467
2026-05-22,28.3723174697074
2026-05-23,29.15065379534268
2026-05-24,29.36287033570796
2026-05-25,29.65996118001387
2026-05-26,28.3645481266121
2026-05-27,27.113681367009
2026-05-28,26.2767321051896
2026-05-29,26.3456721322726
2026-05-30,26.75443826476319
2026-05-31,26.81551213234569
2026-06-01,24.27335788203769
2026-06-02,18.70141900208117
2026-06-03,16.99927044429502
2026-06-04,15.61737575615485
2026-06-05,12.86993976004917
2026-06-06,11.4089198266541
2026-06-07,14.6586961219341
2026-06-08,15.48075517085725
2026-06-09,13.1375219971075
2026-06-10,12.70870031889106
2026-06-11,15.66469269331151
2026-06-12,15.72404601783659
2026-06-13,16.97988642406171
2026-06-14,18.18313192891878
2026-06-15,19.1634740115222
2026-06-16,18.63558666163651
2026-06-17,16.78122753216689
2026-06-18,14.94250035414391
2026-06-19,15.57184696462711
2026-06-20,16.80077441318575
2026-06-21,16.12678057612678
2026-06-22,16.36641733012086
2026-06-23,14.5622534593111
2026-06-24,12.18261830769708
2026-06-25,10.77969101198443
2026-06-26,11.17338690213818
2026-06-27,11.44653869548368
2026-06-28,9.712441080848095
2026-06-29,11.73816667825356
2026-06-30,9.210819192170817
2026-07-01,12.09128916586531
2026-07-02,13.5299317493048
2026-07-03,15.07597902238286
2026-07-04,15.91282348258038
2026-07-05,16.62392466851977
2026-07-06,17.31156381296405
2026-07-07,16.40742675584892
2026-07-08,14.79408222426065
2026-07-09,15.99761094859872
2026-07-10,17.24850637818952
2026-07-11,17.36348764472025
2026-07-12,16.9598795076901
2026-07-13,14.40690326541468
2026-07-14,18.14270361067815
2026-07-15,18.40134721050327
2026-07-16,17.24571852240571
2026-07-17,17.30520509090411
2026-07-18,18.36486126415694
2026-07-19,18.17460074807742
2026-07-20,18.76096487115456
2026-07-21,20.15029157098302
2026-07-22,19.86091531326953
2026-07-23,18.79273806908182
2026-07-24,17.50565583502816
