date,puell_multiple
2010-07-17,1.0
2010-07-18,1.265765565662781
2010-07-19,1.128040614550591
2010-07-20,1.062644178100439
2010-07-21,1.217914176935151
2010-07-22,0.765654215218609
2010-07-23,0.9435317762765756
2010-07-24,0.8288819698870122
2010-07-25,0.9447505432226044
2010-07-26,1.090809181998307
2010-07-27,0.8113082992694894
2010-07-28,0.7801583351525636
2010-07-29,1.034617593208665
2010-07-30,0.973688494773984
2010-07-31,1.135220148036902
2010-08-01,1.188450194103982
2010-08-02,1.169197079773133
2010-08-03,1.090846449632182
2010-08-04,1.120299066146862
2010-08-05,1.054882967621454
2010-08-06,0.7337861525001299
2010-08-07,0.7442698864844483
2010-08-08,0.9866239423871728
2010-08-09,1.094227878667412
2010-08-10,1.080371161498893
2010-08-11,1.248897618292209
2010-08-12,1.205607241445301
2010-08-13,1.096700474221286
2010-08-14,1.464232793837065
2010-08-15,1.049317298365373
2010-08-16,0.7537686233854741
2010-08-17,0.7133857946033155
2010-08-18,0.7208927610786939
2010-08-19,0.7235864387293106
2010-08-20,1.015389811171077
2010-08-21,0.924660309180705
2010-08-22,1.122452765089587
2010-08-23,1.105946551481049
2010-08-24,1.114590782395041
2010-08-25,1.113011804520352
2010-08-26,1.066946901322238
2010-08-27,0.8848527362029659
2010-08-28,0.8768286680555496
2010-08-29,0.831080973227977
2010-08-30,0.7798722313284169
2010-08-31,0.8915128327652531
2010-09-01,0.7933913697979663
2010-09-02,0.8018196626880031
2010-09-03,0.8159974671298407
2010-09-04,0.9246463993694306
2010-09-05,0.8351158560926957
2010-09-06,0.8027781894013362
2010-09-07,0.8145804943349629
2010-09-08,0.8423971130538667
2010-09-09,0.6888763537952339
2010-09-10,0.9147916593700434
2010-09-11,0.8540387308489222
2010-09-12,0.9141144607259363
2010-09-13,0.8945011532996636
2010-09-14,1.057615606191683
2010-09-15,0.8598967893656282
2010-09-16,1.137561249480895
2010-09-17,1.037487934718682
2010-09-18,1.210352304269028
2010-09-19,1.090296771659804
2010-09-20,1.053044989663688
2010-09-21,0.9014810527661297
2010-09-22,0.9043441167623573
2010-09-23,1.217610133774864
2010-09-24,1.181185142319954
2010-09-25,1.063162563282885
2010-09-26,1.060005005178289
2010-09-27,1.176237835918699
2010-09-28,1.087350984059663
2010-09-29,0.8367449168679345
2010-09-30,0.7527986390564486
2010-10-01,0.7971258281294848
2010-10-02,0.516039814309675
2010-10-03,0.6295706236385045
2010-10-04,0.7939336222475032
2010-10-05,0.6578028873940479
2010-10-06,0.9165994135968439
2010-10-07,0.9133916552906578
2010-10-08,1.11282728222722
2010-10-09,1.257186403555753
2010-10-10,1.449388768619422
2010-10-11,1.270544613097109
2010-10-12,1.233950313629749
2010-10-13,1.54078452140586
2010-10-14,1.729038058716645
2010-10-15,1.527772974756926
2010-10-16,2.115822323415523
2010-10-17,2.206822678383584
2010-10-18,2.02074012833549
2010-10-19,1.943621713534759
2010-10-20,2.028341903906843
2010-10-21,1.535917525102359
2010-10-22,1.256457060480381
2010-10-23,1.408369820514367
2010-10-24,1.792691829612615
2010-10-25,2.016730828518242
2010-10-26,2.680808506693031
2010-10-27,2.903698400456709
2010-10-28,2.707623943870596
2010-10-29,2.968961693145344
2010-10-30,3.430904891380249
2010-10-31,2.329042700290272
2010-11-01,2.310269928632293
2010-11-02,2.250866515626264
2010-11-03,2.390255235545881
2010-11-04,2.958225790498244
2010-11-05,3.61120658452447
2010-11-06,4.991695058216618
2010-11-07,4.7726213906528
2010-11-08,3.796976845590488
2010-11-09,2.554127967271471
2010-11-10,2.64923593161277
2010-11-11,2.661202652186535
2010-11-12,2.438665554824593
2010-11-13,3.248888257346218
2010-11-14,3.686333477076053
2010-11-15,2.728654534569896
2010-11-16,2.231927020850028
2010-11-17,3.013961327675056
2010-11-18,3.344379709250235
2010-11-19,1.99004429998821
2010-11-20,1.580862398581034
2010-11-21,1.847078964755066
2010-11-22,2.188508428619587
2010-11-23,1.858326894995735
2010-11-24,2.325716030752597
2010-11-25,2.329219633227287
2010-11-26,2.506890543715805
2010-11-27,2.291965199198377
2010-11-28,2.080940441066677
2010-11-29,2.155236000585933
2010-11-30,1.849311504259438
2010-12-01,1.868769969597158
2010-12-02,2.078302397674528
2010-12-03,2.041568119708396
2010-12-04,2.015042750575758
2010-12-05,1.976947691610096
2010-12-06,2.0697894585529
2010-12-07,2.358027616326288
2010-12-08,2.347804697121483
2010-12-09,1.76039743085095
2010-12-10,1.229461214003801
2010-12-11,1.630031531428334
2010-12-12,1.531374968468234
2010-12-13,1.316764807957989
2010-12-14,1.705429748433093
2010-12-15,1.890536732382072
2010-12-16,1.729605230809955
2010-12-17,1.587399392821721
2010-12-18,1.540543818972767
2010-12-19,1.745616371695718
2010-12-20,1.670227071733568
2010-12-21,1.831504541481241
2010-12-22,1.530893575011412
2010-12-23,1.40323937312742
2010-12-24,1.424156994751967
2010-12-25,1.62269143978205
2010-12-26,1.480763717189638
2010-12-27,1.688056601190616
2010-12-28,1.813294306185279
2010-12-29,1.878769487058044
2010-12-30,1.914974870860743
2010-12-31,1.826556212410971
2011-01-01,2.028304731166637
2011-01-02,1.949851404103298
2011-01-03,1.702433850588837
2011-01-04,1.554150254246038
2011-01-05,1.690469796906191
2011-01-06,1.538203448649411
2011-01-07,1.911128308747557
2011-01-08,1.987709564864706
2011-01-09,1.896767681815763
2011-01-10,1.896413668660483
2011-01-11,2.002133098168143
2011-01-12,1.888204668833281
2011-01-13,2.104579722821126
2011-01-14,2.530346625835298
2011-01-15,2.105163736455335
2011-01-16,2.321002167323987
2011-01-17,2.167779006003957
2011-01-18,1.508130988163725
2011-01-19,1.799845819714331
2011-01-20,2.449175359842622
2011-01-21,2.447834822279997
2011-01-22,2.421268612632995
2011-01-23,2.481328359553166
2011-01-24,2.582867308321113
2011-01-25,2.080901543531106
2011-01-26,2.404887954620764
2011-01-27,2.163667462718905
2011-01-28,2.247798717502663
2011-01-29,2.240367627917702
2011-01-30,2.357164629481762
2011-01-31,2.915481455649619
2011-02-01,3.571782753561027
2011-02-02,3.417168053138513
2011-02-03,3.347575253713774
2011-02-04,4.641687130878295
2011-02-05,4.704196094132418
2011-02-06,4.518240768905297
2011-02-07,5.041351092597611
2011-02-08,4.235772738487963
2011-02-09,5.591917677456288
2011-02-10,4.782833827360552
2011-02-11,5.143785480860608
2011-02-12,5.357075349265258
2011-02-13,5.15794461076078
2011-02-14,5.128526734984058
2011-02-15,5.622420091677472
2011-02-16,5.558501981280954
2011-02-17,5.47895897711951
2011-02-18,4.280269028876875
2011-02-19,3.393880499922663
2011-02-20,3.692161722383402
2011-02-21,3.510961364331337
2011-02-22,3.929029601839681
2011-02-23,4.603428435748742
2011-02-24,4.266007746483685
2011-02-25,4.190713918564971
2011-02-26,5.301453782545597
2011-02-27,4.290644455472977
2011-02-28,2.560854081293761
2011-03-01,2.333452539400106
2011-03-02,3.052250291775285
2011-03-03,3.344185426133681
2011-03-04,3.764697201728779
2011-03-05,4.690652369986407
2011-03-06,4.452861946696149
2011-03-07,3.388349729520725
2011-03-08,2.927207127291784
2011-03-09,2.473092616370661
2011-03-10,1.828356152862523
2011-03-11,2.030626194548167
2011-03-12,2.26731748542767
2011-03-13,1.835877135947808
2011-03-14,1.756641018047888
2011-03-15,1.704976507875694
2011-03-16,2.035011887100658
2011-03-17,2.016407872011959
2011-03-18,1.692733386012061
2011-03-19,1.516695242246843
2011-03-20,1.745310120405301
2011-03-21,1.925280760131358
2011-03-22,1.646774048809677
2011-03-23,2.271490969746685
2011-03-24,2.229846928271009
2011-03-25,2.569926638579637
2011-03-26,1.976157175426303
2011-03-27,1.974343250569889
2011-03-28,2.227832692531347
2011-03-29,2.134236190047377
2011-03-30,2.02741934908407
2011-03-31,2.579107607103329
2011-04-01,2.217577958345846
2011-04-02,2.279558866307113
2011-04-03,2.1979891392578
2011-04-04,1.944778517082916
2011-04-05,2.202733740826013
2011-04-06,1.746672990091306
2011-04-07,1.761678129106294
2011-04-08,1.97223770727739
2011-04-09,1.839269457702688
2011-04-10,2.00579711476151
2011-04-11,1.967473982832674
2011-04-12,2.187823359079618
2011-04-13,2.800103232603546
2011-04-14,2.468445412553952
2011-04-15,2.061043852960369
2011-04-16,2.771180186494674
2011-04-17,3.08070929158002
2011-04-18,2.588905139292349
2011-04-19,2.757010120991171
2011-04-20,2.448536848630223
2011-04-21,2.626901592952693
2011-04-22,3.63435892016565
2011-04-23,4.150678274032581
2011-04-24,3.766428291044368
2011-04-25,4.292819143124488
2011-04-26,4.894546730994485
2011-04-27,4.799564349949581
2011-04-28,4.934307164631051
2011-04-29,7.656672173624337
2011-04-30,8.520531943158897
2011-05-01,6.887845727572693
2011-05-02,7.803245312792471
2011-05-03,8.042642728280835
2011-05-04,7.912821051720973
2011-05-05,8.391680346849169
2011-05-06,8.430756467290339
2011-05-07,8.505702551082472
2011-05-08,8.992102174261452
2011-05-09,9.375380776905944
2011-05-10,10.61123011223542
2011-05-11,10.16976700465791
2011-05-12,10.09458813106172
2011-05-13,15.17291976056638
2011-05-14,14.52870266142564
2011-05-15,12.6322269185888
2011-05-16,15.45810395108258
2011-05-17,13.87983528765119
2011-05-18,14.21367228950503
2011-05-19,8.249281047641425
2011-05-20,8.401519886911249
2011-05-21,8.980797963637634
2011-05-22,10.88983152875022
2011-05-23,12.55498527582638
2011-05-24,13.21499773666843
2011-05-25,14.70173972954158
2011-05-26,14.16766791638976
2011-05-27,7.583535081940919
2011-05-28,6.74845469805119
2011-05-29,7.786458873449694
2011-05-30,6.832389396707854
2011-05-31,6.478914222813855
2011-06-01,8.733505918628678
2011-06-02,9.51684314227616
2011-06-03,13.0997081567086
2011-06-04,17.92948377384592
2011-06-05,14.26763644747749
2011-06-06,16.7561391216266
2011-06-07,14.91659092131722
2011-06-08,19.42887477897527
2011-06-09,21.32966233343976
2011-06-10,16.80661218272124
2011-06-11,11.28940690243466
2011-06-12,12.8698136185863
2011-06-13,12.53982393865278
2011-06-14,13.08417868874942
2011-06-15,14.31203918312404
2011-06-16,8.057825714742124
2011-06-17,7.445163383226756
2011-06-18,8.22040302850356
2011-06-19,9.353829002389896
2011-06-20,9.60054749196969
2011-06-21,10.30607678680053
2011-06-22,10.33218842922842
2011-06-23,9.43618674324609
2011-06-24,8.499584707927223
2011-06-25,5.372774542864133
2011-06-26,5.046748634284406
2011-06-27,5.775800835467839
2011-06-28,5.456376814855733
2011-06-29,5.769337533204768
2011-06-30,6.03236984674894
2011-07-01,5.136537404321895
2011-07-02,4.970635329239252
2011-07-03,4.812265187799492
2011-07-04,4.396126213237247
2011-07-05,3.332339651772776
2011-07-06,4.270887004432463
2011-07-07,3.538747339153268
2011-07-08,4.277441365042261
2011-07-09,3.849420007473761
2011-07-10,3.604353934812433
2011-07-11,3.947883964607563
2011-07-12,3.472723291369202
2011-07-13,4.635004196777177
2011-07-14,3.482339866984634
2011-07-15,3.835459518319984
2011-07-16,3.663418239276905
2011-07-17,3.768271985221519
2011-07-18,3.801895794080377
2011-07-19,3.247726410016559
2011-07-20,3.316125365551528
2011-07-21,3.353927211785095
2011-07-22,3.323893746476093
2011-07-23,3.180068499144702
2011-07-24,3.658748287821051
2011-07-25,3.607620540399204
2011-07-26,3.773363957504673
2011-07-27,3.700338344774853
2011-07-28,3.167622038449596
2011-07-29,3.328807391889416
2011-07-30,3.063304558690931
2011-07-31,3.454260118100641
2011-08-01,3.160746965950313
2011-08-02,2.696915616184042
2011-08-03,2.099251416995902
2011-08-04,1.99073207729737
2011-08-05,1.954227826957365
2011-08-06,1.134592828400545
2011-08-07,1.459563797603771
2011-08-08,1.504539561349775
2011-08-09,2.000970237838797
2011-08-10,2.12724516099349
2011-08-11,1.800903499436364
2011-08-12,1.714596873907842
2011-08-13,1.812048244566593
2011-08-14,1.943495048728134
2011-08-15,1.958384015615241
2011-08-16,2.18234811907242
2011-08-17,2.013498783230911
2011-08-18,2.091279304878475
2011-08-19,2.032746237187578
2011-08-20,2.302709108702371
2011-08-21,2.381312335663726
2011-08-22,2.414790819994704
2011-08-23,2.198838827566133
2011-08-24,1.878696870834864
2011-08-25,1.680862920921837
2011-08-26,1.539011422535476
2011-08-27,1.336846606995222
2011-08-28,1.338412589177181
2011-08-29,1.566195877366251
2011-08-30,1.618861742451556
2011-08-31,1.598989043670064
2011-09-01,1.32698172021201
2011-09-02,1.673891839160145
2011-09-03,1.523055635233449
2011-09-04,1.353959545818979
2011-09-05,1.454353856151601
2011-09-06,1.270368278877873
2011-09-07,1.194259853924255
2011-09-08,1.026513900514972
2011-09-09,0.9461263570682773
2011-09-10,0.7682991208045976
2011-09-11,0.8942043664894309
2011-09-12,0.9725451259691783
2011-09-13,0.983735143298852
2011-09-14,0.9842357524732285
2011-09-15,0.8975813230960642
2011-09-16,0.6783595501662418
2011-09-17,0.7613113403282731
2011-09-18,0.9841768444145198
2011-09-19,0.8233703340159624
2011-09-20,1.013214389892382
2011-09-21,0.9754067912056958
2011-09-22,0.9533889047473642
2011-09-23,0.8679920658928878
2011-09-24,0.8273456353538483
2011-09-25,0.8475634449348224
2011-09-26,0.7610367942232427
2011-09-27,0.7293345796972801
2011-09-28,0.8042742053821664
2011-09-29,0.6935049204285253
2011-09-30,0.7270197127519589
2011-10-01,0.8285615745210103
2011-10-02,0.7010111606425444
2011-10-03,0.8382489794436919
2011-10-04,0.6377509758201975
2011-10-05,0.8104595414114419
2011-10-06,0.6933084837887209
2011-10-07,0.6729389522170149
2011-10-08,0.5432134229718711
2011-10-09,0.5927785116579984
2011-10-10,0.5710610080493322
2011-10-11,0.4180604400570975
2011-10-12,0.5643869668158337
2011-10-13,0.4443187732483665
2011-10-14,0.6262781921936517
2011-10-15,0.5816822482085661
2011-10-16,0.478989541371715
2011-10-17,0.3394053784391894
2011-10-18,0.3252027638213358
2011-10-19,0.3381463813076483
2011-10-20,0.3034051028330251
2011-10-21,0.3478833570608659
2011-10-22,0.344846465456317
2011-10-23,0.3827988600030825
2011-10-24,0.3607297676262513
2011-10-25,0.3998951727019855
2011-10-26,0.3623343926185291
2011-10-27,0.3392465011087259
2011-10-28,0.3728861238340726
2011-10-29,0.4490783899219226
2011-10-30,0.4029368729286514
2011-10-31,0.4721888904628405
2011-11-01,0.5267297053144515
2011-11-02,0.5552341202622572
2011-11-03,0.4366179861421193
2011-11-04,0.4965574906952315
2011-11-05,0.4792776831570393
2011-11-06,0.4701201276338307
2011-11-07,0.4373618779829512
2011-11-08,0.4996188926729714
2011-11-09,0.5218251461990399
2011-11-10,0.4409839065540554
2011-11-11,0.4012579480651844
2011-11-12,0.4749537788616027
2011-11-13,0.4722510583648376
2011-11-14,0.3350920014583093
2011-11-15,0.419108334338637
2011-11-16,0.3785477295090219
2011-11-17,0.341207604939859
2011-11-18,0.2974547691084868
2011-11-19,0.2947936231862517
2011-11-20,0.3425218841217852
2011-11-21,0.2939115976712277
2011-11-22,0.3541233463078845
2011-11-23,0.3394480981797338
2011-11-24,0.2978380658763567
2011-11-25,0.3651147602819209
2011-11-26,0.3212332629846905
2011-11-27,0.3058119231662823
2011-11-28,0.3500805674894893
2011-11-29,0.4103639892503551
2011-11-30,0.5149752969786997
2011-12-01,0.6020425985902358
2011-12-02,0.4891314920839896
2011-12-03,0.4551568964700091
2011-12-04,0.4132481617642837
2011-12-05,0.4834039726836254
2011-12-06,0.5559533259692097
2011-12-07,0.4393937207381497
2011-12-08,0.5240245123314986
2011-12-09,0.4650516226946688
2011-12-10,0.4691565859241118
2011-12-11,0.5413960473447279
2011-12-12,0.4368159659652301
2011-12-13,0.4560378556499321
2011-12-14,0.5112512878444989
2011-12-15,0.3807027890898944
2011-12-16,0.4009066497219166
2011-12-17,0.5079458943584924
2011-12-18,0.4858644980379069
2011-12-19,0.5913302577927869
2011-12-20,0.562414620091783
2011-12-21,0.6087011278890512
2011-12-22,0.607677899735218
2011-12-23,0.5837150814953361
2011-12-24,0.5982880659993393
2011-12-25,0.7683704707720264
2011-12-26,0.740738301953445
2011-12-27,0.6204130561986945
2011-12-28,0.6743343767472031
2011-12-29,0.5971109254005132
2011-12-30,0.6253378368299546
2011-12-31,0.7377864081901413
2012-01-01,0.8338805289989639
2012-01-02,0.8119038108253769
2012-01-03,0.7985923261613833
2012-01-04,0.8554079717467189
2012-01-05,1.050604110694867
2012-01-06,1.168432185823324
2012-01-07,1.274187680071895
2012-01-08,1.177863748460819
2012-01-09,1.047304671817306
2012-01-10,0.9171909854543586
2012-01-11,1.061853454749141
2012-01-12,1.06171470813477
2012-01-13,0.8991483208206705
2012-01-14,1.011620723411775
2012-01-15,0.9737589295890078
2012-01-16,1.159265384966263
2012-01-17,0.8659700959752843
2012-01-18,0.7494515779637877
2012-01-19,0.9427102013730506
2012-01-20,0.9115752961725817
2012-01-21,0.9922081119102999
2012-01-22,0.8397210202712398
2012-01-23,1.053050485368761
2012-01-24,0.8495467807829556
2012-01-25,0.8344133887554133
2012-01-26,0.7151273508348757
2012-01-27,0.7243126827707
2012-01-28,0.7898177182756524
2012-01-29,0.8904483443999183
2012-01-30,0.9116160487722734
2012-01-31,0.7923325277624543
2012-02-01,0.8213734273228939
2012-02-02,0.928790837697457
2012-02-03,0.8984689863211823
2012-02-04,0.8789770428742161
2012-02-05,0.7678091894600159
2012-02-06,0.7611306659681117
2012-02-07,0.7319968445082244
2012-02-08,0.768677913923197
2012-02-09,0.8004993627660049
2012-02-10,0.7703513126567236
2012-02-11,0.7859035345296119
2012-02-12,0.819196038653131
2012-02-13,0.6800429799175218
2012-02-14,0.574856224978274
2012-02-15,0.5366640967983034
2012-02-16,0.5521813155664718
2012-02-17,0.6249670260778122
2012-02-18,0.676689997306009
2012-02-19,0.6451424888206054
2012-02-20,0.5704354448362967
2012-02-21,0.5165998506030065
2012-02-22,0.6571215827839636
2012-02-23,0.7733623871936838
2012-02-24,0.6945326831607312
2012-02-25,0.729802724388621
2012-02-26,0.6829153227084274
2012-02-27,0.7051868689449294
2012-02-28,0.7169423925357097
2012-02-29,0.8000299153897424
2012-03-01,0.6827419478522964
2012-03-02,0.5798960150084662
2012-03-03,0.4782727532340357
2012-03-04,0.6010542168691977
2012-03-05,0.6602968814551915
2012-03-06,0.625094438676122
2012-03-07,0.6914074518018218
2012-03-08,0.7003859294265767
2012-03-09,0.7425052543215113
2012-03-10,0.6679279288629414
2012-03-11,0.592968164133822
2012-03-12,0.736457538553896
2012-03-13,0.7629603769727206
2012-03-14,0.6656230340402288
2012-03-15,0.5664690236545731
2012-03-16,0.7355234327221429
2012-03-17,0.7901941448515654
2012-03-18,0.7565168884980911
2012-03-19,0.6004746528348702
2012-03-20,0.691199953275352
2012-03-21,0.6766283712511522
2012-03-22,0.6652246597504592
2012-03-23,0.5238817428563082
2012-03-24,0.7630887966820984
2012-03-25,0.633408983185999
2012-03-26,0.6176244581222742
2012-03-27,0.6632312263602187
2012-03-28,0.6368738135430319
2012-03-29,0.5911796730625244
2012-03-30,0.658632787303027
2012-03-31,0.7310809971382369
2012-04-01,0.600691259976054
2012-04-02,0.5065611126737029
2012-04-03,0.576715156080972
2012-04-04,0.5894451860684041
2012-04-05,0.5027814016611477
2012-04-06,0.5852813863043065
2012-04-07,0.5261582472446545
2012-04-08,0.6256205888576511
2012-04-09,0.6152263246653147
2012-04-10,0.6166674365303584
2012-04-11,0.6021370413019416
2012-04-12,0.5388904967581629
2012-04-13,0.5250147536086027
2012-04-14,0.5959315543221235
2012-04-15,0.4587468252190062
2012-04-16,0.6393547949077417
2012-04-17,0.5781443503131101
2012-04-18,0.5716494020770239
2012-04-19,0.6882071209752325
2012-04-20,0.7087056224059556
2012-04-21,0.6900565073919925
2012-04-22,0.6229655301590923
2012-04-23,0.5765534773132297
2012-04-24,0.6006485830224505
2012-04-25,0.5559771181626711
2012-04-26,0.6738316615833639
2012-04-27,0.5868840066094071
2012-04-28,0.6442347323113963
2012-04-29,0.7439604745324048
2012-04-30,0.7509510768372278
2012-05-01,0.7217737979164319
2012-05-02,0.6411295087123221
2012-05-03,0.6804464752797292
2012-05-04,0.6929943095225608
2012-05-05,0.7196967055493241
2012-05-06,0.7029379209199169
2012-05-07,0.7325775033902989
2012-05-08,0.7540182139837244
2012-05-09,0.702873891152359
2012-05-10,0.5336352115694583
2012-05-11,0.6031900019038837
2012-05-12,0.5404274117713143
2012-05-13,0.5905342273399474
2012-05-14,0.5981432055579388
2012-05-15,0.5637020915037745
2012-05-16,0.5275182236115865
2012-05-17,0.5109365492174052
2012-05-18,0.6432636415079418
2012-05-19,0.6619213052008912
2012-05-20,0.6108008530543544
2012-05-21,0.5591726483285316
2012-05-22,0.5109822955064598
2012-05-23,0.5858308042684214
2012-05-24,0.5645621172260268
2012-05-25,0.5509226724526617
2012-05-26,0.6429224362347893
2012-05-27,0.7209080538233955
2012-05-28,0.6493700270174483
2012-05-29,0.5787586611588189
2012-05-30,0.6010190836908021
2012-05-31,0.6411807979428743
2012-06-01,0.7174865668089251
2012-06-02,0.7569653778145918
2012-06-03,0.7253358700237711
2012-06-04,0.7480145419828766
2012-06-05,0.7358699725806459
2012-06-06,0.7780008051601365
2012-06-07,0.7336149445462108
2012-06-08,0.7600330176224857
2012-06-09,0.9154908925847368
2012-06-10,0.8856010243013787
2012-06-11,0.7698308050933057
2012-06-12,0.8849358587949757
2012-06-13,0.8948988294864373
2012-06-14,0.9493724532243643
2012-06-15,1.065126408185039
2012-06-16,1.034521763298204
2012-06-17,1.050546189559644
2012-06-18,1.151233689005765
2012-06-19,1.007628316877082
2012-06-20,1.030465986289956
2012-06-21,0.9772675643256954
2012-06-22,0.9797776730276754
2012-06-23,1.158279399331795
2012-06-24,0.9172179013996629
2012-06-25,1.075822658890353
2012-06-26,1.065665732918457
2012-06-27,1.208381836044938
2012-06-28,1.019451887449656
2012-06-29,1.100300702914886
2012-06-30,1.006629331181409
2012-07-01,1.077804600373626
2012-07-02,1.183401055208189
2012-07-03,1.192465884299921
2012-07-04,1.131538458700075
2012-07-05,1.11590819026908
2012-07-06,1.199611592280704
2012-07-07,1.322970100262764
2012-07-08,1.222933622107717
2012-07-09,1.335558723654311
2012-07-10,1.28020795757844
2012-07-11,1.141844949535021
2012-07-12,1.376505421764902
2012-07-13,1.491238654820859
2012-07-14,1.458460668893898
2012-07-15,1.286429799673288
2012-07-16,1.538745363711856
2012-07-17,1.824161180376972
2012-07-18,1.712913553589445
2012-07-19,1.457619858355593
2012-07-20,1.547592242457896
2012-07-21,1.528211399601646
2012-07-22,1.604508881123827
2012-07-23,1.468200069274501
2012-07-24,1.703344139120619
2012-07-25,1.745935547247886
2012-07-26,1.869123244347547
2012-07-27,1.973754732473299
2012-07-28,1.693871599720189
2012-07-29,1.810919307661797
2012-07-30,2.007979426890294
2012-07-31,1.528150601342267
2012-08-01,1.608912769315871
2012-08-02,2.200497716783748
2012-08-03,2.214636151043259
2012-08-04,2.139787781780662
2012-08-05,1.894436666373728
2012-08-06,1.904030118804394
2012-08-07,2.244564139007283
2012-08-08,2.300692973942499
2012-08-09,2.357030766618151
2012-08-10,2.213131131096111
2012-08-11,2.401107114830884
2012-08-12,2.28970227027184
2012-08-13,2.381433196259195
2012-08-14,2.363526020943601
2012-08-15,2.731081911548349
2012-08-16,2.556210113744446
2012-08-17,1.986475065380227
2012-08-18,2.116485745498157
2012-08-19,1.7734749431116
2012-08-20,2.15844255207781
2012-08-21,2.110848178343432
2012-08-22,1.877092420813985
2012-08-23,2.051523011516281
2012-08-24,1.932177459859777
2012-08-25,1.791776540114776
2012-08-26,2.314882704884089
2012-08-27,1.941150622876961
2012-08-28,2.006211325470811
2012-08-29,2.226668781838828
2012-08-30,2.02264677010254
2012-08-31,1.726650399100678
2012-09-01,1.955572077959377
2012-09-02,2.033448541300194
2012-09-03,2.005527448001682
2012-09-04,1.920843378146806
2012-09-05,2.383140765878929
2012-09-06,2.300032896054394
2012-09-07,2.214283686417212
2012-09-08,1.913479659641405
2012-09-09,2.096396379494687
2012-09-10,1.982156045770292
2012-09-11,1.929915396933598
2012-09-12,2.07414378743326
2012-09-13,1.741780609886816
2012-09-14,2.229491804359889
2012-09-15,1.965569175831776
2012-09-16,2.22204293139166
2012-09-17,2.31642940269953
2012-09-18,2.371586136466662
2012-09-19,2.034230387790636
2012-09-20,2.151972678690426
2012-09-21,2.387106002454645
2012-09-22,2.18310553226679
2012-09-23,2.168486033032906
2012-09-24,2.094321649406967
2012-09-25,1.900186260442253
2012-09-26,1.939960696860641
2012-09-27,2.217624651049363
2012-09-28,2.172593018475554
2012-09-29,2.302127048672272
2012-09-30,2.172037623239614
2012-10-01,1.739048360999371
2012-10-02,2.038488641862338
2012-10-03,1.883659861256587
2012-10-04,1.856560618022875
2012-10-05,1.880980226481624
2012-10-06,2.099924833938824
2012-10-07,1.597499793077086
2012-10-08,2.24995368592108
2012-10-09,1.809391904501369
2012-10-10,1.923158917201445
2012-10-11,1.765934844606652
2012-10-12,1.88131231483617
2012-10-13,1.853241544826376
2012-10-14,1.567299717402299
2012-10-15,2.088844969367587
2012-10-16,1.910842631975514
2012-10-17,1.770424667080969
2012-10-18,1.933637412995611
2012-10-19,1.635734807908661
2012-10-20,1.896115482768703
2012-10-21,1.917960716724716
2012-10-22,1.874199793814078
2012-10-23,1.543923080835646
2012-10-24,1.904702394113036
2012-10-25,1.546413087023913
2012-10-26,1.682031104561768
2012-10-27,1.8005918325271
2012-10-28,1.761003576268408
2012-10-29,1.657566222455191
2012-10-30,1.533029000369204
2012-10-31,1.566237532569295
2012-11-01,1.42537452549793
2012-11-02,1.460356832667289
2012-11-03,1.517117570477613
2012-11-04,1.653404193083971
2012-11-05,1.662110586199133
2012-11-06,1.415806212962571
2012-11-07,1.647561049769059
2012-11-08,1.607332960338856
2012-11-09,1.5742456951063
2012-11-10,1.495582945689158
2012-11-11,1.473632759390885
2012-11-12,1.368254417101471
2012-11-13,1.442216475220483
2012-11-14,1.478165437319991
2012-11-15,1.42554740328784
2012-11-16,1.599009970038742
2012-11-17,1.54306299672837
2012-11-18,1.578674482792386
2012-11-19,1.594064101635423
2012-11-20,1.586110463242391
2012-11-21,1.639015113231173
2012-11-22,1.628378854864973
2012-11-23,1.837235845603605
2012-11-24,1.699578052941797
2012-11-25,1.656779512437934
2012-11-26,1.732967075333296
2012-11-27,1.635505064089391
2012-11-28,1.898128158320631
2012-11-29,0.928066204193512
2012-11-30,0.7043826404323961
2012-12-01,0.8558467622454162
2012-12-02,0.79394440971231
2012-12-03,0.8299628913264763
2012-12-04,0.6729982030409941
2012-12-05,0.7203588574583473
2012-12-06,0.8176194355821244
2012-12-07,0.7736285920729579
2012-12-08,0.831790453414244
2012-12-09,0.7480695871190467
2012-12-10,0.8559776427098128
2012-12-11,0.8640991006092268
2012-12-12,0.7870872827947221
2012-12-13,0.8009864894708607
2012-12-14,0.6406476686764065
2012-12-15,0.6929940859557134
2012-12-16,0.6581152519066327
2012-12-17,0.7368343875063986
2012-12-18,0.7339448708542249
2012-12-19,0.8480120593166399
2012-12-20,0.6351615140513318
2012-12-21,0.741616609000814
2012-12-22,0.9038740845095183
2012-12-23,0.7164579066903412
2012-12-24,0.761504236464994
2012-12-25,0.7277396179519946
2012-12-26,0.9085856283146138
2012-12-27,0.9134153715647476
2012-12-28,0.993316261522285
2012-12-29,0.840371906752162
2012-12-30,0.9761563344955974
2012-12-31,0.930222771464346
2013-01-01,0.9326048811836253
2013-01-02,0.8697514138122218
2013-01-03,0.9322424485925433
2013-01-04,0.8800697436499343
2013-01-05,0.8090314126489587
2013-01-06,0.8331559264325864
2013-01-07,0.9680659085290987
2013-01-08,0.7849697855783112
2013-01-09,0.7721052048819516
2013-01-10,0.9282458154783935
2013-01-11,0.7199082094418761
2013-01-12,0.7429992197108563
2013-01-13,0.7954058530706609
2013-01-14,0.9638127139037999
2013-01-15,0.7538788982877654
2013-01-16,0.8353801888083676
2013-01-17,0.7478988865345527
2013-01-18,0.8263023342004875
2013-01-19,1.042586473946035
2013-01-20,0.8814152217524952
2013-01-21,0.9561187834527209
2013-01-22,1.090747747154562
2013-01-23,0.9667486414291575
2013-01-24,1.177877812780171
2013-01-25,1.046039330483393
2013-01-26,1.184228714494845
2013-01-27,1.157653469447667
2013-01-28,1.193131620820962
2013-01-29,1.328322543925421
2013-01-30,1.286496613583608
2013-01-31,1.7038862982401
2013-02-01,1.295503694322774
2013-02-02,1.317222043736319
2013-02-03,1.622886294920789
2013-02-04,1.428068481527955
2013-02-05,1.46493320143269
2013-02-06,1.301557519923968
2013-02-07,1.427830721242457
2013-02-08,1.442311590190198
2013-02-09,1.407195459873579
2013-02-10,1.614090917033153
2013-02-11,1.610665148777338
2013-02-12,1.496634267393446
2013-02-13,1.806088025610429
2013-02-14,1.732909482578799
2013-02-15,2.018339904481873
2013-02-16,2.156607267157169
2013-02-17,2.083372423674945
2013-02-18,1.785828241294999
2013-02-19,1.918862739753142
2013-02-20,2.364460538743815
2013-02-21,2.147456158168384
2013-02-22,2.095394761634969
2013-02-23,1.955445875234091
2013-02-24,1.86841383016456
2013-02-25,2.487356090786352
2013-02-26,2.061644415757482
2013-02-27,2.402007358120106
2013-02-28,2.228003429750288
2013-03-01,2.078153445706453
2013-03-02,1.944889633632872
2013-03-03,2.140380411144633
2013-03-04,2.537863623585614
2013-03-05,2.203410597850374
2013-03-06,2.595411002742902
2013-03-07,2.554496845256845
2013-03-08,2.657443337153683
2013-03-09,2.933065118475787
2013-03-10,3.108322843730941
2013-03-11,2.944073348379754
2013-03-12,2.258712580541143
2013-03-13,2.719906470684949
2013-03-14,3.07177447555231
2013-03-15,2.947859009019548
2013-03-16,2.936487146440266
2013-03-17,3.501736190506938
2013-03-18,3.37218480010289
2013-03-19,3.557478811070093
2013-03-20,4.711816450970129
2013-03-21,5.394244574596154
2013-03-22,5.423363135815054
2013-03-23,4.633588522212788
2013-03-24,4.394032152088837
2013-03-25,3.555259303271794
2013-03-26,3.922446803108565
2013-03-27,3.796504801376713
2013-03-28,5.190325996854027
2013-03-29,4.93293691113678
2013-03-30,4.969401580317663
2013-03-31,4.978043305951138
2013-04-01,6.23667940425667
2013-04-02,6.233203096649147
2013-04-03,6.794393679653984
2013-04-04,6.014631886088239
2013-04-05,6.343782772677176
2013-04-06,6.369822623173218
2013-04-07,7.379865044224961
2013-04-08,7.665405897515091
2013-04-09,10.47713929385623
2013-04-10,7.788435814680675
2013-04-11,3.290288255565781
2013-04-12,4.675558894694358
2013-04-13,3.817124307601597
2013-04-14,3.4187348480714
2013-04-15,2.966361474826592
2013-04-16,2.902278834888472
2013-04-17,3.678145135461605
2013-04-18,3.793914599523422
2013-04-19,3.802844782162818
2013-04-20,4.483401750667843
2013-04-21,4.721753542159716
2013-04-22,4.270843728149705
2013-04-23,5.161559804183147
2013-04-24,5.355785445851997
2013-04-25,5.319021366786083
2013-04-26,5.0290385673887
2013-04-27,4.016468032421313
2013-04-28,5.000603807941162
2013-04-29,5.154176511361325
2013-04-30,4.260793952931706
2013-05-01,3.57449904228011
2013-05-02,2.885143803500092
2013-05-03,2.690763323648986
2013-05-04,3.558761915319121
2013-05-05,3.777988215750934
2013-05-06,3.643278676017636
2013-05-07,3.595130078480102
2013-05-08,3.585712650743084
2013-05-09,3.486890677625282
2013-05-10,3.819174990799889
2013-05-11,3.910886414674158
2013-05-12,3.549292146405346
2013-05-13,3.686786210882982
2013-05-14,2.995093232400596
2013-05-15,2.768278708180899
2013-05-16,3.020019482895895
2013-05-17,3.352250298714984
2013-05-18,3.09555340587033
2013-05-19,3.142694052936205
2013-05-20,2.629178934667609
2013-05-21,3.043753617945142
2013-05-22,3.166350133684692
2013-05-23,3.639169235207686
2013-05-24,3.63247202957202
2013-05-25,3.520266752366193
2013-05-26,3.464031594694018
2013-05-27,3.611003183073219
2013-05-28,3.214442171455991
2013-05-29,3.499815595660849
2013-05-30,3.594673451252632
2013-05-31,3.506865923995575
2013-06-01,4.239179794662164
2013-06-02,3.735682917695683
2013-06-03,3.988422378360498
2013-06-04,3.854842861411148
2013-06-05,3.335080255051179
2013-06-06,3.178012540350559
2013-06-07,2.609027707951418
2013-06-08,2.881714449031217
2013-06-09,2.296463421564041
2013-06-10,2.610760862159227
2013-06-11,2.767605720352704
2013-06-12,3.051666942337584
2013-06-13,2.675474096654653
2013-06-14,2.499596554822782
2013-06-15,2.398940358606743
2013-06-16,2.529302572855277
2013-06-17,1.999809856175838
2013-06-18,2.004036029673125
2013-06-19,1.957206817147261
2013-06-20,2.172921631946023
2013-06-21,2.306549226828721
2013-06-22,2.370560885516985
2013-06-23,2.209506634563698
2013-06-24,1.979685315960511
2013-06-25,2.029949024863847
2013-06-26,2.254491826731009
2013-06-27,2.112265721632468
2013-06-28,1.969616386936944
2013-06-29,1.942592184193931
2013-06-30,1.764381035578142
2013-07-01,1.687689012936568
2013-07-02,1.711493524728993
2013-07-03,1.821353212008116
2013-07-04,1.654803577707932
2013-07-05,1.57557487244912
2013-07-06,1.556512102631225
2013-07-07,1.713284521095602
2013-07-08,1.77656338340031
2013-07-09,1.725756340808015
2013-07-10,2.071826724033457
2013-07-11,1.869107366963183
2013-07-12,1.705085321142853
2013-07-13,1.760511215199921
2013-07-14,1.88082846976239
2013-07-15,1.859646883333227
2013-07-16,1.81472897284195
2013-07-17,2.012596125099426
2013-07-18,1.644055520751782
2013-07-19,1.758601924478663
2013-07-20,1.860406900057732
2013-07-21,2.013276027204034
2013-07-22,1.663171419458451
2013-07-23,1.43537183957489
2013-07-24,1.644243740381437
2013-07-25,1.535728535558397
2013-07-26,1.708772303140783
2013-07-27,1.844055741969567
2013-07-28,1.786336931353177
2013-07-29,1.904542796359909
2013-07-30,2.175166492910517
2013-07-31,2.124367031731744
2013-08-01,1.933659144068084
2013-08-02,2.066386147856615
2013-08-03,1.817412932559136
2013-08-04,1.923643543274288
2013-08-05,2.049030936175441
2013-08-06,2.053665263577222
2013-08-07,1.984933027619184
2013-08-08,2.120581710102424
2013-08-09,1.955325606142911
2013-08-10,2.127130114686483
2013-08-11,2.19296185418961
2013-08-12,2.207840597146282
2013-08-13,1.91394991434399
2013-08-14,1.771193571438887
2013-08-15,1.784720378975716
2013-08-16,1.753477395624165
2013-08-17,1.994452239446679
2013-08-18,2.024493840657015
2013-08-19,1.907563529267132
2013-08-20,2.069001984373979
2013-08-21,2.235912176417381
2013-08-22,2.431573967085709
2013-08-23,2.157967509675311
2013-08-24,2.028774943477485
2013-08-25,1.733824239061722
2013-08-26,1.879009775826878
2013-08-27,2.003521007107973
2013-08-28,2.2059844930577
2013-08-29,2.225266175153474
2013-08-30,2.533867683042665
2013-08-31,2.806017977161298
2013-09-01,2.808267017526729
2013-09-02,2.71330255633047
2013-09-03,2.411849552772571
2013-09-04,1.908601839689106
2013-09-05,2.094936126822739
2013-09-06,2.06000295971714
2013-09-07,1.645217925111151
2013-09-08,1.750719836768905
2013-09-09,2.305181735307988
2013-09-10,2.171042180259481
2013-09-11,2.35558311515146
2013-09-12,2.484114777320284
2013-09-13,2.378854513810663
2013-09-14,2.465174415267583
2013-09-15,2.055782223445892
2013-09-16,1.761483907905294
2013-09-17,2.164957701434036
2013-09-18,1.912056548079491
2013-09-19,2.126833985542179
2013-09-20,2.176271492157363
2013-09-21,2.054626473274298
2013-09-22,2.190128673137225
2013-09-23,2.249663466771568
2013-09-24,2.275723430974645
2013-09-25,2.191861249219786
2013-09-26,1.739588563457162
2013-09-27,1.956438017608385
2013-09-28,1.91144046014091
2013-09-29,1.832337191203074
2013-09-30,1.740045916540323
2013-10-01,2.010391032162093
2013-10-02,1.664257355531794
2013-10-03,1.954604751413746
2013-10-04,1.822575389186913
2013-10-05,2.191775423211151
2013-10-06,1.862177509798814
2013-10-07,1.584389857777211
2013-10-08,1.632884917571556
2013-10-09,1.834769708528934
2013-10-10,1.972337512048195
2013-10-11,1.898009157840082
2013-10-12,2.190907013663832
2013-10-13,2.334872343224094
2013-10-14,2.678546873040256
2013-10-15,2.944750394497481
2013-10-16,2.268730197278748
2013-10-17,1.876608806049755
2013-10-18,2.277730664402981
2013-10-19,2.847633816222157
2013-10-20,2.532316725433916
2013-10-21,2.885422307810741
2013-10-22,3.497257933586797
2013-10-23,3.363421313291251
2013-10-24,3.099400707972225
2013-10-25,3.239760309257182
2013-10-26,2.387679116494332
2013-10-27,2.536996952200666
2013-10-28,2.4756807779947
2013-10-29,2.35203586871219
2013-10-30,2.749750084223606
2013-10-31,3.024966970513635
2013-11-01,2.954855456386657
2013-11-02,2.872545208454113
2013-11-03,2.790527908143708
2013-11-04,3.055451890122617
2013-11-05,2.887855566624744
2013-11-06,2.983109259210396
2013-11-07,2.888863721425768
2013-11-08,3.053689066877667
2013-11-09,3.296840545198993
2013-11-10,3.650853030037054
2013-11-11,4.182355575276539
2013-11-12,4.545592712360862
2013-11-13,4.17765604773356
2013-11-14,4.738998486711105
2013-11-15,4.224458063554626
2013-11-16,5.135137727732713
2013-11-17,5.283641688103258
2013-11-18,6.143833086793592
2013-11-19,5.073957095777863
2013-11-20,5.628749857382473
2013-11-21,6.096711819581343
2013-11-22,7.562932192562745
2013-11-23,7.627378003820903
2013-11-24,7.161367509754568
2013-11-25,7.316197930821457
2013-11-26,7.436851936463046
2013-11-27,8.333286573570597
2013-11-28,8.936008033453227
2013-11-29,9.312546438955868
2013-11-30,9.098393063224547
2013-12-01,8.392437244637899
2013-12-02,7.342483323321588
2013-12-03,9.101830041542291
2013-12-04,8.194219087893757
2013-12-05,7.226559478603508
2013-12-06,6.851229456602812
2013-12-07,5.433469092000839
2013-12-08,6.027157964461681
2013-12-09,6.115135051768693
2013-12-10,7.137567279773802
2013-12-11,5.416081649744052
2013-12-12,5.244647635462407
2013-12-13,5.591099195266873
2013-12-14,6.017107509671409
2013-12-15,5.362677205370059
2013-12-16,4.819000998382967
2013-12-17,4.701195248325502
2013-12-18,3.520403479143412
2013-12-19,5.178196906871311
2013-12-20,3.588747787160355
2013-12-21,3.161143874579281
2013-12-22,3.374388162234534
2013-12-23,3.623642058971026
2013-12-24,3.520840022265805
2013-12-25,3.482265366341467
2013-12-26,4.186413396042959
2013-12-27,4.117646561751367
2013-12-28,3.28847576515058
2013-12-29,3.714281100009731
2013-12-30,3.8235534671237
2013-12-31,3.999580126505813
2014-01-01,4.528010294225823
2014-01-02,3.062707566259506
2014-01-03,3.749838979501863
2014-01-04,3.338587249270411
2014-01-05,4.919540010494457
2014-01-06,4.761603851637576
2014-01-07,3.848673419733382
2014-01-08,4.319731434401159
2014-01-09,4.590040419006756
2014-01-10,4.241736785609183
2014-01-11,4.914006192546841
2014-01-12,4.514432285845482
2014-01-13,3.562336825203618
2014-01-14,3.360789009973617
2014-01-15,3.887429867343922
2014-01-16,3.747967756572661
2014-01-17,2.982673915626274
2014-01-18,3.451048303424804
2014-01-19,3.443140308806995
2014-01-20,3.864024796520594
2014-01-21,3.255355151738986
2014-01-22,3.696546502919383
2014-01-23,3.347748523560252
2014-01-24,3.402578107618785
2014-01-25,3.044374765077423
2014-01-26,2.815736834544667
2014-01-27,2.930406515073147
2014-01-28,2.711746371972592
2014-01-29,2.68443010076263
2014-01-30,3.102000358977101
2014-01-31,3.229391243104571
2014-02-01,3.326758698484036
2014-02-02,3.234822296199423
2014-02-03,3.114912511047571
2014-02-04,2.912968449698295
2014-02-05,2.752131826852926
2014-02-06,2.890465239149552
2014-02-07,2.273129200647157
2014-02-08,2.540115900900408
2014-02-09,1.93870964805059
2014-02-10,2.18307140542367
2014-02-11,2.236955405030336
2014-02-12,2.333167156888273
2014-02-13,2.152954073007641
2014-02-14,2.53875702113775
2014-02-15,2.413330383708914
2014-02-16,2.367932787654546
2014-02-17,1.9157174276248
2014-02-18,1.987905445564722
2014-02-19,2.40622856483208
2014-02-20,1.908792153695145
2014-02-21,1.686836014536552
2014-02-22,2.088196965607531
2014-02-23,1.928796223204385
2014-02-24,1.926507333862813
2014-02-25,1.617239964449964
2014-02-26,2.005341717629396
2014-02-27,2.029283763929988
2014-02-28,1.83997886982391
2014-03-01,1.498572702010676
2014-03-02,1.442114694521796
2014-03-03,1.825955440050243
2014-03-04,1.820464004399342
2014-03-05,1.885576774995102
2014-03-06,2.076518879439707
2014-03-07,1.873467630265271
2014-03-08,1.851149040816083
2014-03-09,2.018408092640675
2014-03-10,1.652186428277123
2014-03-11,1.869352751989918
2014-03-12,2.010792646086275
2014-03-13,1.803371375103076
2014-03-14,1.448911088659905
2014-03-15,1.808209404628175
2014-03-16,1.857987456884548
2014-03-17,1.709714576278714
2014-03-18,1.522917234361707
2014-03-19,1.654554339200878
2014-03-20,1.749968940909671
2014-03-21,1.778564506381346
2014-03-22,1.605654677721073
2014-03-23,1.990120284129641
2014-03-24,1.820353533818734
2014-03-25,1.513295627672018
2014-03-26,1.514763296714539
2014-03-27,1.338717328114322
2014-03-28,1.424001896087953
2014-03-29,1.400804038055968
2014-03-30,1.043745513210361
2014-03-31,1.332527383921501
2014-04-01,1.324142570443517
2014-04-02,1.394864107072198
2014-04-03,1.472489858777289
2014-04-04,1.410953798859982
2014-04-05,1.266052523631536
2014-04-06,1.102054152671559
2014-04-07,1.079751980947568
2014-04-08,0.9668211696877789
2014-04-09,1.134489541746691
2014-04-10,0.8947705929144533
2014-04-11,1.131954485950914
2014-04-12,1.074843085822833
2014-04-13,1.225876961080325
2014-04-14,1.39027963955175
2014-04-15,1.486885423558677
2014-04-16,1.308324581585585
2014-04-17,1.309441595871073
2014-04-18,1.195941759707323
2014-04-19,1.240900809318252
2014-04-20,1.371905719854869
2014-04-21,1.306753516010809
2014-04-22,1.158124908250877
2014-04-23,1.242358640341788
2014-04-24,1.158566418881324
2014-04-25,1.293667589491599
2014-04-26,1.140807096039832
2014-04-27,1.164807558298247
2014-04-28,1.018627707795475
2014-04-29,1.156413561588207
2014-04-30,0.9275566299132062
2014-05-01,1.218146662369847
2014-05-02,1.096859621175121
2014-05-03,0.9346515474909357
2014-05-04,0.9807700934321818
2014-05-05,0.8083290900049126
2014-05-06,1.235302752019928
2014-05-07,1.041124481502922
2014-05-08,1.086376199580096
2014-05-09,1.134874717756648
2014-05-10,1.203713995525852
2014-05-11,0.9816824924188796
2014-05-12,1.065802016041937
2014-05-13,1.042333047806731
2014-05-14,0.9779256513278776
2014-05-15,1.113327226818641
2014-05-16,1.177394807500419
2014-05-17,1.129125747022669
2014-05-18,1.112096404020755
2014-05-19,1.081167414039878
2014-05-20,1.247654472319232
2014-05-21,1.241423583165382
2014-05-22,1.304969016714479
2014-05-23,1.234673290915049
2014-05-24,1.159865810960626
2014-05-25,1.31141836818089
2014-05-26,1.307782362736745
2014-05-27,1.103719191006483
2014-05-28,1.383923469934113
2014-05-29,1.132445025860101
2014-05-30,1.455371597260161
2014-05-31,1.290198597773177
2014-06-01,1.536897883839796
2014-06-02,1.774656726964169
2014-06-03,1.651289619491576
2014-06-04,1.603902055855509
2014-06-05,1.383762602777229
2014-06-06,1.238341884639195
2014-06-07,1.392399163695479
2014-06-08,1.220485364952219
2014-06-09,1.375426443263609
2014-06-10,1.467932262946924
2014-06-11,1.22890766140546
2014-06-12,1.324127621381138
2014-06-13,1.297007902326253
2014-06-14,1.354232208213286
2014-06-15,1.496776278345936
2014-06-16,1.468285419495545
2014-06-17,1.479556895675838
2014-06-18,1.268740409504557
2014-06-19,1.305735982507679
2014-06-20,1.438499966029208
2014-06-21,1.433477098251666
2014-06-22,1.408635163026597
2014-06-23,1.346715161398504
2014-06-24,1.397261230254468
2014-06-25,1.354811416551826
2014-06-26,1.277120879871312
2014-06-27,1.517091494280312
2014-06-28,1.375120785626683
2014-06-29,1.201788874152223
2014-06-30,1.07459679080098
2014-07-01,1.081193366569777
2014-07-02,1.129500093136719
2014-07-03,1.136367791318981
2014-07-04,1.311293623185607
2014-07-05,1.203614700525401
2014-07-06,1.123118245219009
2014-07-07,1.16740409708336
2014-07-08,1.16741773408672
2014-07-09,1.282428368236353
2014-07-10,1.138960712846813
2014-07-11,1.222284775287089
2014-07-12,1.23037574878344
2014-07-13,1.238777742018834
2014-07-14,1.026045401012751
2014-07-15,1.212161213911256
2014-07-16,1.082055855904822
2014-07-17,1.30399475167517
2014-07-18,1.315919701720524
2014-07-19,1.345615654747662
2014-07-20,1.167940976338154
2014-07-21,1.157896860931534
2014-07-22,1.054956978172561
2014-07-23,1.08221632925882
2014-07-24,1.02997892937067
2014-07-25,1.168414799660231
2014-07-26,0.9475752468910179
2014-07-27,1.071780148717519
2014-07-28,1.044165442925459
2014-07-29,1.027371867592521
2014-07-30,1.13874522445968
2014-07-31,1.051379647980695
2014-08-01,1.098693170073972
2014-08-02,1.120217219536207
2014-08-03,1.050971405506645
2014-08-04,0.8759670510501122
2014-08-05,0.9094686997479617
2014-08-06,1.105670676860985
2014-08-07,1.080054506464706
2014-08-08,1.071400251112337
2014-08-09,1.230671786513726
2014-08-10,1.190282479458913
2014-08-11,1.193204356540498
2014-08-12,1.12603590549069
2014-08-13,0.9010599949806357
2014-08-14,1.036296193077007
2014-08-15,0.9367029608769537
2014-08-16,0.9339044839686115
2014-08-17,0.9609556120459609
2014-08-18,1.053877927214527
2014-08-19,1.025308051449342
2014-08-20,0.9808967331759605
2014-08-21,0.9601079218846588
2014-08-22,0.9021276578323666
2014-08-23,0.8950515953699705
2014-08-24,0.8241986105376372
2014-08-25,0.76716394936791
2014-08-26,0.9846487672566605
2014-08-27,0.9565816640180632
2014-08-28,0.9669359773321063
2014-08-29,0.9530730646961243
2014-08-30,1.001802380051241
2014-08-31,0.9871983318719995
2014-09-01,0.7090457922234428
2014-09-02,0.7629139010594401
2014-09-03,0.8765585809374112
2014-09-04,0.8425164074798169
2014-09-05,0.754936380490992
2014-09-06,0.9334305352577524
2014-09-07,0.8031912348072512
2014-09-08,0.7311984585676816
2014-09-09,0.7491869396360289
2014-09-10,0.8110905107884859
2014-09-11,0.8756999036544421
2014-09-12,0.7871745839413592
2014-09-13,0.928627428209289
2014-09-14,0.805796677388696
2014-09-15,0.7962427245128637
2014-09-16,0.8487989244689969
2014-09-17,0.8993563350868707
2014-09-18,0.8132898030549718
2014-09-19,0.7211903271132456
2014-09-20,0.7691871729055055
2014-09-21,0.693701790323257
2014-09-22,0.7078627626008142
2014-09-23,0.6995920587198848
2014-09-24,0.7003651086203885
2014-09-25,0.7452283994666986
2014-09-26,0.5753833311548401
2014-09-27,0.56726378004859
2014-09-28,0.5151716444191129
2014-09-29,0.5406825915484843
2014-09-30,0.6290239299861409
2014-10-01,0.6265082295285992
2014-10-02,0.5449762807202306
2014-10-03,0.5483037434663479
2014-10-04,0.5281772695187097
2014-10-05,0.572539345031883
2014-10-06,0.5535652800239832
2014-10-07,0.4697134309832716
2014-10-08,0.5366015529759148
2014-10-09,0.5644215435145131
2014-10-10,0.5844892488986874
2014-10-11,0.5445551454939642
2014-10-12,0.58567891974742
2014-10-13,0.6337217060585014
2014-10-14,0.5536312479850564
2014-10-15,0.6193873052909797
2014-10-16,0.5896356364847273
2014-10-17,0.5652148112306633
2014-10-18,0.6647265517752344
2014-10-19,0.5361978324805202
2014-10-20,0.5420985041429712
2014-10-21,0.6119406030516895
2014-10-22,0.6299300359225305
2014-10-23,0.557743051779294
2014-10-24,0.5895518545236991
2014-10-25,0.5583356063188193
2014-10-26,0.4593286856394482
2014-10-27,0.5771729732107772
2014-10-28,0.507808350812361
2014-10-29,0.5368181331165859
2014-10-30,0.6075441342434581
2014-10-31,0.6550247895079717
2014-11-01,0.5323561693453106
2014-11-02,0.518553138622542
2014-11-03,0.5683197523990249
2014-11-04,0.551192763037984
2014-11-05,0.4810128742317562
2014-11-06,0.5554698589241545
2014-11-07,0.5288078639509952
2014-11-08,0.5445603184684819
2014-11-09,0.5650798478041956
2014-11-10,0.5540795870334775
2014-11-11,0.491955911570657
2014-11-12,0.6434374008527015
2014-11-13,0.628867814555532
2014-11-14,0.63449784698869
2014-11-15,0.543922292881316
2014-11-16,0.6035357808402215
2014-11-17,0.5784154446775973
2014-11-18,0.5977621686912415
2014-11-19,0.5535763576835736
2014-11-20,0.5104914866210175
2014-11-21,0.4628058530206146
2014-11-22,0.5664461713906668
2014-11-23,0.5452322954751905
2014-11-24,0.5783864490291771
2014-11-25,0.5218191700569922
2014-11-26,0.5299786172972643
2014-11-27,0.550312374534423
2014-11-28,0.590922738375266
2014-11-29,0.6275540804200487
2014-11-30,0.643706650379506
2014-12-01,0.5256096658059257
2014-12-02,0.6120638569446137
2014-12-03,0.471701772507462
2014-12-04,0.5856946285317076
2014-12-05,0.6389911123447221
2014-12-06,0.5617200095920531
2014-12-07,0.5210307946127462
2014-12-08,0.6484091264154366
2014-12-09,0.5512968932933789
2014-12-10,0.5496459301827098
2014-12-11,0.5735545129554267
2014-12-12,0.5541968095334638
2014-12-13,0.5722923123491022
2014-12-14,0.5647973846480926
2014-12-15,0.5525467338252867
2014-12-16,0.5311047119616704
2014-12-17,0.4664743707103333
2014-12-18,0.4571768111014006
2014-12-19,0.4970183402162999
2014-12-20,0.5065397966605082
2014-12-21,0.4832438147539728
2014-12-22,0.6189803404692767
2014-12-23,0.5787017893161449
2014-12-24,0.5626236358553407
2014-12-25,0.5804660445689089
2014-12-26,0.5783112612011785
2014-12-27,0.556485290784751
2014-12-28,0.6214916262967157
2014-12-29,0.5950573179919507
2014-12-30,0.5619941044842037
2014-12-31,0.5692660770882657
2015-01-01,0.6058973831781606
2015-01-02,0.6106995318550104
2015-01-03,0.5390091826022545
2015-01-04,0.5358327033827165
2015-01-05,0.5116192231051968
2015-01-06,0.5198760324161263
2015-01-07,0.4623546552560996
2015-01-08,0.50088650968649
2015-01-09,0.4953408415016067
2015-01-10,0.4887099263688203
2015-01-11,0.4985289619119636
2015-01-12,0.4647554172033636
2015-01-13,0.3519419408305517
2015-01-14,0.3067657720082012
2015-01-15,0.3917376187590939
2015-01-16,0.3571038076132205
2015-01-17,0.3423633206223922
2015-01-18,0.4042004278086911
2015-01-19,0.3897216439697069
2015-01-20,0.3137113408530709
2015-01-21,0.4273977280894539
2015-01-22,0.3988541711310366
2015-01-23,0.3688695011301995
2015-01-24,0.4013285787028941
2015-01-25,0.4081586270629917
2015-01-26,0.4486963274598578
2015-01-27,0.5072303706454896
2015-01-28,0.4993393954061371
2015-01-29,0.5005585512152221
2015-01-30,0.4105439846215089
2015-01-31,0.4733785523650921
2015-02-01,0.4630374414578819
2015-02-02,0.4987239831999707
2015-02-03,0.3831208802902485
2015-02-04,0.479709096813473
2015-02-05,0.4596731911029318
2015-02-06,0.5274086276108073
2015-02-07,0.4884650817867758
2015-02-08,0.3982113087612356
2015-02-09,0.4803946347951939
2015-02-10,0.4302085658009812
2015-02-11,0.4713395771025513
2015-02-12,0.3614152848475577
2015-02-13,0.4727797707819865
2015-02-14,0.5636290491412084
2015-02-15,0.4525999102438444
2015-02-16,0.5080279239865639
2015-02-17,0.5044250148749101
2015-02-18,0.5495553448572676
2015-02-19,0.5570870746746335
2015-02-20,0.5403114058006776
2015-02-21,0.4869730563399158
2015-02-22,0.499839176564334
2015-02-23,0.4771842421588124
2015-02-24,0.435977386961572
2015-02-25,0.5341597665295496
2015-02-26,0.5031016216523289
2015-02-27,0.5473424349891431
2015-02-28,0.5123382049799937
2015-03-01,0.5161575373943662
2015-03-02,0.6224156487002456
2015-03-03,0.6382335451076359
2015-03-04,0.5460855969843817
2015-03-05,0.5235644574899466
2015-03-06,0.5829132521511922
2015-03-07,0.5601561656241245
2015-03-08,0.6218633933793699
2015-03-09,0.6033260197652612
2015-03-10,0.6472642162570871
2015-03-11,0.6665180047366598
2015-03-12,0.5675696716218465
2015-03-13,0.611937620419104
2015-03-14,0.5455015610305205
2015-03-15,0.6052987588889519
2015-03-16,0.5989003651118385
2015-03-17,0.5432561745419211
2015-03-18,0.5866790192919682
2015-03-19,0.5353997012846818
2015-03-20,0.5345381467018279
2015-03-21,0.5905643405235909
2015-03-22,0.5713784915441462
2015-03-23,0.5817488932546296
2015-03-24,0.6411965682495503
2015-03-25,0.6051416157409605
2015-03-26,0.5601351902875877
2015-03-27,0.643410728683506
2015-03-28,0.5705405145608002
2015-03-29,0.5674553213615284
2015-03-30,0.5389222129801464
2015-03-31,0.5615242653131179
2015-04-01,0.5017263182014817
2015-04-02,0.647423303457552
2015-04-03,0.5729975137723343
2015-04-04,0.5993095179959642
2015-04-05,0.59747349192201
2015-04-06,0.5006544794281025
2015-04-07,0.5983933703866221
2015-04-08,0.4774269767515064
2015-04-09,0.5065281031151678
2015-04-10,0.5611061215302646
2015-04-11,0.5169044518688887
2015-04-12,0.4726109232443342
2015-04-13,0.5489977487761993
2015-04-14,0.51249648572172
2015-04-15,0.4297131895229945
2015-04-16,0.4918604413293383
2015-04-17,0.4442093000071793
2015-04-18,0.516355012887919
2015-04-19,0.5138054378187066
2015-04-20,0.5514832953921085
2015-04-21,0.5739680770044007
2015-04-22,0.5668771123790365
2015-04-23,0.4913641582846366
2015-04-24,0.4594990200157943
2015-04-25,0.6050822451766111
2015-04-26,0.5119617003991737
2015-04-27,0.5026063552245897
2015-04-28,0.5568454351074998
2015-04-29,0.4641997849673029
2015-04-30,0.5143123605227203
2015-05-01,0.5590587808052352
2015-05-02,0.56030547409048
2015-05-03,0.5503264859403508
2015-05-04,0.4997676296230094
2015-05-05,0.5937903799970385
2015-05-06,0.6008598755526694
2015-05-07,0.5486231595881919
2015-05-08,0.6015822879641591
2015-05-09,0.5146306801215716
2015-05-10,0.512381912281636
2015-05-11,0.6301646444682771
2015-05-12,0.5984732693102323
2015-05-13,0.6335964792460702
2015-05-14,0.6052286931317913
2015-05-15,0.5807319936442591
2015-05-16,0.5192970406472872
2015-05-17,0.6740733229041045
2015-05-18,0.5619325596896338
2015-05-19,0.5051171413541419
2015-05-20,0.5703397656574241
2015-05-21,0.6139625656941501
2015-05-22,0.5584173285957732
2015-05-23,0.4523446974241527
2015-05-24,0.5940746028449513
2015-05-25,0.5670322853168571
2015-05-26,0.580182222920274
2015-05-27,0.5588343223419868
2015-05-28,0.5366407613654218
2015-05-29,0.6253309236092623
2015-05-30,0.5432028771262913
2015-05-31,0.5913420793413662
2015-06-01,0.5128310835618207
2015-06-02,0.5894634742203662
2015-06-03,0.5606017908112401
2015-06-04,0.5547015307046752
2015-06-05,0.5462384943142485
2015-06-06,0.7067438153240269
2015-06-07,0.5896329045606205
2015-06-08,0.6341219084481866
2015-06-09,0.6165718052753879
2015-06-10,0.691135465392467
2015-06-11,0.5557754871293406
2015-06-12,0.5866718229829117
2015-06-13,0.6685458500277365
2015-06-14,0.6224690732929472
2015-06-15,0.6200425698224216
2015-06-16,0.5416492760396784
2015-06-17,0.7215158030866513
2015-06-18,0.7153066724765065
2015-06-19,0.6641824081675459
2015-06-20,0.6100438377483939
2015-06-21,0.5625926975153586
2015-06-22,0.7064271387643623
2015-06-23,0.6405796014118688
2015-06-24,0.7033204719068054
2015-06-25,0.6943384385294479
2015-06-26,0.7073447793468346
2015-06-27,0.6163712669348204
2015-06-28,0.6687071967233965
2015-06-29,0.6881177055129555
2015-06-30,0.734185470737543
2015-07-01,0.6712285531686629
2015-07-02,0.7570137235198944
2015-07-03,0.7977626990137611
2015-07-04,0.7670026030929255
2015-07-05,0.7507584542153334
2015-07-06,0.9465329319449406
2015-07-07,0.7019919034197902
2015-07-08,0.860689336479984
2015-07-09,0.7100382253872509
2015-07-10,0.8726430938325137
2015-07-11,0.860573714534126
2015-07-12,0.8426005448650221
2015-07-13,0.8657715885205279
2015-07-14,0.8280517857870947
2015-07-15,0.8757595774443474
2015-07-16,0.7510131210325602
2015-07-17,0.8299255511441928
2015-07-18,0.8398102208559101
2015-07-19,0.8495155384620791
2015-07-20,0.8927818325818296
2015-07-21,0.720510289246612
2015-07-22,0.8778653028044601
2015-07-23,0.7989836655688262
2015-07-24,1.005990743499201
2015-07-25,0.919217836254728
2015-07-26,0.87368189019287
2015-07-27,0.9120749821852335
2015-07-28,0.83733207495127
2015-07-29,0.9240859375141349
2015-07-30,0.811674488364766
2015-07-31,0.9062246623357998
2015-08-01,0.9207127075059099
2015-08-02,0.8994863320399167
2015-08-03,0.9341731826191981
2015-08-04,0.8262902651324343
2015-08-05,0.8001683336994927
2015-08-06,0.8527866053786913
2015-08-07,0.8205133950735227
2015-08-08,0.9051979396771924
2015-08-09,0.8181444696973301
2015-08-10,0.957159614024639
2015-08-11,0.9558149324217282
2015-08-12,0.7355038181259669
2015-08-13,0.8497987956851066
2015-08-14,0.8282351023888995
2015-08-15,0.7896293102927308
2015-08-16,0.7855631574734059
2015-08-17,0.8339714592000071
2015-08-18,0.696112798129111
2015-08-19,0.7896629299020425
2015-08-20,0.7894413030163807
2015-08-21,0.8605945127357323
2015-08-22,0.8194491843427284
2015-08-23,0.6906683249990292
2015-08-24,0.7390689671269857
2015-08-25,0.6826493516023969
2015-08-26,0.8267110472139342
2015-08-27,0.7047040396077674
2015-08-28,0.8204460071044817
2015-08-29,0.8437907682310574
2015-08-30,0.7892569032079274
2015-08-31,0.8366614494240249
2015-09-01,0.8127802284281525
2015-09-02,0.8568587170697116
2015-09-03,0.7725005742338927
2015-09-04,0.8411546663743135
2015-09-05,0.8118217536465645
2015-09-06,0.8122626720020694
2015-09-07,0.8621056071402982
2015-09-08,0.7831204286014458
2015-09-09,0.8399694477305057
2015-09-10,0.9653894480027778
2015-09-11,0.9050497285787856
2015-09-12,0.7573907207574991
2015-09-13,0.8298127247950494
2015-09-14,0.8403071285732931
2015-09-15,0.8839557057180482
2015-09-16,0.7838212073362755
2015-09-17,0.8098991827176948
2015-09-18,0.8309770482550577
2015-09-19,0.7032119139118685
2015-09-20,0.7186467148049307
2015-09-21,0.7314026924694443
2015-09-22,0.8854206227502232
2015-09-23,0.8892391636245851
2015-09-24,0.8060245279226067
2015-09-25,0.9491971593489512
2015-09-26,0.8495708089561643
2015-09-27,0.8562645942952455
2015-09-28,0.8460047586462125
2015-09-29,1.018766518081782
2015-09-30,0.8679158912203031
2015-10-01,0.8792021327482904
2015-10-02,0.8163651871184566
2015-10-03,0.8624663550380006
2015-10-04,0.9092026299145501
2015-10-05,0.9167551166710542
2015-10-06,0.8740595305428918
2015-10-07,0.808036090606959
2015-10-08,0.8504582345960481
2015-10-09,0.771004321763176
2015-10-10,0.9850014492791996
2015-10-11,0.9100564647832922
2015-10-12,0.8782992296276249
2015-10-13,0.8622199857920753
2015-10-14,0.9692547623715092
2015-10-15,1.065776406894611
2015-10-16,0.9563371405867239
2015-10-17,0.9380142802318882
2015-10-18,0.9691811407200442
2015-10-19,1.104955977061116
2015-10-20,0.8815970041441057
2015-10-21,0.982201276449912
2015-10-22,1.038497919534668
2015-10-23,1.058068504385522
2015-10-24,1.048642065657515
2015-10-25,1.123179857514779
2015-10-26,1.199154080142631
2015-10-27,1.108566143459028
2015-10-28,1.075831275449086
2015-10-29,1.218168359723824
2015-10-30,1.437604308393695
2015-10-31,1.174415329336766
2015-11-01,1.285812161697223
2015-11-02,1.422356998177764
2015-11-03,1.601737964418507
2015-11-04,1.623977817248983
2015-11-05,1.440493530061306
2015-11-06,1.388158073696407
2015-11-07,1.495227458644786
2015-11-08,1.321658923819513
2015-11-09,1.441387473191376
2015-11-10,1.251994186494705
2015-11-11,1.32877603248645
2015-11-12,1.390413205792751
2015-11-13,1.36746513238828
2015-11-14,1.20987879441174
2015-11-15,1.308247919954923
2015-11-16,1.465904738469613
2015-11-17,1.281220476547968
2015-11-18,1.310265363966189
2015-11-19,1.137488149595657
2015-11-20,1.374109222253718
2015-11-21,1.449537340298012
2015-11-22,1.421533313356657
2015-11-23,1.345368310625313
2015-11-24,1.276946761772827
2015-11-25,1.245256137068433
2015-11-26,1.58639104201705
2015-11-27,1.217437373454758
2015-11-28,1.403269789965813
2015-11-29,1.413986306569442
2015-11-30,1.563552337729272
2015-12-01,1.539589978991451
2015-12-02,1.479395825999023
2015-12-03,1.312179161947873
2015-12-04,1.420932679978907
2015-12-05,1.73170835169289
2015-12-06,1.57215759447409
2015-12-07,1.481144620011737
2015-12-08,1.857490816744638
2015-12-09,1.785778507211162
2015-12-10,2.262238847189697
2015-12-11,1.841282804190728
2015-12-12,1.791258820300696
2015-12-13,1.55712133344663
2015-12-14,2.182340208551413
2015-12-15,2.136482196022391
2015-12-16,1.859619958751746
2015-12-17,1.772564284399159
2015-12-18,1.956961273536506
2015-12-19,1.80785461854651
2015-12-20,1.81605730658156
2015-12-21,1.623168332957704
2015-12-22,1.622368243350345
2015-12-23,1.725553685154334
2015-12-24,1.561499507092738
2015-12-25,1.824754760840497
2015-12-26,1.765656690999805
2015-12-27,2.125937319775588
2015-12-28,1.567246518826408
2015-12-29,1.691824621005266
2015-12-30,1.728136520467193
2015-12-31,1.496848625154064
2016-01-01,1.435958920057524
2016-01-02,1.54555869717725
2016-01-03,1.526843436054025
2016-01-04,1.914783080611642
2016-01-05,1.657655248004315
2016-01-06,1.476482086500281
2016-01-07,1.641559345567772
2016-01-08,1.902787299860686
2016-01-09,1.642738457603256
2016-01-10,1.892855509182693
2016-01-11,1.83717288289991
2016-01-12,1.778356021192471
2016-01-13,1.536252672514242
2016-01-14,1.369652118194913
2016-01-15,1.060261502310523
2016-01-16,1.316974260361756
2016-01-17,1.364933721821956
2016-01-18,1.583310723307049
2016-01-19,1.193229039365765
2016-01-20,1.513964587356932
2016-01-21,1.333440562860982
2016-01-22,1.593559814695938
2016-01-23,1.629125911526054
2016-01-24,1.617528486927926
2016-01-25,1.487796283545838
2016-01-26,1.469407230343687
2016-01-27,1.432858403501075
2016-01-28,1.298347768053171
2016-01-29,1.493256045556278
2016-01-30,1.638041055434419
2016-01-31,1.541927320602736
2016-02-01,1.390705140986968
2016-02-02,1.557196290745416
2016-02-03,1.521986069721284
2016-02-04,1.50013337813927
2016-02-05,1.656887902853373
2016-02-06,1.716907776516864
2016-02-07,1.514073933153161
2016-02-08,1.256712928524729
2016-02-09,1.495045827153075
2016-02-10,1.415653193566085
2016-02-11,1.638544986518117
2016-02-12,1.479654656609823
2016-02-13,1.37650605063116
2016-02-14,1.521221869631227
2016-02-15,1.367494058131635
2016-02-16,1.267682051806533
2016-02-17,1.446800753778834
2016-02-18,1.596512253281937
2016-02-19,1.368913851612619
2016-02-20,1.459090466619801
2016-02-21,1.256422115671314
2016-02-22,1.244507197097606
2016-02-23,1.276145440379366
2016-02-24,1.118610276539228
2016-02-25,1.460254855859653
2016-02-26,1.33954694658296
2016-02-27,1.406468415298404
2016-02-28,1.282424847008742
2016-02-29,1.289854295415258
2016-03-01,1.356493525970825
2016-03-02,1.472017975848025
2016-03-03,1.253383331315475
2016-03-04,1.390798046339959
2016-03-05,1.319703339795679
2016-03-06,1.312656895456251
2016-03-07,1.205618532023452
2016-03-08,1.387387316924517
2016-03-09,1.517615964530681
2016-03-10,1.406626567585469
2016-03-11,1.461393379519932
2016-03-12,1.283626168169775
2016-03-13,1.192874734204697
2016-03-14,1.369574457599974
2016-03-15,1.449623992611955
2016-03-16,1.371588170728387
2016-03-17,1.278406675204042
2016-03-18,1.203737017010472
2016-03-19,1.200385398449355
2016-03-20,1.292428652146057
2016-03-21,1.232476624004927
2016-03-22,1.325307561861264
2016-03-23,1.334243026494127
2016-03-24,1.299662946846698
2016-03-25,1.298534178949218
2016-03-26,1.361458819535518
2016-03-27,1.276872759618805
2016-03-28,1.53072624761367
2016-03-29,1.394570091053757
2016-03-30,1.291481792354484
2016-03-31,1.097203502505942
2016-04-01,1.356175814069144
2016-04-02,1.23853663290233
2016-04-03,1.261524535970732
2016-04-04,1.45961532825819
2016-04-05,1.379955007545551
2016-04-06,1.395882623104148
2016-04-07,1.230927966199711
2016-04-08,1.264770574219102
2016-04-09,1.417367042247604
2016-04-10,1.518760399485737
2016-04-11,1.352118781304942
2016-04-12,1.316875401137728
2016-04-13,1.446267584003069
2016-04-14,1.445140536470137
2016-04-15,1.238598441610884
2016-04-16,1.232034122701098
2016-04-17,1.391957411940396
2016-04-18,1.187142442368584
2016-04-19,1.345004120096552
2016-04-20,1.494269484550101
2016-04-21,1.394573616155806
2016-04-22,1.30853756405159
2016-04-23,1.333066040172154
2016-04-24,1.239574592454084
2016-04-25,1.201000040135938
2016-04-26,1.547470454296525
2016-04-27,1.163756340494068
2016-04-28,1.235664721543403
2016-04-29,1.45821546414859
2016-04-30,1.331180684837294
2016-05-01,1.410276822741501
2016-05-02,1.402202417340824
2016-05-03,1.363775028034798
2016-05-04,1.492557096369358
2016-05-05,1.386754578110419
2016-05-06,1.483252936359316
2016-05-07,1.370168897892083
2016-05-08,1.529482354269474
2016-05-09,1.562266057973317
2016-05-10,1.409059370218954
2016-05-11,1.191865074661216
2016-05-12,1.246449860469682
2016-05-13,1.365504258486846
2016-05-14,1.29485452848277
2016-05-15,1.25429228653347
2016-05-16,1.258176560926562
2016-05-17,1.253226206392414
2016-05-18,1.358517511065363
2016-05-19,1.029152006678905
2016-05-20,1.289506631726821
2016-05-21,1.222634612808912
2016-05-22,1.563783939889732
2016-05-23,1.544116238611655
2016-05-24,1.265721705806384
2016-05-25,1.202682801294354
2016-05-26,1.180874352176127
2016-05-27,1.262803015491353
2016-05-28,1.335173740158476
2016-05-29,1.465509517685478
2016-05-30,1.462415003892696
2016-05-31,1.287170988453175
2016-06-01,1.454192231095589
2016-06-02,1.410065956333176
2016-06-03,1.530933337976607
2016-06-04,1.289888968317656
2016-06-05,1.82952120946214
2016-06-06,1.860351369002233
2016-06-07,1.513945561713801
2016-06-08,1.564828526289703
2016-06-09,1.767738541901934
2016-06-10,1.548632181046236
2016-06-11,1.746441226587173
2016-06-12,1.805413164912716
2016-06-13,2.08696955175254
2016-06-14,1.665671952418719
2016-06-15,1.947089906204903
2016-06-16,2.095703111488228
2016-06-17,2.04344784678349
2016-06-18,2.163441434838405
2016-06-19,2.434873135684109
2016-06-20,2.103000336607915
2016-06-21,1.779763796515041
2016-06-22,1.382414055053395
2016-06-23,1.568187450861704
2016-06-24,1.534506766970427
2016-06-25,1.900360074663588
2016-06-26,1.625767688330492
2016-06-27,1.694860661079284
2016-06-28,1.676116621799894
2016-06-29,1.623358930814152
2016-06-30,1.754898091218581
2016-07-01,1.818278137081182
2016-07-02,1.806335051594691
2016-07-03,1.747266416336499
2016-07-04,1.764360304537979
2016-07-05,1.662278578065471
2016-07-06,1.619224505029706
2016-07-07,1.497473031956712
2016-07-08,1.641094745338914
2016-07-09,1.655593499336842
2016-07-10,0.8644160570714992
2016-07-11,0.8015547679390967
2016-07-12,0.816002633277369
2016-07-13,0.7279874644357837
2016-07-14,0.8014447761223962
2016-07-15,0.7742452759797193
2016-07-16,0.8897351361341159
2016-07-17,0.8649198800678091
2016-07-18,0.8578968281917927
2016-07-19,0.7456757099902275
2016-07-20,0.8607753986736228
2016-07-21,0.7646354842116492
2016-07-22,0.7287497082681986
2016-07-23,0.742590531719956
2016-07-24,0.703747655264749
2016-07-25,0.745666207365114
2016-07-26,0.7323621378370554
2016-07-27,0.7313425710745122
2016-07-28,0.7714306267708545
2016-07-29,0.8341123739444158
2016-07-30,0.6762704834494534
2016-07-31,0.8318084908472921
2016-08-01,0.7955307747500597
2016-08-02,0.7212820124465941
2016-08-03,0.814767338976902
2016-08-04,0.7687303271778309
2016-08-05,0.8397670918950179
2016-08-06,0.8360891927045574
2016-08-07,0.7552716669161085
2016-08-08,0.759299097614846
2016-08-09,0.6310503279731263
2016-08-10,0.7721018517842536
2016-08-11,0.7600959281525622
2016-08-12,0.7525384612137674
2016-08-13,0.8142599017630628
2016-08-14,0.7955888605775046
2016-08-15,0.7107146581676876
2016-08-16,0.677402297894054
2016-08-17,0.6115263575751708
2016-08-18,0.758803573618556
2016-08-19,0.760152583762324
2016-08-20,0.7664293023676452
2016-08-21,0.7997351269850015
2016-08-22,0.7867335050023933
2016-08-23,0.7310713278087023
2016-08-24,0.7490986289178302
2016-08-25,0.6407084039263617
2016-08-26,0.6525310149022702
2016-08-27,0.6954790444349251
2016-08-28,0.737482857075552
2016-08-29,0.726046170514643
2016-08-30,0.8007701941263433
2016-08-31,0.6522441891836487
2016-09-01,0.6822651931597169
2016-09-02,0.743854157549251
2016-09-03,0.6394504228596678
2016-09-04,0.9162023551730739
2016-09-05,0.7206230148639362
2016-09-06,0.7045464342631712
2016-09-07,0.7913148736511573
2016-09-08,0.7639698292659101
2016-09-09,0.7489642505396212
2016-09-10,0.8110664490241419
2016-09-11,0.8314766111007892
2016-09-12,0.83066550157867
2016-09-13,0.8461200640051653
2016-09-14,0.7993425104666757
2016-09-15,0.7833359509037491
2016-09-16,0.7136042757191748
2016-09-17,0.8281555522894906
2016-09-18,0.7417807843872622
2016-09-19,0.6842395311259394
2016-09-20,0.7713821805737618
2016-09-21,0.8292742862619004
2016-09-22,0.7056400381366812
2016-09-23,0.6872638945080105
2016-09-24,0.8320480510196109
2016-09-25,0.9192850598643367
2016-09-26,0.7747104833046168
2016-09-27,0.8415353199116047
2016-09-28,0.749479405105869
2016-09-29,0.7273474384508656
2016-09-30,0.7257456830970954
2016-10-01,0.8036796846417621
2016-10-02,0.7167471937068216
2016-10-03,0.7763298630455346
2016-10-04,0.8035057248118224
2016-10-05,0.851849274503589
2016-10-06,0.8230571396948607
2016-10-07,0.7394440229817558
2016-10-08,0.8678197262397281
2016-10-09,0.8145259410300358
2016-10-10,0.6424562933008597
2016-10-11,0.7498959343835204
2016-10-12,0.7626058439456653
2016-10-13,0.6798765313281339
2016-10-14,0.724023751275345
2016-10-15,0.7506679325447415
2016-10-16,0.6911651739894354
2016-10-17,0.6692110872655384
2016-10-18,0.8205507651828268
2016-10-19,0.6547425217706856
2016-10-20,0.710810209233641
2016-10-21,0.8584953114011783
2016-10-22,0.8058439682315944
2016-10-23,0.7772600335135696
2016-10-24,0.7757633060217648
2016-10-25,0.7669512383539657
2016-10-26,0.7972826057062053
2016-10-27,0.9387288499821258
2016-10-28,0.8721531206344725
2016-10-29,0.8833017927325741
2016-10-30,0.9635098026366491
2016-10-31,0.8519757684156444
2016-11-01,0.875726187302347
2016-11-02,0.8260945745300825
2016-11-03,0.8867677169051453
2016-11-04,0.690950735602301
2016-11-05,0.8624658564467188
2016-11-06,0.9088074993737385
2016-11-07,0.8617913897211636
2016-11-08,1.000930063243436
2016-11-09,0.8858800291404604
2016-11-10,0.9947625619012533
2016-11-11,0.9661768511400634
2016-11-12,0.9740321822073184
2016-11-13,0.8242497689794647
2016-11-14,1.002996310336661
2016-11-15,0.9234939964519464
2016-11-16,1.042655217792171
2016-11-17,0.9669376419788489
2016-11-18,0.9221823228341657
2016-11-19,0.8836359728737311
2016-11-20,0.77826799031354
2016-11-21,0.8603731479543157
2016-11-22,0.8470897301035261
2016-11-23,0.9198950116016436
2016-11-24,1.01505789214119
2016-11-25,0.9602567717834959
2016-11-26,0.9397582271998749
2016-11-27,0.8728604193086311
2016-11-28,1.003176327320325
2016-11-29,0.9150040656386028
2016-11-30,0.8859963549270394
2016-12-01,0.9243674713052742
2016-12-02,0.9348731298421256
2016-12-03,1.097875586376295
2016-12-04,0.9457360207042793
2016-12-05,0.9598984803868698
2016-12-06,0.9639689661618959
2016-12-07,1.111413673333577
2016-12-08,1.005499009026029
2016-12-09,0.8786009710479461
2016-12-10,0.8595033668696765
2016-12-11,1.185237668335471
2016-12-12,1.014611623603201
2016-12-13,1.152430552370472
2016-12-14,0.9107785725356283
2016-12-15,0.8382980595823221
2016-12-16,0.8801709990543428
2016-12-17,0.9512759091353573
2016-12-18,0.9344315883497072
2016-12-19,1.010702729606583
2016-12-20,0.9371372040426394
2016-12-21,1.12426018143576
2016-12-22,1.152189318345948
2016-12-23,1.175670763924561
2016-12-24,1.028584886172853
2016-12-25,1.219717169992855
2016-12-26,1.078257243592252
2016-12-27,1.220521294859572
2016-12-28,1.352282646740104
2016-12-29,1.233646639778183
2016-12-30,1.270007765328572
2016-12-31,1.197297511284336
2017-01-01,1.284005504033049
2017-01-02,1.361784918109641
2017-01-03,1.418665331773359
2017-01-04,1.505935802389797
2017-01-05,1.192967946278026
2017-01-06,1.219282310304488
2017-01-07,1.058463315345317
2017-01-08,1.278042864784024
2017-01-09,1.036651108143735
2017-01-10,1.224472821423523
2017-01-11,1.01903765361302
2017-01-12,1.166592827267915
2017-01-13,1.040077064898878
2017-01-14,1.174843072380027
2017-01-15,1.143986878432047
2017-01-16,1.173362427282002
2017-01-17,1.200883011598283
2017-01-18,1.118072354417382
2017-01-19,1.310627887576336
2017-01-20,1.400175824332114
2017-01-21,1.379646475413853
2017-01-22,1.326486068942449
2017-01-23,1.066139585719299
2017-01-24,1.125481877559197
2017-01-25,1.134171999464707
2017-01-26,1.194933172140456
2017-01-27,1.303309769111334
2017-01-28,1.180887179330559
2017-01-29,1.274872663781578
2017-01-30,1.125901151770778
2017-01-31,1.196329356707419
2017-02-01,1.589057338098881
2017-02-02,1.334943794050304
2017-02-03,1.295376934602994
2017-02-04,1.261081688671091
2017-02-05,1.355058816605126
2017-02-06,1.103773336327867
2017-02-07,1.360681350280516
2017-02-08,1.309210345215442
2017-02-09,1.415096221681934
2017-02-10,1.237101518080411
2017-02-11,1.180569722011373
2017-02-12,1.167307884788109
2017-02-13,1.361600652433944
2017-02-14,1.424566793932674
2017-02-15,1.182926534056293
2017-02-16,1.327287345775268
2017-02-17,1.348074695833296
2017-02-18,1.347125313374375
2017-02-19,1.185933857852916
2017-02-20,1.355471533788682
2017-02-21,1.321178864280132
2017-02-22,1.334444445448779
2017-02-23,1.517819995136398
2017-02-24,1.655562755327347
2017-02-25,1.621514815555835
2017-02-26,1.736093864662832
2017-02-27,1.463024681813616
2017-02-28,1.567429371961278
2017-03-01,1.524926202167707
2017-03-02,1.711344448247695
2017-03-03,1.689095164083939
2017-03-04,1.44182754453628
2017-03-05,1.593356016602544
2017-03-06,1.566916882316888
2017-03-07,1.63162832000984
2017-03-08,1.395436925458016
2017-03-09,1.504628886449518
2017-03-10,1.479380956618446
2017-03-11,1.4836631723122
2017-03-12,1.579528894619052
2017-03-13,1.516994578125137
2017-03-14,1.647370806073588
2017-03-15,1.517107423818693
2017-03-16,1.528598561477049
2017-03-17,1.390418113879844
2017-03-18,1.255634833631508
2017-03-19,1.3760054911813
2017-03-20,1.202781032970454
2017-03-21,1.336248332192492
2017-03-22,1.384075225203002
2017-03-23,1.267801986788195
2017-03-24,1.340828336176579
2017-03-25,1.047465389311063
2017-03-26,1.275093716379151
2017-03-27,1.132989543774757
2017-03-28,1.33747541474566
2017-03-29,1.187610221115868
2017-03-30,1.375587769144098
2017-03-31,1.211683266154647
2017-04-01,1.178447790044978
2017-04-02,1.389112022604325
2017-04-03,1.630722735072665
2017-04-04,1.178469802974519
2017-04-05,1.496371280095122
2017-04-06,1.43313096880002
2017-04-07,1.563212845785056
2017-04-08,1.297132322549916
2017-04-09,1.513749105746568
2017-04-10,1.419069645811329
2017-04-11,1.63663639525968
2017-04-12,1.395610875143486
2017-04-13,1.225063952057024
2017-04-14,1.336060384556163
2017-04-15,1.410169603525904
2017-04-16,1.330958543227653
2017-04-17,1.304353456299568
2017-04-18,1.411927295152365
2017-04-19,1.387065740025384
2017-04-20,1.383730243858478
2017-04-21,1.666652334607139
2017-04-22,1.414267993800442
2017-04-23,1.485515552178021
2017-04-24,1.244831088343813
2017-04-25,1.54342781705284
2017-04-26,1.59355347514876
2017-04-27,1.598774172218157
2017-04-28,1.490282409690904
2017-04-29,1.850176623403549
2017-04-30,1.626887832253689
2017-05-01,1.68614929168912
2017-05-02,1.849025891763405
2017-05-03,1.622696540146547
2017-05-04,2.089932939962695
2017-05-05,1.595148963347932
2017-05-06,2.11249769517775
2017-05-07,2.093895566849473
2017-05-08,2.412793253102293
2017-05-09,2.12230714435467
2017-05-10,2.11817629779187
2017-05-11,1.975913855616733
2017-05-12,2.07759877795815
2017-05-13,2.212736515658938
2017-05-14,2.284915179351109
2017-05-15,2.282464280615246
2017-05-16,1.865168243457598
2017-05-17,2.34331012025246
2017-05-18,2.189211010501571
2017-05-19,2.604553149669086
2017-05-20,2.660157822469013
2017-05-21,2.36748572731367
2017-05-22,2.475270277016353
2017-05-23,3.039287639861934
2017-05-24,3.023676809865464
2017-05-25,3.048159756886869
2017-05-26,2.775199387907491
2017-05-27,2.78669370473537
2017-05-28,2.804421601848582
2017-05-29,2.74976785854365
2017-05-30,3.099259852984674
2017-05-31,3.004898714304383
2017-06-01,3.23010097517664
2017-06-02,2.807434566879833
2017-06-03,3.669600101344076
2017-06-04,3.013247854962842
2017-06-05,3.294197100482589
2017-06-06,3.317362514628022
2017-06-07,3.524952248805048
2017-06-08,3.398221479303371
2017-06-09,3.109084052370399
2017-06-10,2.95296681028477
2017-06-11,3.048037056751537
2017-06-12,2.77624625476575
2017-06-13,2.811340660519553
2017-06-14,2.485952177256306
2017-06-15,2.606543745368391
2017-06-16,2.533919403656727
2017-06-17,2.564407824505917
2017-06-18,2.391535090319977
2017-06-19,2.679576714518906
2017-06-20,2.614343786049453
2017-06-21,2.645181882969365
2017-06-22,2.638364346713456
2017-06-23,2.80454359834438
2017-06-24,2.433637768479961
2017-06-25,1.978262234275474
2017-06-26,2.299063714135662
2017-06-27,2.266521189679172
2017-06-28,2.630656512201254
2017-06-29,2.043510250678199
2017-06-30,2.447369133145548
2017-07-01,2.423143787001382
2017-07-02,2.763404860139182
2017-07-03,2.637098447371495
2017-07-04,2.464457062969794
2017-07-05,2.331444221355534
2017-07-06,2.234621609605265
2017-07-07,2.219424574793609
2017-07-08,2.44055335821669
2017-07-09,1.989389091740355
2017-07-10,2.61593441881016
2017-07-11,2.283572521116895
2017-07-12,2.4127380807434
2017-07-13,2.100842128684288
2017-07-14,1.783978725800858
2017-07-15,1.590143305038741
2017-07-16,1.727092886235546
2017-07-17,1.859730644853783
2017-07-18,2.139796680040827
2017-07-19,1.888376674503724
2017-07-20,2.571077174556321
2017-07-21,2.306728269186777
2017-07-22,2.443025238596371
2017-07-23,2.481368068095865
2017-07-24,2.597297847762181
2017-07-25,2.025103976063535
2017-07-26,1.973240776567812
2017-07-27,2.160588018757456
2017-07-28,2.219178865373872
2017-07-29,2.198478549156705
2017-07-30,2.066304375772791
2017-07-31,2.18725739884715
2017-08-01,2.007440340183471
2017-08-02,2.070102101760807
2017-08-03,1.937945334983907
2017-08-04,2.509381219709738
2017-08-05,2.805000607992306
2017-08-06,2.187023008607648
2017-08-07,2.537527081673234
2017-08-08,2.757140629532585
2017-08-09,2.285561458409648
2017-08-10,2.316778777361606
2017-08-11,2.668570259468242
2017-08-12,2.624510152866382
2017-08-13,2.932094329348564
2017-08-14,2.851970156395669
2017-08-15,3.268953945439414
2017-08-16,2.990623817344325
2017-08-17,3.82515197174896
2017-08-18,3.078327203728779
2017-08-19,3.014689016165204
2017-08-20,2.498093388120449
2017-08-21,2.320076455402752
2017-08-22,1.971820899610912
2017-08-23,3.451132042906842
2017-08-24,2.335447022110007
2017-08-25,2.404537586394478
2017-08-26,2.450256881823346
2017-08-27,3.215541274620209
2017-08-28,2.795075675322007
2017-08-29,3.389307681615294
2017-08-30,3.586218884383737
2017-08-31,3.623208956956109
2017-09-01,3.89536762215802
2017-09-02,3.323668360126322
2017-09-03,3.042498650780386
2017-09-04,3.29033820122792
2017-09-05,3.631424549569757
2017-09-06,3.14218276765483
2017-09-07,3.341231110121603
2017-09-08,3.049156686608158
2017-09-09,2.834881083679489
2017-09-10,2.290412491384092
2017-09-11,2.814628801233017
2017-09-12,2.955699572107577
2017-09-13,2.742467135583897
2017-09-14,2.122699391440057
2017-09-15,2.515764295335334
2017-09-16,2.304006923401841
2017-09-17,2.354685753105042
2017-09-18,1.978900527237358
2017-09-19,2.273859594719799
2017-09-20,1.698138498531588
2017-09-21,2.292856401147286
2017-09-22,1.81168737930648
2017-09-23,2.210167113650194
2017-09-24,1.861365904108204
2017-09-25,1.786241790522664
2017-09-26,1.933844987450222
2017-09-27,2.196875433637453
2017-09-28,2.578854272671743
2017-09-29,2.415762293149418
2017-09-30,2.055722650515095
2017-10-01,1.975436726738713
2017-10-02,2.319915688882778
2017-10-03,2.685918505062012
2017-10-04,1.941137203749846
2017-10-05,1.882698973337783
2017-10-06,2.346250981988427
2017-10-07,2.308609610380278
2017-10-08,2.729909157041261
2017-10-09,2.548924675426966
2017-10-10,2.524160639371182
2017-10-11,2.219058643264975
2017-10-12,2.745301963146241
2017-10-13,2.685393365742795
2017-10-14,2.766150152678533
2017-10-15,3.510704418055729
2017-10-16,3.205866626953408
2017-10-17,2.952059842879628
2017-10-18,2.690380547636581
2017-10-19,3.171320563944557
2017-10-20,3.28528664130728
2017-10-21,2.83709239617556
2017-10-22,3.278086435146686
2017-10-23,3.053039990017075
2017-10-24,2.797110055676444
2017-10-25,3.100208710414076
2017-10-26,3.036847121339269
2017-10-27,1.841628303273054
2017-10-28,1.541713256336376
2017-10-29,2.914282973487729
2017-10-30,2.747396167292435
2017-10-31,2.674367074857193
2017-11-01,3.199233835501693
2017-11-02,3.160858204514718
2017-11-03,2.623873137382243
2017-11-04,2.889756314890533
2017-11-05,2.961703724230729
2017-11-06,2.689812961926835
2017-11-07,3.220688765742167
2017-11-08,3.079361637213799
2017-11-09,3.217623477160685
2017-11-10,2.365516877780191
2017-11-11,1.646128007017102
2017-11-12,1.830946268520251
2017-11-13,3.20816466889648
2017-11-14,2.81561883807331
2017-11-15,3.48260747729936
2017-11-16,3.56865539084238
2017-11-17,3.591134765991148
2017-11-18,2.883952917029567
2017-11-19,3.334639172046913
2017-11-20,3.779522239682676
2017-11-21,3.627946071567195
2017-11-22,3.12206664081701
2017-11-23,3.193268359161366
2017-11-24,3.047417828357009
2017-11-25,3.303083691630504
2017-11-26,3.421746377342341
2017-11-27,3.96660033660218
2017-11-28,3.716982804424531
2017-11-29,4.08434509293314
2017-11-30,3.921532151560712
2017-12-01,4.545585756759523
2017-12-02,3.93254647853045
2017-12-03,4.354369628594945
2017-12-04,4.61918203262481
2017-12-05,4.514742356666225
2017-12-06,5.641763073968169
2017-12-07,5.941686307976882
2017-12-08,6.333543336370124
2017-12-09,6.116071396633036
2017-12-10,5.506925954953386
2017-12-11,6.310400470305706
2017-12-12,6.048790083577023
2017-12-13,6.713388544558569
2017-12-14,6.689861393246149
2017-12-15,6.391135031654706
2017-12-16,6.878151894050469
2017-12-17,7.044868072696886
2017-12-18,6.887379213945425
2017-12-19,5.341548161998012
2017-12-20,5.289313065849516
2017-12-21,5.239427429399398
2017-12-22,5.802970801382215
2017-12-23,4.895086361100742
2017-12-24,4.593865842102651
2017-12-25,3.860262297361246
2017-12-26,4.494672952667909
2017-12-27,4.738010649318279
2017-12-28,4.264514069476142
2017-12-29,4.541580938637247
2017-12-30,3.634954107768011
2017-12-31,3.87376198127838
2018-01-01,3.477379641552107
2018-01-02,4.342030659949161
2018-01-03,4.274502498443984
2018-01-04,4.507520872701994
2018-01-05,4.306513086026458
2018-01-06,4.82030475563308
2018-01-07,4.370792835980982
2018-01-08,4.098970630737813
2018-01-09,3.945131671552934
2018-01-10,4.011352117729137
2018-01-11,3.95846712594123
2018-01-12,3.714234783191188
2018-01-13,3.192521421628919
2018-01-14,3.089696107086954
2018-01-15,2.992863462185801
2018-01-16,2.730237370397166
2018-01-17,2.803636044939986
2018-01-18,2.878824492465663
2018-01-19,2.641188692434271
2018-01-20,3.020210771971749
2018-01-21,2.718721874464385
2018-01-22,2.279493645822321
2018-01-23,2.360873404586829
2018-01-24,2.451395167678265
2018-01-25,2.11475360281668
2018-01-26,2.048053453476758
2018-01-27,2.06653820643947
2018-01-28,2.102952570688603
2018-01-29,1.885149470247341
2018-01-30,1.883495569989678
2018-01-31,1.377324425210034
2018-02-01,1.670437847218468
2018-02-02,1.741203339855253
2018-02-03,1.621999959314257
2018-02-04,1.579592153534176
2018-02-05,1.412100855356666
2018-02-06,1.450169826816594
2018-02-07,1.170043307658437
2018-02-08,1.158747508595445
2018-02-09,1.254900385191601
2018-02-10,1.300326638803514
2018-02-11,1.273667786594469
2018-02-12,1.536142747669527
2018-02-13,1.449973997663027
2018-02-14,1.745769248410131
2018-02-15,1.365295251993492
2018-02-16,1.642543127479226
2018-02-17,1.67778610165466
2018-02-18,1.726274855664168
2018-02-19,1.827203702265014
2018-02-20,1.604172362048127
2018-02-21,1.789075366292691
2018-02-22,1.47228489392708
2018-02-23,1.529247241644477
2018-02-24,1.440295491273389
2018-02-25,1.613178572631376
2018-02-26,1.431538264989809
2018-02-27,1.672289909998291
2018-02-28,1.5664652197409
2018-03-01,1.746621182068275
2018-03-02,1.659135079813319
2018-03-03,1.965439965978345
2018-03-04,1.614798735075894
2018-03-05,1.637127724853494
2018-03-06,1.582971944006725
2018-03-07,1.465721908054045
2018-03-08,1.420705614344845
2018-03-09,1.270632301195779
2018-03-10,1.158218609867083
2018-03-11,1.360016435316758
2018-03-12,1.365414832831217
2018-03-13,1.352681649034067
2018-03-14,1.095186810412479
2018-03-15,1.096311616490011
2018-03-16,1.183757769564772
2018-03-17,1.066989650878363
2018-03-18,1.122295329945388
2018-03-19,1.208511359942894
2018-03-20,1.024077299163967
2018-03-21,1.220146693278574
2018-03-22,1.117372623509228
2018-03-23,1.048735124469384
2018-03-24,1.201896137461525
2018-03-25,1.015904827615609
2018-03-26,1.09078923252624
2018-03-27,1.052944822465005
2018-03-28,0.9496217404758222
2018-03-29,0.9576047922366248
2018-03-30,0.9787294775322148
2018-03-31,0.7811065966734739
2018-04-01,0.964056424586711
2018-04-02,0.959499028546007
2018-04-03,1.05564278319192
2018-04-04,0.8740103762099042
2018-04-05,0.9191504871536852
2018-04-06,0.7959065901992642
2018-04-07,1.069906344998068
2018-04-08,0.9698897679127624
2018-04-09,0.8526813555790608
2018-04-10,0.9589014740294536
2018-04-11,0.9532277143495895
2018-04-12,1.046446684313131
2018-04-13,1.107594553283495
2018-04-14,0.9301035861761752
2018-04-15,1.151313994872542
2018-04-16,0.9602193888268301
2018-04-17,1.07869088355027
2018-04-18,1.096809112664935
2018-04-19,1.234157435312388
2018-04-20,1.015537573197289
2018-04-21,1.178582944924289
2018-04-22,1.168011732174015
2018-04-23,1.135084512072458
2018-04-24,1.303709142755883
2018-04-25,0.9363477351089384
2018-04-26,1.103169534849338
2018-04-27,1.06889426943304
2018-04-28,0.9917674936621285
2018-04-29,1.219941187557849
2018-04-30,1.173736745795261
2018-05-01,1.171652363995875
2018-05-02,1.056696811531576
2018-05-03,1.199174935257041
2018-05-04,1.091031508982851
2018-05-05,1.277081776278819
2018-05-06,1.065003624393658
2018-05-07,1.130799276058731
2018-05-08,1.032895117445307
2018-05-09,1.190167734447723
2018-05-10,1.106528563348263
2018-05-11,0.8614813033509401
2018-05-12,1.109874450145552
2018-05-13,1.018499358628094
2018-05-14,0.9142139231302057
2018-05-15,0.984873529305019
2018-05-16,1.174896509284179
2018-05-17,0.8518741428610508
2018-05-18,0.977627895456413
2018-05-19,0.9930381946963681
2018-05-20,0.9554154245795613
2018-05-21,1.02864079126853
2018-05-22,0.9435416044071543
2018-05-23,0.9510415906124133
2018-05-24,0.842539275620706
2018-05-25,1.013237710587649
2018-05-26,0.9168350414221367
2018-05-27,0.9258656698121395
2018-05-28,0.8566361590155548
2018-05-29,0.7990880461511236
2018-05-30,0.9845064366685741
2018-05-31,0.9711322305049008
2018-06-01,0.9524812015081325
2018-06-02,0.8821965251771743
2018-06-03,0.952822266474664
2018-06-04,1.038829205059061
2018-06-05,1.007871536629917
2018-06-06,0.8507663252803127
2018-06-07,0.8297431333481273
2018-06-08,0.8341238954722804
2018-06-09,0.8149444927232735
2018-06-10,0.6485926832080336
2018-06-11,0.7292190005616742
2018-06-12,0.7164722684617085
2018-06-13,0.6878573595757042
2018-06-14,0.769575147445182
2018-06-15,0.7414958587686725
2018-06-16,0.8097333319389965
2018-06-17,0.7639191355863146
2018-06-18,0.8221817928740675
2018-06-19,0.8058625805672524
2018-06-20,0.8545306928751216
2018-06-21,0.8712353962648878
2018-06-22,0.6993786784667488
2018-06-23,0.7355533254987491
2018-06-24,0.7828127376268315
2018-06-25,0.7320972096326261
2018-06-26,0.6623051522918416
2018-06-27,0.5556839825160714
2018-06-28,0.6859433244402636
2018-06-29,0.6948539944257774
2018-06-30,0.6658560378040065
2018-07-01,0.6896293661903801
2018-07-02,0.687211221861782
2018-07-03,0.561358500362346
2018-07-04,0.6464729330750426
2018-07-05,0.6678135365712669
2018-07-06,0.7820467638966876
2018-07-07,0.7807631991979807
2018-07-08,0.7781368284024676
2018-07-09,0.6700130202241505
2018-07-10,0.6883439112557078
2018-07-11,0.6294570342421878
2018-07-12,0.6389801206595563
2018-07-13,0.6484387102625998
2018-07-14,0.6051042032563159
2018-07-15,0.6126897387591334
2018-07-16,0.589325351634495
2018-07-17,0.8435802360437491
2018-07-18,0.9300358627527356
2018-07-19,0.9232048477273539
2018-07-20,0.8167425442723937
2018-07-21,0.7307390936292479
2018-07-22,0.965588359210531
2018-07-23,0.9198236371791442
2018-07-24,0.962898988375225
2018-07-25,1.036024931911643
2018-07-26,0.9364788597487151
2018-07-27,0.9702677119421305
2018-07-28,0.8428422831212707
2018-07-29,0.9884478755405759
2018-07-30,0.780138099283481
2018-07-31,0.8113912937352183
2018-08-01,0.8087834071306587
2018-08-02,0.8190397449502298
2018-08-03,0.8701513165113862
2018-08-04,0.8683548385581926
2018-08-05,0.7913916659643991
2018-08-06,0.6396143034252333
2018-08-07,0.7149688402636696
2018-08-08,0.6940420088582263
2018-08-09,0.6858185737344485
2018-08-10,0.7605669948992442
2018-08-11,0.744925475969568
2018-08-12,0.6831313436125839
2018-08-13,0.6594897998337289
2018-08-14,0.5912518784432443
2018-08-15,0.7069495843406706
2018-08-16,0.6976233930156336
2018-08-17,0.698757796011993
2018-08-18,0.7141175093549083
2018-08-19,0.6559376685665701
2018-08-20,0.6611227008624626
2018-08-21,0.6701371679967387
2018-08-22,0.7095343655313513
2018-08-23,0.6757567893664851
2018-08-24,0.6802191868394037
2018-08-25,0.6300141911589847
2018-08-26,0.8062825393099569
2018-08-27,0.8837965171802473
2018-08-28,0.7602153386678782
2018-08-29,0.6788706206866254
2018-08-30,0.7441965104267004
2018-08-31,0.7550848270763921
2018-09-01,0.749730825326308
2018-09-02,0.7214415582878674
2018-09-03,0.7221012671838476
2018-09-04,0.6429572489471653
2018-09-05,0.6263288021106949
2018-09-06,0.6805426823856382
2018-09-07,0.6802314306955135
2018-09-08,0.6432785044605012
2018-09-09,0.7070050478231874
2018-09-10,0.5893525097890486
2018-09-11,0.6157458071007309
2018-09-12,0.7361762210573073
2018-09-13,0.6643842333252775
2018-09-14,0.59259364201334
2018-09-15,0.6288772054490557
2018-09-16,0.6203794106076578
2018-09-17,0.5823830865099942
2018-09-18,0.620995533740525
2018-09-19,0.6832199962746732
2018-09-20,0.6878510282800724
2018-09-21,0.6667774720683448
2018-09-22,0.7124238928606235
2018-09-23,0.6861553162647933
2018-09-24,0.6656261476919549
2018-09-25,0.7428050254026778
2018-09-26,0.6168819459972495
2018-09-27,0.653141841000137
2018-09-28,0.7002246080664415
2018-09-29,0.6832505165564243
2018-09-30,0.7331607940289693
2018-10-01,0.708203181643418
2018-10-02,0.6133232458830927
2018-10-03,0.6416559241966818
2018-10-04,0.6696206152943063
2018-10-05,0.5859470149444901
2018-10-06,0.5594364558964233
2018-10-07,0.6341694476727235
2018-10-08,0.608937871931874
2018-10-09,0.585488919499262
2018-10-10,0.6419657969050889
2018-10-11,0.6727062023740864
2018-10-12,0.5617599463313028
2018-10-13,0.5994045160242615
2018-10-14,0.4856195626241256
2018-10-15,0.7264901011235515
2018-10-16,0.6052238227021878
2018-10-17,0.6133579676955351
2018-10-18,0.6064094139853338
2018-10-19,0.6230335118228963
2018-10-20,0.628741007569107
2018-10-21,0.60572875861927
2018-10-22,0.6824916709927717
2018-10-23,0.6764986011746855
2018-10-24,0.4998160069805804
2018-10-25,0.6038520176869419
2018-10-26,0.630044214186572
2018-10-27,0.5978209458105478
2018-10-28,0.6166475791420337
2018-10-29,0.628833008125647
2018-10-30,0.6628976623214624
2018-10-31,0.6986242427858126
2018-11-01,0.6669556431232307
2018-11-02,0.6218410505322146
2018-11-03,0.6944582879197504
2018-11-04,0.5329577826516461
2018-11-05,0.6305034215281504
2018-11-06,0.5640009228581636
2018-11-07,0.5793904608141874
2018-11-08,0.5351651030251444
2018-11-09,0.5562406885827913
2018-11-10,0.5734711899657431
2018-11-11,0.6373916361222642
2018-11-12,0.6095516254684674
2018-11-13,0.5222672593381058
2018-11-14,0.5309513467629124
2018-11-15,0.4978468895890581
2018-11-16,0.4880153015944014
2018-11-17,0.55401532222053
2018-11-18,0.4760475553096352
2018-11-19,0.4292288891818236
2018-11-20,0.4146607817957372
2018-11-21,0.3432132098554298
2018-11-22,0.3746252010397778
2018-11-23,0.3817282964332599
2018-11-24,0.3884282849464952
2018-11-25,0.3582923556551738
2018-11-26,0.2972148989854893
2018-11-27,0.353592478081202
2018-11-28,0.3578845192189374
2018-11-29,0.3229144846135318
2018-11-30,0.2920808989890724
2018-12-01,0.3731157841468644
2018-12-02,0.3364258638931553
2018-12-03,0.3192248124513142
2018-12-04,0.3967030832694444
2018-12-05,0.351514098514536
2018-12-06,0.3442354883184164
2018-12-07,0.2852358230302385
2018-12-08,0.3218393342439334
2018-12-09,0.3387018803433689
2018-12-10,0.3210662772964933
2018-12-11,0.3180765941998142
2018-12-12,0.3123781242650771
2018-12-13,0.3262431315767776
2018-12-14,0.358540998016357
2018-12-15,0.3664269153108125
2018-12-16,0.2867813327176191
2018-12-17,0.4380854105029203
2018-12-18,0.3705212784255967
2018-12-19,0.4404939088499757
2018-12-20,0.4422172147835168
2018-12-21,0.4354587076823951
2018-12-22,0.559587347339032
2018-12-23,0.5631869228883074
2018-12-24,0.5016248711176304
2018-12-25,0.491458252948046
2018-12-26,0.4927219270408937
2018-12-27,0.5211156307121257
2018-12-28,0.5399750401280762
2018-12-29,0.4378338366924182
2018-12-30,0.565252291083518
2018-12-31,0.4850021427523745
2019-01-01,0.4798197262291718
2019-01-02,0.5040543891490371
2019-01-03,0.5066761032087528
2019-01-04,0.4934317719309914
2019-01-05,0.5384381879845519
2019-01-06,0.4997396036125408
2019-01-07,0.4988653159868363
2019-01-08,0.6008970010228466
2019-01-09,0.5881173663519189
2019-01-10,0.514218475572105
2019-01-11,0.4919195453241031
2019-01-12,0.4570262861882118
2019-01-13,0.4419183901567718
2019-01-14,0.5053045374102083
2019-01-15,0.441616825688431
2019-01-16,0.4513923048130209
2019-01-17,0.4358266780826791
2019-01-18,0.4713902625391498
2019-01-19,0.4651553113100684
2019-01-20,0.5317218162083598
2019-01-21,0.508487992628787
2019-01-22,0.4469592737931055
2019-01-23,0.5010852518522967
2019-01-24,0.5609112345065088
2019-01-25,0.480673697313425
2019-01-26,0.5223284208339098
2019-01-27,0.4762401623700726
2019-01-28,0.4918310991582951
2019-01-29,0.492954270201319
2019-01-30,0.465811984828157
2019-01-31,0.5289849375782832
2019-02-01,0.546593188301061
2019-02-02,0.5020612275815092
2019-02-03,0.4726877560469086
2019-02-04,0.5045824290856286
2019-02-05,0.5063610141009797
2019-02-06,0.5590787347402537
2019-02-07,0.5902019526118895
2019-02-08,0.5977129576014839
2019-02-09,0.5521485681122537
2019-02-10,0.5172935130998678
2019-02-11,0.5341867829006876
2019-02-12,0.4777351349869621
2019-02-13,0.5673047691755448
2019-02-14,0.5204783859616028
2019-02-15,0.4717018598214267
2019-02-16,0.5574196433093942
2019-02-17,0.5988562385826595
2019-02-18,0.6269691321346
2019-02-19,0.6404696057641446
2019-02-20,0.5446565400151149
2019-02-21,0.4949330618197463
2019-02-22,0.6812473984472395
2019-02-23,0.6215898984627145
2019-02-24,0.5511028096847842
2019-02-25,0.5902443227726271
2019-02-26,0.6589527224366425
2019-02-27,0.5785186300925618
2019-02-28,0.6166369996627994
2019-03-01,0.6686544647898405
2019-03-02,0.547763551757589
2019-03-03,0.6029429481375151
2019-03-04,0.5579760209721
2019-03-05,0.6298417490397142
2019-03-06,0.5490899224795488
2019-03-07,0.6103630747591214
2019-03-08,0.6257117134172083
2019-03-09,0.5996514651398108
2019-03-10,0.589419737244885
2019-03-11,0.6133849512613085
2019-03-12,0.6204119795564955
2019-03-13,0.5888242243237127
2019-03-14,0.6771685047344305
2019-03-15,0.6753014476566583
2019-03-16,0.7334426097655348
2019-03-17,0.6537229283756546
2019-03-18,0.7246195124298231
2019-03-19,0.7909463439027976
2019-03-20,0.7381692905381636
2019-03-21,0.6524606931759988
2019-03-22,0.7299688532065367
2019-03-23,0.6583653747052931
2019-03-24,0.6786220166637278
2019-03-25,0.6664087150640057
2019-03-26,0.6114869976118079
2019-03-27,0.70128865379791
2019-03-28,0.6855117891641803
2019-03-29,0.7018660958693802
2019-03-30,0.6625695391444214
2019-03-31,0.6606787210188597
2019-04-01,0.6627287472600689
2019-04-02,0.9191844445787947
2019-04-03,0.8584059075953793
2019-04-04,0.8510142100146926
2019-04-05,0.9561619660457882
2019-04-06,0.8367599798208317
2019-04-07,0.8746057232465162
2019-04-08,0.9546433694035732
2019-04-09,0.8377594116368152
2019-04-10,0.9535828404743756
2019-04-11,0.9614085823143607
2019-04-12,0.9255765727691828
2019-04-13,0.8192664577217185
2019-04-14,0.7505782380259038
2019-04-15,0.8813006282063249
2019-04-16,0.9109960500987593
2019-04-17,0.8729013005974413
2019-04-18,0.9471904194127155
2019-04-19,0.9716479830132077
2019-04-20,0.8390982526074117
2019-04-21,1.024405191601732
2019-04-22,0.8770960115661595
2019-04-23,0.8038421144734595
2019-04-24,1.107628583644684
2019-04-25,0.9176779053586286
2019-04-26,0.9796624817333679
2019-04-27,0.8739697997337977
2019-04-28,1.036336192149766
2019-04-29,1.042554161312299
2019-04-30,0.9272087700156398
2019-05-01,1.125389162853939
2019-05-02,1.232363231922991
2019-05-03,1.083934369149331
2019-05-04,0.9476359082436798
2019-05-05,0.9244141306961192
2019-05-06,1.077497957149055
2019-05-07,0.9386067125563257
2019-05-08,1.152688335518868
2019-05-09,1.173482935070599
2019-05-10,1.033442018514036
2019-05-11,1.213013171019868
2019-05-12,1.39427960845577
2019-05-13,1.651422648769613
2019-05-14,1.562005682686217
2019-05-15,1.620244368372479
2019-05-16,1.556828287631967
2019-05-17,1.490515545371697
2019-05-18,1.431613055827454
2019-05-19,1.704144889340776
2019-05-20,1.684728296033671
2019-05-21,1.617940139843232
2019-05-22,1.670510553516591
2019-05-23,1.617984787164434
2019-05-24,1.611863783042933
2019-05-25,1.450865036221795
2019-05-26,1.794345162968555
2019-05-27,1.918459776020086
2019-05-28,1.869484239064956
2019-05-29,1.951219923904311
2019-05-30,1.734611332168537
2019-05-31,1.365566096812876
2019-06-01,1.672258173512028
2019-06-02,1.463993827124533
2019-06-03,1.321486977015879
2019-06-04,1.573219409502604
2019-06-05,1.611214467608912
2019-06-06,1.555290352984683
2019-06-07,1.595111994894864
2019-06-08,1.228778147309419
2019-06-09,1.392000894548547
2019-06-10,1.570325841956429
2019-06-11,1.429872488192461
2019-06-12,1.350751051533048
2019-06-13,1.559067292075402
2019-06-14,1.836516855891976
2019-06-15,1.592619447860618
2019-06-16,1.445805881221783
2019-06-17,1.568694274647573
2019-06-18,1.843856425961019
2019-06-19,2.025479043767056
2019-06-20,1.713939739959162
2019-06-21,1.701579806378057
2019-06-22,1.891135525361511
2019-06-23,2.376113043273889
2019-06-24,2.374793331470086
2019-06-25,2.132103179327321
2019-06-26,2.703493864219715
2019-06-27,2.031857781092479
2019-06-28,2.527602663630554
2019-06-29,2.499849226499029
2019-06-30,1.980062026900646
2019-07-01,1.847166349710453
2019-07-02,2.055697605327232
2019-07-03,2.427575994502586
2019-07-04,2.195476765980695
2019-07-05,2.40617403166893
2019-07-06,2.284809348850001
2019-07-07,2.004102126472057
2019-07-08,2.508226005771965
2019-07-09,2.225718850063347
2019-07-10,1.827945246413589
2019-07-11,1.696866370476097
2019-07-12,2.204352816288936
2019-07-13,1.806430886214052
2019-07-14,1.667764722564486
2019-07-15,1.802322369811409
2019-07-16,1.730559261512604
2019-07-17,1.461192852128846
2019-07-18,1.474483967172159
2019-07-19,1.421165908232044
2019-07-20,2.12130663804057
2019-07-21,1.749972270744442
2019-07-22,1.821219665889857
2019-07-23,1.580059951447015
2019-07-24,1.523223147952838
2019-07-25,1.660620692166511
2019-07-26,1.815016494122422
2019-07-27,1.583866596622625
2019-07-28,1.830115371776316
2019-07-29,1.761334808778829
2019-07-30,1.522537516495245
2019-07-31,1.905368181351037
2019-08-01,1.631754262034964
2019-08-02,1.950550811365226
2019-08-03,2.033469810696861
2019-08-04,1.979967815682629
2019-08-05,1.846998143786029
2019-08-06,2.014345172289129
2019-08-07,2.01430994882363
2019-08-08,1.873841789802331
2019-08-09,1.910962540468494
2019-08-10,1.848900086405705
2019-08-11,1.88785331892629
2019-08-12,1.641484871604656
2019-08-13,1.864560294174637
2019-08-14,1.647929451892734
2019-08-15,1.739395585968627
2019-08-16,1.636711754560357
2019-08-17,1.396313022884048
2019-08-18,1.372947435410256
2019-08-19,1.887779247152513
2019-08-20,1.750318556897706
2019-08-21,1.472621112948302
2019-08-22,1.523683408588698
2019-08-23,1.680731069674438
2019-08-24,1.701421460061873
2019-08-25,1.635343449149333
2019-08-26,1.489735279979513
2019-08-27,1.442109817736658
2019-08-28,1.540126008570928
2019-08-29,1.635198849029389
2019-08-30,1.599424478154412
2019-08-31,1.653390572968333
2019-09-01,1.441363261899896
2019-09-02,1.596827941996683
2019-09-03,1.807320716541221
2019-09-04,1.496773242497937
2019-09-05,1.800973371409094
2019-09-06,1.687088454344615
2019-09-07,1.616843892274195
2019-09-08,1.881029324881287
2019-09-09,1.545967012032228
2019-09-10,1.878320376569818
2019-09-11,1.9030168792577
2019-09-12,1.668333951286647
2019-09-13,1.573332855299174
2019-09-14,1.615916827255394
2019-09-15,1.527038395789109
2019-09-16,1.685409832717299
2019-09-17,1.528728217907203
2019-09-18,1.780117318254753
2019-09-19,1.52809654581645
2019-09-20,1.539696519471424
2019-09-21,1.653281803820396
2019-09-22,1.656529976300772
2019-09-23,1.112550068474162
2019-09-24,1.352172568519432
2019-09-25,1.324906171807481
2019-09-26,1.37839531877347
2019-09-27,1.086872443351555
2019-09-28,1.295570517127157
2019-09-29,1.089568134871219
2019-09-30,1.079393282046055
2019-10-01,1.195905777401654
2019-10-02,1.235571781453856
2019-10-03,1.207451292064589
2019-10-04,1.1923756484921
2019-10-05,1.264836526339407
2019-10-06,1.166769664273588
2019-10-07,1.256542755151879
2019-10-08,1.302124172681028
2019-10-09,1.169421616351499
2019-10-10,1.367683792312559
2019-10-11,1.272926375371924
2019-10-12,1.085329949389348
2019-10-13,1.151286454908121
2019-10-14,1.105183989014664
2019-10-15,1.22669709862064
2019-10-16,1.127727636159956
2019-10-17,1.18541683871696
2019-10-18,1.242257165400744
2019-10-19,1.101296472867853
2019-10-20,1.161872797946236
2019-10-21,1.268858374742587
2019-10-22,1.322080856435055
2019-10-23,1.225115551596758
2019-10-24,0.9705528884042957
2019-10-25,1.165713085018644
2019-10-26,1.270187155412047
2019-10-27,1.073878425060592
2019-10-28,1.210701861237984
2019-10-29,1.220099186763169
2019-10-30,1.198217992844019
2019-10-31,1.178904338144615
2019-11-01,1.172882866203694
2019-11-02,1.206562328340237
2019-11-03,1.228063764847192
2019-11-04,1.21260313765037
2019-11-05,1.30569907708512
2019-11-06,1.195692683011045
2019-11-07,1.209977016114738
2019-11-08,1.09257395649965
2019-11-09,1.216364861824441
2019-11-10,1.431535551481594
2019-11-11,1.262653615223525
2019-11-12,1.136707266074934
2019-11-13,1.13974596797078
2019-11-14,1.398227956015918
2019-11-15,1.273575035898086
2019-11-16,1.195905198963138
2019-11-17,1.244657686204299
2019-11-18,1.101152548701275
2019-11-19,1.142607113862613
2019-11-20,1.075050028402882
2019-11-21,0.9916822383113884
2019-11-22,0.9149295587806232
2019-11-23,1.193064751819146
2019-11-24,0.8615625949371251
2019-11-25,0.841827178588678
2019-11-26,0.8335125281981732
2019-11-27,0.9834314353205692
2019-11-28,1.132408428937628
2019-11-29,0.9870972148199011
2019-11-30,0.8886986271401522
2019-12-01,0.9563250535856155
2019-12-02,0.9843607110495732
2019-12-03,1.068887511365552
2019-12-04,1.119463080648579
2019-12-05,0.9943096684826648
2019-12-06,1.006635446669001
2019-12-07,1.070331420307148
2019-12-08,1.020644646041437
2019-12-09,1.00069384820554
2019-12-10,0.9827417331665286
2019-12-11,0.8706080620852364
2019-12-12,0.8780328256463027
2019-12-13,1.003225110834014
2019-12-14,0.9728250973470366
2019-12-15,0.805158189091593
2019-12-16,0.9834662097675502
2019-12-17,0.8432493264754475
2019-12-18,0.8831157366310256
2019-12-19,1.022000803025163
2019-12-20,1.014368036366255
2019-12-21,1.13188333506171
2019-12-22,1.132430005816957
2019-12-23,0.9414874528403223
2019-12-24,0.817825150197474
2019-12-25,0.8309723568173062
2019-12-26,1.077458981271188
2019-12-27,0.9420871836180736
2019-12-28,0.9683191058053189
2019-12-29,1.011957996726989
2019-12-30,1.073247412117485
2019-12-31,0.923671593992879
2020-01-01,1.102959600886899
2020-01-02,0.8691860947445256
2020-01-03,1.093993555043603
2020-01-04,1.093701352817087
2020-01-05,1.059010334113046
2020-01-06,0.9243743086732255
2020-01-07,1.263286707308064
2020-01-08,1.013335994604588
2020-01-09,1.088414329341448
2020-01-10,1.070995132632968
2020-01-11,1.14059197740359
2020-01-12,1.073868306717086
2020-01-13,1.012871059906535
2020-01-14,1.115800272961891
2020-01-15,1.159326859095787
2020-01-16,1.201157951377898
2020-01-17,1.226918632304883
2020-01-18,1.017053039093615
2020-01-19,1.120853552966595
2020-01-20,1.128056023449713
2020-01-21,1.146470609933369
2020-01-22,1.15830002964593
2020-01-23,1.140490750942206
2020-01-24,1.091263169257957
2020-01-25,1.160877361582986
2020-01-26,1.038643796760428
2020-01-27,0.9757079675189889
2020-01-28,1.126725579901846
2020-01-29,1.257568468708896
2020-01-30,1.248366079301689
2020-01-31,1.133754176313997
2020-02-01,1.188053608569356
2020-02-02,1.117420283642948
2020-02-03,1.150281893236118
2020-02-04,1.014612205911696
2020-02-05,1.274725703923649
2020-02-06,1.097041880168507
2020-02-07,1.136876148322426
2020-02-08,1.137120489839522
2020-02-09,1.278375182731055
2020-02-10,0.999833640695704
2020-02-11,1.252723647246977
2020-02-12,1.215736521425186
2020-02-13,1.189993919571512
2020-02-14,1.146408027566327
2020-02-15,1.152222119725709
2020-02-16,1.151513441295428
2020-02-17,1.238505647312332
2020-02-18,1.24095154656233
2020-02-19,1.107715314688858
2020-02-20,0.9864513976226764
2020-02-21,1.205588662896647
2020-02-22,1.150402431126376
2020-02-23,1.130831208359832
2020-02-24,1.093613408278248
2020-02-25,1.081074339897471
2020-02-26,0.9661569825544671
2020-02-27,1.035548915821121
2020-02-28,1.097266885520612
2020-02-29,0.9534129340716456
2020-03-01,1.199229505148143
2020-03-02,1.049443740926463
2020-03-03,1.067400709897887
2020-03-04,1.154789608775842
2020-03-05,1.168282501887072
2020-03-06,1.116092216830125
2020-03-07,1.09770906650659
2020-03-08,1.002729181638898
2020-03-09,0.9329773634843007
2020-03-10,0.8226971858901049
2020-03-11,0.7429377980733418
2020-03-12,0.5852982261837548
2020-03-13,0.5649649529764015
2020-03-14,0.5310592333204669
2020-03-15,0.5106611243773101
2020-03-16,0.4803503481321355
2020-03-17,0.5181011569548293
2020-03-18,0.4240256016456299
2020-03-19,0.5385627301199369
2020-03-20,0.5517783780982836
2020-03-21,0.6094330347807208
2020-03-22,0.5842837112295114
2020-03-23,0.5767042348410308
2020-03-24,0.7044084764214479
2020-03-25,0.4926621296580396
2020-03-26,0.8514023019619497
2020-03-27,0.7889611462155197
2020-03-28,0.6596385135462995
2020-03-29,0.6964027378286503
2020-03-30,0.7388758877833483
2020-03-31,0.798151113544148
2020-04-01,0.7845860507365671
2020-04-02,0.807865786763804
2020-04-03,0.6924953756208864
2020-04-04,0.8322708044401718
2020-04-05,0.9160645392303444
2020-04-06,0.7194606266986374
2020-04-07,0.9326871026812507
2020-04-08,0.8174124402748086
2020-04-09,0.869112920209001
2020-04-10,0.8625471081728228
2020-04-11,0.8368857290941175
2020-04-12,0.8216694992234173
2020-04-13,0.8982222369340871
2020-04-14,0.8837514360625943
2020-04-15,0.8643451829702254
2020-04-16,0.8437139373184832
2020-04-17,0.6957549719627909
2020-04-18,0.8680255874475085
2020-04-19,0.8358171598010399
2020-04-20,0.8491638791652854
2020-04-21,0.7861844544702133
2020-04-22,0.7170894905745724
2020-04-23,0.817221480059989
2020-04-24,0.8393132633495536
2020-04-25,0.7911580452230392
2020-04-26,0.8047770607375887
2020-04-27,0.843351375514334
2020-04-28,0.9206016916321109
2020-04-29,0.989632145370883
2020-04-30,0.9363165135162881
2020-05-01,0.9990715938939062
2020-05-02,1.037381691041866
2020-05-03,1.153596141292377
2020-05-04,1.092568009642464
2020-05-05,1.102744253603954
2020-05-06,1.104154584777818
2020-05-07,1.149356475182443
2020-05-08,1.069262641972555
2020-05-09,1.022615797387806
2020-05-10,1.142765717332465
2020-05-11,1.050846818027802
2020-05-12,0.5367181370574069
2020-05-13,0.4723841006872669
2020-05-14,0.5000993257534432
2020-05-15,0.5266598417155413
2020-05-16,0.5037437695940994
2020-05-17,0.4285489007891117
2020-05-18,0.5638329143159436
2020-05-19,0.527521368775834
2020-05-20,0.5230269745715939
2020-05-21,0.5594545354434306
2020-05-22,0.4732360132613215
2020-05-23,0.4751362655422369
2020-05-24,0.4256735664498448
2020-05-25,0.4728262074186383
2020-05-26,0.4597936286279133
2020-05-27,0.5263648858223954
2020-05-28,0.5277330089679942
2020-05-29,0.5129977965330228
2020-05-30,0.619665777739397
2020-05-31,0.5788407214345713
2020-06-01,0.5726799383974851
2020-06-02,0.5295703503196737
2020-06-03,0.5643038358265257
2020-06-04,0.6075337965003198
2020-06-05,0.7000467652573247
2020-06-06,0.7483124399971058
2020-06-07,0.6144894767780885
2020-06-08,0.6362341409780445
2020-06-09,0.6270117624994261
2020-06-10,0.6495398660931718
2020-06-11,0.6898021769787287
2020-06-12,0.6163029758955517
2020-06-13,0.5932968470528834
2020-06-14,0.6294263282054272
2020-06-15,0.5275375245858075
2020-06-16,0.587356892576166
2020-06-17,0.5388478049353458
2020-06-18,0.4787026298756425
2020-06-19,0.5488584197546087
2020-06-20,0.5193790947468853
2020-06-21,0.5484847473702426
2020-06-22,0.5660078488003101
2020-06-23,0.6292933913553161
2020-06-24,0.5377930028898783
2020-06-25,0.5432186750276419
2020-06-26,0.6190250436619035
2020-06-27,0.5130516744791588
2020-06-28,0.5626415577728665
2020-06-29,0.5562962857431677
2020-06-30,0.5666659948306418
2020-07-01,0.6412763139972034
2020-07-02,0.6392713732423758
2020-07-03,0.6333900312301084
2020-07-04,0.6020784383478491
2020-07-05,0.619365785784388
2020-07-06,0.6087442639670927
2020-07-07,0.6370882756626358
2020-07-08,0.6161549363704203
2020-07-09,0.6632144362968398
2020-07-10,0.6476007223086476
2020-07-11,0.617955566561089
2020-07-12,0.6012453310622808
2020-07-13,0.5910358460561925
2020-07-14,0.5943025302039264
2020-07-15,0.5700624967760145
2020-07-16,0.5682923813427
2020-07-17,0.5004510301491685
2020-07-18,0.5472400543531936
2020-07-19,0.5355884273216811
2020-07-20,0.5952588022705179
2020-07-21,0.5610119524792571
2020-07-22,0.6741168847383098
2020-07-23,0.6410835981935786
2020-07-24,0.7337629345480815
2020-07-25,0.6444051085951045
2020-07-26,0.7197761780431982
2020-07-27,0.7936173965680281
2020-07-28,0.8176721064664588
2020-07-29,0.8370772984093453
2020-07-30,0.7824485691757777
2020-07-31,0.8794786966416794
2020-08-01,0.79877027600242
2020-08-02,0.7551441903209193
2020-08-03,0.8898897639795876
2020-08-04,0.7859836802649561
2020-08-05,0.7703147541698832
2020-08-06,0.9618672244967403
2020-08-07,0.8800860747204842
2020-08-08,0.794186675422396
2020-08-09,0.8489791189581581
2020-08-10,0.8254484206533481
2020-08-11,0.8942441170229412
2020-08-12,0.9023496186177244
2020-08-13,0.8554870820053116
2020-08-14,0.9568789670903601
2020-08-15,0.8751819707556884
2020-08-16,0.851243013117189
2020-08-17,0.7495341065300274
2020-08-18,0.879951622674102
2020-08-19,0.8453423436920047
2020-08-20,0.8830604578893921
2020-08-21,0.9126979826118459
2020-08-22,0.7880781846232101
2020-08-23,0.8688146431791909
2020-08-24,0.8525350491177643
2020-08-25,0.7268822014578543
2020-08-26,0.8224514902050716
2020-08-27,0.7574974394775983
2020-08-28,0.93360697426456
2020-08-29,0.8134198751944804
2020-08-30,0.7270275358686726
2020-08-31,0.8711225734345837
2020-09-01,0.9449959792145693
2020-09-02,0.8528197719191201
2020-09-03,0.7012256192604867
2020-09-04,0.7666278384420773
2020-09-05,0.7446839278267177
2020-09-06,0.759599980328966
2020-09-07,0.9066742048788559
2020-09-08,0.7847740581247605
2020-09-09,0.7709800166199962
2020-09-10,0.8413800672197681
2020-09-11,0.73822548907606
2020-09-12,0.8686750568941631
2020-09-13,0.8151273779591645
2020-09-14,0.9350628246664682
2020-09-15,0.8477574382981818
2020-09-16,0.8584248475441647
2020-09-17,0.9704440405493261
2020-09-18,0.903549485676528
2020-09-19,0.8159646449868124
2020-09-20,0.7582857032921526
2020-09-21,0.7640879486475867
2020-09-22,0.7010504693104047
2020-09-23,0.7611210640428996
2020-09-24,0.764405406221567
2020-09-25,0.9202418698681382
2020-09-26,0.7993645241689089
2020-09-27,0.8088126283696025
2020-09-28,0.7039680059746394
2020-09-29,0.7964698079986152
2020-09-30,0.8795607288140475
2020-10-01,0.7109153027696941
2020-10-02,0.7856516097900922
2020-10-03,0.8192260430000062
2020-10-04,0.8519645291308613
2020-10-05,0.804829554560484
2020-10-06,0.7531768519128542
2020-10-07,0.8644489129335186
2020-10-08,0.935907003567625
2020-10-09,0.8500626588368785
2020-10-10,0.8439218722832029
2020-10-11,0.8130433503924145
2020-10-12,0.8970491264390145
2020-10-13,0.9803280526047985
2020-10-14,0.8868318090369229
2020-10-15,0.9082226868987537
2020-10-16,0.9047739827973085
2020-10-17,0.8942311159427526
2020-10-18,0.7001791386665488
2020-10-19,0.7581177009904939
2020-10-20,0.8984990858705425
2020-10-21,0.9268592493543075
2020-10-22,1.032633496771776
2020-10-23,0.9688548348519805
2020-10-24,1.065753214871064
2020-10-25,0.8088947232207412
2020-10-26,0.8147704982313311
2020-10-27,0.863936786061227
2020-10-28,0.883911705828533
2020-10-29,0.9830737434482504
2020-10-30,1.015490087110242
2020-10-31,1.047071057705414
2020-11-01,1.030571664468743
2020-11-02,0.854392516695564
2020-11-03,1.27095346962432
2020-11-04,1.328665115569353
2020-11-05,1.438388647265946
2020-11-06,1.457936637679702
2020-11-07,1.218938215639704
2020-11-08,1.162908202458193
2020-11-09,1.560310304933341
2020-11-10,1.286294077183593
2020-11-11,1.261906483889626
2020-11-12,1.405917141484672
2020-11-13,1.238729119039314
2020-11-14,1.19272386320683
2020-11-15,1.226041968465921
2020-11-16,1.418614956355236
2020-11-17,1.482453378287905
2020-11-18,1.607300616607061
2020-11-19,1.322579743372979
2020-11-20,1.636993423985575
2020-11-21,1.605352852843411
2020-11-22,1.603654143653308
2020-11-23,1.390207633365822
2020-11-24,1.386546981283537
2020-11-25,1.551571163042695
2020-11-26,1.378650341231393
2020-11-27,1.384269190602307
2020-11-28,1.395353391909431
2020-11-29,1.369042891513949
2020-11-30,1.182687014461149
2020-12-01,1.591611877247504
2020-12-02,1.404047780465774
2020-12-03,1.683895027027519
2020-12-04,1.452804466010889
2020-12-05,1.423418896341159
2020-12-06,1.33145934599806
2020-12-07,1.479003004514078
2020-12-08,1.363398928315778
2020-12-09,1.335954461318603
2020-12-10,1.235809315866262
2020-12-11,1.287301238495874
2020-12-12,1.255591672702931
2020-12-13,1.479592018795199
2020-12-14,1.413493048255346
2020-12-15,1.394987624581863
2020-12-16,1.576410627213055
2020-12-17,1.672190347809513
2020-12-18,2.050345949354416
2020-12-19,1.989263278102035
2020-12-20,1.801163828266878
2020-12-21,1.697899702361749
2020-12-22,1.827467888296532
2020-12-23,1.922360724533556
2020-12-24,1.583715410574599
2020-12-25,1.823199673752901
2020-12-26,1.817450582835846
2020-12-27,1.987043437474596
2020-12-28,2.19931473859354
2020-12-29,2.123712187178039
2020-12-30,2.4936928322143
2020-12-31,2.437266294761392
2021-01-01,2.09477008394837
2021-01-02,2.363662380665735
2021-01-03,2.556662054062372
2021-01-04,2.733846119577137
2021-01-05,2.67065601964249
2021-01-06,3.241039977809037
2021-01-07,3.236037241225528
2021-01-08,3.044925457683659
2021-01-09,2.772595240716825
2021-01-10,2.913959475135298
2021-01-11,2.712224097770171
2021-01-12,2.553621592470773
2021-01-13,2.791520103651968
2021-01-14,2.847018393393888
2021-01-15,2.796370702998268
2021-01-16,2.479308737337746
2021-01-17,2.175957293604006
2021-01-18,2.451569153234718
2021-01-19,2.496220623916227
2021-01-20,2.323414297912272
2021-01-21,1.91018357756558
2021-01-22,2.192588940538358
2021-01-23,2.242003194437252
2021-01-24,1.984510811276368
2021-01-25,2.089023580184187
2021-01-26,2.335306535524445
2021-01-27,1.942400019164334
2021-01-28,2.176961223398282
2021-01-29,2.505964559181551
2021-01-30,2.206204839625106
2021-01-31,2.152353783006575
2021-02-01,1.895171497343231
2021-02-02,2.534739532176409
2021-02-03,2.580848282115635
2021-02-04,2.758918718871728
2021-02-05,2.914653353619754
2021-02-06,2.769487032633557
2021-02-07,2.603569189204446
2021-02-08,3.310805279548711
2021-02-09,3.164219210371579
2021-02-10,2.960531723027724
2021-02-11,2.930407520836221
2021-02-12,3.18070855349147
2021-02-13,3.237037914689012
2021-02-14,3.048860060084441
2021-02-15,3.112588819350541
2021-02-16,2.593827887969069
2021-02-17,3.13423630280288
2021-02-18,3.086993616786245
2021-02-19,3.680860663559526
2021-02-20,3.493380534283304
2021-02-21,3.340645403032676
2021-02-22,3.021724011169833
2021-02-23,2.738355938194506
2021-02-24,3.369475772375154
2021-02-25,3.034666344742894
2021-02-26,2.670067937406482
2021-02-27,2.838458299275217
2021-02-28,2.287678684508978
2021-03-01,2.603595236662881
2021-03-02,2.767921090829831
2021-03-03,3.040384244840283
2021-03-04,2.443767795898548
2021-03-05,2.808168613812532
2021-03-06,2.746675795635387
2021-03-07,2.742895103511786
2021-03-08,2.995156259425209
2021-03-09,2.881445095186656
2021-03-10,3.121280158155968
2021-03-11,2.871164566693741
2021-03-12,3.187454137407565
2021-03-13,3.234318343538101
2021-03-14,3.313746170499569
2021-03-15,2.983758686244019
2021-03-16,3.008707684768601
2021-03-17,2.852362978913001
2021-03-18,3.172099488899952
2021-03-19,3.041862525464545
2021-03-20,3.037827241569577
2021-03-21,2.940685597005826
2021-03-22,2.755124553732059
2021-03-23,2.90790466629056
2021-03-24,2.638982478376938
2021-03-25,2.605269756305035
2021-03-26,2.459559361722548
2021-03-27,2.830580633676879
2021-03-28,2.786193068710205
2021-03-29,2.782920659974882
2021-03-30,2.779540130418855
2021-03-31,2.966568068433479
2021-04-01,2.718800527216787
2021-04-02,2.629402286465244
2021-04-03,2.376466309850301
2021-04-04,2.614469549142763
2021-04-05,2.844099476724428
2021-04-06,2.631409484717861
2021-04-07,2.716249612934663
2021-04-08,2.406865276802418
2021-04-09,2.742982996483963
2021-04-10,2.811719169751427
2021-04-11,2.548733298440998
2021-04-12,2.580346790949847
2021-04-13,2.716866667932821
2021-04-14,2.64747021150894
2021-04-15,3.318194659695608
2021-04-16,2.050541973854147
2021-04-17,1.88284643656744
2021-04-18,2.33924698970851
2021-04-19,1.918418035214245
2021-04-20,2.59029271215468
2021-04-21,1.984279352114936
2021-04-22,2.553937073166225
2021-04-23,2.334945252812475
2021-04-24,2.199233259459181
2021-04-25,1.993407274211862
2021-04-26,1.929799389221872
2021-04-27,2.331733374429159
2021-04-28,2.255197826261777
2021-04-29,1.947396312918869
2021-04-30,2.417764142484605
2021-05-01,2.228505420159248
2021-05-02,2.757444144102032
2021-05-03,2.73367814986001
2021-05-04,2.564026878656547
2021-05-05,2.414053935543775
2021-05-06,2.561136688177342
2021-05-07,2.604149861095575
2021-05-08,2.600923035811804
2021-05-09,2.73166541308135
2021-05-10,2.592191456194223
2021-05-11,2.472483033574969
2021-05-12,2.156292125438939
2021-05-13,2.001071463352221
2021-05-14,1.688918915073977
2021-05-15,1.442117036659715
2021-05-16,1.503871165346822
2021-05-17,1.330389312093744
2021-05-18,1.093850718531296
2021-05-19,1.231619331633761
2021-05-20,1.233683276232761
2021-05-21,1.113646819861027
2021-05-22,1.134313316938474
2021-05-23,1.046227567551547
2021-05-24,1.239354178616367
2021-05-25,1.180604764384388
2021-05-26,1.189998519003368
2021-05-27,1.105549245813166
2021-05-28,1.042429574130586
2021-05-29,0.9584208777823786
2021-05-30,1.193911177519569
2021-05-31,1.233875252548859
2021-06-01,1.219098580029868
2021-06-02,1.454583689406309
2021-06-03,1.342517560556263
2021-06-04,1.124085990702284
2021-06-05,1.062405706997454
2021-06-06,1.208594473756931
2021-06-07,1.020456239825014
2021-06-08,1.132469117211002
2021-06-09,1.070072500508676
2021-06-10,1.005149161368531
2021-06-11,0.9045351388661745
2021-06-12,1.0628066325366
2021-06-13,1.148521694732553
2021-06-14,1.236839892764182
2021-06-15,1.191521092655911
2021-06-16,1.065897997332559
2021-06-17,1.10580945415384
2021-06-18,0.9879141857091241
2021-06-19,0.8169764432634331
2021-06-20,0.8295105779255492
2021-06-21,0.7518696569408524
2021-06-22,0.6836025053018989
2021-06-23,0.788653517731466
2021-06-24,0.8303568953175824
2021-06-25,0.7878446400567043
2021-06-26,0.6363275053909365
2021-06-27,0.4567086426790292
2021-06-28,0.704483319154483
2021-06-29,0.7486914316318147
2021-06-30,0.724198485183724
2021-07-01,0.7643669743461482
2021-07-02,0.7153763549579636
2021-07-03,0.9966382201241051
2021-07-04,0.9047818439067457
2021-07-05,0.9910105099755363
2021-07-06,1.069813028786099
2021-07-07,0.9135149535558114
2021-07-08,0.9850932461197264
2021-07-09,0.9550967408059589
2021-07-10,1.14330626825777
2021-07-11,0.909495983463085
2021-07-12,0.8980776512425045
2021-07-13,0.9517655854818773
2021-07-14,1.177844394192318
2021-07-15,0.8588973061928491
2021-07-16,0.9871579619528755
2021-07-17,0.9389380648836143
2021-07-18,0.9510074523680497
2021-07-19,1.090454041140486
2021-07-20,0.7589764702355314
2021-07-21,0.9643060766015052
2021-07-22,1.02067464585423
2021-07-23,0.9389672478696965
2021-07-24,1.083189144062128
2021-07-25,1.10101069018703
2021-07-26,1.153527482952419
2021-07-27,1.364623778514151
2021-07-28,1.280655984215968
2021-07-29,1.301309021853534
2021-07-30,1.413602700406806
2021-07-31,1.326201660607554
2021-08-01,1.239676393449322
2021-08-02,1.127088879133459
2021-08-03,1.290312995492766
2021-08-04,1.086778033956914
2021-08-05,1.305370225357787
2021-08-06,1.355634622688091
2021-08-07,1.475009046175271
2021-08-08,1.363507444732993
2021-08-09,1.388635208376313
2021-08-10,1.479323047357845
2021-08-11,1.315770212257044
2021-08-12,1.312647311417508
2021-08-13,1.342398008333628
2021-08-14,1.498392165660101
2021-08-15,1.652505713024231
2021-08-16,1.435566555948395
2021-08-17,1.482823100756638
2021-08-18,1.168318725855438
2021-08-19,1.379269055287332
2021-08-20,1.512177734074961
2021-08-21,1.57954260133913
2021-08-22,1.532600284669012
2021-08-23,1.842419047283705
2021-08-24,1.389685970654704
2021-08-25,1.471566114943505
2021-08-26,1.28382456046599
2021-08-27,1.337523059464371
2021-08-28,1.283665671880931
2021-08-29,1.413408886668981
2021-08-30,1.180829808078476
2021-08-31,1.260770877654484
2021-09-01,1.241932397701374
2021-09-02,1.363862387212751
2021-09-03,1.366964517437668
2021-09-04,1.415013409189633
2021-09-05,1.542215858289413
2021-09-06,1.64789641583052
2021-09-07,1.304652989555261
2021-09-08,1.185232507064486
2021-09-09,1.149117696181037
2021-09-10,1.101871215250796
2021-09-11,1.197214078095457
2021-09-12,1.207966519835786
2021-09-13,1.280246848400949
2021-09-14,1.407818376135996
2021-09-15,1.221165218597848
2021-09-16,1.159147196008292
2021-09-17,1.230206694977707
2021-09-18,1.316243230503562
2021-09-19,1.322580598229506
2021-09-20,1.234084602629804
2021-09-21,0.8799860405999808
2021-09-22,1.023274769686775
2021-09-23,1.290302000694907
2021-09-24,1.105301418069141
2021-09-25,1.063670953944342
2021-09-26,1.036877369123328
2021-09-27,1.130624424838952
2021-09-28,1.075787909619812
2021-09-29,0.9293500369915663
2021-09-30,1.284038012393975
2021-10-01,1.158726717312707
2021-10-02,1.525005725845848
2021-10-03,1.227086776390314
2021-10-04,1.299736753944887
2021-10-05,1.43206524651229
2021-10-06,1.235087771211023
2021-10-07,1.29694590027671
2021-10-08,1.1004069070565
2021-10-09,1.385311244738851
2021-10-10,1.449218195316446
2021-10-11,1.407152056047166
2021-10-12,1.257523897380481
2021-10-13,1.606609178489719
2021-10-14,1.302237970244935
2021-10-15,1.439946887161664
2021-10-16,1.334002330076304
2021-10-17,1.60679549061639
2021-10-18,1.497681976990728
2021-10-19,1.617112749019962
2021-10-20,1.598627134173889
2021-10-21,1.498716878051876
2021-10-22,1.543274645410361
2021-10-23,1.421157525560295
2021-10-24,1.479411683926867
2021-10-25,1.817609343626977
2021-10-26,1.436764427431422
2021-10-27,1.451435330684866
2021-10-28,1.457498410083536
2021-10-29,1.669195296859588
2021-10-30,1.490333290115694
2021-10-31,1.324362680670744
2021-11-01,1.407432797615116
2021-11-02,1.550970922463196
2021-11-03,1.567999029222484
2021-11-04,1.357918976396606
2021-11-05,1.459930884379705
2021-11-06,1.445504996366236
2021-11-07,1.471136446213685
2021-11-08,1.395441223130543
2021-11-09,1.55982823769458
2021-11-10,1.469285103855404
2021-11-11,1.546891966648178
2021-11-12,1.376587237097653
2021-11-13,1.474872435985178
2021-11-14,1.525503964847293
2021-11-15,1.433596047958659
2021-11-16,1.344635202414437
2021-11-17,1.334195158971401
2021-11-18,1.210959980091189
2021-11-19,1.177711881768469
2021-11-20,1.277402354886207
2021-11-21,1.135653596894254
2021-11-22,1.166335662261387
2021-11-23,1.115066387960884
2021-11-24,1.312694270464578
2021-11-25,1.122433247356141
2021-11-26,1.037361041322742
2021-11-27,1.128689625874278
2021-11-28,1.147193389105294
2021-11-29,1.195003441437966
2021-11-30,1.102938569889544
2021-12-01,1.140781469883826
2021-12-02,1.265503463385944
2021-12-03,1.294854144742428
2021-12-04,1.091715420208899
2021-12-05,1.175317687409402
2021-12-06,1.236565389656974
2021-12-07,1.107022009045628
2021-12-08,1.200970812702421
2021-12-09,1.105009118813342
2021-12-10,1.0413577509103
2021-12-11,1.047044687213244
2021-12-12,0.9832412411261825
2021-12-13,0.9292868288762898
2021-12-14,1.006215361920202
2021-12-15,0.965687303177379
2021-12-16,0.7698682079695526
2021-12-17,0.9670099351519091
2021-12-18,0.8391057156269449
2021-12-19,0.9688344183662565
2021-12-20,0.9408873418603058
2021-12-21,1.096956812634444
2021-12-22,1.000616133857614
2021-12-23,1.070861857926208
2021-12-24,1.05831245724598
2021-12-25,1.027564109040128
2021-12-26,0.9387322314259187
2021-12-27,1.036622073543899
2021-12-28,0.8896237577874795
2021-12-29,0.9334310162208819
2021-12-30,0.7831627776159131
2021-12-31,0.9580611730691688
2022-01-01,1.123267056105864
2022-01-02,1.025696961257542
2022-01-03,0.8951152998111177
2022-01-04,0.9297786396114261
2022-01-05,0.9024018708281393
2022-01-06,0.8696858203067581
2022-01-07,0.8033572416259279
2022-01-08,0.8255917621819135
2022-01-09,0.8102437262705521
2022-01-10,0.8176458261494791
2022-01-11,0.9282263442526762
2022-01-12,0.8410180929858324
2022-01-13,1.045307666749648
2022-01-14,0.9398037984069062
2022-01-15,0.9806538711648003
2022-01-16,1.029956526561961
2022-01-17,0.9304236452315782
2022-01-18,0.7901521349763636
2022-01-19,0.9863600861871379
2022-01-20,0.9407083587506604
2022-01-21,0.6709779171074743
2022-01-22,0.6444975264938108
2022-01-23,0.6986247001087533
2022-01-24,0.753977444631967
2022-01-25,0.7691439933589952
2022-01-26,0.658490857182663
2022-01-27,0.6685043136763096
2022-01-28,0.798314225387094
2022-01-29,0.7797859479710864
2022-01-30,0.7587444715316018
2022-01-31,0.7554903227683072
2022-02-01,0.8207109104467225
2022-02-02,0.774564787392957
2022-02-03,0.7454025610010909
2022-02-04,0.7437833989602806
2022-02-05,0.6810913465644673
2022-02-06,0.9066989543864178
2022-02-07,0.8241060839814439
2022-02-08,0.9358326262603606
2022-02-09,0.8572404800484464
2022-02-10,0.8882875194463775
2022-02-11,0.8340516937061462
2022-02-12,1.084198970601513
2022-02-13,0.9159889410278107
2022-02-14,0.8975632415998918
2022-02-15,1.074659559733293
2022-02-16,0.943652358763674
2022-02-17,0.876028094614854
2022-02-18,0.7397759822743714
2022-02-19,0.8226202707836131
2022-02-20,0.7623470841213054
2022-02-21,0.6315132428781464
2022-02-22,0.8063734360509268
2022-02-23,0.7747073314453383
2022-02-24,0.7036919602404981
2022-02-25,0.7331652392973665
2022-02-26,0.6782162627468405
2022-02-27,0.7132801521769531
2022-02-28,0.926428453719532
2022-03-01,1.009793397599541
2022-03-02,0.8529847998658561
2022-03-03,0.8870035465731873
2022-03-04,0.7652860968050581
2022-03-05,0.6806976954279322
2022-03-06,0.7053417037978416
2022-03-07,0.7896906159910153
2022-03-08,0.8047289069590264
2022-03-09,0.8154861419760246
2022-03-10,0.8063005586495721
2022-03-11,0.7557392499338336
2022-03-12,0.854210667229583
2022-03-13,0.8040284817764557
2022-03-14,0.857464728871137
2022-03-15,0.7746987318171346
2022-03-16,0.9042740696719528
2022-03-17,0.9240581640426503
2022-03-18,0.8511271348958652
2022-03-19,0.9285882666459178
2022-03-20,0.9016872603487366
2022-03-21,0.8962140368217794
2022-03-22,0.9022856462162808
2022-03-23,0.8906287329874234
2022-03-24,0.9016512270363696
2022-03-25,0.9942800606631729
2022-03-26,1.024545153383658
2022-03-27,0.8787498370881831
2022-03-28,1.074664994845522
2022-03-29,1.030366504567175
2022-03-30,0.9171665506380658
2022-03-31,0.9136125657827602
2022-04-01,0.9516766358606379
2022-04-02,0.8988477790100003
2022-04-03,0.9341127357043649
2022-04-04,1.067292031177519
2022-04-05,0.9583223099248264
2022-04-06,0.9396743352105059
2022-04-07,0.8728515792259696
2022-04-08,0.8264430783683097
2022-04-09,0.9503766350062521
2022-04-10,0.8602221975851481
2022-04-11,0.7914776781802415
2022-04-12,0.8989447525292211
2022-04-13,0.8462759156083124
2022-04-14,0.809818122052657
2022-04-15,0.9403920248141627
2022-04-16,0.7948456769217703
2022-04-17,0.959564438680946
2022-04-18,0.8060814951081801
2022-04-19,0.7602734092356818
2022-04-20,0.9761612928093286
2022-04-21,1.011654704529043
2022-04-22,0.795977350985014
2022-04-23,0.9512654412146734
2022-04-24,0.996910387910083
2022-04-25,0.9748325809666759
2022-04-26,0.7931714342346836
2022-04-27,0.9913961227329867
2022-04-28,0.7834778924431083
2022-04-29,0.8658526720626991
2022-04-30,0.844583338558138
2022-05-01,0.9568287608684511
2022-05-02,0.9226630223297061
2022-05-03,0.8490673330101663
2022-05-04,0.8735977682302122
2022-05-05,0.8744973431059816
2022-05-06,0.7787866369158736
2022-05-07,0.7721376465799648
2022-05-08,0.7999298667351136
2022-05-09,0.7226126203457278
2022-05-10,0.7281936433623807
2022-05-11,0.6484184676138692
2022-05-12,0.6159019333147712
2022-05-13,0.6971194785174497
2022-05-14,0.6633496495715517
2022-05-15,0.5929619399886192
2022-05-16,0.760582915636669
2022-05-17,0.6951108076673448
2022-05-18,0.5984155259670164
2022-05-19,0.5765870439281127
2022-05-20,0.5823061527169263
2022-05-21,0.6144568038890458
2022-05-22,0.5734541489095446
2022-05-23,0.7220078968852461
2022-05-24,0.5552084921948542
2022-05-25,0.6645556709775362
2022-05-26,0.644816272760573
2022-05-27,0.6157555945668485
2022-05-28,0.6653341135070562
2022-05-29,0.677485988176888
2022-05-30,0.7569197322804049
2022-05-31,0.7216598928336213
2022-06-01,0.6338438978495503
2022-06-02,0.5981373732434574
2022-06-03,0.6647671091131893
2022-06-04,0.6452073989211067
2022-06-05,0.6767267298161204
2022-06-06,0.7319730250340796
2022-06-07,0.7836749439460259
2022-06-08,0.8332411357331737
2022-06-09,0.6820770722365227
2022-06-10,0.6657760077906085
2022-06-11,0.6780168712596112
2022-06-12,0.5284717257428104
2022-06-13,0.4754657231179173
2022-06-14,0.5129499429674329
2022-06-15,0.5875836582059021
2022-06-16,0.3852758179484658
2022-06-17,0.3521111741571664
2022-06-18,0.4680037583354591
2022-06-19,0.4282283876259536
2022-06-20,0.4288325412547788
2022-06-21,0.4888015793852775
2022-06-22,0.4069463103197994
2022-06-23,0.5031881375946022
2022-06-24,0.4329078950095907
2022-06-25,0.5090091200001368
2022-06-26,0.4558419850874544
2022-06-27,0.443682293501947
2022-06-28,0.4651739079523173
2022-06-29,0.4760939569725202
2022-06-30,0.5310502703336346
2022-07-01,0.4096174431852497
2022-07-02,0.4175155288166548
2022-07-03,0.4683075662800219
2022-07-04,0.4558227120166885
2022-07-05,0.3793855535765436
2022-07-06,0.4182099484430958
2022-07-07,0.5412917945599597
2022-07-08,0.514654140839199
2022-07-09,0.4586944860667473
2022-07-10,0.5036786003079885
2022-07-11,0.3909882983826116
2022-07-12,0.4634676694244582
2022-07-13,0.3585019562431137
2022-07-14,0.4150713816821852
2022-07-15,0.4762076499771571
2022-07-16,0.5007450164530926
2022-07-17,0.412767129957592
2022-07-18,0.4723434402630593
2022-07-19,0.5222613710949663
2022-07-20,0.4761375980831421
2022-07-21,0.5195798499246811
2022-07-22,0.4837224019458072
2022-07-23,0.5519804207777909
2022-07-24,0.5650921673252414
2022-07-25,0.4852527113132207
2022-07-26,0.5430226547834822
2022-07-27,0.6037402040679415
2022-07-28,0.5411269736884774
2022-07-29,0.5595002139183497
2022-07-30,0.4914059002636319
2022-07-31,0.5698130541275904
2022-08-01,0.5127719708349097
2022-08-02,0.5757244919232113
2022-08-03,0.5371019653213963
2022-08-04,0.4868841830760611
2022-08-05,0.5686809919558758
2022-08-06,0.5994608872442423
2022-08-07,0.5969408152854675
2022-08-08,0.5594812474895831
2022-08-09,0.5463068360701903
2022-08-10,0.5821164710673664
2022-08-11,0.5524151725068829
2022-08-12,0.6177572567145773
2022-08-13,0.5565186383065693
2022-08-14,0.5292926408283752
2022-08-15,0.5752797765545964
2022-08-16,0.5826665960113271
2022-08-17,0.4997037916660422
2022-08-18,0.5548497104600711
2022-08-19,0.6153251827572581
2022-08-20,0.521866103742944
2022-08-21,0.5210508806365993
2022-08-22,0.5160716810498995
2022-08-23,0.6177300078444004
2022-08-24,0.522303030541702
2022-08-25,0.5755483339510945
2022-08-26,0.5971659878739983
2022-08-27,0.4884283697841623
2022-08-28,0.5309835892989271
2022-08-29,0.537629597808552
2022-08-30,0.5424138497092919
2022-08-31,0.4971581293160385
2022-09-01,0.4737173181345702
2022-09-02,0.4425262439036363
2022-09-03,0.4986552161677474
2022-09-04,0.5724785236277299
2022-09-05,0.5212954160438683
2022-09-06,0.4623745430058057
2022-09-07,0.4870166175382706
2022-09-08,0.4266340359543307
2022-09-09,0.54654920229623
2022-09-10,0.5892813658690703
2022-09-11,0.6880173607827282
2022-09-12,0.5938958681701535
2022-09-13,0.4839146671461138
2022-09-14,0.4526676903201192
2022-09-15,0.5095675459892907
2022-09-16,0.447689075574877
2022-09-17,0.6022252384459896
2022-09-18,0.525590904156918
2022-09-19,0.44966715110292
2022-09-20,0.5082298852294048
2022-09-21,0.463481898870975
2022-09-22,0.441625089976968
2022-09-23,0.4652788240851162
2022-09-24,0.4915614527789921
2022-09-25,0.4914069152707561
2022-09-26,0.5151702547797955
2022-09-27,0.4441759438899654
2022-09-28,0.5228608221465031
2022-09-29,0.5028197221768992
2022-09-30,0.5921419950675605
2022-10-01,0.6275987538506931
2022-10-02,0.5376710025920578
2022-10-03,0.5459474342020398
2022-10-04,0.5990392612343686
2022-10-05,0.6382912582375901
2022-10-06,0.576006151774135
2022-10-07,0.6079985449280904
2022-10-08,0.6166314529197404
2022-10-09,0.5590339439490141
2022-10-10,0.5877711983661599
2022-10-11,0.5488922958427812
2022-10-12,0.483845172453897
2022-10-13,0.5156527220838093
2022-10-14,0.5574870322264316
2022-10-15,0.5384541362269364
2022-10-16,0.5165550670974246
2022-10-17,0.5506027413374864
2022-10-18,0.5197526964885244
2022-10-19,0.5483493999478515
2022-10-20,0.5242522088138197
2022-10-21,0.5684565874405895
2022-10-22,0.4976417200922542
2022-10-23,0.5779668206049873
2022-10-24,0.506024736634134
2022-10-25,0.4776738265464958
2022-10-26,0.6306591041881197
2022-10-27,0.536155881581734
2022-10-28,0.6422833749413289
2022-10-29,0.5847013083169981
2022-10-30,0.5483656882162373
2022-10-31,0.6994638738810607
2022-11-01,0.5850037969400239
2022-11-02,0.4924742870472188
2022-11-03,0.663603185569526
2022-11-04,0.5513793977902953
2022-11-05,0.6468258954683863
2022-11-06,0.578971348830242
2022-11-07,0.6018365845149735
2022-11-08,0.6175171039430722
2022-11-09,0.4877935090096126
2022-11-10,0.5350327898599903
2022-11-11,0.4740568795326547
2022-11-12,0.5794869936180806
2022-11-13,0.4395696551224301
2022-11-14,0.4324512015580075
2022-11-15,0.5589661092521663
2022-11-16,0.5365725092483964
2022-11-17,0.4972562725098332
2022-11-18,0.5077819829840318
2022-11-19,0.5287100730830481
2022-11-20,0.5196564909362625
2022-11-21,0.4423386223525368
2022-11-22,0.4451006263944084
2022-11-23,0.512681675670027
2022-11-24,0.4708842487014812
2022-11-25,0.4489951427535196
2022-11-26,0.3976093548502219
2022-11-27,0.4904754936145524
2022-11-28,0.4986658466464367
2022-11-29,0.4791849160358447
2022-11-30,0.5304366701285363
2022-12-01,0.5821276158248205
2022-12-02,0.4835746655586645
2022-12-03,0.4998898874440567
2022-12-04,0.5382748714711952
2022-12-05,0.560185785067492
2022-12-06,0.5250694981656333
2022-12-07,0.6555788916200018
2022-12-08,0.6518119356326723
2022-12-09,0.5916600024881608
2022-12-10,0.5996990655975538
2022-12-11,0.5713255526837997
2022-12-12,0.5637915445122407
2022-12-13,0.6728454917539969
2022-12-14,0.6088109348856814
2022-12-15,0.5626250391780895
2022-12-16,0.5031958203641085
2022-12-17,0.5412255087634854
2022-12-18,0.5650646312955006
2022-12-19,0.5255802586022118
2022-12-20,0.5570084770430125
2022-12-21,0.56674737908894
2022-12-22,0.5382874685589046
2022-12-23,0.5275111707359247
2022-12-24,0.3619794964104859
2022-12-25,0.5659470121697382
2022-12-26,0.5241786411306846
2022-12-27,0.4691553551683466
2022-12-28,0.6713852628326241
2022-12-29,0.5700986016129723
2022-12-30,0.6382388700907845
2022-12-31,0.6240776677982676
2023-01-01,0.6217418893691705
2023-01-02,0.6316123996153648
2023-01-03,0.6273205575568395
2023-01-04,0.5925245972210091
2023-01-05,0.6500714489997277
2023-01-06,0.7501552591504704
2023-01-07,0.6409048833269052
2023-01-08,0.6411751402472328
2023-01-09,0.6461733899070016
2023-01-10,0.7295953824618451
2023-01-11,0.6557744549766229
2023-01-12,0.7138614063105607
2023-01-13,0.7931345058335767
2023-01-14,0.9014058166746983
2023-01-15,0.8509441769501823
2023-01-16,0.7833505838957927
2023-01-17,0.8356286458839973
2023-01-18,0.7386372863948624
2023-01-19,0.7796090523520137
2023-01-20,0.7698982624508474
2023-01-21,0.8067574644478529
2023-01-22,0.8766747588536654
2023-01-23,0.9283750972190689
2023-01-24,0.7528187890545668
2023-01-25,1.036655830121763
2023-01-26,0.914575756952424
2023-01-27,0.9135407814558422
2023-01-28,0.9918018274224587
2023-01-29,0.980522872355466
2023-01-30,0.8115961621924853
2023-01-31,0.6959827672604875
2023-02-01,0.8512591420338234
2023-02-02,0.8926437795123224
2023-02-03,0.8230127912603052
2023-02-04,0.8334885607641478
2023-02-05,0.910090246916055
2023-02-06,0.8851084209567118
2023-02-07,0.8740551813254831
2023-02-08,0.8366114477308512
2023-02-09,0.9363164663848303
2023-02-10,0.8506251281414976
2023-02-11,0.8628260219423548
2023-02-12,0.9383067198841571
2023-02-13,0.912931658420619
2023-02-14,0.9219537689053463
2023-02-15,1.077789618852752
2023-02-16,1.134382891003847
2023-02-17,1.098141862680662
2023-02-18,1.114224199095968
2023-02-19,1.059938993805666
2023-02-20,0.9847049742729308
2023-02-21,1.098408141178266
2023-02-22,0.9180831700510838
2023-02-23,1.10767133713611
2023-02-24,0.8520223963169279
2023-02-25,0.6769288148405923
2023-02-26,1.070541827019546
2023-02-27,0.9026667137139346
2023-02-28,0.8756101121135551
2023-03-01,1.105986637351959
2023-03-02,0.9338986939824658
2023-03-03,1.039499802553887
2023-03-04,0.9365661631968517
2023-03-05,0.9571117421927658
2023-03-06,0.8246763160830286
2023-03-07,1.018550970036519
2023-03-08,0.8095697665927574
2023-03-09,0.7883893226953486
2023-03-10,0.7873349198764097
2023-03-11,0.9561550620214966
2023-03-12,0.9956807684511728
2023-03-13,1.067250436977691
2023-03-14,1.03398191550969
2023-03-15,1.021427095736423
2023-03-16,0.9619393429602111
2023-03-17,1.163418720456297
2023-03-18,1.248538108657353
2023-03-19,1.187069534560808
2023-03-20,1.220083665963739
2023-03-21,1.169889217665621
2023-03-22,1.251602507975347
2023-03-23,1.492663214781589
2023-03-24,1.293513026193924
2023-03-25,1.150956948185738
2023-03-26,1.156926450485431
2023-03-27,1.155422086766935
2023-03-28,1.062146867830404
2023-03-29,1.209984014349609
2023-03-30,1.261070969089594
2023-03-31,1.177622306391284
2023-04-01,1.170318275363639
2023-04-02,1.223597505643194
2023-04-03,1.069623565087678
2023-04-04,1.344119423760427
2023-04-05,1.159802575253279
2023-04-06,1.325635496995373
2023-04-07,1.170624232165612
2023-04-08,1.206315455908096
2023-04-09,1.211134897320258
2023-04-10,1.078858881782697
2023-04-11,1.385303852323488
2023-04-12,1.412735418701989
2023-04-13,1.282129406395088
2023-04-14,1.271856640054713
2023-04-15,1.415176248252602
2023-04-16,1.110977991179107
2023-04-17,1.353146899357369
2023-04-18,1.491898769196555
2023-04-19,1.190176492733877
2023-04-20,1.122175872901021
2023-04-21,1.184980924807574
2023-04-22,1.23145711878204
2023-04-23,1.204767871629695
2023-04-24,1.164723150567923
2023-04-25,1.076852882733227
2023-04-26,1.130087137513421
2023-04-27,1.188390743166937
2023-04-28,1.337430805247004
2023-04-29,1.242899027695135
2023-04-30,1.350196128221837
2023-05-01,1.606256944623383
2023-05-02,1.251246255700037
2023-05-03,1.385201378970116
2023-05-04,1.406835903005031
2023-05-05,1.235058873602943
2023-05-06,1.532649516899136
2023-05-07,1.722347649737419
2023-05-08,1.965132902798971
2023-05-09,1.817268228094691
2023-05-10,1.836460777938476
2023-05-11,1.456897893447391
2023-05-12,1.340332771806674
2023-05-13,1.289532590802072
2023-05-14,1.499367765873558
2023-05-15,1.29887374050603
2023-05-16,1.36892594365407
2023-05-17,1.418537562186511
2023-05-18,1.255455122187579
2023-05-19,1.340478335441047
2023-05-20,1.160020033815677
2023-05-21,1.284777696413249
2023-05-22,1.232982824010862
2023-05-23,1.328982002949216
2023-05-24,1.178366475288391
2023-05-25,1.29640777680809
2023-05-26,1.331272937123849
2023-05-27,1.229670938594329
2023-05-28,1.411062303721351
2023-05-29,1.42047698213789
2023-05-30,1.36438427579914
2023-05-31,1.222504150114767
2023-06-01,1.134905409758616
2023-06-02,1.415851071649931
2023-06-03,1.096070156642976
2023-06-04,1.234268789285955
2023-06-05,1.121896727799065
2023-06-06,1.321428929587236
2023-06-07,1.174647200740603
2023-06-08,1.296955653685067
2023-06-09,1.417432991953612
2023-06-10,1.240243649390293
2023-06-11,1.294180149368303
2023-06-12,1.25548956139616
2023-06-13,1.171507083217627
2023-06-14,0.9465263786942955
2023-06-15,1.168650300845588
2023-06-16,1.246173643582306
2023-06-17,1.145212649262209
2023-06-18,1.209331671405664
2023-06-19,1.159149809793002
2023-06-20,1.184144219185622
2023-06-21,1.130451068743263
2023-06-22,1.265567465069291
2023-06-23,1.180689512623423
2023-06-24,1.35463704697937
2023-06-25,1.405711867396405
2023-06-26,1.337953479925925
2023-06-27,1.300796164083828
2023-06-28,0.9901276011211115
2023-06-29,1.348410679302563
2023-06-30,1.451317689212122
2023-07-01,1.218625531393665
2023-07-02,1.552672798993257
2023-07-03,1.273401997680204
2023-07-04,1.288764326049182
2023-07-05,1.404688078988203
2023-07-06,1.230103877203706
2023-07-07,1.555321664685587
2023-07-08,1.569902574175604
2023-07-09,1.482257793052294
2023-07-10,1.364901499239171
2023-07-11,1.207574301988138
2023-07-12,1.278206152914877
2023-07-13,1.106404029361815
2023-07-14,1.225251739613106
2023-07-15,1.214473413785867
2023-07-16,1.355157349981603
2023-07-17,1.18982366983419
2023-07-18,1.398864079403498
2023-07-19,1.280939756657444
2023-07-20,1.111700861094927
2023-07-21,0.9807172071648527
2023-07-22,1.190655960918101
2023-07-23,1.206864821485413
2023-07-24,1.272716333393064
2023-07-25,1.163836266863129
2023-07-26,1.217890962582958
2023-07-27,1.165206074589737
2023-07-28,1.185064326754851
2023-07-29,1.114404654678887
2023-07-30,1.407688014679044
2023-07-31,1.182067737323813
2023-08-01,1.184645591534858
2023-08-02,1.305754686894839
2023-08-03,1.250951003222041
2023-08-04,1.016899824638736
2023-08-05,1.282103920074071
2023-08-06,1.35679338308424
2023-08-07,1.21467653068312
2023-08-08,1.080657982873408
2023-08-09,1.376135398547207
2023-08-10,1.077951836610376
2023-08-11,1.288012830474901
2023-08-12,1.380178099877145
2023-08-13,1.12900751487568
2023-08-14,1.417002189900637
2023-08-15,1.411953101172969
2023-08-16,1.332695432259145
2023-08-17,1.169579081510465
2023-08-18,1.0311163771518
2023-08-19,1.033829757711805
2023-08-20,1.187483027554387
2023-08-21,1.214206954737
2023-08-22,1.045725726034665
2023-08-23,1.062492894562448
2023-08-24,1.026690391104937
2023-08-25,1.002335777616781
2023-08-26,0.997986353819793
2023-08-27,0.8610551703149161
2023-08-28,0.8654468350502613
2023-08-29,1.245790109481013
2023-08-30,0.9745203227660587
2023-08-31,1.063246234231062
2023-09-01,1.099194497478488
2023-09-02,1.111230471108631
2023-09-03,1.154336349154003
2023-09-04,1.092616466801637
2023-09-05,0.9014896373287524
2023-09-06,0.9919314103062908
2023-09-07,1.090450967626313
2023-09-08,0.9878580994514848
2023-09-09,1.111495688959602
2023-09-10,1.096273819074143
2023-09-11,1.134336338031983
2023-09-12,1.034920018466399
2023-09-13,1.092997476011492
2023-09-14,1.213448803034016
2023-09-15,1.405547256362481
2023-09-16,1.155156147831735
2023-09-17,1.111917166243421
2023-09-18,1.200510937262735
2023-09-19,1.078001077470023
2023-09-20,1.13361645706124
2023-09-21,1.051708427642474
2023-09-22,0.9844888044057559
2023-09-23,1.19253323924873
2023-09-24,1.073480837878129
2023-09-25,1.07824545742701
2023-09-26,0.9894550438243145
2023-09-27,1.155440530428173
2023-09-28,1.091967585958301
2023-09-29,1.101562513029818
2023-09-30,1.021626522139521
2023-10-01,1.095208114833555
2023-10-02,1.191717672727066
2023-10-03,1.24411817366804
2023-10-04,1.010676064768976
2023-10-05,1.063766054163858
2023-10-06,1.251928569643006
2023-10-07,1.32470572876319
2023-10-08,1.126641848093756
2023-10-09,1.183864294169199
2023-10-10,1.194144469014627
2023-10-11,1.174214249439685
2023-10-12,1.208036623617033
2023-10-13,1.014860534069338
2023-10-14,1.068450366176949
2023-10-15,1.213438191959232
2023-10-16,1.093166134430823
2023-10-17,1.246361452403181
2023-10-18,1.113037251368765
2023-10-19,1.088781085544963
2023-10-20,1.078495671712894
2023-10-21,1.207812012627327
2023-10-22,1.236724760035554
2023-10-23,1.367588526267629
2023-10-24,1.180899579992922
2023-10-25,1.366523538325479
2023-10-26,1.389126437151419
2023-10-27,1.403889560392306
2023-10-28,1.455637470950055
2023-10-29,1.256514520879745
2023-10-30,1.430088771403224
2023-10-31,1.42377673548054
2023-11-01,1.404381347885469
2023-11-02,1.358674872271427
2023-11-03,1.26397459649549
2023-11-04,1.637749816379512
2023-11-05,1.5765266146987
2023-11-06,1.245380492630795
2023-11-07,1.35222509565691
2023-11-08,1.538573092153752
2023-11-09,1.707449950303055
2023-11-10,1.726758073337271
2023-11-11,1.676218125579762
2023-11-12,1.691034633574758
2023-11-13,1.278471196079164
2023-11-14,1.385831408055916
2023-11-15,1.640840317154966
2023-11-16,1.787577608110377
2023-11-17,1.746506595473152
2023-11-18,1.812663205596176
2023-11-19,1.881722964958927
2023-11-20,1.805444945682671
2023-11-21,1.601028650459036
2023-11-22,1.53606694600188
2023-11-23,1.662718599227129
2023-11-24,1.69843947567946
2023-11-25,1.615668811265501
2023-11-26,1.452975172993131
2023-11-27,1.298171673582632
2023-11-28,1.465248330403446
2023-11-29,1.359393475239704
2023-11-30,1.347747496484517
2023-12-01,1.680814176761225
2023-12-02,1.301754397886269
2023-12-03,1.821152623922925
2023-12-04,1.78572461832006
2023-12-05,1.836711715810271
2023-12-06,1.89907093459877
2023-12-07,1.463597443037417
2023-12-08,1.661552136956367
2023-12-09,1.858607063878822
2023-12-10,1.612627663745591
2023-12-11,1.747404632599791
2023-12-12,1.57139541997706
2023-12-13,1.801750456961177
2023-12-14,1.975945774090725
2023-12-15,2.228387681794405
2023-12-16,2.359739843817386
2023-12-17,2.247070913527236
2023-12-18,2.22214271867973
2023-12-19,2.244244298057341
2023-12-20,2.070330229839721
2023-12-21,2.102114717383425
2023-12-22,2.144701234398482
2023-12-23,1.882891752759105
2023-12-24,1.888841079659413
2023-12-25,1.600189012141218
2023-12-26,1.585759093468833
2023-12-27,1.60828293059579
2023-12-28,1.46304572618024
2023-12-29,1.69802373245623
2023-12-30,1.718701857856821
2023-12-31,1.949622893485149
2024-01-01,1.808316639263469
2024-01-02,1.490391913839493
2024-01-03,1.680775236438879
2024-01-04,1.800218777099282
2024-01-05,1.457760225252959
2024-01-06,1.453568349496156
2024-01-07,1.205775722936635
2024-01-08,1.424785925192328
2024-01-09,1.661379186328908
2024-01-10,1.473885953656221
2024-01-11,1.813672519703836
2024-01-12,1.665289376720535
2024-01-13,1.618286977995256
2024-01-14,1.409458477590113
2024-01-15,1.188206710257454
2024-01-16,1.292301404843295
2024-01-17,1.225412823915279
2024-01-18,1.383423407250826
2024-01-19,1.275782429097905
2024-01-20,1.314551583776537
2024-01-21,1.290617825632236
2024-01-22,1.411584497978104
2024-01-23,1.378998348309259
2024-01-24,1.323494683025015
2024-01-25,1.546713667340943
2024-01-26,1.384561565314645
2024-01-27,1.549400470388589
2024-01-28,1.437634553133422
2024-01-29,1.461089349897519
2024-01-30,1.317962844536915
2024-01-31,1.200132733808078
2024-02-01,1.43006835107855
2024-02-02,1.709796320398624
2024-02-03,1.55166389040516
2024-02-04,1.468249406503216
2024-02-05,1.413825157844977
2024-02-06,1.537696983906329
2024-02-07,1.517942300160659
2024-02-08,1.320527936672484
2024-02-09,1.633390265249206
2024-02-10,1.480808391554087
2024-02-11,1.370163458795785
2024-02-12,1.826797530392028
2024-02-13,1.394759653513386
2024-02-14,1.510990323118603
2024-02-15,1.646377779323573
2024-02-16,1.429400518337665
2024-02-17,1.547793813049422
2024-02-18,1.258053003736423
2024-02-19,1.426281964161778
2024-02-20,1.481382700889854
2024-02-21,1.437463312059566
2024-02-22,1.384114771171792
2024-02-23,1.604576587407238
2024-02-24,1.39044476248232
2024-02-25,1.67718886064397
2024-02-26,1.44208494502337
2024-02-27,1.490682405918123
2024-02-28,1.88519157635185
2024-02-29,1.686241120359549
2024-03-01,1.919954602885731
2024-03-02,1.578506196501581
2024-03-03,1.916279887471394
2024-03-04,1.824036365409277
2024-03-05,2.174454168738924
2024-03-06,1.872004065100265
2024-03-07,2.334854048445486
2024-03-08,2.022107502808019
2024-03-09,2.153523363865091
2024-03-10,1.878854046620305
2024-03-11,2.320589199058873
2024-03-12,1.896654348895989
2024-03-13,2.190280849145945
2024-03-14,1.873351718126915
2024-03-15,1.646512789292458
2024-03-16,1.759408320539444
2024-03-17,1.822873274121845
2024-03-18,1.842785652472029
2024-03-19,1.800085100450621
2024-03-20,1.851113963351849
2024-03-21,1.449164582023576
2024-03-22,1.584164172783767
2024-03-23,1.804438509518227
2024-03-24,2.043371418426775
2024-03-25,1.668307723030173
2024-03-26,1.725255898594379
2024-03-27,1.691919198118992
2024-03-28,1.912664842007158
2024-03-29,1.796568819997398
2024-03-30,1.920514619602438
2024-03-31,1.747599119804894
2024-04-01,1.832086214536374
2024-04-02,1.696271207628899
2024-04-03,1.648318758779557
2024-04-04,1.648696171706852
2024-04-05,1.742269469466103
2024-04-06,1.838946522360184
2024-04-07,2.038031657199853
2024-04-08,1.952100775092873
2024-04-09,1.790148673043677
2024-04-10,1.886793850234689
2024-04-11,1.735113054651165
2024-04-12,1.79753728940474
2024-04-13,1.905522129553463
2024-04-14,1.848719237899983
2024-04-15,1.730139938512637
2024-04-16,1.861471106960598
2024-04-17,1.578820246837546
2024-04-18,1.669401991797481
2024-04-19,1.774728841815053
2024-04-20,2.115351663154527
2024-04-21,1.321145966929756
2024-04-22,1.249319238998296
2024-04-23,1.635057760240723
2024-04-25,0.9279066982491486
2024-04-26,0.8309791712937946
2024-04-27,0.817287303594714
2024-04-28,0.8024415153466905
2024-04-29,0.7414055201436878
2024-04-30,0.7635362557629697
2024-05-01,0.6648230372809598
2024-05-02,0.7474167561803011
2024-05-03,0.7009429195197808
2024-05-04,0.7914477770478778
2024-05-05,0.924118658035559
2024-05-06,0.6845901126226328
2024-05-07,0.6684144241233904
2024-05-08,0.6675538956449473
2024-05-09,0.7910823672460534
2024-05-10,0.7544458880823958
2024-05-11,0.84137628082759
2024-05-12,0.6824180218439713
2024-05-13,0.7870268360999945
2024-05-14,0.7141709926035497
2024-05-15,0.7850070472438407
2024-05-16,0.7837374338895406
2024-05-17,0.8784176168151615
2024-05-18,0.7198795771946522
2024-05-19,0.8490547952288364
2024-05-20,0.9342043307310562
2024-05-21,0.8228130821629942
2024-05-22,0.8863305937600977
2024-05-23,0.9669059758659865
2024-05-24,0.9253848182320136
2024-05-25,0.9197483133054033
2024-05-26,0.9551198275217675
2024-05-27,0.7165261417673925
2024-05-28,0.7646842096490202
2024-05-29,0.8137587525005159
2024-05-30,0.7388920468291457
2024-05-31,0.9232581581152677
2024-06-01,0.8338250321484673
2024-06-02,0.8123795552791756
2024-06-03,0.9391556765923037
2024-06-04,0.8176569184318585
2024-06-05,0.8004367217741233
2024-06-06,0.8628962303117999
2024-06-07,1.334422933612268
2024-06-08,1.221339483906749
2024-06-09,0.9763870354266294
2024-06-10,0.8826503470782197
2024-06-11,0.7440434942356379
2024-06-12,0.8592295455524914
2024-06-13,0.8584722096609146
2024-06-14,0.7568132699653932
2024-06-15,0.7775309746844602
2024-06-16,0.921437578928874
2024-06-17,0.7820265975795534
2024-06-18,0.8438657631338244
2024-06-19,0.7614453401465825
2024-06-20,0.7226481759372654
2024-06-21,0.748050478638278
2024-06-22,0.8043805346557183
2024-06-23,0.5870401593450257
2024-06-24,0.7479255087483381
2024-06-25,0.6505824200640667
2024-06-26,0.6029664017214199
2024-06-27,0.6705878327306564
2024-06-28,0.6608905070480884
2024-06-29,0.7845215067586252
2024-06-30,0.6154914330193024
2024-07-01,0.7289941070662217
2024-07-02,0.7419463818856464
2024-07-03,0.7086401459977065
2024-07-04,0.6603811128777658
2024-07-05,0.5578194627553141
2024-07-06,0.7881026258837684
2024-07-07,0.6408909813605587
2024-07-08,0.7343764716154927
2024-07-09,0.721967355210015
2024-07-10,0.6451759749497705
2024-07-11,0.653658972147182
2024-07-12,0.7102091755247025
2024-07-13,0.7462282278756324
2024-07-14,0.8282280591451958
2024-07-15,0.8003924643024437
2024-07-16,0.7765799407891814
2024-07-17,0.8284287235626328
2024-07-18,0.6682349644934618
2024-07-19,0.8010830769336064
2024-07-20,0.88710040908988
2024-07-21,0.9202105307452234
2024-07-22,0.9814466321483922
2024-07-23,0.8914466310587711
2024-07-24,0.7532406386748387
2024-07-25,0.8620673390616574
2024-07-26,0.8622412204977472
2024-07-27,0.8388751244583039
2024-07-28,0.8025968924304938
2024-07-29,0.9567504823443337
2024-07-30,0.7902955343461165
2024-07-31,0.7373874921453789
2024-08-01,0.7382934991149726
2024-08-02,0.6063993167374188
2024-08-03,0.6604665246489514
2024-08-04,0.6586148877617352
2024-08-05,0.6695252715458466
2024-08-06,0.6279260390090495
2024-08-07,0.5388431529061588
2024-08-08,0.6497647874158207
2024-08-09,0.625017788883363
2024-08-10,0.6331960774699149
2024-08-11,0.7526644003667321
2024-08-12,0.6515934795941319
2024-08-13,0.722260288317368
2024-08-14,0.6173870223844276
2024-08-15,0.7413576497956088
2024-08-16,0.6755382316858403
2024-08-17,0.6984528176478612
2024-08-18,0.7270546125750575
2024-08-19,0.6258638587294725
2024-08-20,0.7061218441304382
2024-08-21,0.7199255495129576
2024-08-22,0.9156015802297638
2024-08-23,0.8357040295562819
2024-08-24,0.7821918214575371
2024-08-25,0.6815402917381312
2024-08-26,0.6682865519369621
2024-08-27,0.6720947138559145
2024-08-28,0.7601757395162708
2024-08-29,0.6207381819904813
2024-08-30,0.6734428202233135
2024-08-31,0.6829323803792902
2024-09-01,0.6462227382187861
2024-09-02,0.7885455724412924
2024-09-03,0.6774448908079298
2024-09-04,0.7005258277604519
2024-09-05,0.6910784019643841
2024-09-06,0.6213846146212967
2024-09-07,0.6859698051212884
2024-09-08,0.7198825422789924
2024-09-09,0.6471075961378405
2024-09-10,0.6268048692712562
2024-09-11,0.4932778914944762
2024-09-12,0.7023224959143266
2024-09-13,0.5935057012376436
2024-09-14,0.6618655911010315
2024-09-15,0.7067415226026761
2024-09-16,0.5781444215911005
2024-09-17,0.7244662843414043
2024-09-18,0.6772808045501683
2024-09-19,0.6107928867471987
2024-09-20,0.7361743698384581
2024-09-21,0.672969287542005
2024-09-22,0.6888937183498721
2024-09-23,0.7340194950876096
2024-09-24,0.7335488807878697
2024-09-25,0.7198747940533036
2024-09-26,0.6747083568029115
2024-09-27,0.7213571504126317
2024-09-28,0.6792900519173012
2024-09-29,0.8049080383891262
2024-09-30,0.687745702049555
2024-10-01,0.7554090844469877
2024-10-02,0.7471638178409112
2024-10-03,0.7539501192081987
2024-10-04,0.8275776453773888
2024-10-05,0.7529898944002348
2024-10-06,0.7583687496738769
2024-10-07,0.7654193467297901
2024-10-08,0.8327170825444113
2024-10-09,0.6214136090127377
2024-10-10,0.7643048519779272
2024-10-11,0.7607392541590595
2024-10-12,0.7620981443519362
2024-10-13,0.7173113181663052
2024-10-14,0.7504154493227518
2024-10-15,0.8556895092842534
2024-10-16,0.8351366676292106
2024-10-17,0.913733592680765
2024-10-18,0.7696384566925855
2024-10-19,0.942361744051144
2024-10-20,0.9474539769614595
2024-10-21,0.9148412697074132
2024-10-22,0.7624169714427587
2024-10-23,0.8173184478075902
2024-10-24,0.8614254020785946
2024-10-25,0.8474645591697759
2024-10-26,0.7689813751884158
2024-10-27,0.8604578957791538
2024-10-28,0.9214558458440809
2024-10-29,0.9089486080336149
2024-10-30,0.9502570193351204
2024-10-31,0.9708080655302054
2024-11-01,0.8350483582294259
2024-11-02,0.7673741051617655
2024-11-03,0.7156942430871057
2024-11-04,0.8025474215459462
2024-11-05,0.7511293760571242
2024-11-06,0.9045037103439537
2024-11-07,0.9286799756685531
2024-11-08,0.8558259266242971
2024-11-09,0.8505961556145726
2024-11-10,0.9498839732250395
2024-11-11,0.9682810284776506
2024-11-12,1.036506708865222
2024-11-13,1.010214268710544
2024-11-14,0.9182031287912235
2024-11-15,1.142500836270414
2024-11-16,1.14801093405997
2024-11-17,1.056601896207727
2024-11-18,1.138296748969132
2024-11-19,1.299125901597766
2024-11-20,1.122018775104976
2024-11-21,1.173528177505484
2024-11-22,1.116365661764005
2024-11-23,1.066808094901897
2024-11-24,1.052656716478986
2024-11-25,1.230210833292806
2024-11-26,1.016842129731641
2024-11-27,1.014852079135578
2024-11-28,1.086399306669208
2024-11-29,0.9399735387699277
2024-11-30,1.226351651149315
2024-12-01,1.230675438882823
2024-12-02,0.9895281439118491
2024-12-03,1.204068267899597
2024-12-04,1.130234650586459
2024-12-05,1.191296482006116
2024-12-06,1.07265976336092
2024-12-07,1.145897084798966
2024-12-08,1.166505758396166
2024-12-09,1.302397520571156
2024-12-10,1.174694679237297
2024-12-11,1.14404022358613
2024-12-12,1.201536940522865
2024-12-13,1.344819379198343
2024-12-14,1.268948937774568
2024-12-15,1.135208819790087
2024-12-16,1.23402198636183
2024-12-17,1.154508636390267
2024-12-18,1.137501910094182
2024-12-19,1.146097317033935
2024-12-20,1.177769670970215
2024-12-21,1.116879895537702
2024-12-22,1.160792268543022
2024-12-23,1.045381793401945
2024-12-24,1.032559990893308
2024-12-25,1.180717125568759
2024-12-26,0.9973936731607642
2024-12-27,1.161173570390035
2024-12-28,1.075049275441249
2024-12-29,1.153265963854225
2024-12-30,1.173069655349699
2024-12-31,0.9342336594610966
2025-01-01,1.044579199463556
2025-01-02,1.262148402403705
2025-01-03,1.09824468614302
2025-01-04,1.150959550125313
2025-01-05,1.212791958017107
2025-01-06,1.064218580217586
2025-01-07,1.025147051040456
2025-01-08,0.9405407558639495
2025-01-09,1.108661122658117
2025-01-10,1.068745286791291
2025-01-11,1.020128732401113
2025-01-12,1.275163677892553
2025-01-13,0.9589861811096817
2025-01-14,1.170764167431353
2025-01-15,1.10388013634134
2025-01-16,1.019891659194279
2025-01-17,1.227017781519493
2025-01-18,1.069251167783438
2025-01-19,1.19185442144692
2025-01-20,1.233304616144842
2025-01-21,1.112224934120016
2025-01-22,1.215019322948894
2025-01-23,1.111971892936427
2025-01-24,1.161529897594081
2025-01-25,1.052402981608156
2025-01-26,1.091873056172971
2025-01-27,1.247761775280392
2025-01-28,1.172327148130078
2025-01-29,1.263840706121668
2025-01-30,1.186616335724104
2025-01-31,0.9939182978880046
2025-02-01,1.449925718928635
2025-02-02,1.300228550593284
2025-02-03,1.205502859713315
2025-02-04,1.001849222968795
2025-02-05,1.087622306284957
2025-02-06,1.09494247354546
2025-02-07,1.309929054365138
2025-02-08,1.195417174478928
2025-02-09,1.08907545190786
2025-02-10,1.042300057520791
2025-02-11,0.9311598170842947
2025-02-12,1.02597453257737
2025-02-13,1.195739787296805
2025-02-14,1.143555360829591
2025-02-15,1.224838210040486
2025-02-16,1.118188661162294
2025-02-17,1.030339090621111
2025-02-18,1.062076708637063
2025-02-19,0.940538644855928
2025-02-20,1.003625955939641
2025-02-21,0.9675755257681495
2025-02-22,1.056373485242548
2025-02-23,0.991509289939603
2025-02-24,0.9490550177472662
2025-02-25,1.036671734833396
2025-02-26,1.050770245293185
2025-02-27,0.9997217145474973
2025-02-28,1.039086814269192
2025-03-01,0.9858864626589576
2025-03-02,0.9422944867058238
2025-03-03,1.030276339038783
2025-03-04,0.9888980504839171
2025-03-05,0.9725121047285314
2025-03-06,1.214174251774306
2025-03-07,0.9762308714743415
2025-03-08,0.9492857854929196
2025-03-09,1.024919170807197
2025-03-10,0.9702017310717519
2025-03-11,0.9228712086557658
2025-03-12,1.032224371918927
2025-03-13,1.034946331258156
2025-03-14,0.9665809225057163
2025-03-15,0.9176448072107205
2025-03-16,0.9705265001610464
2025-03-17,0.9430798316217914
2025-03-18,0.9569097297376488
2025-03-19,1.079581642891915
2025-03-20,0.9791022065970433
2025-03-21,0.9982000046287197
2025-03-22,1.04128307462134
2025-03-23,1.103340923290176
2025-03-24,1.117836274409466
2025-03-25,1.100111095921593
2025-03-26,1.086116055526286
2025-03-27,1.067244863452702
2025-03-28,1.077784838193114
2025-03-29,0.9646730653602643
2025-03-30,0.9351614140268457
2025-03-31,1.01733311059849
2025-04-01,0.9594341049782823
2025-04-02,1.182904772778799
2025-04-03,1.072905338140878
2025-04-04,1.255909397138258
2025-04-05,1.13926695420283
2025-04-06,0.9678201222610543
2025-04-07,0.9714674790433352
2025-04-08,0.9790083990202026
2025-04-09,0.9193895393199375
2025-04-10,0.9743973369520473
2025-04-11,1.063943539884095
2025-04-12,1.042256775796525
2025-04-13,1.24192913255297
2025-04-14,1.07618692976069
2025-04-15,1.02865610299822
2025-04-16,1.079818025772518
2025-04-17,1.115460364794089
2025-04-18,1.001232135524708
2025-04-19,1.020394263833613
2025-04-20,0.921440893916729
2025-04-21,0.9805292311533835
2025-04-22,1.238921180602999
2025-04-23,0.959299034581316
2025-04-24,1.15888652165452
2025-04-25,1.21682965862678
2025-04-26,1.081037129474396
2025-04-27,1.1123351716334
2025-04-28,1.162592097335319
2025-04-29,1.199447628075518
2025-04-30,1.07699010317045
2025-05-01,1.142331735821456
2025-05-02,1.326897852356523
2025-05-03,1.363927003508531
2025-05-04,1.145169943661447
2025-05-05,1.404612386466116
2025-05-06,1.154313616152085
2025-05-07,1.266198693867421
2025-05-08,1.422320430743057
2025-05-09,1.234491220406076
2025-05-10,1.371713061419309
2025-05-11,1.332000191788449
2025-05-12,1.261289040963823
2025-05-13,1.160860635366324
2025-05-14,1.268656314936097
2025-05-15,1.309156631998416
2025-05-16,1.200619760307981
2025-05-17,1.260172591778973
2025-05-18,1.454981206911826
2025-05-19,1.267889765016343
2025-05-20,1.336490535320976
2025-05-21,1.2884936778249
2025-05-22,1.375808585629128
2025-05-23,1.37746035249003
2025-05-24,1.227759578077396
2025-05-25,1.347343837336977
2025-05-26,1.390257488592332
2025-05-27,1.247140140632673
2025-05-28,1.43513963311673
2025-05-29,1.361290152469254
2025-05-30,1.314376127970009
2025-05-31,1.350829702991454
2025-06-01,1.090951401125899
2025-06-02,1.166309624084258
2025-06-03,1.229437074572022
2025-06-04,1.047635523905898
2025-06-05,1.0829853023398
2025-06-06,1.145468206127615
2025-06-07,1.217034682063851
2025-06-08,1.331507852845884
2025-06-09,1.247925605456894
2025-06-10,1.50874951831543
2025-06-11,1.261113392951304
2025-06-12,1.242075516256136
2025-06-13,1.259256668133766
2025-06-14,1.2748143232792
2025-06-15,1.136455545069885
2025-06-16,1.251011970609713
2025-06-17,0.9973054353383036
2025-06-18,1.181100406550886
2025-06-19,1.078647791421517
2025-06-20,1.272886198916314
2025-06-21,1.162545897775799
2025-06-22,0.8512948609858033
2025-06-23,0.9023625399538546
2025-06-24,0.9968413320172206
2025-06-25,1.186396194092682
2025-06-26,1.360627426362241
2025-06-27,0.9804022506925635
2025-06-28,1.230240305105111
2025-06-29,1.482058626265194
2025-06-30,1.225439079924413
2025-07-01,1.130589475668696
2025-07-02,1.302949917737829
2025-07-03,1.283041670081522
2025-07-04,1.34566489639845
2025-07-05,1.31916922690744
2025-07-06,1.348840101090764
2025-07-07,1.326396356747079
2025-07-08,1.195521140719237
2025-07-09,1.44047150377997
2025-07-10,1.543516157197658
2025-07-11,1.414993156942036
2025-07-12,1.304341373242715
2025-07-13,1.2283570265351
2025-07-14,1.361341458033019
2025-07-15,1.440841118996006
2025-07-16,1.21040242113612
2025-07-17,1.257056971541338
2025-07-18,1.301221297491474
2025-07-19,1.270178015783356
2025-07-20,1.359530968887123
2025-07-21,1.343447688990732
2025-07-22,1.353115987729785
2025-07-23,1.245746902232229
2025-07-24,1.346598681126812
2025-07-25,1.404935174216728
2025-07-26,1.349528969519456
2025-07-27,1.264062300023535
2025-07-28,1.292651762971186
2025-07-29,0.9940585971294335
2025-07-30,1.234203732418831
2025-07-31,1.360497049537852
2025-08-01,1.289744512909012
2025-08-02,1.249979795324874
2025-08-03,1.298051857917346
2025-08-04,1.489491215042965
2025-08-05,1.216140058314624
2025-08-06,1.238147154331148
2025-08-07,1.401891133240618
2025-08-08,1.18818379184644
2025-08-09,1.00615213734839
2025-08-10,1.213585434967321
2025-08-11,1.298399306858803
2025-08-12,1.211584050314941
2025-08-13,1.400343482732204
2025-08-14,1.438141412156856
2025-08-15,1.159177049432979
2025-08-16,1.278118026640198
2025-08-17,1.33629049650686
2025-08-18,1.305655299483815
2025-08-19,1.114732813078889
2025-08-20,1.185995505121596
2025-08-21,1.197783595922017
2025-08-22,1.22782229214941
2025-08-23,1.276314788877412
2025-08-24,1.352509490474978
2025-08-25,1.125780926540539
2025-08-26,1.215505374988543
2025-08-27,1.200922182639888
2025-08-28,1.286581427142048
2025-08-29,1.291987000024033
2025-08-30,1.223371827178174
2025-08-31,1.041083805673684
2025-09-01,1.255429133750407
2025-09-02,1.297382202760154
2025-09-03,1.093984773597026
2025-09-04,1.119955019226494
2025-09-05,1.110642183250831
2025-09-06,1.116164543742278
2025-09-07,1.21916520070547
2025-09-08,1.253886878392499
2025-09-09,1.326184403014003
2025-09-10,1.351385496284124
2025-09-11,1.242992514485839
2025-09-12,0.9842316898732191
2025-09-13,1.153475896625945
2025-09-14,1.191951795807276
2025-09-15,1.300448329644939
2025-09-16,1.27197960400427
2025-09-17,1.044769550715311
2025-09-18,1.287117830639792
2025-09-19,1.366366857791982
2025-09-20,1.225076468074547
2025-09-21,1.306234600171861
2025-09-22,1.173580282943017
2025-09-23,1.123723566451791
2025-09-24,1.191209323554455
2025-09-25,1.061711341574811
2025-09-26,1.015045023447797
2025-09-27,1.155310121588813
2025-09-28,1.280694187215338
2025-09-29,1.090863962415748
2025-09-30,1.229920493313227
2025-10-01,1.23653018663236
2025-10-02,1.123258371806747
2025-10-03,0.9967812768485371
2025-10-04,1.103876578379752
2025-10-05,1.244486922892651
2025-10-06,1.071543741720802
2025-10-07,1.157604705052901
2025-10-08,1.240118035676558
2025-10-09,1.014394036342693
2025-10-10,1.01004257511719
2025-10-11,1.087674535113641
2025-10-12,1.094298221025651
2025-10-13,1.189957469276268
2025-10-14,1.288944078589104
2025-10-15,1.065710876876926
2025-10-16,1.113671311775161
2025-10-17,1.103351502157603
2025-10-18,1.201834985969756
2025-10-19,1.002531672299966
2025-10-20,1.103579287871106
2025-10-21,1.087977497350396
2025-10-22,1.100907548120828
2025-10-23,1.058193607685829
2025-10-24,1.336199864205759
2025-10-25,1.166720203181433
2025-10-26,1.095029221059592
2025-10-27,1.129780631330453
2025-10-28,1.19282822474305
2025-10-29,0.8875115458264714
2025-10-30,1.150356914295284
2025-10-31,1.053999227853902
2025-11-01,0.9814635203811984
2025-11-02,1.154302196693159
2025-11-03,0.999751632620873
2025-11-04,0.8990287944815405
2025-11-05,0.9477813538677553
2025-11-06,0.9147400651943904
2025-11-07,0.9746789985918212
2025-11-08,0.8193854584796675
2025-11-09,0.9564181378724578
2025-11-10,0.9854372991148863
2025-11-11,1.023098707752262
2025-11-12,0.9553674244762548
2025-11-13,0.9808632873700298
2025-11-14,0.8826265313994895
2025-11-15,0.9102054015565585
2025-11-16,0.9854281833104477
2025-11-17,0.7462597993333148
2025-11-18,0.8145050856060978
2025-11-19,0.8378643909834466
2025-11-20,0.7523294684429147
2025-11-21,0.8257176433033353
2025-11-22,0.8045008509456946
2025-11-23,0.8178826709389176
2025-11-24,0.8205179720441523
2025-11-25,0.6733195810387607
2025-11-26,0.9515692613293251
2025-11-27,0.8441697728872536
2025-11-28,0.8770101606847611
2025-11-29,0.8325251052765901
2025-11-30,0.9912607515776835
2025-12-01,0.7896796156490985
2025-12-02,0.7620291686606417
2025-12-03,0.8169738110749643
2025-12-04,0.8174833444252955
2025-12-05,0.6974589891572434
2025-12-06,0.9648819614613522
2025-12-07,0.964984733617683
2025-12-08,0.8895120264816716
2025-12-09,0.798940367344621
2025-12-10,0.953829879122679
2025-12-11,0.9902036716702346
2025-12-12,0.8571723891928416
2025-12-13,0.8445372842589315
2025-12-14,0.7244731147047988
2025-12-15,0.7818951059966479
2025-12-16,0.8360060710440786
2025-12-17,0.7806913562134155
2025-12-18,0.8325106952737841
2025-12-19,0.8413492281428401
2025-12-20,0.866241428982901
2025-12-21,0.80934042769984
2025-12-22,0.8211117668215914
2025-12-23,0.8231574603709741
2025-12-24,0.9264396947552017
2025-12-25,0.8090277232646268
2025-12-26,0.9348404467507667
2025-12-27,0.7738596257150688
2025-12-28,0.9294367965449597
2025-12-29,0.881494952497338
2025-12-30,0.7029812238369282
2025-12-31,0.7735373477410965
2026-01-01,0.8915499815742698
2026-01-02,0.8686128490153633
2026-01-03,0.9547949221369478
2026-01-04,0.8825504171034213
2026-01-05,0.8563831237186048
2026-01-06,0.7905073225751924
2026-01-07,0.7704417073633132
2026-01-08,0.7685971081619644
2026-01-09,0.7647874815979331
2026-01-10,0.7560262914421139
2026-01-11,0.7786664193315992
2026-01-12,0.8327666819797632
2026-01-13,0.943877627772913
2026-01-14,0.8140720653624641
2026-01-15,0.9009676009489651
2026-01-16,0.8289001996589168
2026-01-17,0.953509358179756
2026-01-18,0.8413240110214784
2026-01-19,0.9474893751698669
2026-01-20,0.7661629195996945
2026-01-21,0.8435388525844808
2026-01-22,0.9478039415096653
2026-01-23,0.8202045746678448
2026-01-24,0.6212066016686039
2026-01-25,0.6216604949862454
2026-01-26,0.737861811242003
2026-01-27,0.7459834743032264
2026-01-28,0.662242596805558
2026-01-29,0.7276434126387246
2026-01-30,0.7542844266789182
2026-01-31,0.7429530370535615
2026-02-01,0.6316037239232394
2026-02-02,0.6377815394208228
2026-02-03,0.6712305645493359
2026-02-04,0.7187698009070567
2026-02-05,0.548831467523699
2026-02-06,0.6980331776511598
2026-02-07,0.7797754224875999
2026-02-08,0.8052941865070514
2026-02-09,0.785796360470907
2026-02-10,0.6748102661173402
2026-02-11,0.7238095554423071
2026-02-12,0.8104373603095983
2026-02-13,0.6912840529724144
2026-02-14,0.7926377579657865
2026-02-15,0.9303073490791433
2026-02-16,0.8119690712718066
2026-02-17,0.7536258020209059
2026-02-18,0.6960772681523245
2026-02-19,0.71127338492224
2026-02-20,0.6281736120745283
2026-02-21,0.5515105817524261
2026-02-22,0.7573072151540886
2026-02-23,0.6574466384815381
2026-02-24,0.7152547167381581
2026-02-25,0.7405929475503646
2026-02-26,0.6603059198496368
2026-02-27,0.6116360169690128
2026-02-28,0.6598890113151702
2026-03-01,0.6713393771950027
2026-03-02,0.6545041676653726
2026-03-03,0.6453671500700635
2026-03-04,0.6417502405133506
2026-03-05,0.8109011880128626
2026-03-06,0.6886024493178939
2026-03-07,0.5985442538325957
2026-03-08,0.610507449622384
2026-03-09,0.6537607106063327
2026-03-10,0.6538896613108387
2026-03-11,0.6721482346267258
2026-03-12,0.6247284679922563
2026-03-13,0.6048847225155378
2026-03-14,0.6262365969561692
2026-03-15,0.6461718971938242
2026-03-16,0.6434592314693639
2026-03-17,0.6420758120184217
2026-03-18,0.7047983987183775
2026-03-19,0.6678346220209382
2026-03-20,0.653408332511337
2026-03-21,0.671857139528939
2026-03-22,0.7691612717616486
2026-03-23,0.8002982728937924
2026-03-24,0.6400617791341457
2026-03-25,0.7597737605508782
2026-03-26,0.8116210945065433
2026-03-27,0.712071736458484
2026-03-28,0.8061057334910707
2026-03-29,0.660409108095219
2026-03-30,0.6256104512958514
2026-03-31,0.6546485849127077
2026-04-01,0.7765591469071486
2026-04-02,0.6772726650587434
2026-04-03,0.6058037074170604
2026-04-04,0.5701814170562948
2026-04-05,0.7851261998307246
2026-04-06,0.6238291619035855
2026-04-07,0.704522088961198
2026-04-08,0.7475708346631609
2026-04-09,0.7344448336905957
2026-04-10,0.6580525905845215
2026-04-11,0.6264551287789357
2026-04-12,0.7856144942037566
2026-04-13,0.7690228465949447
2026-04-14,0.8521590772147785
2026-04-15,0.6766602954744106
2026-04-16,0.7775020444710246
2026-04-17,0.7768444489253387
2026-04-18,0.815961732569066
2026-04-19,0.8220322386532105
2026-04-20,0.7029189952303357
2026-04-21,0.729936145612252
2026-04-22,0.7384829884039994
2026-04-23,0.6697665616576224
2026-04-24,0.8144874537559363
2026-04-25,0.782250654753693
2026-04-26,0.8152398262791324
2026-04-27,0.7750682246068048
2026-04-28,0.765864931874218
2026-04-29,0.7010016473905643
2026-04-30,0.763328090615229
2026-05-01,0.8782514422053483
2026-05-02,0.7681550909294863
2026-05-03,0.8635980839957326
2026-05-04,0.861749042984155
2026-05-05,0.868838267043907
2026-05-06,0.8093588133591153
2026-05-07,0.7902150735309329
2026-05-08,0.8399091154360042
2026-05-09,0.9645102189614448
2026-05-10,0.8921504326889111
2026-05-11,0.9642844090388487
2026-05-12,0.7738713083230763
2026-05-13,0.7565910501372022
2026-05-14,0.8817182351485988
2026-05-15,0.8265573992671302
2026-05-16,0.8677345808193228
2026-05-17,0.7916251708619911
2026-05-18,0.7485146468942467
2026-05-19,0.7987614154346978
2026-05-20,0.8469388837630947
2026-05-21,0.7054525059583978
2026-05-22,0.8488225541196923
2026-05-23,0.9084026585937743
2026-05-24,0.7186333922401346
2026-05-25,0.9237602094006804
2026-05-26,0.7849533322383123
2026-05-27,0.7472035528031776
2026-05-28,0.8725276208051572
2026-05-29,0.7684208879681051
2026-05-30,0.7776801365343856
2026-05-31,0.7919741047629146
2026-06-01,0.6950395836242668
2026-06-02,0.5262360009070873
2026-06-03,0.5224346911703354
2026-06-04,0.6825583299911103
2026-06-05,0.6084392838356071
2026-06-06,0.5406109040099558
2026-06-07,0.5529067861550977
2026-06-08,0.5814985857877549
2026-06-09,0.5700911336872694
2026-06-10,0.5596887104871227
2026-06-11,0.638094032255243
2026-06-12,0.692665322580726
2026-06-13,0.6241346897506603
2026-06-14,0.7469188534314385
2026-06-15,0.7654510725770954
2026-06-16,0.8187415237915328
2026-06-17,0.6611952164299125
2026-06-18,0.800242546220106
2026-06-19,0.7450442531583692
2026-06-20,0.7832409968919386
2026-06-21,0.6554652840879589
2026-06-22,0.7764644864585585
2026-06-23,0.8428743989834695
2026-06-24,0.7366670674785952
2026-06-25,0.7864348393104228
2026-06-26,0.7269712205533944
2026-06-27,0.7811718447841972
2026-06-28,0.5953290017393054
2026-06-29,0.601167691328969
2026-06-30,0.6822986162120082
2026-07-01,0.6803458930217222
2026-07-02,0.6326087182589962
2026-07-03,0.7404727432079484
2026-07-04,0.7664777191779333
2026-07-05,0.6444703675580894
2026-07-06,0.6020075799360428
2026-07-07,0.6955527090060633
2026-07-08,0.6690225220156841
2026-07-09,0.6258754802466867
2026-07-10,0.6624395227943823
2026-07-11,0.7093778261236525
2026-07-12,0.7346234221124237
2026-07-13,0.7297651516167633
2026-07-14,0.8459557507985939
2026-07-15,0.7269166319226489
2026-07-16,0.6509736985785872
2026-07-17,0.6536212642019888
2026-07-18,0.8642278599697921
2026-07-19,0.8732127322912376
2026-07-20,0.7678054905665203
2026-07-21,0.7425522700411674
2026-07-22,0.6217032442650574
2026-07-23,0.7024142518997688
2026-07-24,0.802311905700823
