date,realized_price
2010-07-17,1.996898585769333e-05
2010-07-18,0.0006766381734442948
2010-07-19,0.001480018800225121
2010-07-20,0.001835416635774941
2010-07-21,0.0022053501147594
2010-07-22,0.002424646998974817
2010-07-23,0.002724391773497436
2010-07-24,0.003288108400442425
2010-07-25,0.003679934715310869
2010-07-26,0.004558737102978085
2010-07-27,0.004837124493791166
2010-07-28,0.005060188578082854
2010-07-29,0.005225193893914454
2010-07-30,0.005449849462969638
2010-07-31,0.005651566714003567
2010-08-01,0.005957973869979056
2010-08-02,0.006096563034949391
2010-08-03,0.006334576527630556
2010-08-04,0.006569698345264354
2010-08-05,0.006742071373222747
2010-08-06,0.006941853282059209
2010-08-07,0.007114424091788075
2010-08-08,0.007292087070090031
2010-08-09,0.007654127732217737
2010-08-10,0.007871479991723164
2010-08-11,0.00813905698692369
2010-08-12,0.008299396713124093
2010-08-13,0.00862152999895725
2010-08-14,0.008852269333876986
2010-08-15,0.009068251734124561
2010-08-16,0.009267759325722526
2010-08-17,0.009383481312785302
2010-08-18,0.009602407806062436
2010-08-19,0.009716211887693435
2010-08-20,0.009879753829020264
2010-08-21,0.01012592207002758
2010-08-22,0.01035378005650543
2010-08-23,0.01051142906721798
2010-08-24,0.01068430507548141
2010-08-25,0.01084224866095546
2010-08-26,0.0109940954305607
2010-08-27,0.01115436853823488
2010-08-28,0.01127300014086262
2010-08-29,0.01138476336601412
2010-08-30,0.0114925540868577
2010-08-31,0.01167288177018903
2010-09-01,0.01176569784430911
2010-09-02,0.01186276299104432
2010-09-03,0.01197306809683342
2010-09-04,0.01208197029211759
2010-09-05,0.01224974675615188
2010-09-06,0.01232747420429005
2010-09-07,0.0124598978358298
2010-09-08,0.01256272379520072
2010-09-09,0.01283233045726566
2010-09-10,0.01293995938059265
2010-09-11,0.01303675162534527
2010-09-12,0.01317544318239873
2010-09-13,0.01328668008611498
2010-09-14,0.0134217908069413
2010-09-15,0.01357513225442485
2010-09-16,0.01383419477142487
2010-09-17,0.01432281968378075
2010-09-18,0.01445876011648598
2010-09-19,0.01459751581249476
2010-09-20,0.01471956191360061
2010-09-21,0.01482881109072622
2010-09-22,0.01494810223944765
2010-09-23,0.01512231002355759
2010-09-24,0.01526477620392091
2010-09-25,0.0153844262081706
2010-09-26,0.01550326052532109
2010-09-27,0.01588280196229467
2010-09-28,0.01672118398784188
2010-09-29,0.01685510527460654
2010-09-30,0.01692883703853552
2010-10-01,0.01735059109119151
2010-10-02,0.01878655329437234
2010-10-03,0.0188460993584075
2010-10-04,0.01893216437878528
2010-10-05,0.01934757900437374
2010-10-06,0.01946345681889412
2010-10-07,0.01962048853545127
2010-10-08,0.02009885236357216
2010-10-09,0.0209378789161829
2010-10-10,0.02164513060586725
2010-10-11,0.02205369844812353
2010-10-12,0.02224466448604139
2010-10-13,0.02282422740413057
2010-10-14,0.02305507238700524
2010-10-15,0.02383102581146583
2010-10-16,0.02451003713405702
2010-10-17,0.02480632544350149
2010-10-18,0.02509949506233711
2010-10-19,0.02535350689130301
2010-10-20,0.02565827203484802
2010-10-21,0.02640420885058298
2010-10-22,0.02660063906351913
2010-10-23,0.02691382712323323
2010-10-24,0.02800174184879009
2010-10-25,0.02854698879071335
2010-10-26,0.02960087426991943
2010-10-27,0.03108301340575055
2010-10-28,0.03329378453725789
2010-10-29,0.03401254708564889
2010-10-30,0.03479768855287469
2010-10-31,0.03569112271298964
2010-11-01,0.03618559138571118
2010-11-02,0.03692792793961328
2010-11-03,0.03748406382727953
2010-11-04,0.04026255312331753
2010-11-05,0.04146974981491366
2010-11-06,0.04636955946583858
2010-11-07,0.04829146915790584
2010-11-08,0.05814399230809764
2010-11-09,0.05896008927517762
2010-11-10,0.05892082123817268
2010-11-11,0.05941690213665591
2010-11-12,0.05982984457175808
2010-11-13,0.06091752411342214
2010-11-14,0.06198177064419898
2010-11-15,0.0644999837885237
2010-11-16,0.06505983399841087
2010-11-17,0.06565374794258726
2010-11-18,0.06632909613987358
2010-11-19,0.06717700874361741
2010-11-20,0.0679061433031455
2010-11-21,0.06838088071003189
2010-11-22,0.06884876855904061
2010-11-23,0.06942753773576027
2010-11-24,0.07014613560593613
2010-11-25,0.07108738853012071
2010-11-26,0.07110189963408294
2010-11-27,0.07166600338202335
2010-11-28,0.07208373818753087
2010-11-29,0.07240290834896439
2010-11-30,0.07230803945899854
2010-12-01,0.07238309845699521
2010-12-02,0.07339135250271468
2010-12-03,0.07376280310284748
2010-12-04,0.07414778510357066
2010-12-05,0.07460232525968721
2010-12-06,0.07477149051097852
2010-12-07,0.07553344727107088
2010-12-08,0.07599216911644328
2010-12-09,0.0762603250641383
2010-12-10,0.07649766471161458
2010-12-11,0.07676266880362058
2010-12-12,0.07700564629472194
2010-12-13,0.07751927939095038
2010-12-14,0.07779066105971566
2010-12-15,0.07854117370416468
2010-12-16,0.07891615044475347
2010-12-17,0.07925231753968286
2010-12-18,0.0796812156897647
2010-12-19,0.08006906099592759
2010-12-20,0.08104838059570024
2010-12-21,0.08269400698779264
2010-12-22,0.08300650512622379
2010-12-23,0.08333024464878439
2010-12-24,0.0835641369355712
2010-12-25,0.08397733813106342
2010-12-26,0.08434363852044309
2010-12-27,0.08470540589989806
2010-12-28,0.08517740109237575
2010-12-29,0.08686118302698956
2010-12-30,0.08744158550901501
2010-12-31,0.0878733765648751
2011-01-01,0.08832401172987314
2011-01-02,0.08903242282144079
2011-01-03,0.0895582631271876
2011-01-04,0.08990203408657085
2011-01-05,0.09035884552186435
2011-01-06,0.09074332524083017
2011-01-07,0.09133448542960612
2011-01-08,0.09201844192604546
2011-01-09,0.09255854071682422
2011-01-10,0.0939609859577247
2011-01-11,0.09636912684217888
2011-01-12,0.09686509115577467
2011-01-13,0.09894561522171784
2011-01-14,0.1001791040103184
2011-01-15,0.1009124363289514
2011-01-16,0.1022416612666508
2011-01-17,0.1033658042663293
2011-01-18,0.1039448244838396
2011-01-19,0.1051177507359604
2011-01-20,0.105756762242664
2011-01-21,0.1067703945103352
2011-01-22,0.1079707937002124
2011-01-23,0.1100221644016238
2011-01-24,0.1113077462071849
2011-01-25,0.1121212076034609
2011-01-26,0.1139246046387596
2011-01-27,0.1292061977312127
2011-01-28,0.1303275456870146
2011-01-29,0.1321849034240432
2011-01-30,0.1331076270802408
2011-01-31,0.137482524577329
2011-02-01,0.1426935543417943
2011-02-02,0.1486140684702845
2011-02-03,0.1505794234212435
2011-02-04,0.1533036618155534
2011-02-05,0.1573795282313073
2011-02-06,0.1625163126472631
2011-02-07,0.1710806856723457
2011-02-08,0.1731489615540788
2011-02-09,0.1801048824263035
2011-02-10,0.1841019682487499
2011-02-11,0.1890280447007222
2011-02-12,0.1918898214058377
2011-02-13,0.1949113062344708
2011-02-14,0.2026353838523667
2011-02-15,0.2051021600381008
2011-02-16,0.2073835049885139
2011-02-17,0.2096241056446785
2011-02-18,0.2123753550354452
2011-02-19,0.2139303624357215
2011-02-20,0.2156461913300391
2011-02-21,0.216905733903803
2011-02-22,0.2188313036939598
2011-02-23,0.2207296058084662
2011-02-24,0.2231692935274308
2011-02-25,0.2251105611717291
2011-02-26,0.2296586821184929
2011-02-27,0.2339844493876014
2011-02-28,0.2371595558484678
2011-03-01,0.2689629897539129
2011-03-02,0.2702672559569426
2011-03-03,0.27166243089118
2011-03-04,0.2733578538297666
2011-03-05,0.2757940522797931
2011-03-06,0.276375597256369
2011-03-07,0.2774295321079063
2011-03-08,0.2789690650497426
2011-03-09,0.2797143134501891
2011-03-10,0.2807653748028144
2011-03-11,0.2816739799101161
2011-03-12,0.2846312416096242
2011-03-13,0.2866034440574017
2011-03-14,0.2894553456520529
2011-03-15,0.2909957166795903
2011-03-16,0.2942634814574332
2011-03-17,0.295747131745607
2011-03-18,0.29604579262199
2011-03-19,0.296489746730321
2011-03-20,0.297017032761434
2011-03-21,0.297942610066991
2011-03-22,0.2981769378248999
2011-03-23,0.2999322102475312
2011-03-24,0.3034479619748721
2011-03-25,0.3045592458624347
2011-03-26,0.3075204424323357
2011-03-27,0.3087055678847848
2011-03-28,0.3093896959596617
2011-03-29,0.3099369045699641
2011-03-30,0.3104262112775886
2011-03-31,0.3111760126470616
2011-04-01,0.311930710954909
2011-04-02,0.3122689600418877
2011-04-03,0.3129128643186208
2011-04-04,0.3143402300424784
2011-04-05,0.3153303611505784
2011-04-06,0.3158325682591521
2011-04-07,0.3165147341111959
2011-04-08,0.3172638416714179
2011-04-09,0.3178387571679207
2011-04-10,0.318258879996251
2011-04-11,0.3190516130009047
2011-04-12,0.320826019648626
2011-04-13,0.323065313286784
2011-04-14,0.325847781663326
2011-04-15,0.3289109546051718
2011-04-16,0.3326774372881787
2011-04-17,0.3354314049222211
2011-04-18,0.3401831474310372
2011-04-19,0.3458043178620208
2011-04-20,0.3482956631991703
2011-04-21,0.3512280637159709
2011-04-22,0.3578196354617152
2011-04-23,0.3699225369711119
2011-04-24,0.377585129099545
2011-04-25,0.3815663628522676
2011-04-26,0.3864391183813972
2011-04-27,0.3943237549399235
2011-04-28,0.4064171905499548
2011-04-29,0.5034984143852062
2011-04-30,0.5901997138534143
2011-05-01,0.6052883443520285
2011-05-02,0.6159644726936844
2011-05-03,0.6360637591302225
2011-05-04,0.685106478136473
2011-05-05,0.6968398237337282
2011-05-06,0.7273332443353918
2011-05-07,0.7386223830747517
2011-05-08,0.7561282536343936
2011-05-09,0.7711440849390837
2011-05-10,0.8386117718363154
2011-05-11,0.8871832237042678
2011-05-12,0.9491361062480271
2011-05-13,1.093246502297794
2011-05-14,1.241448584425483
2011-05-15,1.302985318914924
2011-05-16,1.408766048552743
2011-05-17,1.458690116337374
2011-05-18,1.489427187502927
2011-05-19,1.517925045632966
2011-05-20,1.547689313741796
2011-05-21,1.463288801274568
2011-05-22,1.502163422978874
2011-05-23,1.538250499847887
2011-05-24,1.57054524356696
2011-05-25,1.602852571546174
2011-05-26,1.648591646325726
2011-05-27,1.765280327618782
2011-05-28,1.781361694526185
2011-05-29,1.79913896524926
2011-05-30,1.832216046215625
2011-05-31,1.867869937869869
2011-06-01,1.900434931363579
2011-06-02,1.972442541123772
2011-06-03,2.16443635158615
2011-06-04,2.291880322985478
2011-06-05,2.460592306046032
2011-06-06,3.0235149401405
2011-06-07,3.140024668996534
2011-06-08,3.841923052493994
2011-06-09,4.281175149694892
2011-06-10,4.670418332539826
2011-06-11,4.691322375950965
2011-06-12,5.155099756579133
2011-06-13,5.32581110715713
2011-06-14,5.786687862257524
2011-06-15,6.184614328122555
2011-06-16,6.337765740565574
2011-06-17,6.342275421203691
2011-06-18,6.413130857861178
2011-06-19,6.48728475728289
2011-06-20,6.535195544250032
2011-06-21,6.614084444824964
2011-06-22,6.639435886760701
2011-06-23,6.671716960788173
2011-06-24,6.715876591140504
2011-06-25,6.73734307084329
2011-06-26,6.783440614329474
2011-06-27,6.911909253647571
2011-06-28,6.992960456071135
2011-06-29,7.040562128633334
2011-06-30,7.1064104042897
2011-07-01,7.106288672272329
2011-07-02,7.098063531977742
2011-07-03,7.113645991950342
2011-07-04,7.106957212059173
2011-07-05,7.120716750276161
2011-07-06,7.129519318381846
2011-07-07,7.142217960644018
2011-07-08,7.142076190794637
2011-07-09,7.145747144843655
2011-07-10,7.185787478587834
2011-07-11,7.197583743468773
2011-07-12,7.207116747618178
2011-07-13,7.220383920854496
2011-07-14,7.227918083040509
2011-07-15,7.238367086332092
2011-07-16,7.241603072928422
2011-07-17,7.250735730671861
2011-07-18,6.969664469457674
2011-07-19,6.990211736565237
2011-07-20,6.923274935286265
2011-07-21,6.928177297361152
2011-07-22,6.932097672273365
2011-07-23,6.940116158270856
2011-07-24,6.952174648787588
2011-07-25,6.966198112994759
2011-07-26,6.977532790377245
2011-07-27,6.990714488477748
2011-07-28,6.987147380657271
2011-07-29,6.997636584519799
2011-07-30,7.012281039529221
2011-07-31,7.008424535913291
2011-08-01,7.008525851076594
2011-08-02,7.006693496338075
2011-08-03,6.962120620357739
2011-08-04,6.955627088988414
2011-08-05,6.941927715022888
2011-08-06,6.868968309092297
2011-08-07,6.824138271716946
2011-08-08,6.712762900802577
2011-08-09,6.730047141412556
2011-08-10,6.725737492041573
2011-08-11,6.717729255143411
2011-08-12,6.715935883926456
2011-08-13,6.717855200778036
2011-08-14,6.722434247704736
2011-08-15,6.740110675044564
2011-08-16,6.753158258651593
2011-08-17,6.763845948543389
2011-08-18,6.771391362189694
2011-08-19,6.778835557902928
2011-08-20,6.787835006355864
2011-08-21,6.791788201937465
2011-08-22,6.796891382304306
2011-08-23,6.797827668438147
2011-08-24,6.800127086080103
2011-08-25,6.867544863038212
2011-08-26,6.876525951866647
2011-08-27,6.524590131440045
2011-08-28,6.527937073562021
2011-08-29,6.53536693617764
2011-08-30,6.532385341761761
2011-08-31,6.52842228830496
2011-09-01,6.519884433991507
2011-09-02,6.522884569622573
2011-09-03,6.523614987944662
2011-09-04,6.519446895218
2011-09-05,6.50937055020205
2011-09-06,6.487832382428505
2011-09-07,6.477038681085463
2011-09-08,6.455617254896921
2011-09-09,6.43418842282773
2011-09-10,6.422565069360238
2011-09-11,6.191715766415844
2011-09-12,6.176675835269632
2011-09-13,6.155437892206933
2011-09-14,6.14753484626967
2011-09-15,6.134794067587675
2011-09-16,6.118645691228838
2011-09-17,6.112544727819298
2011-09-18,6.107920072560703
2011-09-19,6.099915845843601
2011-09-20,6.099509812515784
2011-09-21,6.09848427629214
2011-09-22,6.087198476868748
2011-09-23,6.082648276883732
2011-09-24,6.079625346571871
2011-09-25,6.043584542782178
2011-09-26,6.035735422723907
2011-09-27,6.029963092464174
2011-09-28,6.023369211751492
2011-09-29,6.019111708225561
2011-09-30,6.018233831531806
2011-10-01,6.00791677230878
2011-10-02,5.999019003225665
2011-10-03,5.992423534366419
2011-10-04,5.987523223772437
2011-10-05,5.981330702951839
2011-10-06,5.975214634057378
2011-10-07,5.959666434891885
2011-10-08,5.950681212154508
2011-10-09,5.939985684910324
2011-10-10,5.934016814132014
2011-10-11,5.914796687087417
2011-10-12,5.902046903055628
2011-10-13,5.896690780074298
2011-10-14,5.886363757680021
2011-10-15,5.880167353307018
2011-10-16,5.872818095208287
2011-10-17,5.834800400327928
2011-10-18,5.813303509996772
2011-10-19,5.774425850999979
2011-10-20,5.765739078422214
2011-10-21,5.756829709110448
2011-10-22,5.746848196744044
2011-10-23,5.742816507266849
2011-10-24,5.733623069296065
2011-10-25,5.726342299026509
2011-10-26,5.704843422332296
2011-10-27,5.700552139885952
2011-10-28,5.700642482154135
2011-10-29,5.700040650829833
2011-10-30,5.697443258828296
2011-10-31,5.691196638788368
2011-11-01,5.685327403104286
2011-11-02,5.681438219087005
2011-11-03,5.668664237045902
2011-11-04,5.661371416729097
2011-11-05,5.655587808128884
2011-11-06,5.651398465883292
2011-11-07,5.646679003878585
2011-11-08,5.636652702416155
2011-11-09,5.46916628994949
2011-11-10,5.464274351580603
2011-11-11,5.45652416732543
2011-11-12,5.453953224475591
2011-11-13,5.450146652238645
2011-11-14,5.434960243386692
2011-11-15,5.427199032924036
2011-11-16,5.065168414609626
2011-11-17,5.042723978912589
2011-11-18,5.0057538327528
2011-11-19,4.99349806339502
2011-11-20,4.99004344871447
2011-11-21,4.980158545461347
2011-11-22,4.976431631953685
2011-11-23,4.968681525374331
2011-11-24,4.970083143604811
2011-11-25,4.975931432833482
2011-11-26,4.950227447759707
2011-11-27,4.950523983223738
2011-11-28,4.896983099001492
2011-11-29,4.912586151441762
2011-11-30,4.926385935869892
2011-12-01,4.926219644678599
2011-12-02,4.930210615288932
2011-12-03,4.907702771320637
2011-12-04,4.906862103526195
2011-12-05,4.905038754781807
2011-12-06,4.905525078391304
2011-12-07,4.878383469135978
2011-12-08,4.874601832653763
2011-12-09,4.875635460966246
2011-12-10,4.873056673670816
2011-12-11,4.882343155343325
2011-12-12,4.883071487212367
2011-12-13,4.881665000070504
2011-12-14,4.872699347946075
2011-12-15,4.872038324837375
2011-12-16,4.871476611819522
2011-12-17,4.8694466378831
2011-12-18,4.867207017079806
2011-12-19,4.873177060089438
2011-12-20,4.891624172835885
2011-12-21,4.897298147161314
2011-12-22,4.900291943860219
2011-12-23,4.904407716958723
2011-12-24,4.903063330190813
2011-12-25,4.901561029591438
2011-12-26,4.903177311613802
2011-12-27,4.904558318335908
2011-12-28,4.908014352531709
2011-12-29,4.908397076075745
2011-12-30,4.911065536226869
2011-12-31,4.91743099449395
2012-01-01,4.929294600126303
2012-01-02,4.923072515214965
2012-01-03,4.927109692659983
2012-01-04,4.94069852718789
2012-01-05,4.990833414531985
2012-01-06,5.026470364486927
2012-01-07,5.041596462444448
2012-01-08,5.064284978172941
2012-01-09,5.086806577378797
2012-01-10,5.086493281108818
2012-01-11,5.101882274988325
2012-01-12,5.12869090995977
2012-01-13,5.1401328239632
2012-01-14,5.149892836240441
2012-01-15,5.156665631695997
2012-01-16,5.166104684843442
2012-01-17,5.172137961660108
2012-01-18,5.164578103140302
2012-01-19,5.177069312964454
2012-01-20,5.180122465616623
2012-01-21,5.182870813422477
2012-01-22,5.184350113069209
2012-01-23,5.187047823047162
2012-01-24,5.19044498095299
2012-01-25,5.189043164758263
2012-01-26,5.176315967130274
2012-01-27,5.166282922533998
2012-01-28,5.163602241179784
2012-01-29,5.159978697070588
2012-01-30,5.157099474341695
2012-01-31,5.15102874327808
2012-02-01,5.154496022765846
2012-02-02,5.159365283989028
2012-02-03,5.161195818476757
2012-02-04,5.162096902257304
2012-02-05,5.160474434466116
2012-02-06,5.153157708527043
2012-02-07,5.152085149015243
2012-02-08,5.151463295420689
2012-02-09,5.151864777182284
2012-02-10,5.150598051793747
2012-02-11,5.161890562498593
2012-02-12,5.161842052607767
2012-02-13,5.115659237114587
2012-02-14,5.080311615354353
2012-02-15,5.06473545005392
2012-02-16,5.043792755694141
2012-02-17,5.034637219410017
2012-02-18,5.017279997578109
2012-02-19,5.010580236865351
2012-02-20,5.006400961839922
2012-02-21,4.999589519596796
2012-02-22,4.995698295929454
2012-02-23,4.999834299911773
2012-02-24,5.002256847736641
2012-02-25,5.005637130311571
2012-02-26,5.005863329160687
2012-02-27,5.007424990747595
2012-02-28,5.009312406881848
2012-02-29,4.971747981188039
2012-03-01,4.97334498160504
2012-03-02,4.967000831603111
2012-03-03,4.961680309595748
2012-03-04,4.961761607673201
2012-03-05,4.963145831652314
2012-03-06,4.964828791463678
2012-03-07,4.965497399680602
2012-03-08,4.963905219540978
2012-03-09,4.963407423058805
2012-03-10,4.961435976337206
2012-03-11,4.957060563255514
2012-03-12,4.955948803530823
2012-03-13,4.959832362316983
2012-03-14,4.96853787995589
2012-03-15,4.973308192636451
2012-03-16,4.979690765305965
2012-03-17,4.980989599213096
2012-03-18,4.977926738127967
2012-03-19,4.972369984576363
2012-03-20,4.967364085439016
2012-03-21,4.956344935752162
2012-03-22,4.95037270546396
2012-03-23,4.950030519417799
2012-03-24,4.943165336641098
2012-03-25,4.937285881103149
2012-03-26,4.93431829758255
2012-03-27,4.931929913982482
2012-03-28,4.93213309570549
2012-03-29,4.928266869326999
2012-03-30,4.855052007889087
2012-03-31,4.856067223035947
2012-04-01,4.85517805482538
2012-04-02,4.856391148378806
2012-04-03,4.84218127632062
2012-04-04,4.843144274758329
2012-04-05,4.844065706812568
2012-04-06,4.846923912459186
2012-04-07,4.845238354629934
2012-04-08,4.84428028007085
2012-04-09,4.847923777200109
2012-04-10,4.846880921731798
2012-04-11,4.84868250325307
2012-04-12,4.852088251138284
2012-04-13,4.852902895228043
2012-04-14,4.855063454044457
2012-04-15,4.85741508179331
2012-04-16,4.860313573282308
2012-04-17,4.861466335711262
2012-04-18,4.866411222727658
2012-04-19,4.870339247726745
2012-04-20,4.877430013346268
2012-04-21,4.878933633357898
2012-04-22,4.883384998525393
2012-04-23,4.878081981180497
2012-04-24,4.87818680070103
2012-04-25,4.900623210968329
2012-04-26,4.893830052772479
2012-04-27,4.894086558512085
2012-04-28,4.892346770128476
2012-04-29,4.89079500409488
2012-04-30,4.87690005109478
2012-05-01,4.876853287727385
2012-05-02,4.878246288984081
2012-05-03,4.879328146802764
2012-05-04,4.880418135467754
2012-05-05,4.880704443999308
2012-05-06,4.86893478362816
2012-05-07,4.868655234311839
2012-05-08,4.867023878487085
2012-05-09,4.867845048174353
2012-05-10,4.867634185539927
2012-05-11,4.864056695240222
2012-05-12,4.877095964898827
2012-05-13,4.87171511908329
2012-05-14,4.869480407863799
2012-05-15,4.868370908863016
2012-05-16,4.864785188373979
2012-05-17,4.858376443853419
2012-05-18,4.84971963101596
2012-05-19,4.849711441167442
2012-05-20,4.831187303841191
2012-05-21,4.816509144213431
2012-05-22,4.814034974333689
2012-05-23,4.815906959433281
2012-05-24,4.801793186907217
2012-05-25,4.802770839524656
2012-05-26,4.78892491338036
2012-05-27,4.790310025388416
2012-05-28,4.790324932345879
2012-05-29,4.790314747156247
2012-05-30,4.790408080105125
2012-05-31,4.770363209293741
2012-06-01,4.773483922317149
2012-06-02,4.774982095690656
2012-06-03,4.775737173915163
2012-06-04,4.777154234435764
2012-06-05,4.782697982207638
2012-06-06,4.786718942903441
2012-06-07,4.791979632182123
2012-06-08,4.798412949032705
2012-06-09,4.801770138001636
2012-06-10,4.802794301585044
2012-06-11,4.807176989654387
2012-06-12,4.813642309074631
2012-06-13,4.822769938175639
2012-06-14,4.8253492362123
2012-06-15,4.841569613099826
2012-06-16,4.855620012974232
2012-06-17,4.863868798177537
2012-06-18,4.869377832901578
2012-06-19,4.876706688602963
2012-06-20,4.87880412349645
2012-06-21,4.88863003778535
2012-06-22,4.897328876854091
2012-06-23,4.901295613388225
2012-06-24,4.903742741328418
2012-06-25,4.903960357959247
2012-06-26,4.910808115676924
2012-06-27,4.917547095259626
2012-06-28,4.923496602534501
2012-06-29,4.928446776064789
2012-06-30,4.932744265466172
2012-07-01,4.93554331149078
2012-07-02,4.943396234700375
2012-07-03,4.943733396008926
2012-07-04,4.948081338957111
2012-07-05,4.953620822701579
2012-07-06,4.957843386299346
2012-07-07,4.954020676922411
2012-07-08,4.96164112334744
2012-07-09,4.969641975060013
2012-07-10,4.928726993826471
2012-07-11,4.939933463601224
2012-07-12,4.948775384367798
2012-07-13,4.972528417856572
2012-07-14,4.939569697223055
2012-07-15,4.944615837429298
2012-07-16,4.975919770044656
2012-07-17,5.035330417741586
2012-07-18,5.068525260284668
2012-07-19,5.098318564766378
2012-07-20,5.099572230051693
2012-07-21,5.119895628542737
2012-07-22,5.129664347570722
2012-07-23,5.141792653851637
2012-07-24,5.152592099187607
2012-07-25,5.159487657661073
2012-07-26,5.181459457875625
2012-07-27,5.19682265126221
2012-07-28,5.209401857509468
2012-07-29,5.221459441127008
2012-07-30,5.236050388935321
2012-07-31,5.262705798893107
2012-08-01,5.282717584178553
2012-08-02,5.333514459768186
2012-08-03,5.373637144359784
2012-08-04,5.406718326021256
2012-08-05,5.429340535882481
2012-08-06,5.456200901663718
2012-08-07,5.472149164274612
2012-08-08,5.508126658936226
2012-08-09,5.533240391993017
2012-08-10,5.55479296154367
2012-08-11,5.571941631262288
2012-08-12,5.588769437531439
2012-08-13,5.61619869539837
2012-08-14,5.649890535499337
2012-08-15,5.69003410795478
2012-08-16,5.748413976426155
2012-08-17,5.826950683951726
2012-08-18,5.831439452114644
2012-08-19,5.80327990102312
2012-08-20,5.823607191370145
2012-08-21,5.830086582304118
2012-08-22,5.837787776363752
2012-08-23,5.843931425954915
2012-08-24,5.859652309203025
2012-08-25,5.876106834547363
2012-08-26,5.889337953349256
2012-08-27,5.957598761264746
2012-08-28,5.978857103225681
2012-08-29,5.987319138039306
2012-08-30,5.992911763582435
2012-08-31,6.0480272492251
2012-09-01,6.033324179985055
2012-09-02,6.038069749140075
2012-09-03,6.046726749648135
2012-09-04,6.057970959260089
2012-09-05,6.075984586899437
2012-09-06,6.094802272389303
2012-09-07,6.105985670627846
2012-09-08,6.115741486062682
2012-09-09,6.134329535473835
2012-09-10,6.226736510646849
2012-09-11,6.235397211031809
2012-09-12,6.254835899899989
2012-09-13,6.266910580955833
2012-09-14,6.283939834843357
2012-09-15,6.306852268416577
2012-09-16,6.323071095988855
2012-09-17,6.341185781579091
2012-09-18,6.362104062849482
2012-09-19,6.401347531402314
2012-09-20,6.44787435328127
2012-09-21,6.466475447610653
2012-09-22,6.479322253800745
2012-09-23,6.48714748759226
2012-09-24,6.499904439794395
2012-09-25,6.515059875653812
2012-09-26,6.530729720264364
2012-09-27,6.55131299375646
2012-09-28,6.580286369490267
2012-09-29,6.598714387419326
2012-09-30,6.611235145393931
2012-10-01,6.622462396730098
2012-10-02,6.645684335016556
2012-10-03,6.673138682956618
2012-10-04,6.695718954697084
2012-10-05,6.706081188954469
2012-10-06,6.711604191359074
2012-10-07,6.706109801357782
2012-10-08,6.709616706097548
2012-10-09,6.71396889935967
2012-10-10,6.722269571171949
2012-10-11,6.728150942009772
2012-10-12,6.734559586367851
2012-10-13,6.737849576682132
2012-10-14,6.745478964810894
2012-10-15,6.74945315792012
2012-10-16,6.758808082207361
2012-10-17,6.777563692445209
2012-10-18,6.786658071830205
2012-10-19,6.791221480110162
2012-10-20,6.792425406468385
2012-10-21,6.812758907179141
2012-10-22,6.816853214112089
2012-10-23,6.823151758818566
2012-10-24,6.831346363151767
2012-10-25,6.829658731833844
2012-10-26,6.816500354365759
2012-10-27,6.807222820979067
2012-10-28,6.806090142430811
2012-10-29,6.807039199534858
2012-10-30,6.80913136689277
2012-10-31,6.820334999508359
2012-11-01,6.819944416028983
2012-11-02,6.812090895899362
2012-11-03,6.811946295307227
2012-11-04,6.820993325762846
2012-11-05,6.824330461960875
2012-11-06,6.828347096771631
2012-11-07,6.83939928776332
2012-11-08,6.844288465948274
2012-11-09,6.847579984065735
2012-11-10,6.850511593640662
2012-11-11,6.854898788307863
2012-11-12,6.867291392110709
2012-11-13,6.874343925196187
2012-11-14,6.879711135058471
2012-11-15,6.887523697927404
2012-11-16,6.911733853302039
2012-11-17,6.923155937395056
2012-11-18,6.933505609156499
2012-11-19,6.94703416356466
2012-11-20,6.955462624981063
2012-11-21,6.96545405436492
2012-11-22,6.982790141710818
2012-11-23,6.999218376615618
2012-11-24,7.014569477077093
2012-11-25,7.031614763082293
2012-11-26,7.05078278522884
2012-11-27,7.058094969619847
2012-11-28,7.070964856718799
2012-11-29,7.081209816592604
2012-11-30,7.095964041159709
2012-12-01,7.103993510200929
2012-12-02,7.109142110009779
2012-12-03,7.121142680500608
2012-12-04,7.173997693637757
2012-12-05,7.203488960786962
2012-12-06,7.224430963184242
2012-12-07,7.252308130664337
2012-12-08,7.261475379685318
2012-12-09,7.273463748237621
2012-12-10,7.286610522755815
2012-12-11,7.302157497563996
2012-12-12,7.323910039831897
2012-12-13,7.35411132433507
2012-12-14,7.367433974612991
2012-12-15,7.371633613414462
2012-12-16,7.378028219094685
2012-12-17,7.377186562028665
2012-12-18,7.385364039746906
2012-12-19,7.399155235489512
2012-12-20,7.415701408106974
2012-12-21,7.428592091796042
2012-12-22,7.431588852011276
2012-12-23,7.432212879037916
2012-12-24,7.435239432773049
2012-12-25,7.438106064122763
2012-12-26,7.44260187767783
2012-12-27,7.447790413310323
2012-12-28,7.456226997620511
2012-12-29,7.461162798588391
2012-12-30,7.467208472932367
2012-12-31,7.490547624442598
2013-01-01,7.493695158463409
2013-01-02,7.497333261756826
2013-01-03,7.50296698436949
2013-01-04,7.513942368262389
2013-01-05,7.519715154735451
2013-01-06,7.524089207926698
2013-01-07,7.531249527240995
2013-01-08,7.552287326286189
2013-01-09,7.562109442695544
2013-01-10,7.587348834970855
2013-01-11,7.604199206050232
2013-01-12,7.613629934658295
2013-01-13,7.623659493429013
2013-01-14,7.636035607688767
2013-01-15,7.651506554340666
2013-01-16,7.674367078971835
2013-01-17,7.720225761119488
2013-01-18,7.759835263560918
2013-01-19,7.774380638051414
2013-01-20,7.791027121444676
2013-01-21,7.843052529137292
2013-01-22,7.943336804264987
2013-01-23,7.981649854412923
2013-01-24,8.050699042992385
2013-01-25,8.062605039672695
2013-01-26,8.08373114950523
2013-01-27,8.155701795823967
2013-01-28,8.214687702407454
2013-01-29,8.33782880883901
2013-01-30,8.44549736048251
2013-01-31,8.578285608427542
2013-02-01,8.7589996883436
2013-02-02,8.774343717153952
2013-02-03,8.814054836291573
2013-02-04,8.853666473673853
2013-02-05,8.903150920356465
2013-02-06,8.961638104729813
2013-02-07,9.018272728916587
2013-02-08,9.114482083656785
2013-02-09,9.198942148748007
2013-02-10,9.243203146153611
2013-02-11,9.311821713020947
2013-02-12,9.402728031891865
2013-02-13,9.518933733541536
2013-02-14,9.644709001785293
2013-02-15,9.796695015937717
2013-02-16,9.888526694809032
2013-02-17,9.963160843312346
2013-02-18,10.03076806435187
2013-02-19,10.16018790452402
2013-02-20,10.27961429141174
2013-02-21,10.36394183456703
2013-02-22,10.48817461376531
2013-02-23,10.53467737194589
2013-02-24,10.6154933938645
2013-02-25,10.88813570058857
2013-02-26,11.00171799057275
2013-02-27,11.06229007097232
2013-02-28,11.33630947554187
2013-03-01,11.48062489056624
2013-03-02,11.5577210740875
2013-03-03,11.61647908074237
2013-03-04,11.74603219090087
2013-03-05,12.09596345884665
2013-03-06,12.63899680697478
2013-03-07,12.94223358522193
2013-03-08,13.07508617767754
2013-03-09,13.30431181886289
2013-03-10,13.46396376998687
2013-03-11,13.63954653200741
2013-03-12,13.74927124612975
2013-03-13,13.96195012479708
2013-03-14,14.14575629183675
2013-03-15,14.30809792183045
2013-03-16,14.40809798214156
2013-03-17,14.51183178987678
2013-03-18,14.68622814853103
2013-03-19,15.18853565952059
2013-03-20,15.68952240653176
2013-03-21,16.50853262866132
2013-03-22,17.11865652760466
2013-03-23,17.26420564441967
2013-03-24,17.64154730612872
2013-03-25,18.32339325825811
2013-03-26,18.78682028489546
2013-03-27,19.56242994175102
2013-03-28,20.3654609392372
2013-03-29,20.91261195492033
2013-03-30,21.59162866321288
2013-03-31,21.88993297252935
2013-04-01,23.07573136472977
2013-04-02,24.16725181593362
2013-04-03,26.71481405858641
2013-04-04,27.77495038952526
2013-04-05,29.90519641505893
2013-04-06,30.6729875239305
2013-04-07,31.78362678520491
2013-04-08,34.5306072667608
2013-04-09,40.07854707747914
2013-04-10,43.59614535696366
2013-04-11,43.29037089099211
2013-04-12,40.3271478222914
2013-04-13,40.29843261884808
2013-04-14,40.12683618517983
2013-04-15,39.60229137228158
2013-04-16,38.6723779397805
2013-04-17,39.00061570359705
2013-04-18,39.29900695354932
2013-04-19,40.09392377730557
2013-04-20,40.64771755895614
2013-04-21,41.18079272836169
2013-04-22,41.56819588754498
2013-04-23,42.34925247031519
2013-04-24,44.00649629238682
2013-04-25,45.5894757754067
2013-04-26,45.75488862192198
2013-04-27,46.17432401990681
2013-04-28,46.38601942293036
2013-04-29,46.96663985523983
2013-04-30,47.34710823688199
2013-05-01,46.99023070419477
2013-05-02,46.73067388317192
2013-05-03,46.39433870814892
2013-05-04,46.47024810276853
2013-05-05,46.64547585045761
2013-05-06,46.8421613155584
2013-05-07,46.82936105733429
2013-05-08,46.8818474421002
2013-05-09,46.93725277952332
2013-05-10,46.93691827823837
2013-05-11,47.1554084665189
2013-05-12,47.24269666210037
2013-05-13,47.34096513794356
2013-05-14,47.35727171178245
2013-05-15,47.51991029461354
2013-05-16,47.60056798376454
2013-05-17,47.75814374441179
2013-05-18,48.08009215276281
2013-05-19,48.15729831869749
2013-05-20,48.26044548284615
2013-05-21,48.34769156625027
2013-05-22,48.46051824889009
2013-05-23,48.60494929448634
2013-05-24,48.85638828414288
2013-05-25,49.43732204854435
2013-05-26,49.52703846883722
2013-05-27,49.66036607763551
2013-05-28,49.76409135983792
2013-05-29,49.99958683855266
2013-05-30,50.16672731741748
2013-05-31,50.33085464034806
2013-06-01,50.44258621088166
2013-06-02,50.51531595410611
2013-06-03,50.57529465300383
2013-06-04,50.70454174642038
2013-06-05,50.87454199788427
2013-06-06,51.17172438305246
2013-06-07,51.12387520325883
2013-06-08,51.09405571381733
2013-06-09,51.01119759173199
2013-06-10,51.02371672413639
2013-06-11,51.12703049883446
2013-06-12,51.16066540103179
2013-06-13,51.14257829268888
2013-06-14,51.09447446811366
2013-06-15,51.0947573991563
2013-06-16,51.10120494876573
2013-06-17,51.09968889222693
2013-06-18,51.13902689319868
2013-06-19,51.18807277914998
2013-06-20,51.27240850589011
2013-06-21,51.31263713443691
2013-06-22,51.35248934457456
2013-06-23,51.36493222182002
2013-06-24,51.3813320220746
2013-06-25,51.42301573516354
2013-06-26,51.46639091341542
2013-06-27,51.46302232436226
2013-06-28,51.41178282470882
2013-06-29,51.41716665006365
2013-06-30,51.39446420077203
2013-07-01,51.43996306689201
2013-07-02,51.45574729901347
2013-07-03,51.32318579766881
2013-07-04,51.1767638358848
2013-07-05,50.72759846596438
2013-07-06,50.39425569476123
2013-07-07,50.32763847740698
2013-07-08,50.36754054390347
2013-07-09,50.31893494708617
2013-07-10,50.49028938374944
2013-07-11,50.56354384456972
2013-07-12,50.81995045679005
2013-07-13,50.97405060708206
2013-07-14,51.02338313838715
2013-07-15,51.1018636486545
2013-07-16,51.13238620889972
2013-07-17,51.14516003819386
2013-07-18,51.02208252960241
2013-07-19,50.99068458230013
2013-07-20,50.98258932492581
2013-07-21,50.97466145113206
2013-07-22,50.97658857159362
2013-07-23,51.03509947303647
2013-07-24,51.07454913952828
2013-07-25,51.13560891038364
2013-07-26,51.16496876314097
2013-07-27,51.18485706670709
2013-07-28,51.25393567262761
2013-07-29,51.26833196115543
2013-07-30,51.38688551774425
2013-07-31,51.5812458953511
2013-08-01,51.66305094508459
2013-08-02,51.87531548747982
2013-08-03,52.26656475832316
2013-08-04,52.32474791182025
2013-08-05,52.47495995019395
2013-08-06,52.51855302018208
2013-08-07,52.58344336852102
2013-08-08,52.6277380196906
2013-08-09,52.66844266308392
2013-08-10,52.72799984249428
2013-08-11,52.7837772028906
2013-08-12,52.85143865452543
2013-08-13,53.18623893605896
2013-08-14,53.35375028657713
2013-08-15,53.50893346316519
2013-08-16,53.56974340778348
2013-08-17,53.67508699624702
2013-08-18,53.75524399170332
2013-08-19,53.95924230347447
2013-08-20,54.16781474143497
2013-08-21,54.32183418989748
2013-08-22,54.43732014688626
2013-08-23,54.53777666810243
2013-08-24,54.59445608388526
2013-08-25,54.68460079542228
2013-08-26,54.78271106552177
2013-08-27,55.01838948894977
2013-08-28,55.18998017294148
2013-08-29,55.45673917507575
2013-08-30,55.72771923087823
2013-08-31,56.08219722384312
2013-09-01,56.35788400654836
2013-09-02,56.63832734865971
2013-09-03,57.08253540380866
2013-09-04,57.18092666336191
2013-09-05,57.2009732206376
2013-09-06,57.22083934824082
2013-09-07,57.29086880932767
2013-09-08,57.32105258399982
2013-09-09,57.53113401029297
2013-09-10,57.67641991712317
2013-09-11,57.83197521998782
2013-09-12,58.21311895808463
2013-09-13,58.35540374101384
2013-09-14,58.62936385026649
2013-09-15,58.71702818648989
2013-09-16,58.88345437354369
2013-09-17,58.97438485569433
2013-09-18,59.12998225364496
2013-09-19,59.53561000059476
2013-09-20,59.58081334815369
2013-09-21,59.63765803771643
2013-09-22,59.7665618185728
2013-09-23,59.83077286832569
2013-09-24,59.9512953692582
2013-09-25,60.09368059797865
2013-09-26,60.18533094279636
2013-09-27,60.29330591414652
2013-09-28,60.39154088790728
2013-09-29,60.52662825047267
2013-09-30,60.67149992489499
2013-10-01,60.80855176391113
2013-10-02,60.78978139606168
2013-10-03,60.84434171291439
2013-10-04,60.96940514740347
2013-10-05,61.07149413079943
2013-10-06,61.17019516881814
2013-10-07,61.89579236338032
2013-10-08,61.8643709852138
2013-10-09,62.14689617919694
2013-10-10,62.15340967166811
2013-10-11,62.2875194277545
2013-10-12,62.39484612247167
2013-10-13,62.5691672118366
2013-10-14,62.7756569947385
2013-10-15,63.04812904004805
2013-10-16,63.47615229009929
2013-10-17,63.66875663442958
2013-10-18,64.14685196201195
2013-10-19,64.57334631930273
2013-10-20,65.18522926138375
2013-10-21,66.22956983618194
2013-10-22,67.56560625492025
2013-10-23,69.28489048493488
2013-10-24,69.74225477724342
2013-10-25,72.63727311169302
2013-10-26,72.83182148530247
2013-10-27,73.35630796289547
2013-10-28,73.74067404218047
2013-10-29,74.79531051329958
2013-10-30,75.27850954138135
2013-10-31,75.68785382352634
2013-11-01,76.06973216299801
2013-11-02,76.41578583568744
2013-11-03,76.60528538159738
2013-11-04,78.16425090108697
2013-11-05,79.59678278166562
2013-11-06,80.66778527682669
2013-11-07,84.07620304710332
2013-11-08,87.19145258128856
2013-11-09,89.23312890204762
2013-11-10,90.23933496492894
2013-11-11,91.85817131353171
2013-11-12,94.00121503024693
2013-11-13,96.84061802350145
2013-11-14,99.91760071103506
2013-11-15,102.4762740299718
2013-11-16,104.5862882755311
2013-11-17,107.490648091711
2013-11-18,114.1305744475502
2013-11-19,122.0454207108572
2013-11-20,125.6834935155819
2013-11-21,130.1991221813393
2013-11-22,142.0275363123119
2013-11-23,151.9655174296849
2013-11-24,156.1520115013624
2013-11-25,162.48951855773
2013-11-26,180.5957904813575
2013-11-27,190.9853594691007
2013-11-28,203.6893745966294
2013-11-29,217.3967063811763
2013-11-30,223.8705255334333
2013-12-01,226.9081584235972
2013-12-02,231.2426681058661
2013-12-03,236.0596805122034
2013-12-04,240.8961595419918
2013-12-05,244.6308757708187
2013-12-06,247.4157476814864
2013-12-07,248.3289079014122
2013-12-08,249.2055716985613
2013-12-09,250.7737890270169
2013-12-10,252.9180979693703
2013-12-11,256.407991516471
2013-12-12,258.0867080088146
2013-12-13,260.5096318492116
2013-12-14,261.6360410191656
2013-12-15,262.0788467122699
2013-12-16,263.4004177182856
2013-12-17,263.4503211851047
2013-12-18,262.2546946419061
2013-12-19,261.4243005888488
2013-12-20,262.1559655794784
2013-12-21,267.2429715445869
2013-12-22,264.2255680813747
2013-12-23,264.9075733768954
2013-12-24,267.9195165735353
2013-12-25,273.1820021171145
2013-12-26,274.1526818794433
2013-12-27,275.6919240051557
2013-12-28,276.1978047629643
2013-12-29,276.7791462449909
2013-12-30,276.8607332036192
2013-12-31,277.1645831117368
2014-01-01,277.1670310600214
2014-01-02,278.1452546171148
2014-01-03,279.4382134924159
2014-01-04,283.7975398912135
2014-01-05,286.2494364855204
2014-01-06,288.3202551886704
2014-01-07,289.6084268105826
2014-01-08,291.9870039610121
2014-01-09,293.0167693231566
2014-01-10,293.5304585250766
2014-01-11,295.937540376651
2014-01-12,298.0858997746714
2014-01-13,298.8977302954993
2014-01-14,301.1518729468469
2014-01-15,303.2677094298452
2014-01-16,304.4417933507555
2014-01-17,304.8379481754102
2014-01-18,305.5718302167048
2014-01-19,306.5517866706616
2014-01-20,307.8498816659155
2014-01-21,309.9299327599768
2014-01-22,310.9539307573597
2014-01-23,311.5662150069039
2014-01-24,311.7934761207977
2014-01-25,312.6012576291352
2014-01-26,312.8372292467847
2014-01-27,313.4169933698871
2014-01-28,314.2336315342503
2014-01-29,314.9321857005647
2014-01-30,315.4618895508851
2014-01-31,316.0992783677887
2014-02-01,318.0345298526723
2014-02-02,319.396639745522
2014-02-03,319.4482836884478
2014-02-04,319.6948707153238
2014-02-05,330.6139277522204
2014-02-06,330.9893348042863
2014-02-07,330.0563875138192
2014-02-08,330.0103350887891
2014-02-09,329.9092861371434
2014-02-10,329.0293544558443
2014-02-11,329.3209161621696
2014-02-12,330.1027923264604
2014-02-13,330.1340784201799
2014-02-14,329.7584278371376
2014-02-15,330.0244032891758
2014-02-16,329.5623345564085
2014-02-17,329.5018894897204
2014-02-18,329.8411207930295
2014-02-19,329.6174465685434
2014-02-20,329.1552126523144
2014-02-21,329.2934901005466
2014-02-22,328.8052041157063
2014-02-23,328.9159968473833
2014-02-24,327.395922935523
2014-02-25,324.2043498609621
2014-02-26,324.4996215092019
2014-02-27,323.7157118657589
2014-02-28,324.7867376300056
2014-03-01,324.5209878266057
2014-03-02,323.6403576404228
2014-03-03,323.5980836849023
2014-03-04,323.4081189689161
2014-03-05,323.5674397508512
2014-03-06,323.9363845520361
2014-03-07,333.586858818604
2014-03-08,333.7324283027729
2014-03-09,339.4150344735352
2014-03-10,340.0766159395931
2014-03-11,340.4811556804596
2014-03-12,341.0612718594618
2014-03-13,341.2879037275812
2014-03-14,341.1894977332916
2014-03-15,341.2323814861033
2014-03-16,341.3199163708168
2014-03-17,341.3081268214074
2014-03-18,341.4725757403137
2014-03-19,341.3410939529819
2014-03-20,340.9909711748734
2014-03-21,342.019077669595
2014-03-22,341.9435012041642
2014-03-23,341.9160085981633
2014-03-24,341.9214354267046
2014-03-25,342.1305204164134
2014-03-26,342.1406266571296
2014-03-27,341.7014161214539
2014-03-28,340.940274416003
2014-03-29,340.7810392786004
2014-03-30,340.1166357351527
2014-03-31,339.1703891212971
2014-04-01,338.7358705592377
2014-04-02,338.0681541968878
2014-04-03,337.768116322217
2014-04-04,337.5405331696301
2014-04-05,336.297705692306
2014-04-06,336.302593452502
2014-04-07,336.2790470037241
2014-04-08,336.1493780928564
2014-04-09,336.2926109483841
2014-04-10,334.9193865982302
2014-04-11,333.9789956455859
2014-04-12,333.9320250057805
2014-04-13,333.8910616435018
2014-04-14,334.0572633123619
2014-04-15,334.127711333571
2014-04-16,335.5687532975579
2014-04-17,335.9586379296571
2014-04-18,335.6468132046747
2014-04-19,335.7287473254016
2014-04-20,335.4999033465157
2014-04-21,335.5108141237473
2014-04-22,335.260276104408
2014-04-23,335.7467902026153
2014-04-24,335.8053429113161
2014-04-25,335.460429717537
2014-04-26,335.4088910272365
2014-04-27,335.348926691912
2014-04-28,335.0139120741478
2014-04-29,334.9049787088686
2014-04-30,334.8427842052027
2014-05-01,334.851701897909
2014-05-02,334.7846396343429
2014-05-03,334.6574430386344
2014-05-04,334.5594120012329
2014-05-05,334.314931838553
2014-05-06,334.0506217271953
2014-05-07,333.9544971493462
2014-05-08,333.9557512332139
2014-05-09,333.9759038363652
2014-05-10,333.9816544179484
2014-05-11,333.9239197811231
2014-05-12,333.8211761287559
2014-05-13,333.6794881336426
2014-05-14,333.3475665582263
2014-05-15,333.352074279128
2014-05-16,333.2048234363785
2014-05-17,333.2110038193844
2014-05-18,333.2376740874162
2014-05-19,333.1108823876007
2014-05-20,333.3078966868902
2014-05-21,333.5718774507094
2014-05-22,333.9889808776851
2014-05-23,334.3588499828228
2014-05-24,334.4508783022943
2014-05-25,335.4552059105084
2014-05-26,335.8430044323803
2014-05-27,338.6212038009006
2014-05-28,338.97238749018
2014-05-29,339.0692921824635
2014-05-30,340.7907379076054
2014-05-31,341.4411775592497
2014-06-01,342.2125497910425
2014-06-02,343.2585315567916
2014-06-03,344.0641421548148
2014-06-04,344.4297264877788
2014-06-05,345.0229750836292
2014-06-06,345.7164116145021
2014-06-07,345.9980363090427
2014-06-08,346.3727725201092
2014-06-09,347.012303094211
2014-06-10,347.820690506466
2014-06-11,348.3948383657487
2014-06-12,353.7990044906006
2014-06-13,354.065161113007
2014-06-14,353.9909617998586
2014-06-15,354.0012119444008
2014-06-16,354.2869491976835
2014-06-17,354.3980554602682
2014-06-18,354.5750148123806
2014-06-19,354.6800078376734
2014-06-20,354.7828098630322
2014-06-21,354.9108023024676
2014-06-22,355.1088054480384
2014-06-23,355.3230491693756
2014-06-24,355.3404118477828
2014-06-25,355.2982362651413
2014-06-26,355.6233449769931
2014-06-27,355.8852781550042
2014-06-28,356.0601264190536
2014-06-29,356.7496282719186
2014-06-30,357.3861205632773
2014-07-01,357.9573509623771
2014-07-02,358.6229007835253
2014-07-03,359.1427037642646
2014-07-04,359.3572743401621
2014-07-05,359.5204861484095
2014-07-06,359.7098560908562
2014-07-07,359.8551268767052
2014-07-08,359.9383367111926
2014-07-09,360.5490078013124
2014-07-10,360.7991685169973
2014-07-11,360.9944111429657
2014-07-12,361.1944279470979
2014-07-13,361.376281550631
2014-07-14,361.4811322383703
2014-07-15,361.6599553942355
2014-07-16,361.7717132133832
2014-07-17,362.0451464315638
2014-07-18,362.2349394101809
2014-07-19,362.2383521189764
2014-07-20,362.3163872102458
2014-07-21,362.7667404501096
2014-07-22,362.9384007960232
2014-07-23,363.3442836925769
2014-07-24,363.4655754568047
2014-07-25,363.5664104533989
2014-07-26,363.5999597475623
2014-07-27,363.6977315516622
2014-07-28,363.6746052588707
2014-07-29,363.5833447074813
2014-07-30,363.4848096242082
2014-07-31,363.6653683918072
2014-08-01,364.1562469089474
2014-08-02,364.2771389294638
2014-08-03,364.2874021131198
2014-08-04,364.6902947762249
2014-08-05,366.6557000038845
2014-08-06,366.8133483639972
2014-08-07,366.9799623733352
2014-08-08,367.1329652141069
2014-08-09,367.2880213439786
2014-08-10,367.4228575578973
2014-08-11,367.4935361509199
2014-08-12,367.4820532883172
2014-08-13,367.3154763975291
2014-08-14,366.64844434099
2014-08-15,366.389552649791
2014-08-16,366.3402714120126
2014-08-17,366.3601515344951
2014-08-18,365.3934501571216
2014-08-19,365.2638092107741
2014-08-20,365.3482958209747
2014-08-21,365.2882526221425
2014-08-22,365.3303410370069
2014-08-23,365.0881314643593
2014-08-24,365.1170139559101
2014-08-25,365.0776550166476
2014-08-26,365.1785070493733
2014-08-27,365.2240778368677
2014-08-28,363.9460534281821
2014-08-29,363.7387149522213
2014-08-30,363.7233217709253
2014-08-31,363.698489976023
2014-09-01,363.7550938712193
2014-09-02,363.4868172203658
2014-09-03,363.441136704132
2014-09-04,363.506292146699
2014-09-05,363.5803702137896
2014-09-06,363.7431688082199
2014-09-07,363.4871983456771
2014-09-08,363.3673659558849
2014-09-09,362.9606123104607
2014-09-10,362.8438262831974
2014-09-11,362.7731845194451
2014-09-12,362.5320772243185
2014-09-13,362.5203310047629
2014-09-14,362.5359505741153
2014-09-15,362.398878995537
2014-09-16,362.3031247835127
2014-09-17,362.2329197036234
2014-09-18,361.5404861640241
2014-09-19,360.6342958272172
2014-09-20,359.8953281356895
2014-09-21,359.6673946400347
2014-09-22,359.4382349525753
2014-09-23,359.1753839007845
2014-09-24,359.05419523762
2014-09-25,358.8602104493036
2014-09-26,358.2795474179429
2014-09-27,358.0662868702274
2014-09-28,357.9512588203362
2014-09-29,356.9975513092941
2014-09-30,356.6092278407297
2014-10-01,356.2281174389999
2014-10-02,355.9246634945841
2014-10-03,354.8108716916299
2014-10-04,354.1544151120036
2014-10-05,353.6636435749643
2014-10-06,350.709543901106
2014-10-07,350.0840060366293
2014-10-08,350.0241433322616
2014-10-09,349.6666471123883
2014-10-10,349.3289081198528
2014-10-11,349.2252577922496
2014-10-12,348.1690754257654
2014-10-13,348.5820691688617
2014-10-14,348.7493217499858
2014-10-15,347.9663490858796
2014-10-16,347.9316142231381
2014-10-17,347.4526078770377
2014-10-18,347.5107818223069
2014-10-19,347.5231582514403
2014-10-20,347.4035488885443
2014-10-21,347.3248739872955
2014-10-22,347.1443949261676
2014-10-23,346.7937294933844
2014-10-24,346.2366746195826
2014-10-25,345.951081432737
2014-10-26,345.8142762389936
2014-10-27,345.492514482286
2014-10-28,345.3431785362071
2014-10-29,344.8827106251282
2014-10-30,344.565935670738
2014-10-31,344.0836449580813
2014-11-01,343.8419432117875
2014-11-02,343.6366648041595
2014-11-03,343.2872895656943
2014-11-04,342.7995921321974
2014-11-05,342.6448817966136
2014-11-06,342.6631329443859
2014-11-07,342.8424125986639
2014-11-08,342.8436497700377
2014-11-09,342.5662527570761
2014-11-10,342.6023404797657
2014-11-11,342.5122229546571
2014-11-12,342.9823015894341
2014-11-13,344.4370979406482
2014-11-14,344.1680722918618
2014-11-15,344.0594009889282
2014-11-16,344.0194524090079
2014-11-17,343.8521658184367
2014-11-18,343.6608541849836
2014-11-19,343.3968874056114
2014-11-20,342.8981674216284
2014-11-21,342.5546842626886
2014-11-22,342.4749607708608
2014-11-23,342.4194120309541
2014-11-24,342.4906535090011
2014-11-25,342.3897784523561
2014-11-26,342.2174254382888
2014-11-27,342.1433877454974
2014-11-28,338.8412322757232
2014-11-29,338.7868909852647
2014-11-30,338.8086104520909
2014-12-01,338.7430022251071
2014-12-02,338.3596053434127
2014-12-03,338.3248818377666
2014-12-04,337.1620840655116
2014-12-05,337.1241741238233
2014-12-06,337.069558704256
2014-12-07,337.0168080885705
2014-12-08,334.2425213200111
2014-12-09,334.2205229386313
2014-12-10,333.4655298863012
2014-12-11,333.2971105749251
2014-12-12,333.071918998036
2014-12-13,332.9330720371227
2014-12-14,332.8916850976157
2014-12-15,332.6054303962177
2014-12-16,332.3888296797829
2014-12-17,332.0186332442178
2014-12-18,331.5594857190675
2014-12-19,331.1614312203852
2014-12-20,330.9770363144988
2014-12-21,330.1887904874962
2014-12-22,330.0395238933937
2014-12-23,330.0081544660157
2014-12-24,328.4342133265895
2014-12-25,328.3029999236244
2014-12-26,328.2082082735025
2014-12-27,328.0724876332907
2014-12-28,327.9837002600703
2014-12-29,327.570232078016
2014-12-30,326.1722102201305
2014-12-31,325.6360908483977
2015-01-01,325.5901284054348
2015-01-02,325.4916169757166
2015-01-03,324.8655805199645
2015-01-04,324.2182910978905
2015-01-05,323.4478302625315
2015-01-06,323.2834981859631
2015-01-07,322.9702248023554
2015-01-08,322.3338531455946
2015-01-09,321.5103541608223
2015-01-10,321.1869776577072
2015-01-11,321.0004023878371
2015-01-12,320.576043152167
2015-01-13,319.3657296039214
2015-01-14,317.1282917710843
2015-01-15,316.7144272787847
2015-01-16,316.2519656056514
2015-01-17,315.887746641662
2015-01-18,315.7229398068318
2015-01-19,315.4829212674837
2015-01-20,315.1798801986733
2015-01-21,313.2481885984748
2015-01-22,313.2264313703114
2015-01-23,313.1076744399581
2015-01-24,313.0951941972452
2015-01-25,313.0719426385644
2015-01-26,312.3471688452411
2015-01-27,312.1185557045615
2015-01-28,312.3658606069886
2015-01-29,311.9174556545774
2015-01-30,311.5249449670194
2015-01-31,311.0316520369811
2015-02-01,310.8181177037868
2015-02-02,310.5398705223178
2015-02-03,310.4903511795732
2015-02-04,310.136399293557
2015-02-05,309.7430192020782
2015-02-06,309.5950003976889
2015-02-07,309.4565110752232
2015-02-08,309.3229379531822
2015-02-09,308.9941339501088
2015-02-10,308.8012152559062
2015-02-11,308.460311405956
2015-02-12,308.3025036476141
2015-02-13,308.2814681689817
2015-02-14,308.2364799728508
2015-02-15,308.2274803536686
2015-02-16,308.019632926824
2015-02-17,307.9505027247335
2015-02-18,307.8542403044601
2015-02-19,307.1896546568311
2015-02-20,307.5988169348563
2015-02-21,307.553767424016
2015-02-22,307.4014859488211
2015-02-23,307.1422659521197
2015-02-24,306.9573975040567
2015-02-25,306.5441634499819
2015-02-26,306.4113098044513
2015-02-27,306.449781319297
2015-02-28,306.3324113601009
2015-03-01,306.4149092978197
2015-03-02,306.4309683215797
2015-03-03,306.0413633348795
2015-03-04,306.167200045272
2015-03-05,305.8952111348242
2015-03-06,305.960827322363
2015-03-07,305.5639572112361
2015-03-08,305.0865594552085
2015-03-09,304.6985023700332
2015-03-10,305.273687684632
2015-03-11,305.4315853657369
2015-03-12,305.9487514412498
2015-03-13,305.5739910819391
2015-03-14,305.5199665570357
2015-03-15,305.4920574994128
2015-03-16,305.3615133943213
2015-03-17,305.3908339503539
2015-03-18,305.013686768728
2015-03-19,304.7277030413255
2015-03-20,304.5651120726313
2015-03-21,304.4777534983403
2015-03-22,304.3893709635634
2015-03-23,304.2818050236961
2015-03-24,303.9996864867633
2015-03-25,303.7085272595622
2015-03-26,303.4994025444466
2015-03-27,303.3239356327092
2015-03-28,303.2608037905876
2015-03-29,303.1484817087759
2015-03-30,302.9605515446909
2015-03-31,302.8270232170872
2015-04-01,302.0753420670231
2015-04-02,302.0754199757435
2015-04-03,301.9557183326698
2015-04-04,301.9383945116736
2015-04-05,301.9152122231495
2015-04-06,301.8762471883836
2015-04-07,301.773583726133
2015-04-08,301.6490958362772
2015-04-09,301.3627169412592
2015-04-10,300.5842388797259
2015-04-11,300.4881749134859
2015-04-12,300.325946472459
2015-04-13,299.9321573673276
2015-04-14,299.6090975978249
2015-04-15,298.5827148281324
2015-04-16,298.4590751450957
2015-04-17,298.2608210291158
2015-04-18,298.1765589732697
2015-04-19,298.116942944472
2015-04-20,297.930963585213
2015-04-21,297.7365531425061
2015-04-22,297.685672827346
2015-04-23,297.6882179112589
2015-04-24,297.5574190290051
2015-04-25,297.459966732129
2015-04-26,297.2678590297598
2015-04-27,297.0660158435653
2015-04-28,296.9635414887333
2015-04-29,296.873386553391
2015-04-30,296.8753302134373
2015-05-01,296.8158184593725
2015-05-02,296.7670403798643
2015-05-03,296.798519109914
2015-05-04,296.7533690824176
2015-05-05,296.6046937422072
2015-05-06,296.5250500807527
2015-05-07,296.4078291936228
2015-05-08,296.4002824422045
2015-05-09,296.3714747861241
2015-05-10,296.3191238264444
2015-05-11,296.0452527119487
2015-05-12,295.9163544982943
2015-05-13,295.8398363733343
2015-05-14,295.7014324925728
2015-05-15,295.6218944138498
2015-05-16,295.5525180286694
2015-05-17,295.5022176539628
2015-05-18,295.3807304286247
2015-05-19,295.2697914796168
2015-05-20,295.2023086114692
2015-05-21,295.1358301309295
2015-05-22,295.0540390138632
2015-05-23,294.9626674407539
2015-05-24,294.9379899880637
2015-05-25,294.7867502531207
2015-05-26,294.7005915952732
2015-05-27,294.5669617740397
2015-05-28,294.3981756267948
2015-05-29,294.3452737578198
2015-05-30,293.4310944113142
2015-05-31,293.2564848613276
2015-06-01,292.9204769435777
2015-06-02,292.6775757485025
2015-06-03,292.5278340890521
2015-06-04,292.3880263800007
2015-06-05,292.2958230487084
2015-06-06,292.2320565863938
2015-06-07,291.9965388350686
2015-06-08,291.9368622586518
2015-06-09,291.9049176713746
2015-06-10,291.7556815675486
2015-06-11,291.6174210987371
2015-06-12,291.5953818179336
2015-06-13,291.4420722563883
2015-06-14,291.3718775010195
2015-06-15,291.3419267566051
2015-06-16,291.4483713531706
2015-06-17,291.5001095186478
2015-06-18,291.5104884343579
2015-06-19,291.435377553236
2015-06-20,291.4118802529113
2015-06-21,291.4236228656273
2015-06-22,291.4178581868642
2015-06-23,291.3572378250512
2015-06-24,291.1863535557649
2015-06-25,291.0681620930473
2015-06-26,290.9907771884372
2015-06-27,291.0094050756247
2015-06-28,291.0207030475016
2015-06-29,291.0742651703174
2015-06-30,291.2720384630898
2015-07-01,291.273543452562
2015-07-02,291.195360998266
2015-07-03,290.7453015324783
2015-07-04,290.7465931601456
2015-07-05,290.732857879852
2015-07-06,290.8563269211194
2015-07-07,290.9427974104617
2015-07-08,290.9608809485612
2015-07-09,290.6761195451982
2015-07-10,290.9083569219289
2015-07-11,291.0230904777041
2015-07-12,291.399021274586
2015-07-13,291.3227557782108
2015-07-14,291.3708793857338
2015-07-15,291.4049048437469
2015-07-16,291.298281142953
2015-07-17,291.2981583331749
2015-07-18,291.1944993836715
2015-07-19,291.1610342926598
2015-07-20,290.915991959712
2015-07-21,290.865257125816
2015-07-22,290.8315917007292
2015-07-23,290.8617679086498
2015-07-24,290.9386677256504
2015-07-25,291.047307294287
2015-07-26,291.1136230934403
2015-07-27,291.1553447133655
2015-07-28,291.2208596093464
2015-07-29,291.1585070342692
2015-07-30,291.0737390502053
2015-07-31,291.1092031801504
2015-08-01,291.0674879724666
2015-08-02,291.0599846833666
2015-08-03,291.0604764804315
2015-08-04,290.9312946252813
2015-08-05,290.8998769138396
2015-08-06,290.8587559674353
2015-08-07,290.8069341591757
2015-08-08,290.8484394436404
2015-08-09,289.3914416763944
2015-08-10,289.2743076310754
2015-08-11,289.2025818252885
2015-08-12,289.1711548805974
2015-08-13,289.0751355876254
2015-08-14,288.9105638744034
2015-08-15,288.7849754936977
2015-08-16,288.5542035308127
2015-08-17,288.4254137426062
2015-08-18,288.1368213397708
2015-08-19,287.5296327323804
2015-08-20,287.1383360439994
2015-08-21,286.8476059883955
2015-08-22,286.6138656757777
2015-08-23,286.571666112649
2015-08-24,285.844723863329
2015-08-25,284.3189988734107
2015-08-26,283.7484017136912
2015-08-27,283.6597450098279
2015-08-28,283.6275040328001
2015-08-29,283.4961752494736
2015-08-30,283.4288467481807
2015-08-31,283.3598813064946
2015-09-01,283.238891283172
2015-09-02,283.1175302952721
2015-09-03,282.8928564036942
2015-09-04,282.8135891907872
2015-09-05,282.7792425635675
2015-09-06,282.8003174719706
2015-09-07,282.8107802226334
2015-09-08,282.8472265047419
2015-09-09,282.8025292480779
2015-09-10,282.5343835577248
2015-09-11,282.4915257458479
2015-09-12,282.4304021616171
2015-09-13,282.328551061087
2015-09-14,282.1909566610244
2015-09-15,282.091779928459
2015-09-16,282.0001142508965
2015-09-17,281.9611760328737
2015-09-18,281.9280764111238
2015-09-19,281.8602708463557
2015-09-20,281.7955013944566
2015-09-21,281.7608399629786
2015-09-22,281.687635018733
2015-09-23,281.4109204390028
2015-09-24,281.4018293960561
2015-09-25,281.3629059292608
2015-09-26,281.319488913587
2015-09-27,281.2846531111784
2015-09-28,281.1958527820044
2015-09-29,281.1757692643194
2015-09-30,281.1358746985391
2015-10-01,281.0370910850743
2015-10-02,281.0255026968426
2015-10-03,281.0323173257169
2015-10-04,280.9926944836524
2015-10-05,280.9606947603867
2015-10-06,280.9988135966669
2015-10-07,280.8423105406336
2015-10-08,280.7091430384127
2015-10-09,280.7071690780066
2015-10-10,280.6633455418296
2015-10-11,280.6384467512521
2015-10-12,280.1440397411579
2015-10-13,280.1835002831368
2015-10-14,279.8147919955902
2015-10-15,279.8637628386354
2015-10-16,280.0173373760778
2015-10-17,280.1848834284213
2015-10-18,280.2001145602838
2015-10-19,280.2083960734304
2015-10-20,280.3976189851386
2015-10-21,280.4391693470192
2015-10-22,280.5228142295053
2015-10-23,280.6723327884142
2015-10-24,280.8006240606152
2015-10-25,281.0742343532136
2015-10-26,281.1302784842207
2015-10-27,281.4730986429425
2015-10-28,281.9162086839777
2015-10-29,282.5131976447933
2015-10-30,283.5228281220654
2015-10-31,283.8405529217127
2015-11-01,284.1875500813674
2015-11-02,285.108596283554
2015-11-03,287.1882515109883
2015-11-04,290.7802673722734
2015-11-05,291.7689345303821
2015-11-06,291.6369763764889
2015-11-07,292.2957718889381
2015-11-08,292.3362561227763
2015-11-09,292.6475625930238
2015-11-10,291.8721250479861
2015-11-11,290.8348926867571
2015-11-12,290.7966060139677
2015-11-13,290.9548178127841
2015-11-14,290.9994211339437
2015-11-15,290.8801986711502
2015-11-16,290.7508837059711
2015-11-17,291.2306889899047
2015-11-18,291.3064073257075
2015-11-19,291.2637809196796
2015-11-20,291.1303875069475
2015-11-21,291.1511681475642
2015-11-22,291.219662797568
2015-11-23,291.1860265558122
2015-11-24,291.1451684727319
2015-11-25,291.1695284928929
2015-11-26,291.5625728332777
2015-11-27,291.9215415615434
2015-11-28,292.0471416495766
2015-11-29,292.26691798758
2015-11-30,292.9567985145756
2015-12-01,293.0740650688327
2015-12-02,293.0864064769184
2015-12-03,293.1992895469281
2015-12-04,293.3131498860397
2015-12-05,293.7067638321561
2015-12-06,294.3713313465493
2015-12-07,294.8538615882292
2015-12-08,295.2822400038729
2015-12-09,296.573068253371
2015-12-10,297.0283658665256
2015-12-11,297.9485658661833
2015-12-12,298.2416235693028
2015-12-13,298.606799398088
2015-12-14,299.6247669690862
2015-12-15,300.574594034426
2015-12-16,300.9964336930474
2015-12-17,301.4270243107428
2015-12-18,301.8567908386524
2015-12-19,302.5265685375093
2015-12-20,302.6345250420804
2015-12-21,302.6857138988392
2015-12-22,302.8855950387505
2015-12-23,303.2030464258556
2015-12-24,303.7625577787626
2015-12-25,304.2776782342743
2015-12-26,304.0028124264455
2015-12-27,303.9586258958664
2015-12-28,303.9996349560589
2015-12-29,304.1007945468037
2015-12-30,304.1835174403643
2015-12-31,304.4292073771985
2016-01-01,304.582572819318
2016-01-02,304.6601206914206
2016-01-03,304.8180604085693
2016-01-04,305.0087449892368
2016-01-05,305.158167391233
2016-01-06,305.2892635425425
2016-01-07,306.4054068927238
2016-01-08,306.7861259935254
2016-01-09,306.905081285626
2016-01-10,307.4501855539419
2016-01-11,307.8386771616805
2016-01-12,308.0887996502947
2016-01-13,307.9532925737757
2016-01-14,307.9726864962088
2016-01-15,307.4061684685047
2016-01-16,307.0335976472701
2016-01-17,307.0562540245198
2016-01-18,306.854387466371
2016-01-19,306.8010916460689
2016-01-20,307.1559012485874
2016-01-21,307.3532393119257
2016-01-22,305.9765666216061
2016-01-23,305.9263601530891
2016-01-24,306.1470653651328
2016-01-25,306.3361715056554
2016-01-26,306.3984914218001
2016-01-27,306.4672911940664
2016-01-28,306.1370134343383
2016-01-29,305.712206088655
2016-01-30,305.8363479058611
2016-01-31,305.8321278289769
2016-02-01,305.1713057000612
2016-02-02,305.0671634671448
2016-02-03,304.8690054692402
2016-02-04,305.0552705235444
2016-02-05,305.1155257897218
2016-02-06,304.9746007799664
2016-02-07,305.0067766352892
2016-02-08,304.8990892461119
2016-02-09,304.7284889394487
2016-02-10,304.8649554859269
2016-02-11,304.9230970441195
2016-02-12,305.0343912806003
2016-02-13,305.1658220453685
2016-02-14,305.4759638319067
2016-02-15,305.7114552136459
2016-02-16,306.1358813302769
2016-02-17,306.7971233215607
2016-02-18,307.0480895128396
2016-02-19,307.4710795221295
2016-02-20,307.8959312644852
2016-02-21,308.1407934287801
2016-02-22,308.4281301029328
2016-02-23,308.4129469426126
2016-02-24,308.5921339248543
2016-02-25,308.6947398494834
2016-02-26,308.8606355333742
2016-02-27,309.0323636264964
2016-02-28,309.3203223090369
2016-02-29,309.9990088083612
2016-03-01,310.6477308810875
2016-03-02,310.7850173026368
2016-03-03,310.8682238447316
2016-03-04,310.8894740705328
2016-03-05,310.903578818456
2016-03-06,310.9817641647116
2016-03-07,311.1234954746467
2016-03-08,311.1642748307964
2016-03-09,311.0425664308817
2016-03-10,311.178444159219
2016-03-11,311.3412276071593
2016-03-12,311.3596147647938
2016-03-13,311.4462464458873
2016-03-14,311.5775767070159
2016-03-15,311.6875848452576
2016-03-16,311.8213712098005
2016-03-17,311.9931670910829
2016-03-18,311.9849412584383
2016-03-19,311.9481695933165
2016-03-20,311.9358141068967
2016-03-21,312.0910062932358
2016-03-22,312.3338334668279
2016-03-23,312.4319356040214
2016-03-24,312.5337394188148
2016-03-25,312.7400884735889
2016-03-26,312.8905482767412
2016-03-27,313.0565585149824
2016-03-28,313.2862863255109
2016-03-29,313.329549653594
2016-03-30,313.3778187100634
2016-03-31,313.5299550391887
2016-04-01,313.6269426852867
2016-04-02,313.7288036601705
2016-04-03,313.8121866192992
2016-04-04,313.9131207924592
2016-04-05,314.0803253370947
2016-04-06,314.3641318110486
2016-04-07,315.0455292401243
2016-04-08,315.083853165212
2016-04-09,315.11126382302
2016-04-10,315.4936378477761
2016-04-11,315.6053174734193
2016-04-12,315.8517236270636
2016-04-13,315.9351917347099
2016-04-14,316.0137519317002
2016-04-15,316.1517900410705
2016-04-16,316.269681832132
2016-04-17,316.301453626938
2016-04-18,316.3779069224834
2016-04-19,316.5497588588743
2016-04-20,316.813558463129
2016-04-21,317.1445160087862
2016-04-22,317.4314667217265
2016-04-23,317.605546670006
2016-04-24,317.9776099008153
2016-04-25,318.6244012862084
2016-04-26,319.1574986795869
2016-04-27,319.2768174912918
2016-04-28,319.2748242357983
2016-04-29,319.4835636706623
2016-04-30,319.6062904373057
2016-05-01,319.9121268655466
2016-05-02,319.9468580839352
2016-05-03,320.0540473854213
2016-05-04,320.1729818703014
2016-05-05,320.2739763056335
2016-05-06,320.6837253617186
2016-05-07,320.6804968608364
2016-05-08,320.8206630173763
2016-05-09,321.0220256712429
2016-05-10,321.1881058198246
2016-05-11,321.3699101505603
2016-05-12,321.4881086558715
2016-05-13,321.6211340709563
2016-05-14,321.8329259316308
2016-05-15,321.9466062146851
2016-05-16,321.9757842671406
2016-05-17,323.0779173599784
2016-05-18,323.2431220714098
2016-05-19,323.3553002951234
2016-05-20,323.4820281124316
2016-05-21,323.5460942540607
2016-05-22,323.5883293945511
2016-05-23,323.7553246377404
2016-05-24,323.8537409043284
2016-05-25,324.1126310601974
2016-05-26,324.3071676337391
2016-05-27,325.6007403095608
2016-05-28,326.7604388866886
2016-05-29,327.8442266744361
2016-05-30,329.0575329916896
2016-05-31,329.9259503016272
2016-06-01,330.622525455094
2016-06-02,331.7133931270304
2016-06-03,332.5396813136873
2016-06-04,333.2763389179343
2016-06-05,333.9395985881927
2016-06-06,334.9159640258243
2016-06-07,335.4278181558462
2016-06-08,336.0936849058799
2016-06-09,336.5628454601851
2016-06-10,337.1498935945179
2016-06-11,337.7362536086441
2016-06-12,340.2614293486898
2016-06-13,344.3230117901389
2016-06-14,345.6734023431024
2016-06-15,347.6185156691462
2016-06-16,352.1368678701625
2016-06-17,354.0355492411094
2016-06-18,355.343099375244
2016-06-19,356.2541872803095
2016-06-20,357.1824609256712
2016-06-21,357.4968904828233
2016-06-22,356.567906243264
2016-06-23,356.0530626432347
2016-06-24,357.0737256083371
2016-06-25,357.9398356738683
2016-06-26,357.6602044530422
2016-06-27,358.1400242690361
2016-06-28,358.509733346631
2016-06-29,358.4874790630864
2016-06-30,359.546649644406
2016-07-01,360.2676261282156
2016-07-02,360.9605900256516
2016-07-03,361.1214146059751
2016-07-04,361.5336326322128
2016-07-05,362.1506585627677
2016-07-06,362.6176836191774
2016-07-07,362.3180350183103
2016-07-08,362.7269462186557
2016-07-09,363.1903417446455
2016-07-10,363.5336432239628
2016-07-11,364.0399855700487
2016-07-12,364.4931749100203
2016-07-13,364.8393639986778
2016-07-14,365.0309695109809
2016-07-15,365.2930773527515
2016-07-16,365.5045442035733
2016-07-17,366.1735775151873
2016-07-18,366.4861482256406
2016-07-19,367.0419344065447
2016-07-20,367.1890533123595
2016-07-21,367.3528998953809
2016-07-22,367.4719663620149
2016-07-23,367.5027392916476
2016-07-24,368.1439481665707
2016-07-25,368.4741923833993
2016-07-26,368.6647063917734
2016-07-27,369.0210390973736
2016-07-28,369.2381376521379
2016-07-29,369.4744545504934
2016-07-30,369.7210217932281
2016-07-31,369.5140539146266
2016-08-01,369.2023309184556
2016-08-02,368.0871076761652
2016-08-03,367.6656096960413
2016-08-04,367.9555508267102
2016-08-05,367.9807105478256
2016-08-06,367.9079287879439
2016-08-07,368.0545025051926
2016-08-08,368.1175265191714
2016-08-09,368.0003311848377
2016-08-10,367.9163552911627
2016-08-11,367.9374180712733
2016-08-12,367.9612681246837
2016-08-13,368.0398840042564
2016-08-14,367.975478300242
2016-08-15,367.7896411078607
2016-08-16,367.9964451962929
2016-08-17,367.9863859989761
2016-08-18,368.0532364223545
2016-08-19,368.140206084199
2016-08-20,368.8160977840215
2016-08-21,368.9366563278098
2016-08-22,369.0545203438179
2016-08-23,369.0862046635858
2016-08-24,369.0430128924198
2016-08-25,369.642338249032
2016-08-26,369.7799488988156
2016-08-27,369.7460510859524
2016-08-28,369.7753755669687
2016-08-29,369.6616782074295
2016-08-30,369.931497949134
2016-08-31,370.2600173286295
2016-09-01,370.2587280256997
2016-09-02,370.3139715813602
2016-09-03,370.5022727694214
2016-09-04,370.8698521302663
2016-09-05,371.0989919270871
2016-09-06,371.4431440222911
2016-09-07,371.6946184427578
2016-09-08,372.1273035964693
2016-09-09,372.4379924039052
2016-09-10,372.6369743106971
2016-09-11,372.804070259143
2016-09-12,372.8393475505911
2016-09-13,373.2401978759875
2016-09-14,373.4132082481797
2016-09-15,373.5312522516294
2016-09-16,373.799939349408
2016-09-17,373.9005281013571
2016-09-18,374.0356461357038
2016-09-19,374.1439202257188
2016-09-20,374.6848392360369
2016-09-21,374.6517387112351
2016-09-22,374.682897030555
2016-09-23,374.7499862141817
2016-09-24,374.5044194844344
2016-09-25,374.8048492395883
2016-09-26,375.0195385495253
2016-09-27,375.2288283765615
2016-09-28,375.3201167128083
2016-09-29,375.4019817588288
2016-09-30,375.4361952214044
2016-10-01,375.5967643559528
2016-10-02,375.6745030957696
2016-10-03,376.0506714963411
2016-10-04,376.4102544686091
2016-10-05,376.5852627613282
2016-10-06,376.7437509100086
2016-10-07,376.910093097781
2016-10-08,377.1103099072765
2016-10-09,377.2127968455298
2016-10-10,377.3782382850627
2016-10-11,378.084630295984
2016-10-12,378.8348928232318
2016-10-13,379.0655130960067
2016-10-14,379.2671892183597
2016-10-15,379.4335568726693
2016-10-16,379.6274079745125
2016-10-17,380.2418446688189
2016-10-18,380.6937328120929
2016-10-19,380.8707967825324
2016-10-20,381.0040472465192
2016-10-21,381.4575491780424
2016-10-22,381.7768143700185
2016-10-23,382.0398385473172
2016-10-24,382.3955980054841
2016-10-25,382.8919570015912
2016-10-26,383.6302145700569
2016-10-27,384.6491787193295
2016-10-28,385.0890245419345
2016-10-29,385.9079801029331
2016-10-30,386.1460052066901
2016-10-31,386.8329482030476
2016-11-01,387.7476549332317
2016-11-02,388.3497107074526
2016-11-03,388.7823913485206
2016-11-04,389.0188516249314
2016-11-05,389.2322134997265
2016-11-06,389.517127187981
2016-11-07,389.8229294025184
2016-11-08,390.531647242377
2016-11-09,391.4170841287864
2016-11-10,391.7842162372634
2016-11-11,392.1691983775595
2016-11-12,392.3030299672066
2016-11-13,392.3675241650475
2016-11-14,392.6844907745406
2016-11-15,393.2142225417164
2016-11-16,394.3493726127257
2016-11-17,395.3308690675883
2016-11-18,396.0216390227594
2016-11-19,396.396999333733
2016-11-20,396.5579095159565
2016-11-21,397.0165978323894
2016-11-22,397.6488044462266
2016-11-23,398.1501667877293
2016-11-24,399.9875249801226
2016-11-25,400.2649790677235
2016-11-26,400.5883728350209
2016-11-27,400.9107346356536
2016-11-28,401.3538347365731
2016-11-29,401.649965694354
2016-11-30,402.1394156961827
2016-12-01,402.8229849038551
2016-12-02,403.8768486715962
2016-12-03,406.8543501183143
2016-12-04,407.1353897472027
2016-12-05,407.5577374905286
2016-12-06,407.9108106519963
2016-12-07,408.4040347718927
2016-12-08,409.1360443559341
2016-12-09,409.501047471681
2016-12-10,410.1747879377921
2016-12-11,410.4407459232709
2016-12-12,411.0318752679976
2016-12-13,411.5774205364395
2016-12-14,412.1017397836691
2016-12-15,412.6618962903161
2016-12-16,413.234359681468
2016-12-17,413.7631105875476
2016-12-18,414.3470153917617
2016-12-19,414.7444917627573
2016-12-20,415.4677460882602
2016-12-21,417.3227491909342
2016-12-22,419.410202334995
2016-12-23,422.4541214600875
2016-12-24,423.298649262672
2016-12-25,423.7970224526149
2016-12-26,424.8293896640905
2016-12-27,426.4835596885213
2016-12-28,429.039873017045
2016-12-29,431.1657553687015
2016-12-30,432.6889348984763
2016-12-31,433.3544797535695
2017-01-01,434.6799126880817
2017-01-02,437.1551151077466
2017-01-03,439.4875179270583
2017-01-04,444.3652407397806
2017-01-05,449.1595431714891
2017-01-06,448.4242619458184
2017-01-07,447.9177723514557
2017-01-08,448.5405382047027
2017-01-09,448.9914181839436
2017-01-10,449.5078681205843
2017-01-11,448.2308090440557
2017-01-12,447.7019663685387
2017-01-13,447.8258874698003
2017-01-14,447.9180043403706
2017-01-15,447.9932007962202
2017-01-16,448.2569995933708
2017-01-17,449.5638458254094
2017-01-18,449.9572568112368
2017-01-19,450.5608918818862
2017-01-20,451.0211872815945
2017-01-21,451.7966874470791
2017-01-22,452.5779192674504
2017-01-23,453.235139831078
2017-01-24,454.0264300332363
2017-01-25,454.696012134136
2017-01-26,455.4353477471913
2017-01-27,455.9316233707024
2017-01-28,456.2707248123091
2017-01-29,457.6233502866427
2017-01-30,458.0474819911176
2017-01-31,459.0332336964213
2017-02-01,460.1869747953756
2017-02-02,461.4709292393427
2017-02-03,463.3514456468297
2017-02-04,464.2414332076926
2017-02-05,465.0883904134565
2017-02-06,466.2701589750238
2017-02-07,467.9363645554221
2017-02-08,469.2352883390475
2017-02-09,469.8643922424902
2017-02-10,470.8233764598051
2017-02-11,471.2483993946406
2017-02-12,471.8074448842949
2017-02-13,472.6971208368776
2017-02-14,473.46884916738
2017-02-15,473.9073789357823
2017-02-16,474.767171411701
2017-02-17,476.5113444934884
2017-02-18,477.3971675633673
2017-02-19,478.0380696920606
2017-02-20,478.8612347646007
2017-02-21,480.5931895618269
2017-02-22,483.160909463073
2017-02-23,485.3642250565887
2017-02-24,489.131770216611
2017-02-25,489.9561375683263
2017-02-26,490.6473221583481
2017-02-27,492.2789116464998
2017-02-28,493.6429073223438
2017-03-01,495.8993898423283
2017-03-02,498.7739169045836
2017-03-03,502.016126676749
2017-03-04,503.430263173875
2017-03-05,504.6353180835854
2017-03-06,506.9811838149321
2017-03-07,508.3158141893061
2017-03-08,509.1297977565002
2017-03-09,509.7190817763826
2017-03-10,510.7955558889802
2017-03-11,511.4348052765651
2017-03-12,512.3614065738163
2017-03-13,515.8500044710808
2017-03-14,517.1353151939797
2017-03-15,519.3886297249435
2017-03-16,520.8235792259237
2017-03-17,520.9300298452379
2017-03-18,520.410443655067
2017-03-19,520.8573249527392
2017-03-20,520.7557586643509
2017-03-21,522.3972117435604
2017-03-22,522.7031593564761
2017-03-23,522.7533539284374
2017-03-24,522.7416240173702
2017-03-25,522.2378124997083
2017-03-26,522.9824837793826
2017-03-27,523.7698470980122
2017-03-28,524.8648221594628
2017-03-29,525.2940778103881
2017-03-30,525.8344000074851
2017-03-31,527.4035687728757
2017-04-01,528.2763204984533
2017-04-02,529.106984793467
2017-04-03,530.817788203083
2017-04-04,531.8628331896502
2017-04-05,532.8786805456274
2017-04-06,534.5839021333896
2017-04-07,536.5514890762622
2017-04-08,537.2688242747755
2017-04-09,538.3722101130347
2017-04-10,539.6499004533797
2017-04-11,541.0872970567825
2017-04-12,542.5201485771632
2017-04-13,542.9531375045703
2017-04-14,543.6884629237413
2017-04-15,544.1712075965041
2017-04-16,544.4806487994402
2017-04-17,546.0822314419044
2017-04-18,547.4151625134219
2017-04-19,548.348769092792
2017-04-20,549.8171781569973
2017-04-21,550.9097544028808
2017-04-22,551.4201775638409
2017-04-23,552.1456873952802
2017-04-24,553.5559795210822
2017-04-25,555.0616698848561
2017-04-26,556.8063397200518
2017-04-27,558.9044395470726
2017-04-28,561.6656363880599
2017-04-29,563.0024564113702
2017-04-30,564.3820566043031
2017-05-01,568.4478325136386
2017-05-02,571.9099144149736
2017-05-03,574.7402549156326
2017-05-04,580.696008459012
2017-05-05,585.489196391694
2017-05-06,588.0331457170314
2017-05-07,590.081805178956
2017-05-08,595.5707689316807
2017-05-09,601.8752210749075
2017-05-10,606.4245519653514
2017-05-11,613.8015068835937
2017-05-12,617.2650628729108
2017-05-13,619.5012272999872
2017-05-14,621.586514684378
2017-05-15,624.1472758118055
2017-05-16,626.6065254198769
2017-05-17,632.8911541363625
2017-05-18,636.3314797992506
2017-05-19,642.4446691491338
2017-05-20,647.6289345893782
2017-05-21,652.7341473040665
2017-05-22,665.5140830489668
2017-05-23,677.3485806023033
2017-05-24,690.0437093984601
2017-05-25,708.6602664210828
2017-05-26,715.6499513243987
2017-05-27,715.5131506718423
2017-05-28,718.9771943788594
2017-05-29,723.0150522342377
2017-05-30,727.6288827098572
2017-05-31,734.3787280250565
2017-06-01,742.6047650881578
2017-06-02,747.9955297008654
2017-06-03,754.4904211465029
2017-06-04,759.6437901168539
2017-06-05,768.1477403707273
2017-06-06,778.9333809873287
2017-06-07,785.4605067750638
2017-06-08,792.6319206342164
2017-06-09,800.0959925168593
2017-06-10,809.6562627553128
2017-06-11,816.9612434210023
2017-06-12,827.0122315266948
2017-06-13,837.0513412049438
2017-06-14,842.3917339715994
2017-06-15,841.140198407585
2017-06-16,846.8611851388923
2017-06-17,850.377340808811
2017-06-18,857.2184391893426
2017-06-19,863.5574274937751
2017-06-20,870.8754626856448
2017-06-21,875.9613042572289
2017-06-22,881.6016279324668
2017-06-23,885.7422972163737
2017-06-24,888.055598282828
2017-06-25,889.408629593337
2017-06-26,889.6567271375569
2017-06-27,891.1393693571008
2017-06-28,895.6614310422058
2017-06-29,899.8353022807255
2017-06-30,904.9907236127932
2017-07-01,905.978118685344
2017-07-02,908.3747997841402
2017-07-03,913.1781605938037
2017-07-04,916.3094681522675
2017-07-05,921.1812952700409
2017-07-06,923.8706413381541
2017-07-07,928.4627106555808
2017-07-08,930.2748276610303
2017-07-09,931.6170373355205
2017-07-10,931.6278204159505
2017-07-11,932.2962556732367
2017-07-12,932.966849981108
2017-07-13,934.5806419364169
2017-07-14,934.5626343478215
2017-07-15,931.4558457972535
2017-07-16,928.1481373892557
2017-07-17,932.1682335808067
2017-07-18,935.7248324459374
2017-07-19,938.7725709741371
2017-07-20,947.9568643435534
2017-07-21,953.8922320311945
2017-07-22,959.6553589729759
2017-07-23,962.8405647252921
2017-07-24,967.3498146260569
2017-07-25,976.3170649142246
2017-07-26,978.3635956188888
2017-07-27,986.4463017490372
2017-07-28,1006.295881270824
2017-07-29,1024.209223453627
2017-07-30,1045.457911079623
2017-07-31,1074.821225153945
2017-08-01,1088.784680562125
2017-08-02,1098.583760458277
2017-08-03,1111.088205586091
2017-08-04,1134.153798625533
2017-08-05,1155.699697698645
2017-08-06,1179.377949924984
2017-08-07,1203.818643309229
2017-08-08,1225.573899497726
2017-08-09,1239.790605963647
2017-08-10,1251.145477418761
2017-08-11,1262.342738663634
2017-08-12,1279.587928168587
2017-08-13,1297.339569646688
2017-08-14,1320.059979737343
2017-08-15,1333.575618834011
2017-08-16,1347.962565814037
2017-08-17,1368.987416064673
2017-08-18,1381.150658923972
2017-08-19,1395.848365268743
2017-08-20,1413.455805982885
2017-08-21,1421.308489258953
2017-08-22,1431.369711865555
2017-08-23,1446.288091922323
2017-08-24,1454.957135931182
2017-08-25,1465.120952208441
2017-08-26,1473.324202855135
2017-08-27,1480.760329372456
2017-08-28,1490.662404874061
2017-08-29,1509.692023281178
2017-08-30,1522.492422491663
2017-08-31,1541.902947019757
2017-09-01,1560.378164281254
2017-09-02,1570.226191316434
2017-09-03,1576.978107997866
2017-09-04,1584.545900145988
2017-09-05,1590.74914871855
2017-09-06,1603.081043662687
2017-09-07,1622.194409820937
2017-09-08,1625.02883409792
2017-09-09,1627.478859038752
2017-09-10,1634.569409552989
2017-09-11,1637.968094356842
2017-09-12,1642.069515399736
2017-09-13,1638.696407703757
2017-09-14,1629.836923126089
2017-09-15,1628.922176653608
2017-09-16,1632.280758631964
2017-09-17,1633.178816299063
2017-09-18,1639.210111760266
2017-09-19,1643.189413559851
2017-09-20,1646.685683205324
2017-09-21,1647.031897790238
2017-09-22,1648.02749352973
2017-09-23,1650.582210871044
2017-09-24,1651.160151704585
2017-09-25,1668.140720026767
2017-09-26,1672.969223403468
2017-09-27,1679.829611869631
2017-09-28,1687.752136893565
2017-09-29,1692.189389884704
2017-09-30,1700.899668944786
2017-10-01,1705.760186533554
2017-10-02,1715.501924571585
2017-10-03,1720.243245686995
2017-10-04,1723.826572524168
2017-10-05,1735.494379913149
2017-10-06,1741.216953562005
2017-10-07,1745.586377853125
2017-10-08,1753.8266577244
2017-10-09,1770.073182212289
2017-10-10,1783.869075105455
2017-10-11,1790.575226827169
2017-10-12,1806.769505876345
2017-10-13,1834.192305460035
2017-10-14,1847.112212836998
2017-10-15,1858.176102200882
2017-10-16,1875.103307953162
2017-10-17,1888.328243427464
2017-10-18,1896.144076279312
2017-10-19,1914.641170238921
2017-10-20,1927.457361383309
2017-10-21,1939.770296965105
2017-10-22,1957.27890074281
2017-10-23,1992.828310289704
2017-10-24,2007.93654246855
2017-10-25,2016.706789224372
2017-10-26,2026.974790763504
2017-10-27,2037.11401469481
2017-10-28,2041.857981122287
2017-10-29,2052.479214497304
2017-10-30,2067.450587296742
2017-10-31,2082.122834916183
2017-11-01,2107.033947742096
2017-11-02,2142.601100314683
2017-11-03,2168.364695435802
2017-11-04,2186.298463289703
2017-11-05,2209.885852607467
2017-11-06,2226.196961512134
2017-11-07,2244.559406770221
2017-11-08,2263.592215319267
2017-11-09,2288.542066420376
2017-11-10,2305.191502440586
2017-11-11,2318.732486282959
2017-11-12,2363.432593699595
2017-11-13,2388.427051375412
2017-11-14,2403.277871653207
2017-11-15,2431.944070335246
2017-11-16,2469.550235431799
2017-11-17,2514.569284044283
2017-11-18,2533.055306825748
2017-11-19,2553.843518000818
2017-11-20,2586.219436270668
2017-11-21,2621.550750202437
2017-11-22,2641.079908088783
2017-11-23,2658.483978984062
2017-11-24,2692.294221738805
2017-11-25,2728.267521798382
2017-11-26,2770.285228576174
2017-11-27,2821.167124107022
2017-11-28,2887.208650529976
2017-11-29,2959.954000130515
2017-11-30,2989.878835122169
2017-12-01,3032.042368900912
2017-12-02,3075.825053000853
2017-12-03,3109.520170933009
2017-12-04,3156.759161219188
2017-12-05,3204.399367860694
2017-12-06,3287.875467273329
2017-12-07,3532.653400543079
2017-12-08,3671.998153426105
2017-12-09,3728.740487417823
2017-12-10,3783.822792493495
2017-12-11,3888.200644977813
2017-12-12,4033.699002453092
2017-12-13,4129.198851681221
2017-12-14,4193.68491746996
2017-12-15,4278.049406299853
2017-12-16,4355.740683118743
2017-12-17,4458.481331984289
2017-12-18,4528.690010228319
2017-12-19,4579.644913033572
2017-12-20,4663.804460747151
2017-12-21,4693.985350590696
2017-12-22,4694.866909620789
2017-12-23,4721.144553778254
2017-12-24,4729.37217073144
2017-12-25,4741.086782945305
2017-12-26,4792.560185053405
2017-12-27,4854.913069247022
2017-12-28,4864.300017285253
2017-12-29,4895.329361313564
2017-12-30,4922.680247951014
2017-12-31,4933.760622726404
2018-01-01,4936.524008857122
2018-01-02,4973.052152447769
2018-01-03,5004.83829014425
2018-01-04,5046.836607563328
2018-01-05,5125.698774536184
2018-01-06,5184.421408067788
2018-01-07,5259.527813124494
2018-01-08,5264.627903991035
2018-01-09,5286.23985213271
2018-01-10,5300.636226130773
2018-01-11,5313.212722145788
2018-01-12,5334.808679087456
2018-01-13,5352.446565898491
2018-01-14,5359.77142662148
2018-01-15,5367.603094380653
2018-01-16,5344.267844082498
2018-01-17,5324.317284578862
2018-01-18,5322.128987875162
2018-01-19,5321.804677244028
2018-01-20,5332.204259030073
2018-01-21,5325.826766579768
2018-01-22,5317.601218937173
2018-01-23,5306.015463185346
2018-01-24,5306.090143079914
2018-01-25,5308.041223838839
2018-01-26,5318.945347521065
2018-01-27,5324.397405386772
2018-01-28,5351.411902921152
2018-01-29,5351.21640678832
2018-01-30,5327.002926956528
2018-01-31,5319.467733028657
2018-02-01,5301.179802360701
2018-02-02,5257.520434442034
2018-02-03,5249.479665445405
2018-02-04,5253.287456704592
2018-02-05,5218.076427306401
2018-02-06,5187.807074166563
2018-02-07,5176.908100267244
2018-02-08,5169.632672438929
2018-02-09,5161.246389715098
2018-02-10,5160.654275341908
2018-02-11,5158.024824715849
2018-02-12,5162.181726574108
2018-02-13,5155.928520809503
2018-02-14,5164.358243596183
2018-02-15,5184.127794177238
2018-02-16,5192.100774557278
2018-02-17,5203.370355202273
2018-02-18,5210.542844088654
2018-02-19,5225.454936139864
2018-02-20,5249.162387461098
2018-02-21,5254.791092130497
2018-02-22,5321.992682246901
2018-02-23,5327.024252637405
2018-02-24,5326.436823066518
2018-02-25,5324.819947404598
2018-02-26,5328.446315882214
2018-02-27,5337.933359545102
2018-02-28,5350.403932159732
2018-03-01,5357.809381309574
2018-03-02,5366.125419536037
2018-03-03,5372.743401332417
2018-03-04,5382.698702637977
2018-03-05,5402.465575547391
2018-03-06,5406.965956725874
2018-03-07,5397.441623021537
2018-03-08,5387.191528958043
2018-03-09,5353.517109819337
2018-03-10,5347.96825657998
2018-03-11,5350.638889003583
2018-03-12,5348.242538300196
2018-03-13,5344.392156347621
2018-03-14,5331.108781223855
2018-03-15,5321.021608091398
2018-03-16,5314.621723078957
2018-03-17,5308.183686213957
2018-03-18,5301.177533769688
2018-03-19,5300.892821148176
2018-03-20,5299.97799301127
2018-03-21,5302.044101285993
2018-03-22,5297.472636752908
2018-03-23,5294.00371796768
2018-03-24,5296.830445390668
2018-03-25,5290.671511808632
2018-03-26,5278.354267083741
2018-03-27,5271.806496823414
2018-03-28,5264.672861844577
2018-03-29,5248.190050461416
2018-03-30,5231.151138723564
2018-03-31,5228.055924687255
2018-04-01,5220.090373432465
2018-04-02,5215.643658549108
2018-04-03,5212.314155432373
2018-04-04,5203.472950284873
2018-04-05,5195.32737117545
2018-04-06,5184.995639009944
2018-04-07,5181.707581108742
2018-04-08,5180.557978396309
2018-04-09,5172.179429771211
2018-04-10,5167.422880176915
2018-04-11,5164.296038775716
2018-04-12,5166.134049803787
2018-04-13,5175.053295488838
2018-04-14,5174.93206208371
2018-04-15,5177.357381473627
2018-04-16,5176.675332488549
2018-04-17,5175.957229782273
2018-04-18,5177.586187492816
2018-04-19,5193.72737057644
2018-04-20,5200.869916147428
2018-04-21,5207.678894886382
2018-04-22,5212.066401819246
2018-04-23,5219.144408344716
2018-04-24,5230.965539101136
2018-04-25,5235.553869781612
2018-04-26,5245.079133690154
2018-04-27,5246.790149979828
2018-04-28,5250.287113764859
2018-04-29,5252.422115244183
2018-04-30,5256.636687711092
2018-05-01,5256.965021174227
2018-05-02,5268.108559344495
2018-05-03,5274.271831257993
2018-05-04,5281.984368920551
2018-05-05,5286.760025188946
2018-05-06,5287.725933889578
2018-05-07,5288.271195218144
2018-05-08,5287.867154950019
2018-05-09,5292.837357138989
2018-05-10,5296.540642477327
2018-05-11,5291.134670094375
2018-05-12,5289.662947441616
2018-05-13,5290.093328412175
2018-05-14,5317.047828148614
2018-05-15,5317.872225467994
2018-05-16,5311.230761557073
2018-05-17,5332.693149772538
2018-05-18,5327.653981774863
2018-05-19,5329.273203033726
2018-05-20,5330.541633684133
2018-05-21,5332.738477173015
2018-05-22,5329.499155939457
2018-05-23,5323.835901669766
2018-05-24,5322.289567155594
2018-05-25,5317.797766566014
2018-05-26,5315.770624967407
2018-05-27,5313.190920807985
2018-05-28,5305.347817937421
2018-05-29,5301.636787213078
2018-05-30,5300.163301556834
2018-05-31,5297.479552877412
2018-06-01,5294.450804902741
2018-06-02,5294.763827568959
2018-06-03,5295.747308172235
2018-06-04,5293.024338237943
2018-06-05,5289.040774165367
2018-06-06,5288.297450458741
2018-06-07,5287.563403730466
2018-06-08,5284.266392851032
2018-06-09,5282.18254805469
2018-06-10,5270.931526560335
2018-06-11,5259.375318157324
2018-06-12,5251.90009189173
2018-06-13,5235.059295181968
2018-06-14,5230.679514595397
2018-06-15,5225.050183930174
2018-06-16,5222.888505124221
2018-06-17,5220.169696402763
2018-06-18,5216.43547116419
2018-06-19,5214.136185848775
2018-06-20,5211.246588730355
2018-06-21,5212.70067339786
2018-06-22,5202.582432849476
2018-06-23,5198.058806489062
2018-06-24,5192.247035318416
2018-06-25,5188.921445071929
2018-06-26,5185.054186642298
2018-06-27,5140.468919377647
2018-06-28,5133.36369843036
2018-06-29,5128.023382109804
2018-06-30,5128.03691046835
2018-07-01,5115.47632830236
2018-07-02,5115.796971670145
2018-07-03,5114.097881641211
2018-07-04,5114.744841413483
2018-07-05,5112.828098326358
2018-07-06,5107.953140160282
2018-07-07,5107.269396215062
2018-07-08,5102.936354866175
2018-07-09,5102.222618935654
2018-07-10,5098.217184908739
2018-07-11,5093.475717602135
2018-07-12,5087.584485153904
2018-07-13,5082.209919388409
2018-07-14,5080.35738332189
2018-07-15,5080.30037390805
2018-07-16,5080.55874162592
2018-07-17,5085.296420552319
2018-07-18,5089.132468469691
2018-07-19,5092.379417986794
2018-07-20,5094.117975845811
2018-07-21,5095.732241016234
2018-07-22,5097.732302560942
2018-07-23,5102.262833936046
2018-07-24,5110.189975105283
2018-07-25,5116.421550303977
2018-07-26,5118.364986482932
2018-07-27,5120.977214177893
2018-07-28,5123.71627040882
2018-07-29,5127.825735538458
2018-07-30,5129.32209163368
2018-07-31,5129.398950090522
2018-08-01,5127.679615748692
2018-08-02,5125.828626500791
2018-08-03,5122.519921163221
2018-08-04,5118.022897523508
2018-08-05,5116.118102121788
2018-08-06,5111.032504766305
2018-08-07,5108.101572130045
2018-08-08,5099.626686296202
2018-08-09,5092.160776723103
2018-08-10,5088.858110832417
2018-08-11,5084.417189332522
2018-08-12,5082.784255308256
2018-08-13,5081.200987939702
2018-08-14,5071.241913968617
2018-08-15,5067.632408114321
2018-08-16,5066.363681582175
2018-08-17,5067.820681076481
2018-08-18,5066.42041208704
2018-08-19,5067.806823807719
2018-08-20,5066.876829924848
2018-08-21,5066.489871975931
2018-08-22,5067.544627884714
2018-08-23,5067.995425722766
2018-08-24,5067.794978304401
2018-08-25,5072.162155940744
2018-08-26,5074.323167736082
2018-08-27,5077.171402103636
2018-08-28,5082.544763912611
2018-08-29,5086.788046252773
2018-08-30,5088.666479692425
2018-08-31,5088.503408060919
2018-09-01,5090.19522806333
2018-09-02,5092.070692381827
2018-09-03,5093.056930920554
2018-09-04,5094.886974031869
2018-09-05,5090.51007028699
2018-09-06,5082.577592100891
2018-09-07,5078.862367203267
2018-09-08,5076.618178812009
2018-09-09,5074.67657455592
2018-09-10,5071.808630192841
2018-09-11,5066.276839151831
2018-09-12,5062.999438451393
2018-09-13,5057.384274923581
2018-09-14,5056.976549162848
2018-09-15,5056.568470219855
2018-09-16,5056.129974510895
2018-09-17,5054.001157282256
2018-09-18,5052.179165991908
2018-09-19,5050.741880629339
2018-09-20,5049.034693509059
2018-09-21,5043.116198041053
2018-09-22,5042.448297038068
2018-09-23,5042.663998799822
2018-09-24,5041.783580854985
2018-09-25,5035.125675439715
2018-09-26,5034.580360577812
2018-09-27,5034.387413258688
2018-09-28,5036.036888858064
2018-09-29,5034.31575944971
2018-09-30,5034.217864531245
2018-10-01,5031.101876637574
2018-10-02,5029.073437264272
2018-10-03,5026.562108432528
2018-10-04,5025.800255762045
2018-10-05,5025.175153786042
2018-10-06,5024.865715278244
2018-10-07,5024.426073436891
2018-10-08,5025.110940092048
2018-10-09,5024.515037856838
2018-10-10,5024.053240549568
2018-10-11,5002.441218676868
2018-10-12,5000.568753652108
2018-10-13,4999.125846328442
2018-10-14,4997.728753469313
2018-10-15,5000.248150641851
2018-10-16,4997.418866107411
2018-10-17,4995.244712312533
2018-10-18,4993.54023384856
2018-10-19,4994.959733842764
2018-10-20,4970.872338864619
2018-10-21,4970.730362134572
2018-10-22,4969.083721900225
2018-10-23,4967.344518059898
2018-10-24,4966.499128492982
2018-10-25,4964.594428879501
2018-10-26,4959.745152622419
2018-10-27,4959.344808296265
2018-10-28,4958.756996385373
2018-10-29,4956.849231983431
2018-10-30,4955.00314339876
2018-10-31,4952.447828681299
2018-11-01,4949.543015983158
2018-11-02,4949.477249664221
2018-11-03,4948.903241163354
2018-11-04,4948.894878534984
2018-11-05,4948.237411968857
2018-11-06,4947.775064607353
2018-11-07,4948.639416613626
2018-11-08,4948.630345699389
2018-11-09,4948.311489718016
2018-11-10,4948.10906689804
2018-11-11,4947.930896337977
2018-11-12,4947.586914600541
2018-11-13,4945.585306869497
2018-11-14,4938.580235658788
2018-11-15,4900.278551176028
2018-11-16,4892.995996474295
2018-11-17,4890.356664022685
2018-11-18,4889.036392270599
2018-11-19,4873.076362082733
2018-11-20,4834.143654301976
2018-11-21,4822.994552876466
2018-11-22,4814.350942987654
2018-11-23,4804.702522926286
2018-11-24,4796.240744211348
2018-11-25,4781.338139121731
2018-11-26,4766.828603756364
2018-11-27,4749.890726053842
2018-11-28,4745.604356393527
2018-11-29,4748.370464810547
2018-11-30,4736.832290448124
2018-12-01,4744.140036772985
2018-12-02,4741.128340051298
2018-12-03,4750.229794867036
2018-12-04,4782.654275202672
2018-12-05,4727.389419410912
2018-12-06,4695.913722530029
2018-12-07,4680.910285482915
2018-12-08,4676.157201152021
2018-12-09,4674.129306376422
2018-12-10,4665.799813702129
2018-12-11,4644.473969410558
2018-12-12,4638.11505915073
2018-12-13,4631.878878585185
2018-12-14,4621.081199091154
2018-12-15,4616.063329592665
2018-12-16,4611.89322429417
2018-12-17,4607.979839793808
2018-12-18,4594.828045094188
2018-12-19,4591.576883288571
2018-12-20,4591.612361871918
2018-12-21,4586.589945328625
2018-12-22,4585.332280208204
2018-12-23,4583.174009811905
2018-12-24,4581.36410040989
2018-12-25,4576.416030470243
2018-12-26,4573.788857906675
2018-12-27,4569.356054766515
2018-12-28,4561.452437823804
2018-12-29,4553.144877177652
2018-12-30,4549.834429134314
2018-12-31,4544.343557222413
2019-01-01,4541.643196885701
2019-01-02,4540.862158769324
2019-01-03,4536.621394876544
2019-01-04,4534.413747932703
2019-01-05,4533.69170298798
2019-01-06,4531.436577611988
2019-01-07,4530.118275254112
2019-01-08,4526.294890589261
2019-01-09,4525.906527593487
2019-01-10,4510.40567012366
2019-01-11,4482.264126549979
2019-01-12,4480.025375375761
2019-01-13,4477.497719219159
2019-01-14,4475.170332868818
2019-01-15,4477.237683578517
2019-01-16,4477.088655696743
2019-01-17,4473.96488657288
2019-01-18,4471.787389275141
2019-01-19,4469.903545838012
2019-01-20,4467.762943239951
2019-01-21,4465.51010502815
2019-01-22,4456.370839147044
2019-01-23,4453.802391582843
2019-01-24,4451.911291422745
2019-01-25,4448.660726005151
2019-01-26,4446.451096354192
2019-01-27,4444.336531663692
2019-01-28,4438.409454212802
2019-01-29,4433.330301077903
2019-01-30,4428.024151421106
2019-01-31,4424.968596465405
2019-02-01,4421.094022624497
2019-02-02,4419.6364645084
2019-02-03,4418.053920591595
2019-02-04,4413.37883580369
2019-02-05,4411.004570417472
2019-02-06,4406.305931662702
2019-02-07,4402.602346489825
2019-02-08,4401.015710172633
2019-02-09,4400.951757165285
2019-02-10,4400.395650613577
2019-02-11,4398.416820272533
2019-02-12,4395.678287726108
2019-02-13,4386.042243084476
2019-02-14,4384.631387517323
2019-02-15,4382.698380224228
2019-02-16,4379.072781967155
2019-02-17,4377.440258672811
2019-02-18,4376.843135017774
2019-02-19,4375.209642101096
2019-02-20,4378.424117962361
2019-02-21,4375.912042005045
2019-02-22,4375.626100813768
2019-02-23,4373.133782522727
2019-02-24,4371.32152290677
2019-02-25,4367.659092275272
2019-02-26,4366.497252075651
2019-02-27,4364.957051201155
2019-02-28,4363.657726899927
2019-03-01,4362.769057991801
2019-03-02,4361.275907999755
2019-03-03,4360.654291598038
2019-03-04,4355.731414268127
2019-03-05,4355.538946050977
2019-03-06,4354.679122703126
2019-03-07,4354.138299059889
2019-03-08,4352.362135448447
2019-03-09,4352.002033437229
2019-03-10,4351.060377316461
2019-03-11,4348.945046899395
2019-03-12,4346.496630756607
2019-03-13,4345.655999637077
2019-03-14,4344.210176549472
2019-03-15,4343.359063310139
2019-03-16,4341.051842567633
2019-03-17,4341.132584768144
2019-03-18,4339.981097255563
2019-03-19,4340.159371219546
2019-03-20,4339.829672994496
2019-03-21,4338.461508369052
2019-03-22,4337.224786069271
2019-03-23,4336.560143454021
2019-03-24,4335.894917823205
2019-03-25,4334.097736227461
2019-03-26,4332.275221935296
2019-03-27,4332.555056375338
2019-03-28,4332.305652450133
2019-03-29,4334.430761499824
2019-03-30,4334.354302342254
2019-03-31,4330.327200653989
2019-04-01,4330.616895960905
2019-04-02,4344.60481490382
2019-04-03,4352.189412106732
2019-04-04,4355.630932226488
2019-04-05,4355.967638769351
2019-04-06,4357.133726205545
2019-04-07,4358.399075948143
2019-04-08,4361.83566869575
2019-04-09,4364.787126835234
2019-04-10,4368.512055128329
2019-04-11,4368.603549997706
2019-04-12,4370.553635887467
2019-04-13,4371.753506826765
2019-04-14,4367.249937780874
2019-04-15,4367.052965426822
2019-04-16,4368.59654930834
2019-04-17,4371.494728584151
2019-04-18,4373.129134353922
2019-04-19,4383.824934530912
2019-04-20,4384.665676661646
2019-04-21,4384.494409149705
2019-04-22,4386.143453039506
2019-04-23,4391.237964529118
2019-04-24,4387.208615621417
2019-04-25,4387.374246632758
2019-04-26,4382.111252921513
2019-04-27,4381.660382240871
2019-04-28,4382.185263250326
2019-04-29,4380.275104599979
2019-04-30,4382.705873136625
2019-05-01,4369.751641513334
2019-05-02,4370.822931676133
2019-05-03,4375.664626761396
2019-05-04,4377.515438424639
2019-05-05,4380.520976696715
2019-05-06,4386.96596142923
2019-05-07,4392.067217685887
2019-05-08,4396.579338289688
2019-05-09,4400.623149923925
2019-05-10,4405.551594835383
2019-05-11,4423.659968372954
2019-05-12,4437.348087537298
2019-05-13,4463.518615061012
2019-05-14,4492.930809400023
2019-05-15,4521.029495189115
2019-05-16,4548.879031362844
2019-05-17,4546.326929913925
2019-05-18,4548.664193454117
2019-05-19,4557.71736773622
2019-05-20,4564.379221884285
2019-05-21,4571.955669362357
2019-05-22,4576.071076364149
2019-05-23,4580.541484745469
2019-05-24,4590.773277768946
2019-05-25,4596.28032018991
2019-05-26,4603.911346077191
2019-05-27,4617.931210338988
2019-05-28,4630.598069837495
2019-05-29,4697.411906644355
2019-05-30,4703.522132802323
2019-05-31,4709.268500316148
2019-06-01,4714.763915194711
2019-06-02,4719.948571809075
2019-06-03,4732.426262871017
2019-06-04,4712.0029865898
2019-06-05,4708.620417839191
2019-06-06,4708.218518367409
2019-06-07,4713.49001002482
2019-06-08,4714.621660237877
2019-06-09,4716.380976072228
2019-06-10,4724.477941799887
2019-06-11,4726.632924215659
2019-06-12,4733.054980284172
2019-06-13,4737.731982454376
2019-06-14,4749.477310516185
2019-06-15,4755.874571035863
2019-06-16,4767.292254517988
2019-06-17,4782.816953114216
2019-06-18,4790.550746212096
2019-06-19,4802.547815541789
2019-06-20,4813.866200813461
2019-06-21,4829.881442802914
2019-06-22,4859.269698580002
2019-06-23,4872.054982043827
2019-06-24,4891.896133413946
2019-06-25,4917.872582681586
2019-06-26,4995.149462728308
2019-06-27,5016.30530969152
2019-06-28,5053.433935315006
2019-06-29,5068.281823409832
2019-06-30,5089.003090443055
2019-07-01,5090.104209992753
2019-07-02,5096.640026110682
2019-07-03,5115.358086105941
2019-07-04,5139.434467478944
2019-07-05,5142.670568194398
2019-07-06,5147.957945971512
2019-07-07,5152.499705995366
2019-07-08,5171.826293991511
2019-07-09,5194.108797737771
2019-07-10,5237.338522481342
2019-07-11,5243.232019859005
2019-07-12,5257.415032202503
2019-07-13,5259.96069130947
2019-07-14,5256.243102988464
2019-07-15,5259.80535641829
2019-07-16,5258.541099727542
2019-07-17,5264.869959438833
2019-07-18,5280.342255596224
2019-07-19,5288.792750768618
2019-07-20,5295.043300832543
2019-07-21,5300.964085801133
2019-07-22,5302.007456707242
2019-07-23,5300.420741374847
2019-07-24,5315.79046526101
2019-07-25,5320.421940678771
2019-07-26,5322.998891861233
2019-07-27,5322.787241806964
2019-07-28,5323.112555214113
2019-07-29,5420.185281007968
2019-07-30,5421.950802750312
2019-07-31,5426.266305009746
2019-08-01,5431.598856036183
2019-08-02,5438.836227953767
2019-08-03,5444.465833045248
2019-08-04,5449.034306553248
2019-08-05,5479.851361449872
2019-08-06,5504.588831850469
2019-08-07,5519.088979849162
2019-08-08,5535.647403691442
2019-08-09,5543.617222074516
2019-08-10,5546.484072949771
2019-08-11,5551.721312542715
2019-08-12,5557.435292822952
2019-08-13,5566.7100287626
2019-08-14,5571.377677731794
2019-08-15,5568.561912805292
2019-08-16,5570.883773216467
2019-08-17,5570.314628347091
2019-08-18,5572.040655822096
2019-08-19,5575.487486153172
2019-08-20,5583.420656280095
2019-08-21,5582.301003529206
2019-08-22,5581.308993059621
2019-08-23,5603.589289406716
2019-08-24,5604.465727032993
2019-08-25,5606.343385056148
2019-08-26,5611.006873555956
2019-08-27,5615.206630059596
2019-08-28,5616.013361924496
2019-08-29,5610.735469481176
2019-08-30,5610.467962605085
2019-08-31,5610.287021015586
2019-09-01,5612.433196967261
2019-09-02,5615.46021844361
2019-09-03,5624.52536584579
2019-09-04,5629.643198651855
2019-09-05,5635.265566935415
2019-09-06,5685.26427713753
2019-09-07,5687.729956504403
2019-09-08,5690.606974963226
2019-09-09,5693.017204580548
2019-09-10,5693.885760002115
2019-09-11,5709.557086945336
2019-09-12,5712.35966952263
2019-09-13,5715.976074754653
2019-09-14,5718.411860545649
2019-09-15,5720.016476918112
2019-09-16,5720.962997239718
2019-09-17,5723.51952769631
2019-09-18,5730.950210041182
2019-09-19,5730.481049790534
2019-09-20,5732.466527480464
2019-09-21,5733.239245012469
2019-09-22,5733.765449275922
2019-09-23,5732.707404325852
2019-09-24,5730.689177389412
2019-09-25,5708.69502125613
2019-09-26,5688.964643931152
2019-09-27,5687.153608637661
2019-09-28,5683.505745202894
2019-09-29,5681.631624628806
2019-09-30,5679.134675005562
2019-10-01,5675.281647272675
2019-10-02,5673.491303048903
2019-10-03,5670.671304764484
2019-10-04,5668.823208458736
2019-10-05,5668.413228073023
2019-10-06,5666.456044714298
2019-10-07,5665.577192652012
2019-10-08,5665.823179513337
2019-10-09,5666.290039035801
2019-10-10,5666.499512053793
2019-10-11,5664.871271858755
2019-10-12,5665.458920049223
2019-10-13,5665.04738538219
2019-10-14,5690.989151350753
2019-10-15,5686.630608691997
2019-10-16,5682.654528605752
2019-10-17,5680.547165909822
2019-10-18,5678.126616442996
2019-10-19,5678.279047154258
2019-10-20,5678.69298300382
2019-10-21,5676.597138603813
2019-10-22,5675.772689765799
2019-10-23,5665.086493675194
2019-10-24,5653.258802313335
2019-10-25,5659.643486954694
2019-10-26,5677.022448668659
2019-10-27,5682.203346881887
2019-10-28,5694.847837029243
2019-10-29,5702.162179140194
2019-10-30,5703.475602904693
2019-10-31,5705.294538521971
2019-11-01,5713.808997827371
2019-11-02,5715.926985118408
2019-11-03,5716.001097005552
2019-11-04,5718.540320977341
2019-11-05,5698.662838440641
2019-11-06,5699.514466230229
2019-11-07,5701.421415766465
2019-11-08,5698.00841592346
2019-11-09,5696.944354695986
2019-11-10,5698.018370384565
2019-11-11,5697.849145292344
2019-11-12,5696.455463460048
2019-11-13,5708.446681615705
2019-11-14,5707.116312543556
2019-11-15,5706.157114313649
2019-11-16,5705.436363661764
2019-11-17,5705.615143821167
2019-11-18,5702.713400401774
2019-11-19,5700.038311561256
2019-11-20,5697.011528198111
2019-11-21,5689.281182060233
2019-11-22,5673.829620047152
2019-11-23,5665.876958086502
2019-11-24,5665.90667919423
2019-11-25,5658.066208935918
2019-11-26,5651.137624768263
2019-11-27,5645.331845484987
2019-11-28,5645.00240695563
2019-11-29,5644.311660036738
2019-11-30,5641.245312141163
2019-12-01,5638.822069991917
2019-12-02,5634.661132855434
2019-12-03,5629.950782260885
2019-12-04,5628.747619295314
2019-12-05,5625.844371362936
2019-12-06,5621.492706884947
2019-12-07,5621.971466111641
2019-12-08,5621.811294548033
2019-12-09,5620.558360545149
2019-12-10,5617.86429899703
2019-12-11,5614.689976442482
2019-12-12,5611.848772111322
2019-12-13,5611.27121714901
2019-12-14,5609.459421036248
2019-12-15,5609.191530077304
2019-12-16,5605.747723256078
2019-12-17,5599.69776759439
2019-12-18,5591.761211959851
2019-12-19,5591.987948898788
2019-12-20,5592.845596094059
2019-12-21,5592.495799463512
2019-12-22,5592.793807519834
2019-12-23,5593.804036746237
2019-12-24,5594.058593591612
2019-12-25,5584.910385372661
2019-12-26,5584.047425738228
2019-12-27,5582.048695697199
2019-12-28,5581.950833635558
2019-12-29,5582.564933292106
2019-12-30,5575.335932019946
2019-12-31,5573.615534951662
2020-01-01,5573.588748403692
2020-01-02,5572.858044215481
2020-01-03,5573.773288936638
2020-01-04,5572.889380058275
2020-01-05,5573.345576045025
2020-01-06,5575.494586953558
2020-01-07,5578.830793160258
2020-01-08,5583.158778323476
2020-01-09,5586.159260923059
2020-01-10,5587.439808130956
2020-01-11,5588.647229250527
2020-01-12,5590.069262376483
2020-01-13,5592.296398112687
2020-01-14,5606.865833377856
2020-01-15,5615.783628237784
2020-01-16,5621.057945502374
2020-01-17,5626.79994748485
2020-01-18,5628.910194650608
2020-01-19,5629.90190319318
2020-01-20,5629.532027973537
2020-01-21,5631.048162500772
2020-01-22,5632.552777362916
2020-01-23,5632.841723536859
2020-01-24,5635.087708026614
2020-01-25,5635.892548503229
2020-01-26,5637.316031299677
2020-01-27,5641.226009980227
2020-01-28,5646.466852334092
2020-01-29,5658.77856226797
2020-01-30,5668.116294239051
2020-01-31,5679.08070077959
2020-02-01,5681.635647213126
2020-02-02,5682.1278117704
2020-02-03,5686.192137888758
2020-02-04,5688.193492618108
2020-02-05,5693.22738743005
2020-02-06,5708.402297681264
2020-02-07,5730.894005763128
2020-02-08,5737.287737852917
2020-02-09,5743.570393468393
2020-02-10,5759.05361191006
2020-02-11,5768.629634260826
2020-02-12,5776.906379275475
2020-02-13,5783.804813834282
2020-02-14,5789.582963390409
2020-02-15,5790.758269354708
2020-02-16,5792.820406494699
2020-02-17,5793.208140212832
2020-02-18,5800.798692111674
2020-02-19,5807.055907896517
2020-02-20,5805.500446356076
2020-02-21,5807.789984498291
2020-02-22,5809.0790038634
2020-02-23,5812.759496293725
2020-02-24,5814.439263127502
2020-02-25,5822.191250198508
2020-02-26,5817.936473481686
2020-02-27,5812.926601606531
2020-02-28,5811.324118461127
2020-02-29,5810.393157852035
2020-03-01,5808.819546044513
2020-03-02,5811.2242919025
2020-03-03,5813.436644903668
2020-03-04,5803.829799623072
2020-03-05,5805.639662261454
2020-03-06,5807.761669021976
2020-03-07,5808.208743682613
2020-03-08,5806.138435188637
2020-03-09,5793.947974654791
2020-03-10,5787.57961087356
2020-03-11,5772.587336086514
2020-03-12,5690.092969545217
2020-03-13,5628.562542344116
2020-03-14,5614.289567380918
2020-03-15,5605.95557740338
2020-03-16,5579.952987961528
2020-03-17,5565.827847085101
2020-03-18,5560.471076112503
2020-03-19,5561.048889636877
2020-03-20,5557.350115827547
2020-03-21,5555.916757582286
2020-03-22,5557.033268465801
2020-03-23,5555.472570064148
2020-03-24,5562.708107280359
2020-03-25,5560.231154285035
2020-03-26,5561.288745539259
2020-03-27,5560.314451436947
2020-03-28,5556.638954169767
2020-03-29,5552.062820070139
2020-03-30,5549.120324249671
2020-03-31,5547.20978720297
2020-04-01,5524.813414071353
2020-04-02,5526.236891928091
2020-04-03,5527.134568460879
2020-04-04,5526.472141080972
2020-04-05,5526.956593492052
2020-04-06,5533.732187558356
2020-04-07,5534.431925614478
2020-04-08,5537.0876900318
2020-04-09,5538.535386525221
2020-04-10,5518.13673959381
2020-04-11,5517.313811030689
2020-04-12,5517.352807908972
2020-04-13,5514.53879546228
2020-04-14,5514.4834574844
2020-04-15,5512.788488822029
2020-04-16,5512.592523143986
2020-04-17,5513.086543639963
2020-04-18,5514.278457956923
2020-04-19,5514.367044948486
2020-04-20,5512.523860653379
2020-04-21,5510.286615619959
2020-04-22,5511.118356502951
2020-04-23,5515.868894732497
2020-04-24,5519.654815542038
2020-04-25,5521.0109810986
2020-04-26,5522.236162607383
2020-04-27,5532.727587619906
2020-04-28,5534.327408106384
2020-04-29,5566.24850929951
2020-04-30,5588.649551580782
2020-05-01,5596.868376677426
2020-05-02,5601.295578330242
2020-05-03,5609.287557123253
2020-05-04,5613.483452060726
2020-05-05,5617.366874082528
2020-05-06,5629.810346951765
2020-05-07,5658.804539869356
2020-05-08,5676.178268281319
2020-05-09,5680.005725652291
2020-05-10,5676.490476117965
2020-05-11,5673.054401087345
2020-05-12,5670.511336089769
2020-05-13,5676.600736537646
2020-05-14,5685.834478950552
2020-05-15,5690.016014412493
2020-05-16,5691.887975923582
2020-05-17,5695.400697599329
2020-05-18,5705.73900182365
2020-05-19,5712.662539357626
2020-05-20,5717.6489588856
2020-05-21,5714.755012737404
2020-05-22,5714.602902815138
2020-05-23,5716.114542845046
2020-05-24,5717.609881896462
2020-05-25,5711.760623875069
2020-05-26,5711.275414994269
2020-05-27,5714.631063884766
2020-05-28,5718.626147499147
2020-05-29,5720.519532094042
2020-05-30,5722.454137179737
2020-05-31,5724.457092657786
2020-06-01,5733.443307282666
2020-06-02,5742.197830369426
2020-06-03,5745.17618884432
2020-06-04,5749.155350209587
2020-06-05,5751.226095708957
2020-06-06,5753.142670626317
2020-06-07,5754.48946545719
2020-06-08,5764.330767361921
2020-06-09,5767.772705181195
2020-06-10,5771.273985197112
2020-06-11,5771.527336880697
2020-06-12,5772.511236138225
2020-06-13,5773.378596330544
2020-06-14,5774.398104134463
2020-06-15,5772.888833210093
2020-06-16,5776.708366388244
2020-06-17,5777.842794761161
2020-06-18,5792.454811994275
2020-06-19,5792.548589427683
2020-06-20,5793.584969288556
2020-06-21,5795.201075153072
2020-06-22,5799.144132502866
2020-06-23,5803.257549029835
2020-06-24,5801.176351591968
2020-06-25,5800.275419293444
2020-06-26,5817.270090931283
2020-06-27,5817.500023904391
2020-06-28,5817.406613853576
2020-06-29,5818.443930791192
2020-06-30,5821.443917628162
2020-07-01,5822.984273847187
2020-07-02,5823.157945123994
2020-07-03,5823.600588138345
2020-07-04,5824.18272890758
2020-07-05,5824.194139411171
2020-07-06,5826.681213254517
2020-07-07,5828.125225842192
2020-07-08,5836.106129294428
2020-07-09,5837.924246146131
2020-07-10,5837.960697397736
2020-07-11,5838.574524206579
2020-07-12,5839.264202869909
2020-07-13,5839.691042590704
2020-07-14,5843.150500499528
2020-07-15,5845.930479991874
2020-07-16,5845.904282093634
2020-07-17,5846.046971469902
2020-07-18,5846.635744402099
2020-07-19,5847.911571558777
2020-07-20,5848.403196904468
2020-07-21,5850.403190715359
2020-07-22,5853.843116315152
2020-07-23,5858.443453840181
2020-07-24,5861.533996732494
2020-07-25,5864.48638067349
2020-07-26,5868.830359768855
2020-07-27,5889.627418118731
2020-07-28,5910.247213248856
2020-07-29,5922.287505122824
2020-07-30,5931.629392576408
2020-07-31,5942.748061133994
2020-08-01,5952.618508843766
2020-08-02,5957.872198021098
2020-08-03,5977.358680687975
2020-08-04,5982.960059656243
2020-08-05,5997.925374621445
2020-08-06,6023.852141003046
2020-08-07,6042.036845886551
2020-08-08,6054.170818025736
2020-08-09,6061.538267540793
2020-08-10,6070.714969410335
2020-08-11,6081.308637823161
2020-08-12,6087.716870617985
2020-08-13,6094.565104720838
2020-08-14,6105.513238036583
2020-08-15,6110.829199584612
2020-08-16,6115.597379060556
2020-08-17,6135.833206315666
2020-08-18,6143.577309081649
2020-08-19,6146.481336079299
2020-08-20,6152.268293077779
2020-08-21,6160.040913135144
2020-08-22,6162.023144184821
2020-08-23,6164.122254812542
2020-08-24,6170.817358841017
2020-08-25,6173.972462784912
2020-08-26,6177.567665428256
2020-08-27,6180.471481250014
2020-08-28,6187.197102044884
2020-08-29,6188.50364946194
2020-08-30,6192.840396067963
2020-08-31,6201.774633745893
2020-09-01,6215.018809254766
2020-09-02,6217.665014830778
2020-09-03,6216.427407353273
2020-09-04,6214.120088903853
2020-09-05,6210.995761330331
2020-09-06,6210.338923227665
2020-09-07,6206.998749522484
2020-09-08,6205.232853791607
2020-09-09,6204.448530456227
2020-09-10,6205.146120970317
2020-09-11,6204.41630327976
2020-09-12,6204.205944555256
2020-09-13,6204.662166144527
2020-09-14,6207.335367571969
2020-09-15,6212.346500789254
2020-09-16,6220.395887806707
2020-09-17,6223.765772320759
2020-09-18,6228.975370081969
2020-09-19,6234.588030954113
2020-09-20,6236.747314597832
2020-09-21,6234.661098901703
2020-09-22,6239.796877754025
2020-09-23,6238.681003619743
2020-09-24,6238.44859965854
2020-09-25,6242.523971608892
2020-09-26,6245.009242402794
2020-09-27,6246.554972639854
2020-09-28,6249.277671050106
2020-09-29,6258.225711757202
2020-09-30,6259.949955300597
2020-10-01,6260.464711224699
2020-10-02,6261.41862527489
2020-10-03,6262.072972072106
2020-10-04,6263.445986622389
2020-10-05,6266.690015342477
2020-10-06,6268.04566686835
2020-10-07,6271.089239995323
2020-10-08,6275.632634180082
2020-10-09,6282.920275206739
2020-10-10,6287.706328179019
2020-10-11,6290.621166849425
2020-10-12,6297.856583871601
2020-10-13,6303.035579413386
2020-10-14,6308.925658959573
2020-10-15,6315.290022368789
2020-10-16,6317.738400535584
2020-10-17,6319.616936170485
2020-10-18,6321.830372630567
2020-10-19,6339.742148531649
2020-10-20,6351.927598417427
2020-10-21,6375.320512338087
2020-10-22,6412.583380019976
2020-10-23,6445.640125889611
2020-10-24,6459.113088454928
2020-10-25,6466.419678394359
2020-10-26,6472.331804319148
2020-10-27,6493.225565194568
2020-10-28,6508.581882039049
2020-10-29,6523.548575376444
2020-10-30,6532.540576522058
2020-10-31,6543.947747193987
2020-11-01,6557.307405187097
2020-11-02,6574.699941385471
2020-11-03,6668.616222466403
2020-11-04,6688.551520257241
2020-11-05,6741.970682394326
2020-11-06,6776.565410632534
2020-11-07,6786.328599115353
2020-11-08,6813.617057503491
2020-11-09,6832.260573829913
2020-11-10,6849.117869792869
2020-11-11,6868.019296067615
2020-11-12,6895.407287809923
2020-11-13,6918.780070919107
2020-11-14,6930.965407171667
2020-11-15,6938.744179609373
2020-11-16,6959.805332734867
2020-11-17,7005.038871189665
2020-11-18,7077.24477398515
2020-11-19,7100.291072278876
2020-11-20,7173.353845807489
2020-11-21,7207.419907628302
2020-11-22,7221.614123383948
2020-11-23,7246.493055810725
2020-11-24,7300.247262726143
2020-11-25,7325.655490355955
2020-11-26,7344.166737353098
2020-11-27,7360.774573003439
2020-11-28,7370.625078459987
2020-11-29,7385.017907338703
2020-11-30,7437.235086706504
2020-12-01,7478.577827404437
2020-12-02,7515.978376688358
2020-12-03,7546.905043171087
2020-12-04,7568.699858217573
2020-12-05,7578.469344049306
2020-12-06,7588.67453748445
2020-12-07,7608.871978603621
2020-12-08,7626.66457837453
2020-12-09,7642.172500330187
2020-12-10,7669.814678043394
2020-12-11,7682.842581387207
2020-12-12,7704.333517798325
2020-12-13,7764.59509852528
2020-12-14,7785.357471396332
2020-12-15,7812.618314967155
2020-12-16,7881.02433428627
2020-12-17,8009.612464760242
2020-12-18,8145.431863914995
2020-12-19,8186.52247071182
2020-12-20,8234.039580080758
2020-12-21,8272.300533365038
2020-12-22,8364.725822339587
2020-12-23,8447.374268583892
2020-12-24,8524.71279535903
2020-12-25,8546.987609706392
2020-12-26,8600.250061860828
2020-12-27,8699.266777642979
2020-12-28,8897.649316908148
2020-12-29,9035.16788052562
2020-12-30,9133.395481938856
2020-12-31,9206.892557032194
2021-01-01,9308.045759055767
2021-01-02,9474.218610978223
2021-01-03,9640.944208920968
2021-01-04,9791.042121050683
2021-01-05,9933.201460159547
2021-01-06,10110.76863454417
2021-01-07,10410.43407132189
2021-01-08,10688.20097209981
2021-01-09,10872.84553019252
2021-01-10,10963.30085798538
2021-01-11,11025.20827858521
2021-01-12,11091.39518395514
2021-01-13,11157.88305250376
2021-01-14,11279.46455059724
2021-01-15,11344.02564620247
2021-01-16,11385.13400097835
2021-01-17,11413.31174600155
2021-01-18,11478.06211480004
2021-01-19,11530.24065171344
2021-01-20,11552.25261568131
2021-01-21,11551.24054145689
2021-01-22,11566.27304810548
2021-01-23,11582.84174106769
2021-01-24,11594.24591847285
2021-01-25,11619.81393854304
2021-01-26,11629.35706055024
2021-01-27,11695.21883502657
2021-01-28,11750.03513777776
2021-01-29,11855.64004786861
2021-01-30,11884.36562201668
2021-01-31,11918.07069582367
2021-02-01,11944.36345277075
2021-02-02,12001.455072756
2021-02-03,12055.98540758603
2021-02-04,12132.39182756476
2021-02-05,12237.04585197987
2021-02-06,12302.99858132354
2021-02-07,12358.70040303636
2021-02-08,12511.5078507299
2021-02-09,12789.57132927769
2021-02-10,12934.69298651052
2021-02-11,13058.44202100798
2021-02-12,13180.37158990301
2021-02-13,13239.40386343101
2021-02-14,13291.80787199837
2021-02-15,13432.94847009404
2021-02-16,13533.06015371001
2021-02-17,13686.15535382178
2021-02-18,13851.68407668633
2021-02-19,14123.2728955435
2021-02-20,14321.23832836651
2021-02-21,14445.28202239161
2021-02-22,14554.18106903958
2021-02-23,14691.15956905537
2021-02-24,14821.99627281494
2021-02-25,14909.70877443538
2021-02-26,15036.7763132964
2021-02-27,15021.79472476972
2021-02-28,15039.03442859034
2021-03-01,15110.4477102168
2021-03-02,15185.41997436317
2021-03-03,15247.57992189129
2021-03-04,15288.03753278655
2021-03-05,15337.93717872394
2021-03-06,15366.89394918273
2021-03-07,15402.09465945496
2021-03-08,15488.16786625403
2021-03-09,15585.10747360274
2021-03-10,15687.77599206752
2021-03-11,15858.96708673036
2021-03-12,15990.19023010233
2021-03-13,16093.13506832288
2021-03-14,16188.82431261305
2021-03-15,16244.43824067732
2021-03-16,16350.32530983274
2021-03-17,16437.52022427531
2021-03-18,16492.86704508089
2021-03-19,16543.71832067595
2021-03-20,16598.3394380585
2021-03-21,16640.40050880206
2021-03-22,16706.51015230629
2021-03-23,16806.03750821875
2021-03-24,16877.22828866704
2021-03-25,16946.72018575576
2021-03-26,17006.55850265334
2021-03-27,17089.02184563205
2021-03-28,17124.02638317412
2021-03-29,17200.57857668507
2021-03-30,17288.13337215208
2021-03-31,17373.77362284627
2021-04-01,17482.48325924273
2021-04-02,17557.1043134885
2021-04-03,17577.47424591222
2021-04-04,17607.73052473351
2021-04-05,17655.98481567762
2021-04-06,17947.8680904632
2021-04-07,17987.64109821639
2021-04-08,18037.94914037189
2021-04-09,18080.74434063224
2021-04-10,18142.64215902956
2021-04-11,18210.8759864896
2021-04-12,18297.83494447507
2021-04-13,18431.08985155979
2021-04-14,18588.09286416585
2021-04-15,18702.49946273585
2021-04-16,18754.5887070604
2021-04-17,18804.00193899125
2021-04-18,19014.67758919937
2021-04-19,19024.41282106843
2021-04-20,19062.93518298427
2021-04-21,19079.65024587071
2021-04-22,19137.0873554984
2021-04-23,19129.86436734009
2021-04-24,19166.45013380277
2021-04-25,19173.47340901511
2021-04-26,19233.60226604461
2021-04-27,19322.62438309105
2021-04-28,19359.01843573531
2021-04-29,19424.56189245213
2021-04-30,19517.00454306816
2021-05-01,19552.28349806265
2021-05-02,19583.33701651375
2021-05-03,19638.26127349428
2021-05-04,19674.71259548393
2021-05-05,19731.1942464112
2021-05-06,19798.86607158835
2021-05-07,19939.82923039538
2021-05-08,19987.12244372483
2021-05-09,20032.6287264412
2021-05-10,20075.29032751308
2021-05-11,20099.91673278408
2021-05-12,20179.9952635968
2021-05-13,20171.19016011718
2021-05-14,20176.75644234042
2021-05-15,20179.64720001068
2021-05-16,20170.11148966985
2021-05-17,20119.76910135002
2021-05-18,20100.50328831315
2021-05-19,19953.03343814591
2021-05-20,19894.81754891091
2021-05-21,19855.93869477019
2021-05-22,19814.22328579058
2021-05-23,19781.82337902931
2021-05-24,19827.67015520132
2021-05-25,19795.61191106442
2021-05-26,19809.14624875407
2021-05-27,19793.82589556377
2021-05-28,19759.4579031824
2021-05-29,19735.15850232924
2021-05-30,19753.39790213693
2021-05-31,19751.77084392056
2021-06-01,19764.77480852751
2021-06-02,19765.64432145116
2021-06-03,19782.72076367232
2021-06-04,19756.22876736466
2021-06-05,19742.44612269613
2021-06-06,19734.99973566783
2021-06-07,19712.04837957498
2021-06-08,19642.88289718677
2021-06-09,19672.81311695736
2021-06-10,19678.92862569785
2021-06-11,19689.74385717485
2021-06-12,19678.07600784142
2021-06-13,19686.07107550602
2021-06-14,19723.5345371506
2021-06-15,19742.53863841498
2021-06-16,19746.27367305422
2021-06-17,19724.62047235252
2021-06-18,19710.14007537677
2021-06-19,19702.38833008845
2021-06-20,19696.28839142265
2021-06-21,19645.31516790045
2021-06-22,19620.81181153488
2021-06-23,19616.20692539958
2021-06-24,19615.17408472526
2021-06-25,19429.13473554952
2021-06-26,19404.85032325426
2021-06-27,19415.11851093176
2021-06-28,19418.91436939652
2021-06-29,19424.26405883562
2021-06-30,19409.35308297639
2021-07-01,19388.5945803603
2021-07-02,19335.79164466426
2021-07-03,19339.37292995129
2021-07-04,19345.34226285782
2021-07-05,19340.64590133728
2021-07-06,19338.49539061556
2021-07-07,19341.13031187257
2021-07-08,19320.53319759639
2021-07-09,19324.26200386716
2021-07-10,19323.06015718567
2021-07-11,19324.91676372878
2021-07-12,19332.85519698933
2021-07-13,19321.59896559046
2021-07-14,19307.86739611207
2021-07-15,19280.45260902853
2021-07-16,19264.57545551447
2021-07-17,19341.63486010642
2021-07-18,19333.04649301108
2021-07-19,19322.37861285784
2021-07-20,19311.66035896387
2021-07-21,19315.37261065705
2021-07-22,19326.5352073887
2021-07-23,19278.19082748364
2021-07-24,19283.48236227856
2021-07-25,19289.30022646132
2021-07-26,19386.20911086067
2021-07-27,19514.57058743446
2021-07-28,19612.41202556353
2021-07-29,19841.19244750591
2021-07-30,19860.6884498245
2021-07-31,19874.58281647362
2021-08-01,19881.39063697481
2021-08-02,19889.44852472636
2021-08-03,19882.77903299008
2021-08-04,19897.03172398914
2021-08-05,19909.62215091966
2021-08-06,19946.8813785891
2021-08-07,19970.01063017718
2021-08-08,19986.27794775778
2021-08-09,20039.50009275061
2021-08-10,20075.80506697434
2021-08-11,20104.88013377809
2021-08-12,20119.00040553168
2021-08-13,20158.02188326131
2021-08-14,20205.89995580051
2021-08-15,20216.72707506157
2021-08-16,20241.36443311642
2021-08-17,20255.00018383312
2021-08-18,20282.25615836994
2021-08-19,20312.53134227036
2021-08-20,20356.15520409245
2021-08-21,20385.10662284727
2021-08-22,20406.15345160878
2021-08-23,20460.91413556947
2021-08-24,20473.90308350492
2021-08-25,20567.27711547457
2021-08-26,20591.67389424429
2021-08-27,20615.97524237114
2021-08-28,20635.65375717837
2021-08-29,20643.00097609484
2021-08-30,20662.81764094604
2021-08-31,20684.91873759955
2021-09-01,20716.04932116254
2021-09-02,20757.27173352933
2021-09-03,20790.08361212415
2021-09-04,20812.07825777962
2021-09-05,20829.71746249192
2021-09-06,20862.2694078039
2021-09-07,20846.18872439271
2021-09-08,20847.88803189779
2021-09-09,20884.26866657026
2021-09-10,20887.89731813575
2021-09-11,20889.29302268664
2021-09-12,20899.79616425208
2021-09-13,20893.73115715028
2021-09-14,20924.12211945049
2021-09-15,20964.73138549966
2021-09-16,20991.30230504047
2021-09-17,21005.87790682348
2021-09-18,21021.80478478596
2021-09-19,21029.05979801695
2021-09-20,20991.537370775
2021-09-21,20964.43562350129
2021-09-22,20978.59641617109
2021-09-23,20990.99477389174
2021-09-24,20970.40712123039
2021-09-25,20971.02340862776
2021-09-26,21115.53982423644
2021-09-27,21121.66813701696
2021-09-28,21105.37618136719
2021-09-29,21111.82685135693
2021-09-30,21135.50667232883
2021-10-01,21196.51701049375
2021-10-02,21230.3208921255
2021-10-03,21245.97626067932
2021-10-04,21277.76900099241
2021-10-05,21333.51766780526
2021-10-06,21482.50699818169
2021-10-07,21577.09963715508
2021-10-08,21618.34647947229
2021-10-09,21646.31443364564
2021-10-10,21683.54088648212
2021-10-11,21742.95349525575
2021-10-12,21803.16142986377
2021-10-13,21856.14867434194
2021-10-14,21924.31641941247
2021-10-15,22038.76145264943
2021-10-16,22089.86991855519
2021-10-17,22119.27376644522
2021-10-18,22201.60391347742
2021-10-19,22367.5777947824
2021-10-20,22521.39700247278
2021-10-21,22612.75495549722
2021-10-22,22626.84036138015
2021-10-23,22646.97003631649
2021-10-24,22697.32866275312
2021-10-25,22795.46913239048
2021-10-26,22845.15800762179
2021-10-27,22835.45171544353
2021-10-28,22892.87554073735
2021-10-29,22947.85022251048
2021-10-30,22971.33861750033
2021-10-31,23015.48630888565
2021-11-01,23123.9728293073
2021-11-02,23266.30511077329
2021-11-03,23358.19449694521
2021-11-04,23369.51356629113
2021-11-05,23431.72996260893
2021-11-06,23459.70430103254
2021-11-07,23484.75915211383
2021-11-08,23620.57346886136
2021-11-09,23717.27387469105
2021-11-10,23791.19502128262
2021-11-11,23840.68038401537
2021-11-12,24151.20419048412
2021-11-13,24173.05415113371
2021-11-14,24191.70457554445
2021-11-15,24251.92723047133
2021-11-16,24290.75514466615
2021-11-17,24327.35036465686
2021-11-18,24295.60091324048
2021-11-19,24298.87693804388
2021-11-20,24310.40010623771
2021-11-21,24317.57447352678
2021-11-22,24304.71720811323
2021-11-23,24314.25774837749
2021-11-24,24328.89920266961
2021-11-25,24505.19737783842
2021-11-26,24460.4882963239
2021-11-27,24455.85936993741
2021-11-28,24470.13668883222
2021-11-29,24521.88608198195
2021-11-30,24540.10480892909
2021-12-01,24580.49672881285
2021-12-02,24579.87523777804
2021-12-03,24556.91248482027
2021-12-04,24450.75628088958
2021-12-05,24441.15037594309
2021-12-06,24412.48981290643
2021-12-07,24480.27181568264
2021-12-08,24470.8554951345
2021-12-09,24440.25487595975
2021-12-10,24428.27797507912
2021-12-11,24437.70791645533
2021-12-12,24441.82489070587
2021-12-13,24422.49426013244
2021-12-14,24436.0443004763
2021-12-15,24436.76794266126
2021-12-16,24441.49223594575
2021-12-17,24417.05445086471
2021-12-18,24414.97731556168
2021-12-19,24417.97590228914
2021-12-20,24399.74902228667
2021-12-21,24423.35331800932
2021-12-22,24433.55516944468
2021-12-23,24458.75694083186
2021-12-24,24480.08280856126
2021-12-25,24478.86751896063
2021-12-26,24484.27116286691
2021-12-27,24501.73602107174
2021-12-28,24480.46878660599
2021-12-29,24464.82634652029
2021-12-30,24465.25017693323
2021-12-31,24469.04305843934
2022-01-01,24474.42859415693
2022-01-02,24473.65363098509
2022-01-03,24464.03338509965
2022-01-04,24449.98530219661
2022-01-05,24439.12917329934
2022-01-06,24394.45167408263
2022-01-07,24349.12295399725
2022-01-08,24334.02536024806
2022-01-09,24329.75298523493
2022-01-10,24321.6166566754
2022-01-11,24310.89271544119
2022-01-12,24327.90385157964
2022-01-13,24318.17323136294
2022-01-14,24313.53334266659
2022-01-15,24316.44806609674
2022-01-16,24318.28901374357
2022-01-17,24297.45031140212
2022-01-18,24282.65757842812
2022-01-19,24249.88717922645
2022-01-20,24234.37391829898
2022-01-21,24101.47718918432
2022-01-22,24054.50487164801
2022-01-23,24046.02776003042
2022-01-24,24001.765879608
2022-01-25,23999.30545361878
2022-01-26,23990.02167661714
2022-01-27,23967.21664915307
2022-01-28,23933.62807957872
2022-01-29,23893.03160882615
2022-01-30,23867.45890076693
2022-01-31,23865.15788064683
2022-02-01,23991.52283236637
2022-02-02,23976.3502309788
2022-02-03,23960.78061501449
2022-02-04,23998.57770734134
2022-02-05,24014.60753146606
2022-02-06,24016.94117307363
2022-02-07,24059.31756238598
2022-02-08,24080.25752155293
2022-02-09,24092.81784600361
2022-02-10,24114.95697942287
2022-02-11,24122.05879722385
2022-02-12,24131.58730259932
2022-02-13,24133.36816638469
2022-02-14,24132.29159111971
2022-02-15,24163.42022652508
2022-02-16,24172.38087164505
2022-02-17,24152.48043945124
2022-02-18,24133.53021752959
2022-02-19,24130.47990960859
2022-02-20,24115.12040034465
2022-02-21,24095.53902120494
2022-02-22,24083.8393905378
2022-02-23,24090.99046228035
2022-02-24,24060.30579062916
2022-02-25,24059.63479217515
2022-02-26,24053.24296835322
2022-02-27,24047.88684555104
2022-02-28,24137.97538430804
2022-03-01,24170.09380919365
2022-03-02,24184.34699923537
2022-03-03,24198.17951321561
2022-03-04,24166.40611174654
2022-03-05,24164.51611999899
2022-03-06,24160.93125675894
2022-03-07,24149.14858867613
2022-03-08,24153.42665943363
2022-03-09,24173.87108167776
2022-03-10,24143.32561100723
2022-03-11,24163.78997386447
2022-03-12,24165.875053235
2022-03-13,24162.85004265873
2022-03-14,24164.78437585333
2022-03-15,24157.51914784889
2022-03-16,24182.79379636037
2022-03-17,24171.60019631307
2022-03-18,24184.73105400859
2022-03-19,24194.40677367384
2022-03-20,24196.01049916745
2022-03-21,24195.40498470625
2022-03-22,24222.40542097414
2022-03-23,24235.89901483951
2022-03-24,24261.47169759648
2022-03-25,24384.46407772274
2022-03-26,24391.4821100002
2022-03-27,24413.80654382222
2022-03-28,24495.03592275794
2022-03-29,24545.53004408482
2022-03-30,24564.65839272269
2022-03-31,24560.66880407297
2022-04-01,24582.27930523225
2022-04-02,24584.48670050255
2022-04-03,24593.67474170815
2022-04-04,24602.92941907527
2022-04-05,24610.9757607907
2022-04-06,24583.39207140702
2022-04-07,24572.84706820956
2022-04-08,24562.31192468322
2022-04-09,24560.77096412815
2022-04-10,24562.7383211232
2022-04-11,24522.75437251583
2022-04-12,24545.80883112573
2022-04-13,24554.13183994482
2022-04-14,24572.83245516153
2022-04-15,24575.08745239148
2022-04-16,24571.38310866202
2022-04-17,24569.72096098416
2022-04-18,24567.57948035352
2022-04-19,24575.3018013933
2022-04-20,24583.23873912682
2022-04-21,24635.70422335218
2022-04-22,24611.63283824367
2022-04-23,24608.30920913242
2022-04-24,24602.40311632868
2022-04-25,24594.78832071777
2022-04-26,24566.04202908194
2022-04-27,24564.951979737
2022-04-28,24564.63056967131
2022-04-29,24544.33086976904
2022-04-30,24536.24929016089
2022-05-01,24525.44921880739
2022-05-02,24490.00210780044
2022-05-03,24457.80314267487
2022-05-04,24476.01655731591
2022-05-05,24437.9193791502
2022-05-06,24412.80881493491
2022-05-07,24398.98064665244
2022-05-08,24375.608229184
2022-05-09,24240.38071313652
2022-05-10,24182.95765976163
2022-05-11,24059.03152412307
2022-05-12,23969.81115228096
2022-05-13,23932.8814173004
2022-05-14,23960.02919160032
2022-05-15,23960.02347936222
2022-05-16,23937.91336455675
2022-05-17,23917.64441391327
2022-05-18,23884.79797413008
2022-05-19,23857.94781818771
2022-05-20,23827.50430738679
2022-05-21,23821.8078401907
2022-05-22,23822.47866711612
2022-05-23,23800.07836901743
2022-05-24,23788.54647039348
2022-05-25,23781.67971003652
2022-05-26,23757.22775786574
2022-05-27,23712.83193035369
2022-05-28,23710.99162588151
2022-05-29,23711.21277557987
2022-05-30,23720.2401706897
2022-05-31,23741.52981446308
2022-06-01,23709.16047883795
2022-06-02,23654.07582525714
2022-06-03,23631.36871584707
2022-06-04,23609.68108254185
2022-06-05,23604.08191458276
2022-06-06,23594.23996322019
2022-06-07,23556.60221222532
2022-06-08,23546.67121989386
2022-06-09,23516.10417403266
2022-06-10,23495.78851518841
2022-06-11,23468.73843630407
2022-06-12,23445.30290889231
2022-06-13,23209.93705775046
2022-06-14,23039.39599474638
2022-06-15,22915.76717539297
2022-06-16,22826.30625629635
2022-06-17,22752.3103934402
2022-06-18,22643.41151609792
2022-06-19,22632.37183621178
2022-06-20,22612.10447100107
2022-06-21,22576.28898363375
2022-06-22,22531.72341478402
2022-06-23,22519.52706067231
2022-06-24,22497.59027591093
2022-06-25,22503.24028297287
2022-06-26,22499.43418587783
2022-06-27,22468.74441664705
2022-06-28,22447.92031578755
2022-06-29,22422.61494823425
2022-06-30,22342.93694389279
2022-07-01,22306.01633525284
2022-07-02,22293.13339525388
2022-07-03,22278.38720531524
2022-07-04,22276.88717998737
2022-07-05,22266.03174217463
2022-07-06,22221.50372141927
2022-07-07,22218.20964980185
2022-07-08,22208.72233492239
2022-07-09,22176.98701661145
2022-07-10,22170.54343284768
2022-07-11,22097.31555035428
2022-07-12,22080.74222594496
2022-07-13,22074.56383625915
2022-07-14,22053.47565687544
2022-07-15,21971.00478361018
2022-07-16,21970.98869782462
2022-07-17,21967.87122663244
2022-07-18,21971.03570155508
2022-07-19,21938.50018925787
2022-07-20,21952.61516619462
2022-07-21,21911.76849810445
2022-07-22,21878.48107450005
2022-07-23,21863.61663494834
2022-07-24,21857.75759784279
2022-07-25,21831.26238072373
2022-07-26,21810.46077518504
2022-07-27,21816.47820784719
2022-07-28,21830.13921478885
2022-07-29,21830.66750018585
2022-07-30,21831.91539458794
2022-07-31,21826.15324941916
2022-08-01,21823.58621273407
2022-08-02,21814.54344904317
2022-08-03,21813.06067570384
2022-08-04,21793.41014384742
2022-08-05,21793.35792810606
2022-08-06,21792.77828221657
2022-08-07,21792.8147634443
2022-08-08,21797.0186081645
2022-08-09,21767.11022084495
2022-08-10,21782.69102205505
2022-08-11,21781.86486685888
2022-08-12,21785.06516436784
2022-08-13,21786.07714340003
2022-08-14,21784.04391550637
2022-08-15,21776.96737859849
2022-08-16,21775.36156151565
2022-08-17,21764.00953868193
2022-08-18,21759.75878672184
2022-08-19,21719.87210132425
2022-08-20,21713.69348461087
2022-08-21,21711.04716993812
2022-08-22,21696.66621158093
2022-08-23,21689.36652895271
2022-08-24,21682.10622510068
2022-08-25,21672.61084643206
2022-08-26,21659.03049141007
2022-08-27,21642.71780741097
2022-08-28,21641.10496666919
2022-08-29,21639.27223611372
2022-08-30,21612.76826223626
2022-08-31,21603.5189537612
2022-09-01,21587.3868062
2022-09-02,21572.32906366646
2022-09-03,21568.21588265072
2022-09-04,21569.8602078664
2022-09-05,21564.43933891606
2022-09-06,21536.28499118927
2022-09-07,21522.69016535398
2022-09-08,21510.80025578048
2022-09-09,21522.2668934866
2022-09-10,21523.01548334121
2022-09-11,21519.80579130122
2022-09-12,21523.3480715351
2022-09-13,21465.27044190646
2022-09-14,21440.10468458499
2022-09-15,21413.64003664033
2022-09-16,21405.54461185254
2022-09-17,21401.20451186953
2022-09-18,21395.15923257839
2022-09-19,21374.79988206245
2022-09-20,21359.2412432343
2022-09-21,21344.50479557108
2022-09-22,21338.69595837428
2022-09-23,21330.82310602744
2022-09-24,21328.25817779999
2022-09-25,21323.0740017507
2022-09-26,21319.41150395036
2022-09-27,21308.29841332459
2022-09-28,21291.11131449507
2022-09-29,21282.33536537055
2022-09-30,21269.31754193515
2022-10-01,21265.46557928222
2022-10-02,21261.5621344143
2022-10-03,21256.97056827245
2022-10-04,21254.27728599042
2022-10-05,21248.68935190685
2022-10-06,21243.16658350867
2022-10-07,21237.85762639714
2022-10-08,21224.01744770287
2022-10-09,21222.08918040432
2022-10-10,21212.18851472667
2022-10-11,21203.89096430085
2022-10-12,21179.59542568041
2022-10-13,21172.54544230521
2022-10-14,21167.76686984181
2022-10-15,21164.43238794658
2022-10-16,21161.04920275642
2022-10-17,21142.17600735681
2022-10-18,21154.64930334113
2022-10-19,21143.2071204639
2022-10-20,21136.45257591683
2022-10-21,21130.85678220528
2022-10-22,21117.39400993259
2022-10-23,21115.61878417568
2022-10-24,21111.99855992156
2022-10-25,21117.64923302339
2022-10-26,21127.06248425802
2022-10-27,21128.04136764413
2022-10-28,21124.72473921785
2022-10-29,21125.27462478613
2022-10-30,21120.76149638651
2022-10-31,21115.12480343031
2022-11-01,21109.30327517247
2022-11-02,21104.38969125544
2022-11-03,21100.54656516175
2022-11-04,21126.55131406631
2022-11-05,21127.23451936734
2022-11-06,21118.06556992258
2022-11-07,21062.35272874295
2022-11-08,21025.30413255049
2022-11-09,20922.53623767462
2022-11-10,20881.876350487
2022-11-11,20845.92614212232
2022-11-12,20795.31017720064
2022-11-13,20781.0978318513
2022-11-14,20746.40086082124
2022-11-15,20709.06868799282
2022-11-16,20661.73689937299
2022-11-17,20576.34691172159
2022-11-18,20352.40513887465
2022-11-19,20340.41580706924
2022-11-20,20326.2099007836
2022-11-21,20290.08513206301
2022-11-22,20261.75508716846
2022-11-23,20271.35285372123
2022-11-24,20259.14640527376
2022-11-25,20246.18344481906
2022-11-26,20233.61172452154
2022-11-27,20228.59292970822
2022-11-28,20201.297723948
2022-11-29,20192.69483237584
2022-11-30,20181.96069865352
2022-12-01,20173.52927552309
2022-12-02,20159.86698780553
2022-12-03,20154.81385690085
2022-12-04,20144.179748101
2022-12-05,20086.76632218746
2022-12-06,20068.57899541232
2022-12-07,20064.10850264677
2022-12-08,20054.42354863559
2022-12-09,20037.34818674874
2022-12-10,20036.76754710202
2022-12-11,20030.04171387025
2022-12-12,20025.06556293086
2022-12-13,20014.17228565339
2022-12-14,19998.94439409231
2022-12-15,19992.34882973331
2022-12-16,19981.98768564304
2022-12-17,19973.76750812628
2022-12-18,19969.8736745392
2022-12-19,19941.37654393877
2022-12-20,19936.22755557881
2022-12-21,19921.57838552459
2022-12-22,19914.06987698429
2022-12-23,19905.58210355524
2022-12-24,19901.42745572682
2022-12-25,19890.46347946349
2022-12-26,19887.77532085391
2022-12-27,19877.64942093558
2022-12-28,19849.85249112808
2022-12-29,19830.05284593771
2022-12-30,19821.98675879587
2022-12-31,19780.10941863174
2023-01-01,19776.61267080078
2023-01-02,19774.84543266855
2023-01-03,19765.94964823514
2023-01-04,19754.88810509357
2023-01-05,19747.71102433812
2023-01-06,19735.91473626282
2023-01-07,19731.08389496552
2023-01-08,19729.03131092848
2023-01-09,19727.70645332597
2023-01-10,19717.12458105857
2023-01-11,19701.2309871195
2023-01-12,19709.44922188555
2023-01-13,19721.80702557945
2023-01-14,19734.18132273324
2023-01-15,19737.69424970058
2023-01-16,19746.66246703543
2023-01-17,19759.04992732243
2023-01-18,19758.34314793938
2023-01-19,19752.48770612016
2023-01-20,19762.92004251027
2023-01-21,19775.79397380732
2023-01-22,19782.89778981102
2023-01-23,19787.99253027513
2023-01-24,19793.9724918484
2023-01-25,19800.03202747694
2023-01-26,19790.40810412966
2023-01-27,19777.77352901687
2023-01-28,19780.99567108008
2023-01-29,19787.30494612149
2023-01-30,19791.60124294783
2023-01-31,19797.84246562895
2023-02-01,19818.06013335742
2023-02-02,19826.1714133829
2023-02-03,19831.39652851895
2023-02-04,19838.8384691384
2023-02-05,19839.20171682502
2023-02-06,19841.12701617257
2023-02-07,19843.61647808484
2023-02-08,19846.78024622296
2023-02-09,19845.62626297591
2023-02-10,19837.63234361175
2023-02-11,19836.43046300199
2023-02-12,19835.40750611577
2023-02-13,19831.68116093306
2023-02-14,19831.61971386958
2023-02-15,19841.61806123038
2023-02-16,19859.01376040847
2023-02-17,19864.07132199607
2023-02-18,19868.34611424043
2023-02-19,19871.57597902531
2023-02-20,19877.11130693298
2023-02-21,19880.67450237114
2023-02-22,19875.53669629963
2023-02-23,19880.31476428881
2023-02-24,19877.83949735095
2023-02-25,19873.68060630771
2023-02-26,19875.1053995198
2023-02-27,19878.62480974563
2023-02-28,19859.91070279726
2023-03-01,19851.62961564476
2023-03-02,19848.96948144371
2023-03-03,19840.52120339013
2023-03-04,19839.26794969683
2023-03-05,19827.50409237426
2023-03-06,19822.98322383922
2023-03-07,19755.31334632182
2023-03-08,19749.67367572458
2023-03-09,19736.95647458869
2023-03-10,19717.42585330794
2023-03-11,19713.77163994728
2023-03-12,19714.49846341358
2023-03-13,19742.69764610298
2023-03-14,19774.20914994096
2023-03-15,19785.10055308737
2023-03-16,19796.3735942475
2023-03-17,19844.02663100219
2023-03-18,19857.57888990978
2023-03-19,19869.4852171472
2023-03-20,19889.88968953112
2023-03-21,19909.86583764086
2023-03-22,19923.33889900713
2023-03-23,19951.44339719792
2023-03-24,19960.57259861321
2023-03-25,19962.56952112801
2023-03-26,19970.71123295307
2023-03-27,19998.84539245404
2023-03-28,20004.27129441583
2023-03-29,20021.22691381412
2023-03-30,19720.21415405612
2023-03-31,19738.10812952071
2023-04-01,19747.12100373364
2023-04-02,19750.17490428114
2023-04-03,19756.02548662303
2023-04-04,19763.16234297382
2023-04-05,19780.38634132824
2023-04-06,19782.21273560483
2023-04-07,19777.89224064477
2023-04-08,19780.38514363614
2023-04-09,19782.55339478282
2023-04-10,19796.32130993245
2023-04-11,19832.99112010514
2023-04-12,19838.60067017837
2023-04-13,19856.13738215616
2023-04-14,19878.14616287792
2023-04-15,19881.7383001228
2023-04-16,19885.57719220613
2023-04-17,19886.58717489659
2023-04-18,19901.45528176605
2023-04-19,19914.25815970113
2023-04-20,19913.23745273415
2023-04-21,19915.45768566474
2023-04-22,19914.83183420349
2023-04-23,19919.24411203061
2023-04-24,19916.99758484852
2023-04-25,19917.08283074819
2023-04-26,19933.62479585429
2023-04-27,19940.29015898618
2023-04-28,19950.49348489224
2023-04-29,19958.60938332659
2023-04-30,19960.83811387441
2023-05-01,19957.12156044731
2023-05-02,19960.60784134271
2023-05-03,19991.58768558052
2023-05-04,19995.36674238439
2023-05-05,20002.30735778203
2023-05-06,20003.85765881904
2023-05-07,20107.16219311295
2023-05-08,20114.28259917323
2023-05-09,20110.69721357711
2023-05-10,20109.4580720699
2023-05-11,20105.04973496643
2023-05-12,20102.87371717268
2023-05-13,20102.81079264604
2023-05-14,20104.88940562701
2023-05-15,20128.11734678553
2023-05-16,20134.49065755241
2023-05-17,20135.06589741235
2023-05-18,20133.46990187321
2023-05-19,20129.79851397118
2023-05-20,20131.26794727832
2023-05-21,20132.02894343011
2023-05-22,20159.34526509174
2023-05-23,20163.92315441938
2023-05-24,20160.2192837392
2023-05-25,20171.45858855353
2023-05-26,20172.26869685605
2023-05-27,20172.66703420479
2023-05-28,20178.70610956297
2023-05-29,20185.28592286312
2023-05-30,20194.26326976066
2023-05-31,20193.99312797205
2023-06-01,20197.62662277635
2023-06-02,20201.22635827228
2023-06-03,20201.0522565896
2023-06-04,20201.44101928837
2023-06-05,20195.19597227716
2023-06-06,20197.03087884759
2023-06-07,20198.23533081702
2023-06-08,20198.89738387379
2023-06-09,20199.75738312407
2023-06-10,20192.90464753599
2023-06-11,20192.1997345377
2023-06-12,20188.73281306586
2023-06-13,20188.07809664944
2023-06-14,20188.56151088266
2023-06-15,20180.01796094841
2023-06-16,20181.90653349142
2023-06-17,20183.15358417995
2023-06-18,20189.81901242597
2023-06-19,20177.13948283064
2023-06-20,20178.80722135898
2023-06-21,20206.89824419829
2023-06-22,20228.24747931732
2023-06-23,20249.26256612487
2023-06-24,20261.85100080624
2023-06-25,20269.26557577816
2023-06-26,20281.23489569069
2023-06-27,20303.15328864042
2023-06-28,20322.07790935699
2023-06-29,20323.34134319926
2023-06-30,20341.02538753075
2023-07-01,20368.96820317446
2023-07-02,20374.45308107784
2023-07-03,20384.53596107749
2023-07-04,20391.81234231844
2023-07-05,20395.96518353904
2023-07-06,20375.00556977406
2023-07-07,20378.25152827421
2023-07-08,20380.95816256816
2023-07-09,20383.90783697327
2023-07-10,20390.56370039024
2023-07-11,20401.64801033868
2023-07-12,20409.29234845496
2023-07-13,20412.66184024717
2023-07-14,20419.15846680685
2023-07-15,20419.36078178739
2023-07-16,20421.17271193503
2023-07-17,20416.29006904484
2023-07-18,20424.80548168796
2023-07-19,20435.40186029412
2023-07-20,20439.38019141573
2023-07-21,20431.37416332734
2023-07-22,20434.23456524446
2023-07-23,20437.45060106707
2023-07-24,20434.82882061481
2023-07-25,20434.16044639029
2023-07-26,20434.39318609617
2023-07-27,20415.45832971568
2023-07-28,20344.74337994653
2023-07-29,20345.90114411079
2023-07-30,20346.414619283
2023-07-31,20344.33690035937
2023-08-01,20344.25478097402
2023-08-02,20339.42548000326
2023-08-03,20340.16427831839
2023-08-04,20341.83698510405
2023-08-05,20342.22067036817
2023-08-06,20343.86740901915
2023-08-07,20343.608273304
2023-08-08,20345.59369980696
2023-08-09,20351.09589891453
2023-08-10,20351.88162707372
2023-08-11,20355.4841391819
2023-08-12,20358.88073905599
2023-08-13,20361.53442717436
2023-08-14,20364.2850442965
2023-08-15,20366.05479345301
2023-08-16,20365.55864073391
2023-08-17,20357.36308934082
2023-08-18,20339.02712887552
2023-08-19,20335.62129763832
2023-08-20,20334.59201089014
2023-08-21,20325.37723006208
2023-08-22,20317.5884507807
2023-08-23,20313.22370459723
2023-08-24,20304.54222196884
2023-08-25,20296.59143677801
2023-08-26,20294.65507472877
2023-08-27,20296.6262215161
2023-08-28,20292.77207777561
2023-08-29,20282.46977323812
2023-08-30,20285.21655421361
2023-08-31,20281.44541645265
2023-09-01,20273.27590127239
2023-09-02,20271.83094302531
2023-09-03,20270.08975604481
2023-09-04,20267.96801144758
2023-09-05,20262.57431508439
2023-09-06,20258.46536343942
2023-09-07,20255.93196814831
2023-09-08,20254.50955330312
2023-09-09,20252.24848491086
2023-09-10,20251.58668261856
2023-09-11,20244.67190978591
2023-09-12,20242.8554298024
2023-09-13,20242.9325596332
2023-09-14,20249.45495037493
2023-09-15,20251.84581574587
2023-09-16,20252.61038529117
2023-09-17,20253.34220776153
2023-09-18,20260.73036676766
2023-09-19,20275.69178760853
2023-09-20,20274.69796185395
2023-09-21,20272.96575036215
2023-09-22,20272.33396604287
2023-09-23,20272.30753089482
2023-09-24,20272.31600621649
2023-09-25,20270.59656834685
2023-09-26,20269.49692745817
2023-09-27,20267.7186096767
2023-09-28,20269.30312352384
2023-09-29,20273.28811361588
2023-09-30,20275.94110836356
2023-10-01,20278.17615916136
2023-10-02,20284.11412845209
2023-10-03,20285.95099115923
2023-10-04,20292.05393633707
2023-10-05,20291.09287020055
2023-10-06,20297.46558696523
2023-10-07,20303.48747607253
2023-10-08,20304.97823986393
2023-10-09,20310.69531714885
2023-10-10,20311.04016841115
2023-10-11,20309.42951651726
2023-10-12,20305.78425234176
2023-10-13,20304.71039135084
2023-10-14,20314.417804321
2023-10-15,20315.60178016989
2023-10-16,20325.04167559875
2023-10-17,20331.27411189388
2023-10-18,20337.93974541442
2023-10-19,20330.88465792902
2023-10-20,20346.03061743531
2023-10-21,20351.92009094256
2023-10-22,20356.22476116137
2023-10-23,20389.78428771643
2023-10-24,20460.0033048284
2023-10-25,20490.8531655695
2023-10-26,20526.42405206647
2023-10-27,20541.23107944195
2023-10-28,20552.83786374149
2023-10-29,20562.43838767048
2023-10-30,20580.49996762944
2023-10-31,20596.05720375658
2023-11-01,20633.37017117441
2023-11-02,20654.17838664903
2023-11-03,20671.29912434026
2023-11-04,20680.20849531382
2023-11-05,20687.23947924601
2023-11-06,20701.12752997545
2023-11-07,20717.88297241606
2023-11-08,20736.47577356585
2023-11-09,20791.40168528317
2023-11-10,20819.68397682941
2023-11-11,20830.03405457326
2023-11-12,20837.372215254
2023-11-13,20849.47662509161
2023-11-14,20856.74933958491
2023-11-15,20877.33566694856
2023-11-16,20895.0449221026
2023-11-17,20905.80677680144
2023-11-18,20911.88890633698
2023-11-19,20919.89299400854
2023-11-20,20941.88565899601
2023-11-21,20968.88789190324
2023-11-22,20985.86275724608
2023-11-23,20997.22775683822
2023-11-24,21011.62922089958
2023-11-25,21019.16433467637
2023-11-26,21026.64912106326
2023-11-27,21031.61315857126
2023-11-28,21047.68192463149
2023-11-29,21065.61782752455
2023-11-30,21078.32824880307
2023-12-01,21109.15756343424
2023-12-02,21122.79638279837
2023-12-03,21138.30325217814
2023-12-04,21204.22038813031
2023-12-05,21252.73015552552
2023-12-06,21325.6105842573
2023-12-07,21363.17386954432
2023-12-08,21393.24227809251
2023-12-09,21414.29626564505
2023-12-10,21425.25340209367
2023-12-11,21442.14908693077
2023-12-12,21484.7481224255
2023-12-13,21502.04438762089
2023-12-14,21525.29431499611
2023-12-15,21557.77557139285
2023-12-16,21573.8905228947
2023-12-17,21578.38196474817
2023-12-18,21603.50509831617
2023-12-19,21631.88804987984
2023-12-20,21667.27110086836
2023-12-21,21690.1538080886
2023-12-22,21716.31994881048
2023-12-23,21730.46275038349
2023-12-24,21757.70430929457
2023-12-25,21766.62836984468
2023-12-26,21796.4095623133
2023-12-27,21864.46330569125
2023-12-28,21880.54720535333
2023-12-29,21909.77082115587
2023-12-30,21922.042846331
2023-12-31,21935.32200939736
2024-01-01,21946.79199395636
2024-01-02,21993.04987387731
2024-01-03,22017.68118295496
2024-01-04,22193.87648149434
2024-01-05,22223.40741986351
2024-01-06,22233.77806285399
2024-01-07,22243.54147225165
2024-01-08,22276.69765884521
2024-01-09,22327.70081243232
2024-01-10,22357.8959067386
2024-01-11,22400.06126347604
2024-01-12,22401.42070368398
2024-01-13,22403.25058297179
2024-01-14,22407.49887804622
2024-01-15,22413.50201461466
2024-01-16,22519.62482329053
2024-01-17,22529.49792997486
2024-01-18,22573.16434725942
2024-01-19,22585.33219430625
2024-01-20,22588.5359195693
2024-01-21,22591.8569298798
2024-01-22,22591.70404688949
2024-01-23,22596.68281616217
2024-01-24,22641.02839272995
2024-01-25,22658.54494601769
2024-01-26,22675.61813037095
2024-01-27,22685.6890546614
2024-01-28,22693.00042443129
2024-01-29,22711.88890809355
2024-01-30,22768.28558047978
2024-01-31,22803.68294223302
2024-02-01,22810.04843074065
2024-02-02,22824.50746613476
2024-02-03,22828.95877150115
2024-02-04,22834.66496607557
2024-02-05,22847.50686832731
2024-02-06,22878.02126992184
2024-02-07,22896.64031032701
2024-02-08,22928.53480832695
2024-02-09,22972.28376710555
2024-02-10,22991.64819767644
2024-02-11,23013.94349805078
2024-02-12,23069.13493747654
2024-02-13,23107.50075850142
2024-02-14,23232.52366385813
2024-02-15,23281.57574921524
2024-02-16,23319.8046937938
2024-02-17,23336.35811809965
2024-02-18,23357.32363816456
2024-02-19,23433.84265957143
2024-02-20,23458.6004430926
2024-02-21,23490.45380684818
2024-02-22,23536.9077584852
2024-02-23,23581.55240443023
2024-02-24,23596.23504204564
2024-02-25,23610.30849757132
2024-02-26,23666.64411586513
2024-02-27,23793.82185853899
2024-02-28,24128.55253128432
2024-02-29,24263.92310340448
2024-03-01,24426.47660019376
2024-03-02,24450.7305193147
2024-03-03,24485.35718022005
2024-03-04,24661.57453444775
2024-03-05,24863.5310654624
2024-03-06,25261.49500233559
2024-03-07,25449.88968124636
2024-03-08,25606.12353597618
2024-03-09,25660.16504496336
2024-03-10,25719.70004295401
2024-03-11,25953.04629179586
2024-03-12,26089.52968227293
2024-03-13,26567.4261845256
2024-03-14,26679.94970447157
2024-03-15,26725.63892696632
2024-03-16,26746.22244039421
2024-03-17,26816.97074381997
2024-03-18,26868.41956973182
2024-03-19,26859.68652529355
2024-03-20,26891.97192166623
2024-03-21,26959.51432187626
2024-03-22,27023.67817533536
2024-03-23,27297.74696546613
2024-03-24,27324.14197333993
2024-03-25,27598.59426169712
2024-03-26,27650.8486323843
2024-03-27,27692.45371515261
2024-03-28,27811.49464413874
2024-03-29,27841.69437938632
2024-03-30,27863.49266541405
2024-03-31,27886.90770216335
2024-04-01,28024.87319012286
2024-04-02,28105.37860180681
2024-04-03,28146.81149946
2024-04-04,28177.70884219257
2024-04-05,28197.04471627972
2024-04-06,28227.9171848194
2024-04-07,28249.55116345543
2024-04-08,28316.77117955005
2024-04-09,28348.2505539301
2024-04-10,28373.00736142247
2024-04-11,28403.65281906056
2024-04-12,28434.04479823307
2024-04-13,28426.82102397974
2024-04-14,28431.77910820819
2024-04-15,28445.77826194892
2024-04-16,28470.45886189001
2024-04-17,28465.89726788139
2024-04-18,28495.77286171186
2024-04-19,28533.63691302122
2024-04-20,28541.58756762013
2024-04-21,28552.69273787108
2024-04-22,28582.87384104458
2024-04-23,28599.36798150605
2024-04-24,28739.94654806478
2024-04-25,28750.68028233909
2024-04-26,28755.96311630959
2024-04-27,28769.85640181303
2024-04-28,28798.76610216721
2024-04-29,28815.01253031899
2024-04-30,28826.11713875688
2024-05-01,28790.71980816365
2024-05-02,28787.67210944023
2024-05-03,28804.68113407264
2024-05-04,28821.26361268747
2024-05-05,28830.34591861196
2024-05-06,28855.24785682704
2024-05-07,28867.71053234742
2024-05-08,28889.39613004736
2024-05-09,28901.58664084775
2024-05-10,28903.27128751856
2024-05-11,28911.4421537107
2024-05-12,28924.00163722409
2024-05-13,28945.98399249575
2024-05-14,28961.17163459473
2024-05-15,29049.33676807126
2024-05-16,29089.11097457662
2024-05-17,29123.88224406934
2024-05-18,29135.99879689295
2024-05-19,29152.96041761884
2024-05-20,29203.4133758674
2024-05-21,29281.47836688599
2024-05-22,29322.98946102774
2024-05-23,29355.81953349095
2024-05-24,29379.2325570298
2024-05-25,29392.64811914914
2024-05-26,29414.40840549086
2024-05-27,29453.48808057983
2024-05-28,29961.34808030562
2024-05-29,29976.32696367394
2024-05-30,30000.14554581924
2024-05-31,30017.15765387052
2024-06-01,30027.07749127734
2024-06-02,30039.75779574834
2024-06-03,30098.90989001118
2024-06-04,30141.57452859864
2024-06-05,30191.77473124157
2024-06-06,30276.41195246374
2024-06-07,30313.1431761134
2024-06-08,30325.97056481036
2024-06-09,30337.77955720982
2024-06-10,30357.53637277553
2024-06-11,30419.30014292017
2024-06-12,30450.33249553868
2024-06-13,30458.19089254634
2024-06-14,30467.15278951824
2024-06-15,30480.68074193207
2024-06-16,30487.70944583415
2024-06-17,30499.623584845
2024-06-18,30497.7855413932
2024-06-19,30514.49894927844
2024-06-20,30521.51298469554
2024-06-21,30540.86195748518
2024-06-22,30630.68560522212
2024-06-23,30632.14424877039
2024-06-24,30611.12050294361
2024-06-25,30610.16047619756
2024-06-26,30611.9875840219
2024-06-27,30667.47371637557
2024-06-28,30673.09404218654
2024-06-29,30676.64118781319
2024-06-30,30684.94032244437
2024-07-01,30710.69832674316
2024-07-02,30710.15792421395
2024-07-03,30735.69430774902
2024-07-04,30742.3385049082
2024-07-05,30737.2016492746
2024-07-06,30740.17455170223
2024-07-07,30743.94111965287
2024-07-08,30719.11697509685
2024-07-09,30741.56551384055
2024-07-10,30757.78750832883
2024-07-11,30757.79454800436
2024-07-12,30763.54643986379
2024-07-13,30774.8501059132
2024-07-14,30790.59622044674
2024-07-15,30847.06674002845
2024-07-16,30884.3431458695
2024-07-17,30916.04852988549
2024-07-18,30946.36741894496
2024-07-19,31018.38171604851
2024-07-20,31041.18915522728
2024-07-21,31058.33825694201
2024-07-22,31093.07052138602
2024-07-23,31190.78019211073
2024-07-24,31209.8586473188
2024-07-25,31215.61602682288
2024-07-26,31258.44922670936
2024-07-27,31287.78873965115
2024-07-28,31297.23524546218
2024-07-29,31344.95110307606
2024-07-30,31358.44528034789
2024-07-31,31365.88456989513
2024-08-01,31379.7794546367
2024-08-02,31376.3306690965
2024-08-03,31376.46177192305
2024-08-04,31368.64943444166
2024-08-05,31279.33680541325
2024-08-06,31260.6277331075
2024-08-07,31269.43831287871
2024-08-08,31296.72119007692
2024-08-09,31325.48210896783
2024-08-10,31367.84669577819
2024-08-11,31366.99656777595
2024-08-12,31372.28241741357
2024-08-13,31365.38118498567
2024-08-14,31361.20518098207
2024-08-15,31353.7904150478
2024-08-16,31354.84639250865
2024-08-17,31356.46214732439
2024-08-18,31360.90878703243
2024-08-19,31359.76176246402
2024-08-20,31360.28016033133
2024-08-21,31370.53656967034
2024-08-22,31385.71727148908
2024-08-23,31420.03347617419
2024-08-24,31447.1777467115
2024-08-25,31453.81527527783
2024-08-26,31469.23714914114
2024-08-27,31449.10660950612
2024-08-28,31432.04050673069
2024-08-29,31477.87673120104
2024-08-30,31478.85168058943
2024-08-31,31485.83244047394
2024-09-01,31480.06171166537
2024-09-02,31476.65601506769
2024-09-03,31467.51128182486
2024-09-04,31468.72662043327
2024-09-05,31458.21357857485
2024-09-06,31441.2471498613
2024-09-07,31435.74429325383
2024-09-08,31432.54716980267
2024-09-09,31454.67332224836
2024-09-10,31452.62938063902
2024-09-11,31449.21696315626
2024-09-12,31460.98557112972
2024-09-13,31499.6350403617
2024-09-14,31508.75108272912
2024-09-15,31514.16453654027
2024-09-16,31516.9733507003
2024-09-17,31540.20268500332
2024-09-18,31562.76163112605
2024-09-19,31606.37145942939
2024-09-20,31656.97790212484
2024-09-21,31672.5039475313
2024-09-22,31680.42781596856
2024-09-23,31720.57032207469
2024-09-24,31742.76162205106
2024-09-25,31784.05100410297
2024-09-26,31822.14374637687
2024-09-27,31856.73787259713
2024-09-28,31883.29977347956
2024-09-29,31892.07913647524
2024-09-30,31896.93069881587
2024-10-01,31896.41509163237
2024-10-02,31887.41137569921
2024-10-03,31881.84412665528
2024-10-04,31900.59594080479
2024-10-05,31907.11490000169
2024-10-06,31915.59734948331
2024-10-07,31934.80999509051
2024-10-08,32202.90371341077
2024-10-09,32211.86795789446
2024-10-10,32197.69277278674
2024-10-11,32281.72666951561
2024-10-12,32307.73474440881
2024-10-13,32317.4874686139
2024-10-14,32355.60824430084
2024-10-15,32432.73175966375
2024-10-16,32480.84645541768
2024-10-17,32512.79858180439
2024-10-18,32550.97091517145
2024-10-19,32574.19970782281
2024-10-20,32650.82899040158
2024-10-21,32738.01794960725
2024-10-22,32761.84239204828
2024-10-23,32776.49895302461
2024-10-24,32800.63251962284
2024-10-25,32823.97971611284
2024-10-26,32833.59633825375
2024-10-27,32844.38292563345
2024-10-28,32883.37978700416
2024-10-29,32980.97375755585
2024-10-30,33029.0266928389
2024-10-31,33058.76689741117
2024-11-01,33087.01971300655
2024-11-02,33100.32856833969
2024-11-03,33107.60605537998
2024-11-04,33137.37303670924
2024-11-05,33164.50255528265
2024-11-06,33347.40522642057
2024-11-07,33430.38778425863
2024-11-08,33513.65393953516
2024-11-09,33538.33188758203
2024-11-10,33627.53930909983
2024-11-11,33846.66958853589
2024-11-12,34103.12378786921
2024-11-13,34345.96552673515
2024-11-14,34586.76341140464
2024-11-15,34752.55185730068
2024-11-16,34810.94759183987
2024-11-17,34846.64037822171
2024-11-18,34963.21999982942
2024-11-19,35200.78990003907
2024-11-20,35405.24024335393
2024-11-21,35941.52197566528
2024-11-22,36208.35728384112
2024-11-23,36360.70355889153
2024-11-24,36434.36062044666
2024-11-25,36567.38943821991
2024-11-26,36659.4703504951
2024-11-27,36777.11906907013
2024-11-28,36869.2967743265
2024-11-29,36977.53569550199
2024-11-30,37012.00383454905
2024-12-01,37051.12785948598
2024-12-02,37169.75002092619
2024-12-03,37289.59096726205
2024-12-04,37435.90560944643
2024-12-05,37886.06822707994
2024-12-06,38176.66723684429
2024-12-07,38220.68820568779
2024-12-08,38258.93631192463
2024-12-09,38554.01223118328
2024-12-10,38695.67312410711
2024-12-11,38846.44643513828
2024-12-12,38928.29431593308
2024-12-13,39021.29316271104
2024-12-14,39065.27984433946
2024-12-15,39136.34424653026
2024-12-16,39334.82210280202
2024-12-17,39570.496442476
2024-12-18,39694.99734378683
2024-12-19,39947.2565150081
2024-12-20,40054.67896081014
2024-12-21,40079.76050816521
2024-12-22,40103.16571471778
2024-12-23,40426.18580925639
2024-12-24,40555.10163136635
2024-12-25,40582.64448279342
2024-12-26,40627.14806624191
2024-12-27,40697.07760196599
2024-12-28,40715.97780348801
2024-12-29,40769.20633347508
2024-12-30,40891.0354392183
2024-12-31,40985.976354368
2025-01-01,41049.04881543288
2025-01-02,41109.174255018
2025-01-03,41148.03318661386
2025-01-04,41174.03791843008
2025-01-05,41192.01875930104
2025-01-06,41265.44565621563
2025-01-07,41366.8054024831
2025-01-08,41378.92686883996
2025-01-09,41377.1438649454
2025-01-10,41405.70270914451
2025-01-11,41420.28995979583
2025-01-12,41435.07636307723
2025-01-13,41445.81199180539
2025-01-14,41492.23670180963
2025-01-15,41576.57418565996
2025-01-16,41682.42254128175
2025-01-17,41796.86492362135
2025-01-18,41857.10334919974
2025-01-19,41905.26798950025
2025-01-20,41999.5537084993
2025-01-21,42101.0301034042
2025-01-22,42216.1111266621
2025-01-23,42449.75024355474
2025-01-24,42508.50738325227
2025-01-25,42533.97452556349
2025-01-26,42553.1652204178
2025-01-27,42595.15126121514
2025-01-28,42645.24179182026
2025-01-29,42673.20291950891
2025-01-30,42737.76729815073
2025-01-31,42778.03728627953
2025-02-01,42791.40987005994
2025-02-02,42793.50905898209
2025-02-03,42823.88248925963
2025-02-04,42933.09084739115
2025-02-05,43016.50069203386
2025-02-06,43075.55484648754
2025-02-07,43096.8504893932
2025-02-08,43108.82593139917
2025-02-09,43181.62551643934
2025-02-10,43203.66418332492
2025-02-11,43245.23921587268
2025-02-12,43262.04744303318
2025-02-13,43273.35706275598
2025-02-14,43298.46172872672
2025-02-15,43318.77443238413
2025-02-16,43325.17069323905
2025-02-17,43332.17717487511
2025-02-18,43346.54922655878
2025-02-19,43361.1596636961
2025-02-20,43388.62735410474
2025-02-21,43413.59485566416
2025-02-22,43439.98371469749
2025-02-23,43449.62277617906
2025-02-24,43464.1258015038
2025-02-25,43453.00009477281
2025-02-26,43426.09103531364
2025-02-27,43432.64729800095
2025-02-28,43400.02841390191
2025-03-01,43400.71810283507
2025-03-02,43436.69270674896
2025-03-03,43467.02672796429
2025-03-04,43442.00670746404
2025-03-05,43468.992305845
2025-03-06,43530.9806624452
2025-03-07,43536.21616787165
2025-03-08,43535.61724537447
2025-03-09,43531.16855309255
2025-03-10,43522.23881399083
2025-03-11,43527.95207667065
2025-03-12,43547.89567064738
2025-03-13,43546.69700195608
2025-03-14,43567.44410006458
2025-03-15,43573.54498775883
2025-03-16,43578.21385158978
2025-03-17,43576.85956283645
2025-03-18,43578.2193562973
2025-03-19,43600.29671834239
2025-03-20,43626.6098851787
2025-03-21,43622.37777886596
2025-03-22,43638.0908246096
2025-03-23,43644.54061419926
2025-03-24,43672.95648516066
2025-03-25,43683.83273696148
2025-03-26,43699.16945529862
2025-03-27,43710.05818237524
2025-03-28,43755.21139728309
2025-03-29,43749.97841562608
2025-03-30,43741.66052949708
2025-03-31,43733.73722167027
2025-04-01,43734.29068159649
2025-04-02,43766.82859470695
2025-04-03,43822.4368704628
2025-04-04,43833.10835512276
2025-04-05,43839.42045780677
2025-04-06,43836.21073864648
2025-04-07,43832.35646523927
2025-04-08,43827.75806299801
2025-04-09,43840.33445997647
2025-04-10,43870.29130935801
2025-04-11,43879.49181323983
2025-04-12,43895.02188221429
2025-04-13,43915.00104000836
2025-04-14,43937.04685230518
2025-04-15,43910.14668663478
2025-04-16,43922.93035642117
2025-04-17,43827.47148172252
2025-04-18,43837.04851914391
2025-04-19,43839.70561425983
2025-04-20,43846.87254835998
2025-04-21,43876.50373436315
2025-04-22,43939.79811530154
2025-04-23,44087.33390871565
2025-04-24,44151.72687361238
2025-04-25,44302.99896844041
2025-04-26,44325.84011601376
2025-04-27,44341.51447045147
2025-04-28,44401.44543903945
2025-04-29,44476.53948818652
2025-04-30,44516.95674189965
2025-05-01,44579.35251024686
2025-05-02,44646.00055106327
2025-05-03,44671.29450979255
2025-05-04,44677.48153952802
2025-05-05,44766.38928816195
2025-05-06,44837.4733127342
2025-05-07,44898.43020603301
2025-05-08,44989.28290348699
2025-05-09,45101.28791456128
2025-05-10,45126.74585804531
2025-05-11,45157.14342147025
2025-05-12,45225.84232233602
2025-05-13,45348.73096662809
2025-05-14,45404.97512328886
2025-05-15,45508.3113977392
2025-05-16,45571.10059089837
2025-05-17,45589.77731710008
2025-05-18,45619.42147972134
2025-05-19,45721.33383669004
2025-05-20,45819.41596840286
2025-05-21,45941.25690519796
2025-05-22,46073.4409558507
2025-05-23,46164.02053508931
2025-05-24,46184.05141843169
2025-05-25,46210.38276315543
2025-05-26,46330.88618203231
2025-05-27,46470.02887433713
2025-05-28,46536.69150201941
2025-05-29,46619.26519630347
2025-05-30,46660.61298218097
2025-05-31,46664.8995326176
2025-06-01,46676.45586777458
2025-06-02,46799.65272059444
2025-06-03,46911.0946205509
2025-06-04,46992.85103097542
2025-06-05,47001.98649992826
2025-06-06,47027.71862750661
2025-06-07,47057.4243119106
2025-06-08,47082.90540950317
2025-06-09,47129.77968726391
2025-06-10,47207.74130168348
2025-06-11,47260.20451291983
2025-06-12,47279.3562590286
2025-06-13,47352.90225579602
2025-06-14,47365.43376219716
2025-06-15,47385.14179715271
2025-06-16,47487.56014269623
2025-06-17,47499.56806186026
2025-06-18,47536.01625016751
2025-06-19,47564.29596364887
2025-06-20,47592.22520564312
2025-06-21,47606.21904675353
2025-06-22,47619.75645712038
2025-06-23,47659.48796865136
2025-06-24,47732.29504419934
2025-06-25,47809.34645519335
2025-06-26,47918.87057643274
2025-06-27,48025.48317779312
2025-06-28,48039.94490565314
2025-06-29,48065.53206099756
2025-06-30,48187.07495644231
2025-07-01,48223.24908734648
2025-07-02,48272.44824501754
2025-07-03,48352.86088843899
2025-07-04,48812.22879029036
2025-07-05,48823.80134473129
2025-07-06,48840.43539047152
2025-07-07,48922.88461518248
2025-07-08,49006.74277524056
2025-07-09,49122.75857635914
2025-07-10,49200.64398940074
2025-07-11,49381.64157282862
2025-07-12,49463.99028341426
2025-07-13,49508.28424887786
2025-07-14,49712.09330372915
2025-07-15,49794.77397724257
2025-07-16,50119.62004683525
2025-07-17,50323.88554674703
2025-07-18,50417.66920224445
2025-07-19,50479.85919085778
2025-07-20,50507.03161488097
2025-07-21,50604.984676354
2025-07-22,50732.63999382022
2025-07-23,50837.97103206789
2025-07-24,50911.24843867857
2025-07-25,51007.64382466283
2025-07-26,51036.82174717225
2025-07-27,51066.94778047303
2025-07-28,51132.3513974185
2025-07-29,51226.07030841717
2025-07-30,51295.47531215413
2025-07-31,51339.38556323682
2025-08-01,51354.85864246365
2025-08-02,51364.47828646895
2025-08-03,51400.77124117702
2025-08-04,51433.1585212204
2025-08-05,51468.07499542405
2025-08-06,51486.84953705987
2025-08-07,51559.48666093562
2025-08-08,51615.41302387611
2025-08-09,51634.31093259648
2025-08-10,51662.16067869862
2025-08-11,51720.08432432344
2025-08-12,51785.22741628845
2025-08-13,51862.8921512353
2025-08-14,51945.72850416118
2025-08-15,51981.3667205224
2025-08-16,52151.09943108112
2025-08-17,52167.37441773321
2025-08-18,52168.43451791081
2025-08-19,52227.28451001954
2025-08-20,52250.50599234291
2025-08-21,52273.65139008994
2025-08-22,52346.99811950346
2025-08-23,52369.2752449766
2025-08-24,52381.0091216924
2025-08-25,52395.72008698105
2025-08-26,52412.82937362315
2025-08-27,52437.62527854085
2025-08-28,52493.15909591862
2025-08-29,52712.6529279609
2025-08-30,52725.48443339879
2025-08-31,52735.4214187232
2025-09-01,52756.83400954077
2025-09-02,52782.5571891419
2025-09-03,52807.02408326125
2025-09-04,52848.83979927671
2025-09-05,52963.48447840103
2025-09-06,52978.60224100385
2025-09-07,52997.94773264526
2025-09-08,53032.39691051529
2025-09-09,53059.37391216047
2025-09-10,53099.50686292702
2025-09-11,53149.06129583454
2025-09-12,53197.5098523233
2025-09-13,53229.30308445334
2025-09-14,53247.94669853191
2025-09-15,53297.57059248076
2025-09-16,53345.15662812872
2025-09-17,53416.48822888699
2025-09-18,53469.49901574348
2025-09-19,53566.11388238794
2025-09-20,53589.49162464095
2025-09-21,53610.51798175856
2025-09-22,53606.15681653447
2025-09-23,53658.50668622069
2025-09-24,53713.33569552738
2025-09-25,53759.54255920606
2025-09-26,53779.46587734708
2025-09-27,53789.99341348192
2025-09-28,53805.18010994564
2025-09-29,53852.44747444344
2025-09-30,53930.24218984017
2025-10-01,54116.88318658534
2025-10-02,54229.51698216584
2025-10-03,54346.81347447006
2025-10-04,54408.3663270227
2025-10-05,54456.49141596719
2025-10-06,54543.04794111594
2025-10-07,54736.86383330543
2025-10-08,54834.29515114759
2025-10-09,54929.35033853754
2025-10-10,54944.65181779838
2025-10-11,54940.97647817431
2025-10-12,54957.25287607079
2025-10-13,54971.70896341518
2025-10-14,55055.73823320396
2025-10-15,55254.25927083314
2025-10-16,55232.73719930193
2025-10-17,55262.03231461125
2025-10-18,55274.83474213522
2025-10-19,55281.05863838966
2025-10-20,55300.59127800617
2025-10-21,55350.01398316975
2025-10-22,55435.06303869128
2025-10-23,55478.43712878846
2025-10-24,55505.02320653193
2025-10-25,55525.10844416211
2025-10-26,55571.0756537797
2025-10-27,55639.22847506772
2025-10-28,55747.22186220434
2025-10-29,55821.1043204171
2025-10-30,55896.5909963278
2025-10-31,55921.92016234116
2025-11-01,55959.93350071165
2025-11-02,55971.41237805392
2025-11-03,55997.80359009049
2025-11-04,55969.92302564596
2025-11-05,55962.59239099491
2025-11-06,55960.1223067172
2025-11-07,56112.73321824758
2025-11-08,56131.34270438123
2025-11-09,56143.67398854779
2025-11-10,56186.09691852138
2025-11-11,56207.01658144573
2025-11-12,56228.99089444627
2025-11-13,56211.13097071232
2025-11-14,56147.49462032772
2025-11-15,56152.50650506917
2025-11-16,56143.09837693328
2025-11-17,56114.70353538053
2025-11-18,56139.3849756682
2025-11-19,56087.37389657734
2025-11-20,56059.76388322158
2025-11-21,55900.04960221302
2025-11-22,56040.1293295668
2025-11-23,56394.79520065562
2025-11-24,56391.63338160132
2025-11-25,56384.29116465391
2025-11-26,56449.62356646711
2025-11-27,56444.64968537027
2025-11-28,56431.54696039486
2025-11-29,56430.16550748407
2025-11-30,56424.42019108561
2025-12-01,56387.22986228461
2025-12-02,56358.12123527564
2025-12-03,56379.42716987117
2025-12-04,56383.19252170812
2025-12-05,56332.05342133932
2025-12-06,56332.89879969917
2025-12-07,56330.42460159234
2025-12-08,56320.89028967186
2025-12-09,56331.3435446158
2025-12-10,56406.53854605646
2025-12-11,56400.37637681814
2025-12-12,56383.13622388991
2025-12-13,56384.6521112941
2025-12-14,56379.6549116254
2025-12-15,56319.59803269504
2025-12-16,56309.79536148541
2025-12-17,56286.325515195
2025-12-18,56280.20066315256
2025-12-19,56273.65645879132
2025-12-20,56241.52008740827
2025-12-21,56247.2857548207
2025-12-22,56252.0681627332
2025-12-23,56246.19577186822
2025-12-24,56225.1569319816
2025-12-25,56230.3926047957
2025-12-26,56184.76095564265
2025-12-27,56184.49781151887
2025-12-28,56174.07012864502
2025-12-29,56168.40042084164
2025-12-30,56147.69635436778
2025-12-31,56118.22634604125
2026-01-01,56115.44121596716
2026-01-02,56116.76048258159
2026-01-03,56120.02615517774
2026-01-04,56127.47587198292
2026-01-05,56159.92047911248
2026-01-06,56175.96478019569
2026-01-07,56190.98812107888
2026-01-08,56179.11402715423
2026-01-09,56161.00933327744
2026-01-10,56161.84606620044
2026-01-11,56150.59632034489
2026-01-12,56146.86420423142
2026-01-13,56185.44423794552
2026-01-14,56232.43128142145
2026-01-15,56261.5369842671
2026-01-16,56270.94973265325
2026-01-17,56287.12784078331
2026-01-18,56295.14674468646
2026-01-19,56293.04426376359
2026-01-20,56257.9573561128
2026-01-21,56232.13804019754
2026-01-22,56222.98646628093
2026-01-23,55998.65610619277
2026-01-24,55996.26126604219
2026-01-25,55986.6114194905
2026-01-26,55978.55886080265
2026-01-27,55981.233722151
2026-01-28,55979.2256036893
2026-01-29,55946.37186550679
2026-01-30,55900.63256346319
2026-01-31,55855.15956355534
2026-02-01,55828.46917383066
2026-02-02,55779.15291578165
2026-02-03,55676.99140137218
2026-02-04,55573.591920652
2026-02-05,55315.00117496917
2026-02-06,55233.46035270577
2026-02-07,55164.02639670433
2026-02-08,55171.33704355777
2026-02-09,55122.57990235214
2026-02-10,55077.3107965672
2026-02-11,55011.7101453159
2026-02-12,54946.6992562532
2026-02-13,54906.87495124983
2026-02-14,54910.67663288582
2026-02-15,54908.1669087374
2026-02-16,54879.76904742101
2026-02-17,54855.53449970469
2026-02-18,54815.44903901657
2026-02-19,54796.07403438854
2026-02-20,54742.34159797489
2026-02-21,54743.43658294801
2026-02-22,54738.52578094093
2026-02-23,54689.2293802124
2026-02-24,54619.61910805318
2026-02-25,54608.87769184207
2026-02-26,54600.88006622797
2026-02-27,54568.1992525702
2026-02-28,54558.32436978124
2026-03-01,54550.56767967147
2026-03-02,54544.77676165751
2026-03-03,54533.9325289025
2026-03-04,54542.8083353732
2026-03-05,54529.13952098278
2026-03-06,54476.68546125718
2026-03-07,54465.97563145315
2026-03-08,54461.10499731152
2026-03-09,54450.93089080076
2026-03-10,54451.82578108368
2026-03-11,54394.14035088047
2026-03-12,54377.4381432065
2026-03-13,54383.81124280267
2026-03-14,54366.96107167342
2026-03-15,54373.17749893701
2026-03-16,54391.47946795398
2026-03-17,54391.70639975213
2026-03-18,54365.52955441376
2026-03-19,54342.98812179954
2026-03-20,54328.99616782837
2026-03-21,54329.22223462068
2026-03-22,54350.08529794996
2026-03-23,54347.89801482742
2026-03-24,54305.88385897522
2026-03-25,54292.892444584
2026-03-26,54277.45354303462
2026-03-27,54226.23809203352
2026-03-28,54211.09411700425
2026-03-29,54204.79118550078
2026-03-30,54169.47259534469
2026-03-31,54162.70955078273
2026-04-01,54162.0836332814
2026-04-02,54129.51177816261
2026-04-03,54118.94464718376
2026-04-04,54117.52290641793
2026-04-05,54130.22641762839
2026-04-06,54133.88691482965
2026-04-07,54126.68259263314
2026-04-08,54142.75559621859
2026-04-09,54144.63204947427
2026-04-10,54155.96283493025
2026-04-11,54170.39367466386
2026-04-12,54165.84557924914
2026-04-13,54179.49880407131
2026-04-14,54187.43528533228
2026-04-15,54181.2830304748
2026-04-16,54187.44565435229
2026-04-17,54214.30642527643
2026-04-18,54213.80214875354
2026-04-19,54207.57884300997
2026-04-20,54195.89433474722
2026-04-21,54198.80361914801
2026-04-22,54191.99119901171
2026-04-23,54191.77132317851
2026-04-24,54121.83026598716
2026-04-25,54121.91264828721
2026-04-26,54129.12844985878
2026-04-27,54133.0777584872
2026-04-28,54128.48827711779
2026-04-29,54108.19912730612
2026-04-30,54092.64439201661
2026-05-01,54118.16866276971
2026-05-02,54122.56007320013
2026-05-03,54134.0665410382
2026-05-04,54190.24586158775
2026-05-05,54216.93876229142
2026-05-06,54232.91108645853
2026-05-07,54234.37509568733
2026-05-08,54236.10210559591
2026-05-09,54241.8906676434
2026-05-10,54251.14451621764
2026-05-11,54262.07469646249
2026-05-12,54266.59780519552
2026-05-13,54266.83323188929
2026-05-14,54268.27207133608
2026-05-15,54263.8265436123
2026-05-16,54259.95486922204
2026-05-17,54260.39419849135
2026-05-18,54244.42584577367
2026-05-19,54222.22349859048
2026-05-20,54216.44839345187
2026-05-21,54211.19418847885
2026-05-22,54191.3500418128
2026-05-23,54185.57430941924
2026-05-24,54185.74216549374
2026-05-25,54193.48853612265
2026-05-26,54178.70961238384
2026-05-27,54160.35981893943
2026-05-28,54090.46233796415
2026-05-29,54049.75541926768
2026-05-30,54039.84885234762
2026-05-31,54038.69399661103
2026-06-01,54001.4318189128
2026-06-02,53897.15442808551
2026-06-03,53801.19573912906
2026-06-04,53728.21336218545
2026-06-05,53651.20589338482
2026-06-06,53619.87618840289
2026-06-07,53623.01522041176
2026-06-08,53610.54685285161
2026-06-09,53578.55798167486
2026-06-10,53531.72036354701
2026-06-11,53502.92532625352
2026-06-12,53493.36875344825
2026-06-13,53492.70676690938
2026-06-14,53494.13467215465
2026-06-15,53485.6709192133
2026-06-16,53471.87880189972
2026-06-17,53461.6542974031
2026-06-18,53433.56357654602
2026-06-19,53414.61839646836
2026-06-20,53414.75145888485
2026-06-21,53448.13359199561
2026-06-22,53444.04132629375
2026-06-23,53407.7932332584
2026-06-24,53376.8008890031
2026-06-25,53308.00866009587
2026-06-26,53252.90471677057
2026-06-27,53252.31555803518
2026-06-28,53243.7481358012
2026-06-29,53194.19687329332
2026-06-30,53122.18234399354
2026-07-01,53104.25446643665
2026-07-02,53090.68670580869
2026-07-03,53091.4160225677
2026-07-04,53093.0737795142
2026-07-05,53093.59128735467
2026-07-06,53089.40594847278
2026-07-07,53085.98274868313
2026-07-08,53069.63678631173
2026-07-09,53064.74597626648
2026-07-10,53020.76952509995
2026-07-11,53022.1141780926
2026-07-12,53022.53775083829
2026-07-13,52931.53365522964
2026-07-14,52908.33254955624
2026-07-15,52894.66287431073
2026-07-16,52893.92168519371
2026-07-17,52880.75036326946
2026-07-18,52877.92026207517
2026-07-19,52883.54115402327
2026-07-20,52892.12068790822
2026-07-21,52913.20778761797
2026-07-22,52906.81556052721
2026-07-23,52900.05080850953
2026-07-24,52884.27881430897
