date,realized_marketcap
2009-01-03,0.0
2009-01-09,0.0
2009-01-10,0.0
2009-01-11,0.0
2009-01-12,0.0
2009-01-13,0.0
2009-01-14,0.0
2009-01-15,0.0
2009-01-16,0.0
2009-01-17,0.0
2009-01-18,0.0
2009-01-19,0.0
2009-01-20,0.0
2009-01-21,0.0
2009-01-22,0.0
2009-01-23,0.0
2009-01-24,0.0
2009-01-25,0.0
2009-01-26,0.0
2009-01-27,0.0
2009-01-28,0.0
2009-01-29,0.0
2009-01-30,0.0
2009-01-31,0.0
2009-02-01,0.0
2009-02-02,0.0
2009-02-03,0.0
2009-02-04,0.0
2009-02-05,0.0
2009-02-06,0.0
2009-02-07,0.0
2009-02-08,0.0
2009-02-09,0.0
2009-02-10,0.0
2009-02-11,0.0
2009-02-12,0.0
2009-02-13,0.0
2009-02-14,0.0
2009-02-15,0.0
2009-02-16,0.0
2009-02-17,0.0
2009-02-18,0.0
2009-02-19,0.0
2009-02-20,0.0
2009-02-21,0.0
2009-02-22,0.0
2009-02-23,0.0
2009-02-24,0.0
2009-02-25,0.0
2009-02-26,0.0
2009-02-27,0.0
2009-02-28,0.0
2009-03-01,0.0
2009-03-02,0.0
2009-03-03,0.0
2009-03-04,0.0
2009-03-05,0.0
2009-03-06,0.0
2009-03-07,0.0
2009-03-08,0.0
2009-03-09,0.0
2009-03-10,0.0
2009-03-11,0.0
2009-03-12,0.0
2009-03-13,0.0
2009-03-14,0.0
2009-03-15,0.0
2009-03-16,0.0
2009-03-17,0.0
2009-03-18,0.0
2009-03-19,0.0
2009-03-20,0.0
2009-03-21,0.0
2009-03-22,0.0
2009-03-23,0.0
2009-03-24,0.0
2009-03-25,0.0
2009-03-26,0.0
2009-03-27,0.0
2009-03-28,0.0
2009-03-29,0.0
2009-03-30,0.0
2009-03-31,0.0
2009-04-01,0.0
2009-04-02,0.0
2009-04-03,0.0
2009-04-04,0.0
2009-04-05,0.0
2009-04-06,0.0
2009-04-07,0.0
2009-04-08,0.0
2009-04-09,0.0
2009-04-10,0.0
2009-04-11,0.0
2009-04-12,0.0
2009-04-13,0.0
2009-04-14,0.0
2009-04-15,0.0
2009-04-16,0.0
2009-04-17,0.0
2009-04-18,0.0
2009-04-19,0.0
2009-04-20,0.0
2009-04-21,0.0
2009-04-22,0.0
2009-04-23,0.0
2009-04-24,0.0
2009-04-25,0.0
2009-04-26,0.0
2009-04-27,0.0
2009-04-28,0.0
2009-04-29,0.0
2009-04-30,0.0
2009-05-01,0.0
2009-05-02,0.0
2009-05-03,0.0
2009-05-04,0.0
2009-05-05,0.0
2009-05-06,0.0
2009-05-07,0.0
2009-05-08,0.0
2009-05-09,0.0
2009-05-10,0.0
2009-05-11,0.0
2009-05-12,0.0
2009-05-13,0.0
2009-05-14,0.0
2009-05-15,0.0
2009-05-16,0.0
2009-05-17,0.0
2009-05-18,0.0
2009-05-19,0.0
2009-05-20,0.0
2009-05-21,0.0
2009-05-22,0.0
2009-05-23,0.0
2009-05-24,0.0
2009-05-25,0.0
2009-05-26,0.0
2009-05-27,0.0
2009-05-28,0.0
2009-05-29,0.0
2009-05-30,0.0
2009-05-31,0.0
2009-06-01,0.0
2009-06-02,0.0
2009-06-03,0.0
2009-06-04,0.0
2009-06-05,0.0
2009-06-06,0.0
2009-06-07,0.0
2009-06-08,0.0
2009-06-09,0.0
2009-06-10,0.0
2009-06-11,0.0
2009-06-12,0.0
2009-06-13,0.0
2009-06-14,0.0
2009-06-15,0.0
2009-06-16,0.0
2009-06-17,0.0
2009-06-18,0.0
2009-06-19,0.0
2009-06-20,0.0
2009-06-21,0.0
2009-06-22,0.0
2009-06-23,0.0
2009-06-24,0.0
2009-06-25,0.0
2009-06-26,0.0
2009-06-27,0.0
2009-06-28,0.0
2009-06-29,0.0
2009-06-30,0.0
2009-07-01,0.0
2009-07-02,0.0
2009-07-03,0.0
2009-07-04,0.0
2009-07-05,0.0
2009-07-06,0.0
2009-07-07,0.0
2009-07-08,0.0
2009-07-09,0.0
2009-07-10,0.0
2009-07-11,0.0
2009-07-12,0.0
2009-07-13,0.0
2009-07-14,0.0
2009-07-15,0.0
2009-07-16,0.0
2009-07-17,0.0
2009-07-18,0.0
2009-07-19,0.0
2009-07-20,0.0
2009-07-21,0.0
2009-07-22,0.0
2009-07-23,0.0
2009-07-24,0.0
2009-07-25,0.0
2009-07-26,0.0
2009-07-27,0.0
2009-07-28,0.0
2009-07-29,0.0
2009-07-30,0.0
2009-07-31,0.0
2009-08-01,0.0
2009-08-02,0.0
2009-08-03,0.0
2009-08-04,0.0
2009-08-05,0.0
2009-08-06,0.0
2009-08-07,0.0
2009-08-08,0.0
2009-08-09,0.0
2009-08-10,0.0
2009-08-11,0.0
2009-08-12,0.0
2009-08-13,0.0
2009-08-14,0.0
2009-08-15,0.0
2009-08-16,0.0
2009-08-17,0.0
2009-08-18,0.0
2009-08-19,0.0
2009-08-20,0.0
2009-08-21,0.0
2009-08-22,0.0
2009-08-23,0.0
2009-08-24,0.0
2009-08-25,0.0
2009-08-26,0.0
2009-08-27,0.0
2009-08-28,0.0
2009-08-29,0.0
2009-08-30,0.0
2009-08-31,0.0
2009-09-01,0.0
2009-09-02,0.0
2009-09-03,0.0
2009-09-04,0.0
2009-09-05,0.0
2009-09-06,0.0
2009-09-07,0.0
2009-09-08,0.0
2009-09-09,0.0
2009-09-10,0.0
2009-09-11,0.0
2009-09-12,0.0
2009-09-13,0.0
2009-09-14,0.0
2009-09-15,0.0
2009-09-16,0.0
2009-09-17,0.0
2009-09-18,0.0
2009-09-19,0.0
2009-09-20,0.0
2009-09-21,0.0
2009-09-22,0.0
2009-09-23,0.0
2009-09-24,0.0
2009-09-25,0.0
2009-09-26,0.0
2009-09-27,0.0
2009-09-28,0.0
2009-09-29,0.0
2009-09-30,0.0
2009-10-01,0.0
2009-10-02,0.0
2009-10-03,0.0
2009-10-04,0.0
2009-10-05,0.0
2009-10-06,0.0
2009-10-07,0.0
2009-10-08,0.0
2009-10-09,0.0
2009-10-10,0.0
2009-10-11,0.0
2009-10-12,0.0
2009-10-13,0.0
2009-10-14,0.0
2009-10-15,0.0
2009-10-16,0.0
2009-10-17,0.0
2009-10-18,0.0
2009-10-19,0.0
2009-10-20,0.0
2009-10-21,0.0
2009-10-22,0.0
2009-10-23,0.0
2009-10-24,0.0
2009-10-25,0.0
2009-10-26,0.0
2009-10-27,0.0
2009-10-28,0.0
2009-10-29,0.0
2009-10-30,0.0
2009-10-31,0.0
2009-11-01,0.0
2009-11-02,0.0
2009-11-03,0.0
2009-11-04,0.0
2009-11-05,0.0
2009-11-06,0.0
2009-11-07,0.0
2009-11-08,0.0
2009-11-09,0.0
2009-11-10,0.0
2009-11-11,0.0
2009-11-12,0.0
2009-11-13,0.0
2009-11-14,0.0
2009-11-15,0.0
2009-11-16,0.0
2009-11-17,0.0
2009-11-18,0.0
2009-11-19,0.0
2009-11-20,0.0
2009-11-21,0.0
2009-11-22,0.0
2009-11-23,0.0
2009-11-24,0.0
2009-11-25,0.0
2009-11-26,0.0
2009-11-27,0.0
2009-11-28,0.0
2009-11-29,0.0
2009-11-30,0.0
2009-12-01,0.0
2009-12-02,0.0
2009-12-03,0.0
2009-12-04,0.0
2009-12-05,0.0
2009-12-06,0.0
2009-12-07,0.0
2009-12-08,0.0
2009-12-09,0.0
2009-12-10,0.0
2009-12-11,0.0
2009-12-12,0.0
2009-12-13,0.0
2009-12-14,0.0
2009-12-15,0.0
2009-12-16,0.0
2009-12-17,0.0
2009-12-18,0.0
2009-12-19,0.0
2009-12-20,0.0
2009-12-21,0.0
2009-12-22,0.0
2009-12-23,0.0
2009-12-24,0.0
2009-12-25,0.0
2009-12-26,0.0
2009-12-27,0.0
2009-12-28,0.0
2009-12-29,0.0
2009-12-30,0.0
2009-12-31,0.0
2010-01-01,0.0
2010-01-02,0.0
2010-01-03,0.0
2010-01-04,0.0
2010-01-05,0.0
2010-01-06,0.0
2010-01-07,0.0
2010-01-08,0.0
2010-01-09,0.0
2010-01-10,0.0
2010-01-11,0.0
2010-01-12,0.0
2010-01-13,0.0
2010-01-14,0.0
2010-01-15,0.0
2010-01-16,0.0
2010-01-17,0.0
2010-01-18,0.0
2010-01-19,0.0
2010-01-20,0.0
2010-01-21,0.0
2010-01-22,0.0
2010-01-23,0.0
2010-01-24,0.0
2010-01-25,0.0
2010-01-26,0.0
2010-01-27,0.0
2010-01-28,0.0
2010-01-29,0.0
2010-01-30,0.0
2010-01-31,0.0
2010-02-01,0.0
2010-02-02,0.0
2010-02-03,0.0
2010-02-04,0.0
2010-02-05,0.0
2010-02-06,0.0
2010-02-07,0.0
2010-02-08,0.0
2010-02-09,0.0
2010-02-10,0.0
2010-02-11,0.0
2010-02-12,0.0
2010-02-13,0.0
2010-02-14,0.0
2010-02-15,0.0
2010-02-16,0.0
2010-02-17,0.0
2010-02-18,0.0
2010-02-19,0.0
2010-02-20,0.0
2010-02-21,0.0
2010-02-22,0.0
2010-02-23,0.0
2010-02-24,0.0
2010-02-25,0.0
2010-02-26,0.0
2010-02-27,0.0
2010-02-28,0.0
2010-03-01,0.0
2010-03-02,0.0
2010-03-03,0.0
2010-03-04,0.0
2010-03-05,0.0
2010-03-06,0.0
2010-03-07,0.0
2010-03-08,0.0
2010-03-09,0.0
2010-03-10,0.0
2010-03-11,0.0
2010-03-12,0.0
2010-03-13,0.0
2010-03-14,0.0
2010-03-15,0.0
2010-03-16,0.0
2010-03-17,0.0
2010-03-18,0.0
2010-03-19,0.0
2010-03-20,0.0
2010-03-21,0.0
2010-03-22,0.0
2010-03-23,0.0
2010-03-24,0.0
2010-03-25,0.0
2010-03-26,0.0
2010-03-27,0.0
2010-03-28,0.0
2010-03-29,0.0
2010-03-30,0.0
2010-03-31,0.0
2010-04-01,0.0
2010-04-02,0.0
2010-04-03,0.0
2010-04-04,0.0
2010-04-05,0.0
2010-04-06,0.0
2010-04-07,0.0
2010-04-08,0.0
2010-04-09,0.0
2010-04-10,0.0
2010-04-11,0.0
2010-04-12,0.0
2010-04-13,0.0
2010-04-14,0.0
2010-04-15,0.0
2010-04-16,0.0
2010-04-17,0.0
2010-04-18,0.0
2010-04-19,0.0
2010-04-20,0.0
2010-04-21,0.0
2010-04-22,0.0
2010-04-23,0.0
2010-04-24,0.0
2010-04-25,0.0
2010-04-26,0.0
2010-04-27,0.0
2010-04-28,0.0
2010-04-29,0.0
2010-04-30,0.0
2010-05-01,0.0
2010-05-02,0.0
2010-05-03,0.0
2010-05-04,0.0
2010-05-05,0.0
2010-05-06,0.0
2010-05-07,0.0
2010-05-08,0.0
2010-05-09,0.0
2010-05-10,0.0
2010-05-11,0.0
2010-05-12,0.0
2010-05-13,0.0
2010-05-14,0.0
2010-05-15,0.0
2010-05-16,0.0
2010-05-17,0.0
2010-05-18,0.0
2010-05-19,0.0
2010-05-20,0.0
2010-05-21,0.0
2010-05-22,0.0
2010-05-23,0.0
2010-05-24,0.0
2010-05-25,0.0
2010-05-26,0.0
2010-05-27,0.0
2010-05-28,0.0
2010-05-29,0.0
2010-05-30,0.0
2010-05-31,0.0
2010-06-01,0.0
2010-06-02,0.0
2010-06-03,0.0
2010-06-04,0.0
2010-06-05,0.0
2010-06-06,0.0
2010-06-07,0.0
2010-06-08,0.0
2010-06-09,0.0
2010-06-10,0.0
2010-06-11,0.0
2010-06-12,0.0
2010-06-13,0.0
2010-06-14,0.0
2010-06-15,0.0
2010-06-16,0.0
2010-06-17,0.0
2010-06-18,0.0
2010-06-19,0.0
2010-06-20,0.0
2010-06-21,0.0
2010-06-22,0.0
2010-06-23,0.0
2010-06-24,0.0
2010-06-25,0.0
2010-06-26,0.0
2010-06-27,0.0
2010-06-28,0.0
2010-06-29,0.0
2010-06-30,0.0
2010-07-01,0.0
2010-07-02,0.0
2010-07-03,0.0
2010-07-04,0.0
2010-07-05,0.0
2010-07-06,0.0
2010-07-07,0.0
2010-07-08,0.0
2010-07-09,0.0
2010-07-10,0.0
2010-07-11,0.0
2010-07-12,0.0
2010-07-13,0.0
2010-07-14,0.0
2010-07-15,0.0
2010-07-16,0.0
2010-07-17,0.0
2010-07-18,0.0
2010-07-19,0.0
2010-07-20,0.0
2010-07-21,0.0
2010-07-22,0.0
2010-07-23,0.0
2010-07-24,0.0
2010-07-25,0.0
2010-07-26,0.0
2010-07-27,0.0
2010-07-28,0.0
2010-07-29,0.0
2010-07-30,0.0
2010-07-31,0.0
2010-08-01,0.0
2010-08-02,0.0
2010-08-03,0.0
2010-08-04,0.0
2010-08-05,0.0
2010-08-06,0.0
2010-08-07,0.0
2010-08-08,0.0
2010-08-09,0.0
2010-08-10,0.0
2010-08-11,0.0
2010-08-12,0.0
2010-08-13,0.0
2010-08-14,0.0
2010-08-15,0.0
2010-08-16,2976.64
2010-08-17,4610.26
2010-08-18,6069.77
2010-08-19,6996.67
2010-08-20,7998.16
2010-08-21,9412.99
2010-08-22,10336.66
2010-08-23,11311.53
2010-08-24,12420.33
2010-08-25,13277.88
2010-08-26,14098.01
2010-08-27,15001.92
2010-08-28,15492.33
2010-08-29,16025.83
2010-08-30,16513.69
2010-08-31,18132.59
2010-09-01,18719.82
2010-09-02,19269.5
2010-09-03,19901.18
2010-09-04,20524.45
2010-09-05,24164.86
2010-09-06,24985.17
2010-09-07,25592.94
2010-09-08,26135.25
2010-09-09,27326.72
2010-09-10,27874.81
2010-09-11,28337.33
2010-09-12,29047.88
2010-09-13,29707.42
2010-09-14,30400.31
2010-09-15,31378.84
2010-09-16,32658.11
2010-09-17,34874.09
2010-09-18,35631.76
2010-09-19,36280.6
2010-09-20,37084.02
2010-09-21,37655.23
2010-09-22,38272.24
2010-09-23,39120.61
2010-09-24,39858.24
2010-09-25,40778.73
2010-09-26,41405.22
2010-09-27,43098.22
2010-09-28,46710.5
2010-09-29,47465.62
2010-09-30,47968.61
2010-10-01,50045.52
2010-10-02,56662.06
2010-10-03,57065.06
2010-10-04,57621.83
2010-10-05,59450.43
2010-10-06,59972.48
2010-10-07,60562.98
2010-10-08,63468.64
2010-10-09,67515.31
2010-10-10,71109.74
2010-10-11,73267.13
2010-10-12,73958.64
2010-10-13,76706.49
2010-10-14,78505.09
2010-10-15,81742.39
2010-10-16,84959.99
2010-10-17,86520.46
2010-10-18,88114.79
2010-10-19,89680.0
2010-10-20,91572.47
2010-10-21,94551.05
2010-10-22,95942.9
2010-10-23,97623.31
2010-10-24,100356.7
2010-10-25,104428.03
2010-10-26,109290.87
2010-10-27,116063.17
2010-10-28,126727.56
2010-10-29,130300.11
2010-10-30,134278.47
2010-10-31,138384.6
2010-11-01,140872.52
2010-11-02,144468.33
2010-11-03,147342.0
2010-11-04,158896.12
2010-11-05,164792.74
2010-11-06,187561.5
2010-11-07,196971.34
2010-11-08,240193.49
2010-11-09,244562.48
2010-11-10,244913.64
2010-11-11,247617.18
2010-11-12,250295.35
2010-11-13,256265.58
2010-11-14,261734.45
2010-11-15,273849.54
2010-11-16,276885.98
2010-11-17,280593.64
2010-11-18,285140.58
2010-11-19,289678.62
2010-11-20,293831.05
2010-11-21,296293.57
2010-11-22,299193.25
2010-11-23,302419.56
2010-11-24,306361.53
2010-11-25,311394.02
2010-11-26,312836.69
2010-11-27,316021.79
2010-11-28,318611.72
2010-11-29,320836.25
2010-11-30,321783.74
2010-12-01,322397.54
2010-12-02,328262.97
2010-12-03,330841.35
2010-12-04,333251.35
2010-12-05,336262.29
2010-12-06,339261.23
2010-12-07,343907.65
2010-12-08,346808.86
2010-12-09,349036.01
2010-12-10,350494.6
2010-12-11,352378.07
2010-12-12,354224.91
2010-12-13,357409.89
2010-12-14,359545.78
2010-12-15,363855.44
2010-12-16,366752.48
2010-12-17,369078.25
2010-12-18,371960.86
2010-12-19,374279.84
2010-12-20,379701.25
2010-12-21,388803.33
2010-12-22,391095.26
2010-12-23,393269.28
2010-12-24,395046.17
2010-12-25,397943.84
2010-12-26,400205.14
2010-12-27,402619.6
2010-12-28,405654.09
2010-12-29,413657.98
2010-12-30,417467.19
2010-12-31,420144.74
2011-01-01,423229.59
2011-01-02,427750.25
2011-01-03,431328.08
2011-01-04,433583.74
2011-01-05,436632.9
2011-01-06,439348.29
2011-01-07,442961.26
2011-01-08,447006.53
2011-01-09,450450.66
2011-01-10,458100.22
2011-01-11,470886.71
2011-01-12,474634.6
2011-01-13,486385.88
2011-01-14,494221.04
2011-01-15,498782.4
2011-01-16,506970.45
2011-01-17,512258.28
2011-01-18,514310.39
2011-01-19,521378.71
2011-01-20,526458.36
2011-01-21,532779.2
2011-01-22,540226.55
2011-01-23,552159.43
2011-01-24,559995.73
2011-01-25,565386.54
2011-01-26,575752.73
2011-01-27,665428.2
2011-01-28,672202.47
2011-01-29,683001.1
2011-01-30,688796.23
2011-01-31,706264.7
2011-02-01,738545.08
2011-02-02,772468.7
2011-02-03,783330.24
2011-02-04,800468.73
2011-02-05,822424.74
2011-02-06,849821.86
2011-02-07,895175.96
2011-02-08,908033.78
2011-02-09,941908.39
2011-02-10,962702.07
2011-02-11,990746.56
2011-02-12,1009370.81
2011-02-13,1027808.06
2011-02-14,1071470.45
2011-02-15,1087079.62
2011-02-16,1101887.75
2011-02-17,1116225.65
2011-02-18,1129637.34
2011-02-19,1139598.6
2011-02-20,1152706.52
2011-02-21,1162032.1
2011-02-22,1176002.4
2011-02-23,1188935.39
2011-02-24,1204721.3
2011-02-25,1217853.07
2011-02-26,1246372.4
2011-02-27,1275131.91
2011-02-28,1293352.4
2011-03-01,1483744.64
2011-03-02,1487875.95
2011-03-03,1496708.9
2011-03-04,1510738.12
2011-03-05,1526995.48
2011-03-06,1535482.07
2011-03-07,1546179.56
2011-03-08,1557412.41
2011-03-09,1563529.97
2011-03-10,1570567.89
2011-03-11,1577898.33
2011-03-12,1596474.74
2011-03-13,1607399.91
2011-03-14,1625684.03
2011-03-15,1636248.06
2011-03-16,1656102.81
2011-03-17,1667221.41
2011-03-18,1669272.12
2011-03-19,1673782.27
2011-03-20,1678899.5
2011-03-21,1686456.32
2011-03-22,1689671.3
2011-03-23,1702257.68
2011-03-24,1725928.02
2011-03-25,1734864.96
2011-03-26,1753669.32
2011-03-27,1761922.78
2011-03-28,1768880.31
2011-03-29,1774664.79
2011-03-30,1780041.95
2011-03-31,1787461.84
2011-04-01,1794516.71
2011-04-02,1799743.62
2011-04-03,1806320.2
2011-04-04,1817211.23
2011-04-05,1825768.4
2011-04-06,1831200.3
2011-04-07,1837376.06
2011-04-08,1844811.95
2011-04-09,1850086.97
2011-04-10,1855569.72
2011-04-11,1862980.46
2011-04-12,1875751.46
2011-04-13,1892328.84
2011-04-14,1909792.16
2011-04-15,1929982.75
2011-04-16,1955874.7
2011-04-17,1980885.41
2011-04-18,2015667.69
2011-04-19,2049335.01
2011-04-20,2065931.76
2011-04-21,2086388.87
2011-04-22,2129305.37
2011-04-23,2196754.92
2011-04-24,2246393.96
2011-04-25,2274332.12
2011-04-26,2309844.36
2011-04-27,2366131.64
2011-04-28,2433696.41
2011-04-29,3118441.69
2011-04-30,3528052.5
2011-05-01,3625483.67
2011-05-02,3700589.76
2011-05-03,3831595.47
2011-05-04,4147412.57
2011-05-05,4227773.72
2011-05-06,4421889.69
2011-05-07,4501417.35
2011-05-08,4681786.62
2011-05-09,4783350.66
2011-05-10,5188751.88
2011-05-11,5482974.37
2011-05-12,5891604.07
2011-05-13,6977080.6
2011-05-14,7583152.0
2011-05-15,7995685.29
2011-05-16,8673890.89
2011-05-17,8996952.62
2011-05-18,9218041.97
2011-05-19,9403575.9
2011-05-20,9611820.64
2011-05-21,9237415.14
2011-05-22,9513589.28
2011-05-23,9766911.32
2011-05-24,9997948.82
2011-05-25,10251786.21
2011-05-26,10557483.37
2011-05-27,11309837.8
2011-05-28,11425639.15
2011-05-29,11553453.5
2011-05-30,11778796.85
2011-05-31,12014216.0
2011-06-01,12233263.34
2011-06-02,12703126.7
2011-06-03,13920503.85
2011-06-04,14738526.46
2011-06-05,15903800.77
2011-06-06,19461383.91
2011-06-07,20210663.5
2011-06-08,24548802.21
2011-06-09,27587308.85
2011-06-10,29950080.78
2011-06-11,30225717.1
2011-06-12,32316293.54
2011-06-13,33655359.54
2011-06-14,36454091.93
2011-06-15,39093699.38
2011-06-16,40169262.12
2011-06-17,40420502.08
2011-06-18,40701267.74
2011-06-19,42792248.41
2011-06-20,43160668.83
2011-06-21,43773974.95
2011-06-22,44026272.1
2011-06-23,44206019.32
2011-06-24,44576693.79
2011-06-25,44755852.14
2011-06-26,44942895.4
2011-06-27,45983867.4
2011-06-28,46566426.97
2011-06-29,46949251.11
2011-06-30,47447976.65
2011-07-01,47475623.44
2011-07-02,47480995.1
2011-07-03,47644274.82
2011-07-04,47626209.91
2011-07-05,47733958.0
2011-07-06,47912834.81
2011-07-07,48089660.07
2011-07-08,48149244.15
2011-07-09,48212237.71
2011-07-10,48580350.14
2011-07-11,48702914.36
2011-07-12,48812322.67
2011-07-13,48968545.79
2011-07-14,49070108.87
2011-07-15,49197490.41
2011-07-16,49271069.83
2011-07-17,49399111.11
2011-07-18,47615973.98
2011-07-19,47854528.31
2011-07-20,47386934.69
2011-07-21,47475690.6
2011-07-22,47560291.24
2011-07-23,47664456.03
2011-07-24,47807069.68
2011-07-25,47975303.89
2011-07-26,48105030.48
2011-07-27,48262477.8
2011-07-28,48292751.29
2011-07-29,48419933.98
2011-07-30,48576968.33
2011-07-31,48666372.37
2011-08-01,48709082.15
2011-08-02,48742038.35
2011-08-03,48446784.93
2011-08-04,48431588.63
2011-08-05,48343365.26
2011-08-06,47899620.39
2011-08-07,47573426.21
2011-08-08,46856974.55
2011-08-09,47050738.2
2011-08-10,47099676.35
2011-08-11,47070315.2
2011-08-12,47103376.46
2011-08-13,47182107.23
2011-08-14,47267537.56
2011-08-15,47435064.18
2011-08-16,47567616.27
2011-08-17,47683700.79
2011-08-18,47786463.22
2011-08-19,47895202.85
2011-08-20,48013872.67
2011-08-21,48097766.05
2011-08-22,48187942.07
2011-08-23,48246620.68
2011-08-24,48314457.97
2011-08-25,48790415.57
2011-08-26,48888552.4
2011-08-27,46430890.27
2011-08-28,46493092.82
2011-08-29,46592050.39
2011-08-30,46619233.56
2011-08-31,46642681.06
2011-09-01,46620709.0
2011-09-02,46693921.67
2011-09-03,46749262.19
2011-09-04,46763316.36
2011-09-05,46732348.7
2011-09-06,46638641.75
2011-09-07,46615330.36
2011-09-08,46503316.36
2011-09-09,46409654.19
2011-09-10,46359218.52
2011-09-11,44701923.6
2011-09-12,44629886.92
2011-09-13,44524977.29
2011-09-14,44509601.17
2011-09-15,44469668.91
2011-09-16,44382988.04
2011-09-17,44378817.85
2011-09-18,44407894.54
2011-09-19,44386180.77
2011-09-20,44428219.07
2011-09-21,44433026.82
2011-09-22,44395109.59
2011-09-23,44405250.52
2011-09-24,44417368.24
2011-09-25,44168085.85
2011-09-26,44154685.49
2011-09-27,44146238.97
2011-09-28,44140755.41
2011-09-29,44146421.0
2011-09-30,44177738.9
2011-10-01,44149852.82
2011-10-02,44120226.54
2011-10-03,44114726.72
2011-10-04,44107997.58
2011-10-05,44106637.09
2011-10-06,44100628.64
2011-10-07,44015425.09
2011-10-08,43990160.06
2011-10-09,43953373.15
2011-10-10,43946926.95
2011-10-11,43833257.79
2011-10-12,43777536.56
2011-10-13,43768546.23
2011-10-14,43730215.72
2011-10-15,43723729.63
2011-10-16,43700925.75
2011-10-17,43455730.6
2011-10-18,43332393.65
2011-10-19,43084813.49
2011-10-20,43048524.61
2011-10-21,43013988.9
2011-10-22,42963471.4
2011-10-23,42961553.45
2011-10-24,42937898.39
2011-10-25,42917274.29
2011-10-26,42787513.5
2011-10-27,42785246.78
2011-10-28,42813776.33
2011-10-29,42838885.96
2011-10-30,42854791.67
2011-10-31,42842212.11
2011-11-01,42844248.12
2011-11-02,42857265.25
2011-11-03,42790884.2
2011-11-04,42775917.9
2011-11-05,42772934.13
2011-11-06,42781181.57
2011-11-07,42783322.49
2011-11-08,42758483.97
2011-11-09,41493857.42
2011-11-10,41489807.8
2011-11-11,41465310.38
2011-11-12,41489015.16
2011-11-13,41499222.21
2011-11-14,41437676.39
2011-11-15,41410101.49
2011-11-16,38668215.85
2011-11-17,38501933.95
2011-11-18,38192867.72
2011-11-19,38185625.27
2011-11-20,38227574.09
2011-11-21,38164715.52
2011-11-22,38172947.93
2011-11-23,38160371.83
2011-11-24,38220567.67
2011-11-25,38238004.21
2011-11-26,38110946.59
2011-11-27,38100052.97
2011-11-28,37712054.61
2011-11-29,37898544.7
2011-11-30,38005248.3
2011-12-01,38098129.45
2011-12-02,38147231.12
2011-12-03,38065596.61
2011-12-04,37990281.72
2011-12-05,38034113.75
2011-12-06,38099449.89
2011-12-07,37926023.81
2011-12-08,37932738.42
2011-12-09,37974036.12
2011-12-10,38000339.33
2011-12-11,38095901.11
2011-12-12,38131213.95
2011-12-13,38154234.3
2011-12-14,38117065.39
2011-12-15,38142474.25
2011-12-16,38166631.04
2011-12-17,38188187.83
2011-12-18,38206876.22
2011-12-19,38290590.97
2011-12-20,38472057.5
2011-12-21,38551682.53
2011-12-22,38600985.75
2011-12-23,38668210.98
2011-12-24,38694474.18
2011-12-25,38721216.64
2011-12-26,38787822.82
2011-12-27,38834997.1
2011-12-28,38900624.02
2011-12-29,38947181.02
2011-12-30,39000280.09
2011-12-31,39088725.6
2012-01-01,39163046.68
2012-01-02,39135235.4
2012-01-03,39258433.52
2012-01-04,39408918.56
2012-01-05,39830483.16
2012-01-06,40119547.16
2012-01-07,40233823.72
2012-01-08,40453007.12
2012-01-09,40711703.77
2012-01-10,40798996.98
2012-01-11,40976427.76
2012-01-12,41226012.03
2012-01-13,41382675.69
2012-01-14,41469663.97
2012-01-15,41563494.65
2012-01-16,41715084.25
2012-01-17,41868325.74
2012-01-18,41935568.74
2012-01-19,42064514.89
2012-01-20,42138979.47
2012-01-21,42239068.5
2012-01-22,42289903.03
2012-01-23,42355676.01
2012-01-24,42425997.08
2012-01-25,42490519.26
2012-01-26,42481323.11
2012-01-27,42463878.34
2012-01-28,42372927.38
2012-01-29,42389654.42
2012-01-30,42392210.5
2012-01-31,42368431.67
2012-02-01,42395011.08
2012-02-02,42482713.8
2012-02-03,42567463.26
2012-02-04,42642567.85
2012-02-05,42659153.51
2012-02-06,42625675.85
2012-02-07,42635512.71
2012-02-08,42661570.91
2012-02-09,42702885.44
2012-02-10,42714875.83
2012-02-11,42822609.08
2012-02-12,42856785.47
2012-02-13,42586570.13
2012-02-14,42385213.39
2012-02-15,42317013.97
2012-02-16,42218240.01
2012-02-17,42174975.81
2012-02-18,42038005.49
2012-02-19,42007532.98
2012-02-20,42008127.07
2012-02-21,41986451.43
2012-02-22,41972625.54
2012-02-23,42029721.34
2012-02-24,42087368.52
2012-02-25,42153036.7
2012-02-26,42189246.86
2012-02-27,42235878.68
2012-02-28,42289371.73
2012-02-29,42034723.5
2012-03-01,42074841.42
2012-03-02,42054391.86
2012-03-03,42032867.35
2012-03-04,42058796.69
2012-03-05,42103531.49
2012-03-06,42148806.58
2012-03-07,42193694.94
2012-03-08,42224492.21
2012-03-09,42267082.06
2012-03-10,42291462.82
2012-03-11,42286390.83
2012-03-12,42318556.82
2012-03-13,42382143.29
2012-03-14,42467497.56
2012-03-15,42536162.91
2012-03-16,42622213.83
2012-03-17,42675485.0
2012-03-18,42691545.84
2012-03-19,42693783.47
2012-03-20,42689350.82
2012-03-21,42636465.21
2012-03-22,42631019.96
2012-03-23,42661526.33
2012-03-24,42654090.33
2012-03-25,42647337.3
2012-03-26,42649293.63
2012-03-27,42664254.16
2012-03-28,42698420.86
2012-03-29,42704062.6
2012-03-30,42096389.23
2012-03-31,42144986.35
2012-04-01,42171778.43
2012-04-02,42207313.14
2012-04-03,42107268.87
2012-04-04,42147996.85
2012-04-05,42186383.53
2012-04-06,42238954.47
2012-04-07,42257870.65
2012-04-08,42282635.24
2012-04-09,42326427.39
2012-04-10,42346623.9
2012-04-11,42390459.9
2012-04-12,42442778.49
2012-04-13,42483764.04
2012-04-14,42539336.26
2012-04-15,42588292.53
2012-04-16,42652324.49
2012-04-17,42696544.03
2012-04-18,42770018.6
2012-04-19,42838390.59
2012-04-20,42920667.3
2012-04-21,42972784.29
2012-04-22,43045560.71
2012-04-23,43038826.06
2012-04-24,43072892.66
2012-04-25,43305220.65
2012-04-26,43280104.74
2012-04-27,43310216.77
2012-04-28,43330766.63
2012-04-29,43359274.23
2012-04-30,43288340.37
2012-05-01,43326626.34
2012-05-02,43378732.85
2012-05-03,43426292.3
2012-05-04,43478545.3
2012-05-05,43518715.17
2012-05-06,43458004.37
2012-05-07,43495044.07
2012-05-08,43525098.2
2012-05-09,43570749.58
2012-05-10,43601076.77
2012-05-11,43600258.3
2012-05-12,43753325.49
2012-05-13,43741195.14
2012-05-14,43740452.54
2012-05-15,43759388.52
2012-05-16,43754202.98
2012-05-17,43721167.85
2012-05-18,43685765.67
2012-05-19,43725606.79
2012-05-20,43606676.07
2012-05-21,43517793.54
2012-05-22,43527886.88
2012-05-23,43570949.56
2012-05-24,43487498.63
2012-05-25,43523449.46
2012-05-26,43445380.17
2012-05-27,43491999.82
2012-05-28,43524291.25
2012-05-29,43551375.35
2012-05-30,43584035.85
2012-05-31,43419246.1
2012-06-01,43484465.56
2012-06-02,43535345.28
2012-06-03,43578227.65
2012-06-04,43613236.0
2012-06-05,43697800.61
2012-06-06,43773998.33
2012-06-07,43849178.25
2012-06-08,43941943.88
2012-06-09,44019803.72
2012-06-10,44069846.55
2012-06-11,44148964.9
2012-06-12,44256915.3
2012-06-13,44376847.58
2012-06-14,44432658.06
2012-06-15,44599398.32
2012-06-16,44771149.46
2012-06-17,44896565.4
2012-06-18,44966836.77
2012-06-19,45071501.49
2012-06-20,45128103.52
2012-06-21,45255045.41
2012-06-22,45381344.74
2012-06-23,45467649.47
2012-06-24,45530289.4
2012-06-25,45551176.3
2012-06-26,45653110.65
2012-06-27,45749257.86
2012-06-28,45821493.67
2012-06-29,45898539.23
2012-06-30,45966569.8
2012-07-01,46033623.14
2012-07-02,46125600.18
2012-07-03,46190329.25
2012-07-04,46272809.41
2012-07-05,46359238.42
2012-07-06,46429801.16
2012-07-07,46432556.84
2012-07-08,46537078.68
2012-07-09,46652197.44
2012-07-10,46265725.34
2012-07-11,46417103.58
2012-07-12,46523571.45
2012-07-13,46797177.64
2012-07-14,46533885.82
2012-07-15,46618084.19
2012-07-16,46886189.21
2012-07-17,47444213.67
2012-07-18,47802820.64
2012-07-19,48147848.37
2012-07-20,48208816.2
2012-07-21,48438744.34
2012-07-22,48588518.49
2012-07-23,48730563.96
2012-07-24,48868801.06
2012-07-25,48980900.2
2012-07-26,49202732.76
2012-07-27,49402303.19
2012-07-28,49569821.29
2012-07-29,49739383.82
2012-07-30,49900344.07
2012-07-31,50192487.16
2012-08-01,50413393.49
2012-08-02,50908525.75
2012-08-03,51358758.63
2012-08-04,51705419.7
2012-08-05,51982375.36
2012-08-06,52278310.8
2012-08-07,52467607.47
2012-08-08,52865286.3
2012-08-09,53181721.14
2012-08-10,53396914.46
2012-08-11,53583858.81
2012-08-12,53783538.11
2012-08-13,54093010.68
2012-08-14,54480257.37
2012-08-15,54904177.99
2012-08-16,55533412.82
2012-08-17,56567753.18
2012-08-18,56578404.77
2012-08-19,56198484.81
2012-08-20,56542116.89
2012-08-21,56727294.38
2012-08-22,56925570.91
2012-08-23,56967733.24
2012-08-24,57088856.28
2012-08-25,57288459.07
2012-08-26,57453972.89
2012-08-27,58152107.88
2012-08-28,58454508.85
2012-08-29,58562902.68
2012-08-30,58636681.94
2012-08-31,59273261.03
2012-09-01,59171925.19
2012-09-02,59252381.22
2012-09-03,59377436.53
2012-09-04,59529757.76
2012-09-05,59735174.56
2012-09-06,59957577.91
2012-09-07,60123530.85
2012-09-08,60244924.06
2012-09-09,60467175.18
2012-09-10,61394319.53
2012-09-11,61478919.98
2012-09-12,61709611.84
2012-09-13,61908549.07
2012-09-14,62105928.84
2012-09-15,62366517.51
2012-09-16,62587656.4
2012-09-17,62833549.91
2012-09-18,63086843.48
2012-09-19,63530512.93
2012-09-20,64058676.79
2012-09-21,64288166.58
2012-09-22,64461282.77
2012-09-23,64574906.47
2012-09-24,64728968.08
2012-09-25,64893679.47
2012-09-26,65084185.44
2012-09-27,65353161.53
2012-09-28,65688032.69
2012-09-29,65920253.44
2012-09-30,66094701.39
2012-10-01,66234949.07
2012-10-02,66513428.42
2012-10-03,66874708.6
2012-10-04,67129851.07
2012-10-05,67258642.05
2012-10-06,67367440.51
2012-10-07,67376101.06
2012-10-08,67493329.35
2012-10-09,67613808.88
2012-10-10,67749855.88
2012-10-11,67856034.81
2012-10-12,67982906.62
2012-10-13,68069098.2
2012-10-14,68196449.64
2012-10-15,68245174.55
2012-10-16,68434093.34
2012-10-17,68661329.62
2012-10-18,68803892.51
2012-10-19,68907500.46
2012-10-20,68971003.73
2012-10-21,69217991.27
2012-10-22,69279445.64
2012-10-23,69386750.09
2012-10-24,69497818.28
2012-10-25,69548107.56
2012-10-26,69474777.48
2012-10-27,69417487.3
2012-10-28,69470524.75
2012-10-29,69552213.88
2012-10-30,69631428.64
2012-10-31,69762578.5
2012-11-01,69842967.03
2012-11-02,69856306.92
2012-11-03,69905258.07
2012-11-04,70021335.99
2012-11-05,70110446.38
2012-11-06,70173680.48
2012-11-07,70302564.92
2012-11-08,70388085.89
2012-11-09,70486751.42
2012-11-10,70568536.84
2012-11-11,70663262.27
2012-11-12,70821540.9
2012-11-13,70977806.65
2012-11-14,71094474.21
2012-11-15,71225160.44
2012-11-16,71482901.45
2012-11-17,71656219.8
2012-11-18,71824905.57
2012-11-19,72008213.67
2012-11-20,72154930.63
2012-11-21,72307915.58
2012-11-22,72495325.26
2012-11-23,72709916.68
2012-11-24,72924531.63
2012-11-25,73152276.81
2012-11-26,73421239.99
2012-11-27,73556572.37
2012-11-28,73748775.1
2012-11-29,73884705.71
2012-11-30,74058752.86
2012-12-01,74164082.13
2012-12-02,74246599.69
2012-12-03,74397934.93
2012-12-04,74908670.79
2012-12-05,75258350.8
2012-12-06,75497623.32
2012-12-07,75835711.53
2012-12-08,75963445.17
2012-12-09,76127368.36
2012-12-10,76281239.99
2012-12-11,76463352.18
2012-12-12,76700493.64
2012-12-13,77021632.57
2012-12-14,77210444.73
2012-12-15,77271779.78
2012-12-16,77373818.16
2012-12-17,77406364.11
2012-12-18,77509664.93
2012-12-19,77659720.41
2012-12-20,77846229.48
2012-12-21,77998156.91
2012-12-22,78059448.21
2012-12-23,78097458.81
2012-12-24,78139660.28
2012-12-25,78191043.15
2012-12-26,78261008.29
2012-12-27,78322881.23
2012-12-28,78429188.7
2012-12-29,78505044.88
2012-12-30,78598691.93
2012-12-31,78856219.05
2013-01-01,78930369.56
2013-01-02,79000115.66
2013-01-03,79084922.98
2013-01-04,79221017.35
2013-01-05,79280399.31
2013-01-06,79328424.79
2013-01-07,79412481.21
2013-01-08,79623515.18
2013-01-09,79778236.35
2013-01-10,80093616.15
2013-01-11,80317430.07
2013-01-12,80445981.72
2013-01-13,80568627.61
2013-01-14,80704294.43
2013-01-15,80954251.72
2013-01-16,81224220.17
2013-01-17,81719004.8
2013-01-18,82162267.87
2013-01-19,82393728.4
2013-01-20,82584216.46
2013-01-21,83156550.79
2013-01-22,84288702.2
2013-01-23,84767862.77
2013-01-24,85722357.04
2013-01-25,85833342.82
2013-01-26,86017786.66
2013-01-27,86757181.35
2013-01-28,87364277.78
2013-01-29,88729211.06
2013-01-30,89856714.1
2013-01-31,91263559.38
2013-02-01,93312443.76
2013-02-02,93636641.65
2013-02-03,94021218.32
2013-02-04,94492149.28
2013-02-05,95028206.91
2013-02-06,95625459.45
2013-02-07,96216708.15
2013-02-08,97329933.45
2013-02-09,98190342.82
2013-02-10,98729808.0
2013-02-11,99430511.53
2013-02-12,100527900.99
2013-02-13,102030063.12
2013-02-14,103336140.1
2013-02-15,105075810.55
2013-02-16,106107580.36
2013-02-17,106991674.95
2013-02-18,107745247.99
2013-02-19,109032447.44
2013-02-20,110508800.11
2013-02-21,111537329.17
2013-02-22,112927247.28
2013-02-23,113474492.88
2013-02-24,114373792.08
2013-02-25,117371996.97
2013-02-26,118633001.63
2013-02-27,119292466.51
2013-02-28,122347752.93
2013-03-01,123962495.63
2013-03-02,124903019.57
2013-03-03,125585707.4
2013-03-04,127040576.74
2013-03-05,130880725.5
2013-03-06,138234043.31
2013-03-07,140502714.03
2013-03-08,141797806.2
2013-03-09,144069255.96
2013-03-10,145776767.15
2013-03-11,147745107.61
2013-03-12,149168376.67
2013-03-13,151424045.63
2013-03-14,153440363.76
2013-03-15,155327289.93
2013-03-16,156432653.51
2013-03-17,157549553.91
2013-03-18,159184596.83
2013-03-19,164869544.68
2013-03-20,170746263.68
2013-03-21,180086616.82
2013-03-22,186776508.79
2013-03-23,188442901.07
2013-03-24,192427297.03
2013-03-25,199862297.95
2013-03-26,205393423.43
2013-03-27,213927714.44
2013-03-28,223819096.66
2013-03-29,229615466.63
2013-03-30,237283501.33
2013-03-31,240713013.18
2013-04-01,253592755.83
2013-04-02,265466187.78
2013-04-03,294053326.28
2013-04-04,305712684.15
2013-04-05,329154636.86
2013-04-06,337669426.29
2013-04-07,349222914.33
2013-04-08,379733755.97
2013-04-09,439473161.46
2013-04-10,474549977.09
2013-04-11,450349748.8
2013-04-12,419997861.78
2013-04-13,423059183.54
2013-04-14,423698240.77
2013-04-15,420785981.0
2013-04-16,413791685.08
2013-04-17,417492369.74
2013-04-18,421275163.77
2013-04-19,430500763.92
2013-04-20,436792493.97
2013-04-21,442717382.54
2013-04-22,447144117.19
2013-04-23,455353241.48
2013-04-24,473456241.91
2013-04-25,494479831.97
2013-04-26,497400214.71
2013-04-27,502506322.26
2013-04-28,505125744.95
2013-04-29,512410923.72
2013-04-30,516585304.84
2013-05-01,514164131.93
2013-05-02,511860414.49
2013-05-03,508749177.84
2013-05-04,509665116.34
2013-05-05,511882807.3
2013-05-06,514511445.06
2013-05-07,514633080.42
2013-05-08,515340456.76
2013-05-09,515997708.38
2013-05-10,515764841.84
2013-05-11,518551733.25
2013-05-12,519761041.92
2013-05-13,521110932.94
2013-05-14,521743350.86
2013-05-15,522990309.53
2013-05-16,523522434.66
2013-05-17,524925177.64
2013-05-18,528331488.39
2013-05-19,529276176.31
2013-05-20,530448364.31
2013-05-21,531440613.06
2013-05-22,532738658.03
2013-05-23,534493265.41
2013-05-24,537492047.52
2013-05-25,543620290.35
2013-05-26,544680605.3
2013-05-27,546439865.29
2013-05-28,547796876.09
2013-05-29,550662944.02
2013-05-30,552948695.35
2013-05-31,555170754.78
2013-06-01,556875348.68
2013-06-02,558255541.86
2013-06-03,559459612.63
2013-06-04,561158048.01
2013-06-05,563306237.12
2013-06-06,566946358.84
2013-06-07,567007426.0
2013-06-08,567081202.71
2013-06-09,566364571.31
2013-06-10,566465466.82
2013-06-11,567874344.78
2013-06-12,568510170.04
2013-06-13,568457451.45
2013-06-14,568203150.78
2013-06-15,568393904.42
2013-06-16,568849478.79
2013-06-17,568898701.5
2013-06-18,569424882.46
2013-06-19,570014323.47
2013-06-20,570531554.3
2013-06-21,570367774.01
2013-06-22,570662520.99
2013-06-23,570826571.49
2013-06-24,571329891.69
2013-06-25,571858291.58
2013-06-26,572315179.51
2013-06-27,572388797.08
2013-06-28,571862235.03
2013-06-29,571726795.53
2013-06-30,571279330.39
2013-07-01,571958544.4
2013-07-02,572514181.99
2013-07-03,571695759.83
2013-07-04,570404930.83
2013-07-05,566155804.23
2013-07-06,562256943.19
2013-07-07,561911317.04
2013-07-08,562538337.02
2013-07-09,562310867.51
2013-07-10,564471437.34
2013-07-11,565717444.8
2013-07-12,568218622.99
2013-07-13,569935808.4
2013-07-14,570778845.67
2013-07-15,571566246.02
2013-07-16,571776035.71
2013-07-17,571616705.43
2013-07-18,569928888.43
2013-07-19,569557148.68
2013-07-20,569679189.18
2013-07-21,569824549.13
2013-07-22,569895321.69
2013-07-23,570296082.07
2013-07-24,570810203.78
2013-07-25,571584362.83
2013-07-26,572061931.68
2013-07-27,572473309.6
2013-07-28,573191229.09
2013-07-29,572950041.35
2013-07-30,573997892.71
2013-07-31,575998395.6
2013-08-01,576906924.15
2013-08-02,579281842.88
2013-08-03,583531970.46
2013-08-04,584276331.41
2013-08-05,585825386.25
2013-08-06,586403504.82
2013-08-07,587131529.97
2013-08-08,587592189.32
2013-08-09,588056964.86
2013-08-10,588710423.57
2013-08-11,589307927.28
2013-08-12,589607025.56
2013-08-13,592768093.25
2013-08-14,593953603.63
2013-08-15,595546659.53
2013-08-16,596305887.38
2013-08-17,597363153.68
2013-08-18,598098722.2
2013-08-19,599603471.47
2013-08-20,600997673.53
2013-08-21,602798292.17
2013-08-22,604460344.13
2013-08-23,605887651.89
2013-08-24,606735467.36
2013-08-25,607985190.07
2013-08-26,609438001.65
2013-08-27,611794234.32
2013-08-28,613997539.73
2013-08-29,616602529.24
2013-08-30,619497435.56
2013-08-31,623220753.56
2013-09-01,626088585.66
2013-09-02,629128533.75
2013-09-03,633813914.86
2013-09-04,635084452.94
2013-09-05,635775891.82
2013-09-06,636851513.1
2013-09-07,637757259.53
2013-09-08,638463512.96
2013-09-09,640769498.06
2013-09-10,642440621.61
2013-09-11,644644160.36
2013-09-12,648872334.49
2013-09-13,650529575.35
2013-09-14,653565931.19
2013-09-15,654641692.16
2013-09-16,656437999.91
2013-09-17,657675808.12
2013-09-18,659527879.22
2013-09-19,664217089.44
2013-09-20,665119263.79
2013-09-21,665830160.99
2013-09-22,667529546.08
2013-09-23,668522504.69
2013-09-24,670016662.72
2013-09-25,671665214.8
2013-09-26,672828521.44
2013-09-27,674089467.56
2013-09-28,675096252.64
2013-09-29,676357176.73
2013-09-30,677816416.69
2013-10-01,679490324.73
2013-10-02,678318398.41
2013-10-03,678809811.73
2013-10-04,680435786.94
2013-10-05,681663051.58
2013-10-06,682859136.49
2013-10-07,688971510.27
2013-10-08,689964273.54
2013-10-09,692036427.86
2013-10-10,693140646.87
2013-10-11,694618321.72
2013-10-12,696096208.83
2013-10-13,697900415.84
2013-10-14,701069130.8
2013-10-15,704595340.05
2013-10-16,710498702.04
2013-10-17,713324874.32
2013-10-18,717086792.78
2013-10-19,723608892.55
2013-10-20,727794934.31
2013-10-21,743267102.81
2013-10-22,759636742.75
2013-10-23,775195862.24
2013-10-24,782216086.93
2013-10-25,809161525.35
2013-10-26,812158789.31
2013-10-27,815946175.34
2013-10-28,820233989.14
2013-10-29,831330364.39
2013-10-30,836124928.7
2013-10-31,841528425.28
2013-11-01,847277656.88
2013-11-02,850679013.6
2013-11-03,855347129.49
2013-11-04,876780952.33
2013-11-05,895371113.5
2013-11-06,908528426.15
2013-11-07,944894700.35
2013-11-08,976751579.93
2013-11-09,1003481907.73
2013-11-10,1012858679.72
2013-11-11,1033552061.23
2013-11-12,1058054754.52
2013-11-13,1093061909.24
2013-11-14,1130071204.2
2013-11-15,1159807729.02
2013-11-16,1183043820.95
2013-11-17,1216442285.09
2013-11-18,1294889027.16
2013-11-19,1385995207.68
2013-11-20,1433213428.04
2013-11-21,1493934788.14
2013-11-22,1649616932.27
2013-11-23,1759168900.31
2013-11-24,1805184335.47
2013-11-25,1882377129.27
2013-11-26,2104827140.92
2013-11-27,2225876226.45
2013-11-28,2367877163.11
2013-11-29,2512995596.44
2013-11-30,2597717254.92
2013-12-01,2637919450.06
2013-12-02,2694625559.05
2013-12-03,2753622002.75
2013-12-04,2829473487.62
2013-12-05,2893810386.92
2013-12-06,2918802629.35
2013-12-07,2932413538.12
2013-12-08,2943849031.98
2013-12-09,2965249587.22
2013-12-10,2995607624.82
2013-12-11,3041265865.02
2013-12-12,3053331223.51
2013-12-13,3083324515.94
2013-12-14,3083348647.27
2013-12-15,3099141216.93
2013-12-16,3107755373.27
2013-12-17,3108636492.95
2013-12-18,3100345040.63
2013-12-19,3089559555.18
2013-12-20,3099237049.29
2013-12-21,3157824416.42
2013-12-22,3120356614.76
2013-12-23,3128255790.94
2013-12-24,3142893400.86
2013-12-25,3201151611.12
2013-12-26,3217363096.08
2013-12-27,3237737228.96
2013-12-28,3242452050.56
2013-12-29,3247577592.67
2013-12-30,3250636874.0
2013-12-31,3250866324.0
2014-01-01,3253243197.35
2014-01-02,3265973988.02
2014-01-03,3285475500.47
2014-01-04,3340439994.56
2014-01-05,3372049993.81
2014-01-06,3400210813.64
2014-01-07,3417997601.76
2014-01-08,3448075109.76
2014-01-09,3459079433.69
2014-01-10,3466258702.49
2014-01-11,3496124092.17
2014-01-12,3514702901.53
2014-01-13,3521678172.06
2014-01-14,3539227575.72
2014-01-15,3563186760.08
2014-01-16,3579580543.13
2014-01-17,3586066826.75
2014-01-18,3591678811.25
2014-01-19,3601450543.4
2014-01-20,3612865044.95
2014-01-21,3620410166.65
2014-01-22,3634008374.52
2014-01-23,3640599826.57
2014-01-24,3649806164.59
2014-01-25,3659536519.03
2014-01-26,3666327384.64
2014-01-27,3674489732.97
2014-01-28,3680534088.55
2014-01-29,3689812098.58
2014-01-30,3697933192.23
2014-01-31,3703942268.12
2014-02-01,3721499257.88
2014-02-02,3728145126.68
2014-02-03,3735023660.92
2014-02-04,3739258096.7
2014-02-05,3865606815.84
2014-02-06,3874829837.57
2014-02-07,3868905899.87
2014-02-08,3868858838.6
2014-02-09,3872109658.71
2014-02-10,3870461607.49
2014-02-11,3871393173.84
2014-02-12,3868727953.64
2014-02-13,3868531037.4
2014-02-14,3871614014.43
2014-02-15,3873562456.97
2014-02-16,3874348588.48
2014-02-17,3874938799.45
2014-02-18,3877477076.82
2014-02-19,3873098946.53
2014-02-20,3872520945.87
2014-02-21,3872188535.48
2014-02-22,3871737432.63
2014-02-23,3875109838.44
2014-02-24,3860242621.87
2014-02-25,3819854077.53
2014-02-26,3826363858.06
2014-02-27,3825667163.53
2014-02-28,3835669515.16
2014-03-01,3832154658.74
2014-03-02,3830474098.3
2014-03-03,3837610397.7
2014-03-04,3845286820.21
2014-03-05,3852199229.57
2014-03-06,3860376880.99
2014-03-07,3989113834.31
2014-03-08,3993197183.23
2014-03-09,4068276418.71
2014-03-10,4081056594.55
2014-03-11,4086796387.44
2014-03-12,4099860400.83
2014-03-13,4105326538.37
2014-03-14,4106113456.12
2014-03-15,4107355828.3
2014-03-16,4110709384.72
2014-03-17,4113195982.89
2014-03-18,4117348490.13
2014-03-19,4119720598.15
2014-03-20,4118962360.02
2014-03-21,4135591827.33
2014-03-22,4137290161.62
2014-03-23,4139200704.17
2014-03-24,4141874868.22
2014-03-25,4147132763.78
2014-03-26,4149942452.65
2014-03-27,4148350437.08
2014-03-28,4141500460.21
2014-03-29,4141556979.21
2014-03-30,4135273530.43
2014-03-31,4125934883.33
2014-04-01,4125538142.36
2014-04-02,4120780322.14
2014-04-03,4119071357.29
2014-04-04,4117425737.8
2014-04-05,4102119603.71
2014-04-06,4104115932.96
2014-04-07,4103742103.5
2014-04-08,4101704602.57
2014-04-09,4104071567.81
2014-04-10,4087934042.26
2014-04-11,4075749843.03
2014-04-12,4076260918.44
2014-04-13,4077039796.22
2014-04-14,4079971294.38
2014-04-15,4082790202.63
2014-04-16,4103027015.36
2014-04-17,4111733160.85
2014-04-18,4109571352.53
2014-04-19,4111981829.08
2014-04-20,4111468446.12
2014-04-21,4113585270.74
2014-04-22,4112225925.24
2014-04-23,4120847270.99
2014-04-24,4123098012.59
2014-04-25,4120806182.36
2014-04-26,4121715706.52
2014-04-27,4122672836.15
2014-04-28,4119240876.38
2014-04-29,4118988033.0
2014-04-30,4119455269.42
2014-05-01,4121060151.56
2014-05-02,4121795614.1
2014-05-03,4121640553.66
2014-05-04,4121697649.87
2014-05-05,4119753697.61
2014-05-06,4117994009.58
2014-05-07,4118286236.96
2014-05-08,4119627884.03
2014-05-09,4121361753.99
2014-05-10,4123187996.3
2014-05-11,4123905230.61
2014-05-12,4124249950.9
2014-05-13,4123858199.1
2014-05-14,4122604775.04
2014-05-15,4124222246.11
2014-05-16,4124147246.19
2014-05-17,4125600291.78
2014-05-18,4127509202.23
2014-05-19,4127963986.24
2014-05-20,4133076210.74
2014-05-21,4138167577.5
2014-05-22,4145764648.13
2014-05-23,4152024262.65
2014-05-24,4154975484.64
2014-05-25,4170237678.39
2014-05-26,4177125798.74
2014-05-27,4214182879.26
2014-05-28,4220330633.44
2014-05-29,4223774944.95
2014-05-30,4244912653.43
2014-05-31,4254446767.93
2014-06-01,4264832283.15
2014-06-02,4284070578.81
2014-06-03,4296638464.72
2014-06-04,4303794615.02
2014-06-05,4312966444.02
2014-06-06,4323942393.93
2014-06-07,4329017822.43
2014-06-08,4335314947.13
2014-06-09,4345603407.19
2014-06-10,4356129512.32
2014-06-11,4363118574.82
2014-06-12,4433118530.48
2014-06-13,4436470990.7
2014-06-14,4436412031.8
2014-06-15,4438470432.69
2014-06-16,4444387671.83
2014-06-17,4447397621.85
2014-06-18,4451851826.62
2014-06-19,4454960158.45
2014-06-20,4458050028.18
2014-06-21,4461091287.79
2014-06-22,4465198151.87
2014-06-23,4469532787.9
2014-06-24,4475241698.09
2014-06-25,4476196992.34
2014-06-26,4481747175.19
2014-06-27,4486827126.22
2014-06-28,4490774410.74
2014-06-29,4501287138.09
2014-06-30,4511410203.04
2014-07-01,4521610120.04
2014-07-02,4534262457.5
2014-07-03,4543500659.78
2014-07-04,4547914557.68
2014-07-05,4551836117.5
2014-07-06,4555483350.48
2014-07-07,4559856506.88
2014-07-08,4562525622.66
2014-07-09,4572099164.14
2014-07-10,4576394397.37
2014-07-11,4580305953.98
2014-07-12,4584541923.61
2014-07-13,4588496901.27
2014-07-14,4591053552.49
2014-07-15,4594991384.97
2014-07-16,4597918152.1
2014-07-17,4602737622.34
2014-07-18,4607262613.6
2014-07-19,4609441183.23
2014-07-20,4612709441.85
2014-07-21,4619627670.03
2014-07-22,4623172210.43
2014-07-23,4629791563.17
2014-07-24,4632778783.95
2014-07-25,4635460474.44
2014-07-26,4637177072.06
2014-07-27,4639915601.44
2014-07-28,4640917582.19
2014-07-29,4641402217.24
2014-07-30,4641491253.46
2014-07-31,4645098960.84
2014-08-01,4652975410.17
2014-08-02,4656371273.93
2014-08-03,4658054717.15
2014-08-04,4664436098.66
2014-08-05,4693256677.0
2014-08-06,4696364456.68
2014-08-07,4700082570.13
2014-08-08,4703372212.35
2014-08-09,4707389767.2
2014-08-10,4710936015.67
2014-08-11,4713720106.35
2014-08-12,4715691157.46
2014-08-13,4715759421.19
2014-08-14,4708925851.05
2014-08-15,4707601773.84
2014-08-16,4708481529.82
2014-08-17,4710921335.76
2014-08-18,4701155631.72
2014-08-19,4701276949.14
2014-08-20,4703528712.36
2014-08-21,4704879560.45
2014-08-22,4706897184.66
2014-08-23,4704652694.96
2014-08-24,4705997532.52
2014-08-25,4706920463.14
2014-08-26,4709701616.73
2014-08-27,4711576178.69
2014-08-28,4694240801.9
2014-08-29,4693520133.76
2014-08-30,4695301838.63
2014-08-31,4696736682.43
2014-09-01,4699097608.1
2014-09-02,4696840603.02
2014-09-03,4697417873.37
2014-09-04,4699690874.18
2014-09-05,4701884698.11
2014-09-06,4705666412.76
2014-09-07,4703810830.21
2014-09-08,4703120555.19
2014-09-09,4699530151.08
2014-09-10,4699666621.08
2014-09-11,4700154317.2
2014-09-12,4698176558.72
2014-09-13,4699774898.82
2014-09-14,4701607965.9
2014-09-15,4701488810.16
2014-09-16,4701652966.0
2014-09-17,4701972583.49
2014-09-18,4695195627.0
2014-09-19,4685260712.11
2014-09-20,4676959864.82
2014-09-21,4675569510.14
2014-09-22,4673623632.19
2014-09-23,4671650630.86
2014-09-24,4671691454.45
2014-09-25,4670550378.32
2014-09-26,4664373591.19
2014-09-27,4663086849.34
2014-09-28,4662816536.06
2014-09-29,4651284040.81
2014-09-30,4647665539.24
2014-10-01,4644023779.84
2014-10-02,4641491510.73
2014-10-03,4627329829.61
2014-10-04,4620188784.22
2014-10-05,4614750023.44
2014-10-06,4577817729.62
2014-10-07,4571880300.57
2014-10-08,4573320731.48
2014-10-09,4570613825.7
2014-10-10,4567409784.31
2014-10-11,4567574883.18
2014-10-12,4560869659.75
2014-10-13,4568924575.9
2014-10-14,4572874153.01
2014-10-15,4563731366.74
2014-10-16,4564678490.93
2014-10-17,4560611423.78
2014-10-18,4562885289.05
2014-10-19,4564197870.61
2014-10-20,4564029963.95
2014-10-21,4564564762.8
2014-10-22,4563872756.37
2014-10-23,4560592711.11
2014-10-24,4554689336.83
2014-10-25,4552168065.06
2014-10-26,4551551361.02
2014-10-27,4548705954.0
2014-10-28,4548126329.64
2014-10-29,4543481559.83
2014-10-30,4540503225.93
2014-10-31,4535315283.79
2014-11-01,4533440144.14
2014-11-02,4532076646.55
2014-11-03,4529097727.08
2014-11-04,4524101412.74
2014-11-05,4523471401.29
2014-11-06,4524846650.74
2014-11-07,4528844297.26
2014-11-08,4530088459.42
2014-11-09,4527662108.9
2014-11-10,4529569905.29
2014-11-11,4529318428.78
2014-11-12,4535239245.48
2014-11-13,4552340815.56
2014-11-14,4551045867.55
2014-11-15,4551364900.15
2014-11-16,4552589302.28
2014-11-17,4551579192.23
2014-11-18,4550451314.63
2014-11-19,4547842490.31
2014-11-20,4542486319.55
2014-11-21,4539143882.92
2014-11-22,4539521874.49
2014-11-23,4539981828.78
2014-11-24,4542270473.79
2014-11-25,4542390627.88
2014-11-26,4541101931.31
2014-11-27,4541361044.19
2014-11-28,4496309827.49
2014-11-29,4497046879.51
2014-11-30,4498712110.86
2014-12-01,4499080754.07
2014-12-02,4496503630.94
2014-12-03,4497011908.93
2014-12-04,4484176769.11
2014-12-05,4484587455.01
2014-12-06,4485326023.73
2014-12-07,4485810324.91
2014-12-08,4450066824.63
2014-12-09,4450813077.65
2014-12-10,4442053182.88
2014-12-11,4441333179.18
2014-12-12,4440862452.09
2014-12-13,4440359128.1
2014-12-14,4441196091.1
2014-12-15,4438791672.44
2014-12-16,4437136565.32
2014-12-17,4433197919.65
2014-12-18,4427987063.25
2014-12-19,4423763779.99
2014-12-20,4422263304.74
2014-12-21,4411915123.36
2014-12-22,4411146828.21
2014-12-23,4412003662.82
2014-12-24,4392323255.17
2014-12-25,4391920653.27
2014-12-26,4391951628.75
2014-12-27,4391417755.17
2014-12-28,4391558451.1
2014-12-29,4387370050.47
2014-12-30,4369621206.35
2014-12-31,4363709080.46
2015-01-01,4364454662.18
2015-01-02,4364499579.39
2015-01-03,4357325610.34
2015-01-04,4349903934.32
2015-01-05,4341468701.64
2015-01-06,4340911453.35
2015-01-07,4340307967.45
2015-01-08,4333674846.12
2015-01-09,4323964768.73
2015-01-10,4322055328.13
2015-01-11,4322196127.45
2015-01-12,4319263371.19
2015-01-13,4308829559.35
2015-01-14,4264886634.63
2015-01-15,4253510001.53
2015-01-16,4248766089.57
2015-01-17,4247408074.01
2015-01-18,4244427668.5
2015-01-19,4246336754.59
2015-01-20,4244968568.1
2015-01-21,4222138152.56
2015-01-22,4221569280.77
2015-01-23,4220196336.41
2015-01-24,4219972015.63
2015-01-25,4221460622.33
2015-01-26,4214534603.18
2015-01-27,4212423952.65
2015-01-28,4215238811.66
2015-01-29,4210005443.11
2015-01-30,4206085309.72
2015-01-31,4200784272.44
2015-02-01,4198702993.69
2015-02-02,4195895854.43
2015-02-03,4196389065.25
2015-02-04,4192704373.01
2015-02-05,4188794091.99
2015-02-06,4188120373.26
2015-02-07,4187520766.23
2015-02-08,4186773276.95
2015-02-09,4183661661.68
2015-02-10,4182074867.6
2015-02-11,4178871717.41
2015-02-12,4177627572.72
2015-02-13,4178535382.02
2015-02-14,4179087561.11
2015-02-15,4180564858.64
2015-02-16,4178873961.76
2015-02-17,4178938670.17
2015-02-18,4178981712.48
2015-02-19,4170958519.7
2015-02-20,4177885808.68
2015-02-21,4178425497.41
2015-02-22,4177645700.05
2015-02-23,4175193022.63
2015-02-24,4173750649.65
2015-02-25,4169309777.95
2015-02-26,4168718583.86
2015-02-27,4170615449.25
2015-02-28,4170167272.97
2015-03-01,4172746929.56
2015-03-02,4174185550.72
2015-03-03,4170310666.02
2015-03-04,4173296961.92
2015-03-05,4170489173.29
2015-03-06,4172690316.88
2015-03-07,4168075394.08
2015-03-08,4162757991.06
2015-03-09,4158382827.27
2015-03-10,4169357486.84
2015-03-11,4173335336.88
2015-03-12,4181648722.75
2015-03-13,4177321886.28
2015-03-14,4177744516.87
2015-03-15,4178521383.01
2015-03-16,4177924870.82
2015-03-17,4179240684.76
2015-03-18,4175683800.97
2015-03-19,4172557155.67
2015-03-20,4171592526.67
2015-03-21,4171660882.28
2015-03-22,4171424184.76
2015-03-23,4171077587.07
2015-03-24,4168624872.0
2015-03-25,4165657301.44
2015-03-26,4163862280.05
2015-03-27,4162696024.04
2015-03-28,4162917466.76
2015-03-29,4162607139.74
2015-03-30,4160912305.03
2015-03-31,4160193671.63
2015-04-01,4150645953.28
2015-04-02,4151869242.11
2015-04-03,4151288022.77
2015-04-04,4152231336.12
2015-04-05,4153045861.64
2015-04-06,4153639434.36
2015-04-07,4153659268.33
2015-04-08,4152910619.24
2015-04-09,4149866687.92
2015-04-10,4140209479.35
2015-04-11,4139854279.8
2015-04-12,4138703036.75
2015-04-13,4134540837.99
2015-04-14,4131156450.29
2015-04-15,4117914259.75
2015-04-16,4117177222.12
2015-04-17,4115314035.68
2015-04-18,4115204225.95
2015-04-19,4115409868.21
2015-04-20,4113932228.03
2015-04-21,4112252393.11
2015-04-22,4112676030.3
2015-04-23,4113569777.85
2015-04-24,4112731497.46
2015-04-25,4112693874.3
2015-04-26,4111138642.1
2015-04-27,4109109522.79
2015-04-28,4108829530.66
2015-04-29,4108407422.42
2015-04-30,4109386573.13
2015-05-01,4109712533.16
2015-05-02,4110131387.4
2015-05-03,4111534146.25
2015-05-04,4111971213.45
2015-05-05,4111142716.0
2015-05-06,4111402421.44
2015-05-07,4110613161.28
2015-05-08,4111636010.37
2015-05-09,4112313939.78
2015-05-10,4112712973.85
2015-05-11,4110044042.94
2015-05-12,4109446818.37
2015-05-13,4109785982.44
2015-05-14,4108976540.82
2015-05-15,4108982505.38
2015-05-16,4109027171.59
2015-05-17,4109622387.79
2015-05-18,4108983983.28
2015-05-19,4108362181.07
2015-05-20,4108426626.58
2015-05-21,4108644380.53
2015-05-22,4108671625.85
2015-05-23,4108167668.1
2015-05-24,4108893126.22
2015-05-25,4107786082.39
2015-05-26,4107592311.48
2015-05-27,4106712993.28
2015-05-28,4105258637.92
2015-05-29,4105636634.46
2015-05-30,4093836179.19
2015-05-31,4092634912.24
2015-06-01,4088858813.61
2015-06-02,4086438599.4
2015-06-03,4085338531.52
2015-06-04,4084360401.14
2015-06-05,4084151945.82
2015-06-06,4084563876.71
2015-06-07,4082380373.99
2015-06-08,4082633027.47
2015-06-09,4083337495.53
2015-06-10,4082401146.9
2015-06-11,4081462196.76
2015-06-12,4082120062.95
2015-06-13,4081091145.25
2015-06-14,4081241585.07
2015-06-15,4081863675.62
2015-06-16,4084434311.72
2015-06-17,4086518867.36
2015-06-18,4087832268.18
2015-06-19,4088289481.18
2015-06-20,4088984519.1
2015-06-21,4090106550.61
2015-06-22,4091009622.23
2015-06-23,4091169419.14
2015-06-24,4090472874.32
2015-06-25,4089963990.83
2015-06-26,4089971432.74
2015-06-27,4091232025.54
2015-06-28,4092496558.9
2015-06-29,4094304727.64
2015-06-30,4098323545.52
2015-07-01,4099261847.53
2015-07-02,4099344432.27
2015-07-03,4094040146.97
2015-07-04,4095181704.38
2015-07-05,4096030167.52
2015-07-06,4099330026.65
2015-07-07,4101831832.74
2015-07-08,4103429187.69
2015-07-09,4100942557.87
2015-07-10,4105392869.78
2015-07-11,4108091189.69
2015-07-12,4114475038.99
2015-07-13,4114833455.98
2015-07-14,4116703345.62
2015-07-15,4118317985.49
2015-07-16,4117971573.74
2015-07-17,4118908886.07
2015-07-18,4118798859.84
2015-07-19,4119465867.34
2015-07-20,4117001638.99
2015-07-21,4117280881.43
2015-07-22,4117941713.8
2015-07-23,4119442826.7
2015-07-24,4121720324.72
2015-07-25,4124419778.06
2015-07-26,4126503777.22
2015-07-27,4128150522.63
2015-07-28,4130210736.75
2015-07-29,4130539200.12
2015-07-30,4130276088.21
2015-07-31,4131931962.1
2015-08-01,4132444564.62
2015-08-02,4133384596.89
2015-08-03,4134554762.27
2015-08-04,4133774516.75
2015-08-05,4134358442.86
2015-08-06,4134752463.84
2015-08-07,4135187931.69
2015-08-08,4137319761.41
2015-08-09,4117406284.92
2015-08-10,4116859726.1
2015-08-11,4117127993.37
2015-08-12,4117699157.15
2015-08-13,4117291887.95
2015-08-14,4115759432.26
2015-08-15,4115154030.08
2015-08-16,4112751842.42
2015-08-17,4111746360.38
2015-08-18,4109286114.48
2015-08-19,4101139253.91
2015-08-20,4096382984.59
2015-08-21,4093276024.53
2015-08-22,4090952057.34
2015-08-23,4091462446.4
2015-08-24,4082453759.76
2015-08-25,4060743113.22
2015-08-26,4053569522.83
2015-08-27,4053360911.73
2015-08-28,4053923013.86
2015-08-29,4053241261.98
2015-08-30,4053373295.63
2015-08-31,4053571125.6
2015-09-01,4052788486.32
2015-09-02,4052064865.36
2015-09-03,4049977976.98
2015-09-04,4049869396.54
2015-09-05,4050518368.82
2015-09-06,4051897382.11
2015-09-07,4053045123.31
2015-09-08,4054508710.75
2015-09-09,4055119182.17
2015-09-10,4052494165.25
2015-09-11,4052987002.73
2015-09-12,4053142463.66
2015-09-13,4052724459.01
2015-09-14,4051823087.74
2015-09-15,4051477672.16
2015-09-16,4051046744.56
2015-09-17,4051482638.94
2015-09-18,4052035457.74
2015-09-19,4052028971.55
2015-09-20,4052059502.9
2015-09-21,4052514088.19
2015-09-22,4052491526.67
2015-09-23,4049550773.06
2015-09-24,4050259419.92
2015-09-25,4050978537.52
2015-09-26,4051382607.82
2015-09-27,4051901652.76
2015-09-28,4051623631.02
2015-09-29,4052746813.54
2015-09-30,4053336954.78
2015-10-01,4053070097.77
2015-10-02,4053933729.05
2015-10-03,4055064151.39
2015-10-04,4055583545.48
2015-10-05,4056120648.46
2015-10-06,4057641408.59
2015-10-07,4056200807.09
2015-10-08,4055414831.51
2015-10-09,4056157590.38
2015-10-10,4056648139.69
2015-10-11,4057372797.96
2015-10-12,4054026424.89
2015-10-13,4055596194.54
2015-10-14,4054139450.54
2015-10-15,4056000551.15
2015-10-16,4059187434.45
2015-10-17,4062729466.02
2015-10-18,4064411748.71
2015-10-19,4065717412.22
2015-10-20,4069319796.0
2015-10-21,4071134605.9
2015-10-22,4073480930.55
2015-10-23,4076777155.92
2015-10-24,4079686229.18
2015-10-25,4084968350.95
2015-10-26,4086998632.44
2015-10-27,4092849864.17
2015-10-28,4100546206.91
2015-10-29,4110814485.06
2015-10-30,4127119279.39
2015-10-31,4133339171.66
2015-11-01,4140348203.09
2015-11-02,4155149540.73
2015-11-03,4186810370.48
2015-11-04,4245515673.63
2015-11-05,4259494209.61
2015-11-06,4258080286.98
2015-11-07,4268553515.59
2015-11-08,4270215176.68
2015-11-09,4275914106.56
2015-11-10,4266055289.63
2015-11-11,4252206839.94
2015-11-12,4252347950.01
2015-11-13,4255954767.53
2015-11-14,4257503906.58
2015-11-15,4257255140.27
2015-11-16,4256295939.53
2015-11-17,4264753386.0
2015-11-18,4266642289.96
2015-11-19,4266910669.11
2015-11-20,4266159414.16
2015-11-21,4267549061.56
2015-11-22,4269807989.85
2015-11-23,4270530744.31
2015-11-24,4271018342.84
2015-11-25,4272274355.58
2015-11-26,4279405164.36
2015-11-27,4285707268.65
2015-11-28,4288623005.97
2015-11-29,4292783729.47
2015-11-30,4304258095.13
2015-12-01,4307719780.84
2015-12-02,4308895174.98
2015-12-03,4311720857.26
2015-12-04,4314698508.9
2015-12-05,4321548128.0
2015-12-06,4332155272.41
2015-12-07,4340368626.85
2015-12-08,4348098134.61
2015-12-09,4368082699.99
2015-12-10,4376698948.72
2015-12-11,4392032016.2
2015-12-12,4398847788.46
2015-12-13,4405401394.15
2015-12-14,4421588546.69
2015-12-15,4437642681.37
2015-12-16,4444697813.92
2015-12-17,4452053037.31
2015-12-18,4459709860.9
2015-12-19,4470934223.08
2015-12-20,4474097614.97
2015-12-21,4475400958.97
2015-12-22,4479175074.94
2015-12-23,4484991768.52
2015-12-24,4494818908.12
2015-12-25,4503809055.31
2015-12-26,4502338758.17
2015-12-27,4503506254.27
2015-12-28,4504759628.14
2015-12-29,4506898869.47
2015-12-30,4509579931.92
2015-12-31,4514322820.37
2016-01-01,4517637088.54
2016-01-02,4519982205.5
2016-01-03,4523645146.81
2016-01-04,4528006066.49
2016-01-05,4531519731.39
2016-01-06,4534712855.22
2016-01-07,4552611504.95
2016-01-08,4559909999.31
2016-01-09,4563247080.43
2016-01-10,4573003571.92
2016-01-11,4580157040.1
2016-01-12,4585507055.92
2016-01-13,4584531007.29
2016-01-14,4585884225.61
2016-01-15,4577654503.47
2016-01-16,4572690418.45
2016-01-17,4574391815.48
2016-01-18,4572055629.64
2016-01-19,4572329323.31
2016-01-20,4578132935.94
2016-01-21,4582433421.8
2016-01-22,4563892733.92
2016-01-23,4564699760.8
2016-01-24,4569480193.62
2016-01-25,4573382047.52
2016-01-26,4575527110.54
2016-01-27,4577664125.18
2016-01-28,4574191974.31
2016-01-29,4568600987.33
2016-01-30,4572055418.38
2016-01-31,4573589055.82
2016-02-01,4564352598.09
2016-02-02,4563962078.75
2016-02-03,4562318046.22
2016-02-04,4566202595.26
2016-02-05,4568470309.85
2016-02-06,4567423668.42
2016-02-07,4569235322.07
2016-02-08,4568783865.94
2016-02-09,4567017016.77
2016-02-10,4569876911.08
2016-02-11,4571724373.72
2016-02-12,4574591889.98
2016-02-13,4578158347.48
2016-02-14,4584099091.37
2016-02-15,4588334122.4
2016-02-16,4595803367.78
2016-02-17,4607269791.71
2016-02-18,4612355556.07
2016-02-19,4619779835.68
2016-02-20,4627999333.9
2016-02-21,4632652796.36
2016-02-22,4638058308.49
2016-02-23,4638982573.43
2016-02-24,4642792285.63
2016-02-25,4645995845.65
2016-02-26,4649122985.77
2016-02-27,4653241390.07
2016-02-28,4658900842.79
2016-02-29,4669944229.05
2016-03-01,4680586732.04
2016-03-02,4684304039.44
2016-03-03,4686097301.36
2016-03-04,4687938503.61
2016-03-05,4687623666.1
2016-03-06,4689871657.18
2016-03-07,4692852724.7
2016-03-08,4695051136.86
2016-03-09,4694687218.74
2016-03-10,4698197057.12
2016-03-11,4701874151.11
2016-03-12,4703643546.72
2016-03-13,4706165619.46
2016-03-14,4709304304.16
2016-03-15,4712290403.33
2016-03-16,4715568330.38
2016-03-17,4719491431.66
2016-03-18,4720863687.15
2016-03-19,4721534243.35
2016-03-20,4723136325.11
2016-03-21,4726363321.12
2016-03-22,4731331228.54
2016-03-23,4734084367.27
2016-03-24,4736998383.1
2016-03-25,4741011528.87
2016-03-26,4744648728.21
2016-03-27,4748363939.49
2016-03-28,4753276936.41
2016-03-29,4755384385.3
2016-03-30,4757249357.86
2016-03-31,4760653432.58
2016-04-01,4763448994.97
2016-04-02,4766295232.56
2016-04-03,4768823613.76
2016-04-04,4771743335.98
2016-04-05,4775495273.92
2016-04-06,4781620056.99
2016-04-07,4793517136.46
2016-04-08,4795535188.49
2016-04-09,4797258103.28
2016-04-10,4804932332.52
2016-04-11,4807945421.87
2016-04-12,4813441239.49
2016-04-13,4816134049.71
2016-04-14,4818845576.72
2016-04-15,4822273019.54
2016-04-16,4825738457.04
2016-04-17,4828080062.65
2016-04-18,4830363834.26
2016-04-19,4833814668.9
2016-04-20,4839375762.85
2016-04-21,4845752748.8
2016-04-22,4851722556.64
2016-04-23,4855574687.77
2016-04-24,4863297644.1
2016-04-25,4874988526.47
2016-04-26,4884432401.22
2016-04-27,4887622467.57
2016-04-28,4888425133.76
2016-04-29,4892650341.16
2016-04-30,4896121430.87
2016-05-01,4902269318.13
2016-05-02,4903718721.24
2016-05-03,4906415271.15
2016-05-04,4909582120.17
2016-05-05,4912611081.79
2016-05-06,4920142671.41
2016-05-07,4924151903.54
2016-05-08,4927887904.55
2016-05-09,4932350995.37
2016-05-10,4936351134.52
2016-05-11,4940169436.21
2016-05-12,4942666699.54
2016-05-13,4945982690.42
2016-05-14,4950668569.45
2016-05-15,4953889570.92
2016-05-16,4955517281.11
2016-05-17,4973148057.05
2016-05-18,4976981960.17
2016-05-19,4979696575.11
2016-05-20,4982759751.92
2016-05-21,4985129463.21
2016-05-22,4987494437.8
2016-05-23,4991261401.13
2016-05-24,4993652677.35
2016-05-25,4998660300.89
2016-05-26,5002709068.76
2016-05-27,5023406298.86
2016-05-28,5042676123.87
2016-05-29,5062068873.96
2016-05-30,5081293111.52
2016-05-31,5095733620.01
2016-06-01,5107809798.48
2016-06-02,5125818745.26
2016-06-03,5139895464.74
2016-06-04,5153298397.54
2016-06-05,5165014280.22
2016-06-06,5181947444.52
2016-06-07,5191504428.52
2016-06-08,5203248348.45
2016-06-09,5212835513.84
2016-06-10,5222978284.5
2016-06-11,5233420154.92
2016-06-12,5275094057.41
2016-06-13,5341260124.12
2016-06-14,5361293396.31
2016-06-15,5393780504.58
2016-06-16,5467940764.66
2016-06-17,5500741564.78
2016-06-18,5523853748.29
2016-06-19,5539235241.97
2016-06-20,5555208155.55
2016-06-21,5560106961.91
2016-06-22,5550796946.02
2016-06-23,5543555412.47
2016-06-24,5563671162.3
2016-06-25,5579846526.08
2016-06-26,5578050178.79
2016-06-27,5586108036.06
2016-06-28,5592162751.59
2016-06-29,5592642008.61
2016-06-30,5609456467.99
2016-07-01,5622710578.15
2016-07-02,5634489695.56
2016-07-03,5638883641.05
2016-07-04,5646691494.06
2016-07-05,5657620907.55
2016-07-06,5665881093.28
2016-07-07,5663416400.74
2016-07-08,5670948152.44
2016-07-09,5679631534.58
2016-07-10,5685943672.03
2016-07-11,5695084594.84
2016-07-12,5702208245.3
2016-07-13,5708087604.51
2016-07-14,5711511744.66
2016-07-15,5716077290.3
2016-07-16,5720648196.55
2016-07-17,5731744732.84
2016-07-18,5737579547.31
2016-07-19,5746919092.02
2016-07-20,5750148866.37
2016-07-21,5752957663.9
2016-07-22,5755553848.66
2016-07-23,5756712750.95
2016-07-24,5767277583.78
2016-07-25,5772807328.14
2016-07-26,5776497395.78
2016-07-27,5782269400.35
2016-07-28,5786349030.12
2016-07-29,5790697577.43
2016-07-30,5795198113.47
2016-07-31,5793152322.41
2016-08-01,5788174332.64
2016-08-02,5771800057.77
2016-08-03,5765976481.87
2016-08-04,5772885852.71
2016-08-05,5774038630.21
2016-08-06,5773799004.69
2016-08-07,5776614650.42
2016-08-08,5778118532.28
2016-08-09,5776541652.72
2016-08-10,5775502078.02
2016-08-11,5776284903.35
2016-08-12,5777020286.31
2016-08-13,5778914228.8
2016-08-14,5779030320.85
2016-08-15,5776350113.34
2016-08-16,5779502729.79
2016-08-17,5780058284.55
2016-08-18,5781486502.81
2016-08-19,5783274429.87
2016-08-20,5794815012.98
2016-08-21,5797412244.59
2016-08-22,5799403000.15
2016-08-23,5800369534.32
2016-08-24,5800000180.86
2016-08-25,5810065515.73
2016-08-26,5812555382.71
2016-08-27,5812821353.65
2016-08-28,5813882509.94
2016-08-29,5812559897.23
2016-08-30,5816677501.53
2016-08-31,5822124083.44
2016-09-01,5822832310.15
2016-09-02,5824549675.92
2016-09-03,5827950578.79
2016-09-04,5835105009.48
2016-09-05,5839597908.59
2016-09-06,5845682263.2
2016-09-07,5850765236.97
2016-09-08,5858266474.06
2016-09-09,5863626265.64
2016-09-10,5867315025.82
2016-09-11,5871049380.02
2016-09-12,5871976852.05
2016-09-13,5878783055.55
2016-09-14,5882373014.32
2016-09-15,5884835565.65
2016-09-16,5889669739.44
2016-09-17,5892093668.74
2016-09-18,5894857667.72
2016-09-19,5897256418.87
2016-09-20,5906603585.41
2016-09-21,5906658544.66
2016-09-22,5907604395.36
2016-09-23,5909277945.58
2016-09-24,5909638865.86
2016-09-25,5915311566.94
2016-09-26,5919544669.44
2016-09-27,5923307102.25
2016-09-28,5925549003.61
2016-09-29,5927712341.52
2016-09-30,5929027749.55
2016-10-01,5932595127.72
2016-10-02,5934562207.31
2016-10-03,5941378481.8
2016-10-04,5947860289.1
2016-10-05,5951512590.09
2016-10-06,5954986316.46
2016-10-07,5958240606.65
2016-10-08,5962246898.8
2016-10-09,5964777638.18
2016-10-10,5967841450.0
2016-10-11,5979068956.33
2016-10-12,5992306872.35
2016-10-13,5996583038.4
2016-10-14,6000391765.01
2016-10-15,6003650101.77
2016-10-16,6007587633.6
2016-10-17,6018016886.45
2016-10-18,6025839679.68
2016-10-19,6029390028.35
2016-10-20,6031864257.24
2016-10-21,6039682525.22
2016-10-22,6044802111.56
2016-10-23,6049694487.91
2016-10-24,6055956382.7
2016-10-25,6064451627.42
2016-10-26,6076432189.55
2016-10-27,6094116005.13
2016-10-28,6102777561.53
2016-10-29,6117076550.17
2016-10-30,6121827770.37
2016-10-31,6133235170.28
2016-11-01,6148751945.72
2016-11-02,6158365256.32
2016-11-03,6166575489.82
2016-11-04,6171410252.74
2016-11-05,6175970720.75
2016-11-06,6181678031.78
2016-11-07,6187116005.06
2016-11-08,6198987348.87
2016-11-09,6213599097.58
2016-11-10,6219957643.53
2016-11-11,6226752890.05
2016-11-12,6229913328.5
2016-11-13,6231574272.42
2016-11-14,6237419876.18
2016-11-15,6246292742.97
2016-11-16,6264360791.68
2016-11-17,6281288707.47
2016-11-18,6292750681.59
2016-11-19,6299801188.23
2016-11-20,6303414422.99
2016-11-21,6311042441.78
2016-11-22,6321312067.72
2016-11-23,6330669103.61
2016-11-24,6361631849.33
2016-11-25,6366127034.09
2016-11-26,6372111915.57
2016-11-27,6378087128.75
2016-11-28,6385304941.33
2016-11-29,6390857590.67
2016-11-30,6399441776.42
2016-12-01,6410929243.57
2016-12-02,6428545867.44
2016-12-03,6477850992.75
2016-12-04,6483267350.14
2016-12-05,6490538683.83
2016-12-06,6497268639.2
2016-12-07,6506078110.48
2016-12-08,6518828108.3
2016-12-09,6525372288.53
2016-12-10,6537162670.04
2016-12-11,6542442088.2
2016-12-12,6552678440.88
2016-12-13,6562688270.36
2016-12-14,6571764328.23
2016-12-15,6581581230.2
2016-12-16,6591226310.53
2016-12-17,6600757821.46
2016-12-18,6610929659.05
2016-12-19,6618169030.68
2016-12-20,6629859397.61
2016-12-21,6659927006.02
2016-12-22,6694049430.92
2016-12-23,6742759883.36
2016-12-24,6757380210.13
2016-12-25,6765772945.48
2016-12-26,6784463736.33
2016-12-27,6811323538.75
2016-12-28,6852938994.1
2016-12-29,6889071173.18
2016-12-30,6915202275.47
2016-12-31,6927590815.57
2017-01-01,6949404682.5
2017-01-02,6989480754.58
2017-01-03,7026453452.02
2017-01-04,7105452735.83
2017-01-05,7190273875.06
2017-01-06,7180177842.73
2017-01-07,7173861617.46
2017-01-08,7186446447.73
2017-01-09,7194018422.5
2017-01-10,7203233728.07
2017-01-11,7188445994.15
2017-01-12,7179145296.34
2017-01-13,7180137813.56
2017-01-14,7183384998.01
2017-01-15,7186062577.68
2017-01-16,7190829249.51
2017-01-17,7211790773.19
2017-01-18,7219508307.84
2017-01-19,7230190606.14
2017-01-20,7238645499.96
2017-01-21,7251641397.36
2017-01-22,7265493088.39
2017-01-23,7276510129.85
2017-01-24,7288922860.77
2017-01-25,7300325331.21
2017-01-26,7313405762.25
2017-01-27,7322563154.07
2017-01-28,7329065439.09
2017-01-29,7352062996.12
2017-01-30,7359459641.96
2017-01-31,7375780842.39
2017-02-01,7395552706.96
2017-02-02,7417013613.85
2017-02-03,7447777748.2
2017-02-04,7462989187.08
2017-02-05,7477899074.1
2017-02-06,7497027751.14
2017-02-07,7524690275.46
2017-02-08,7546533392.65
2017-02-09,7561943218.73
2017-02-10,7578297650.61
2017-02-11,7586703625.28
2017-02-12,7597575326.77
2017-02-13,7612915004.5
2017-02-14,7626015099.65
2017-02-15,7633859119.25
2017-02-16,7648305380.67
2017-02-17,7677808381.5
2017-02-18,7694217971.47
2017-02-19,7705564311.22
2017-02-20,7719546320.68
2017-02-21,7748577574.98
2017-02-22,7791625259.01
2017-02-23,7828376656.85
2017-02-24,7891144752.57
2017-02-25,7906159518.59
2017-02-26,7918100461.76
2017-02-27,7944976995.07
2017-02-28,7968206804.77
2017-03-01,8005094165.81
2017-03-02,8052123393.06
2017-03-03,8105462219.61
2017-03-04,8130434780.69
2017-03-05,8150684798.12
2017-03-06,8189794239.12
2017-03-07,8213636329.72
2017-03-08,8228124582.1
2017-03-09,8237286590.86
2017-03-10,8254079264.79
2017-03-11,8267098543.05
2017-03-12,8283789269.2
2017-03-13,8341409358.57
2017-03-14,8363996646.57
2017-03-15,8399513359.74
2017-03-16,8425617089.27
2017-03-17,8428460848.53
2017-03-18,8417808668.73
2017-03-19,8426253425.02
2017-03-20,8422441733.09
2017-03-21,8449163288.74
2017-03-22,8453388776.93
2017-03-23,8454495191.8
2017-03-24,8458261458.09
2017-03-25,8451986432.56
2017-03-26,8466536202.01
2017-03-27,8477997759.76
2017-03-28,8497675571.51
2017-03-29,8505210616.59
2017-03-30,8516436950.28
2017-03-31,8544342553.32
2017-04-01,8560595344.47
2017-04-02,8574718130.73
2017-04-03,8604751294.13
2017-04-04,8623074433.17
2017-04-05,8640319232.42
2017-04-06,8669263518.81
2017-04-07,8702762015.16
2017-04-08,8715360481.93
2017-04-09,8733687660.04
2017-04-10,8755880806.36
2017-04-11,8779991562.7
2017-04-12,8804388918.43
2017-04-13,8811690915.95
2017-04-14,8826772405.01
2017-04-15,8833636576.17
2017-04-16,8840952832.08
2017-04-17,8865205963.27
2017-04-18,8886919924.46
2017-04-19,8902302430.97
2017-04-20,8927427903.65
2017-04-21,8946805773.34
2017-04-22,8956879903.6
2017-04-23,8970651124.07
2017-04-24,8995691808.87
2017-04-25,9024453293.29
2017-04-26,9055022055.27
2017-04-27,9092697214.6
2017-04-28,9139763569.17
2017-04-29,9167064012.37
2017-04-30,9192545789.33
2017-05-01,9266792224.17
2017-05-02,9324858694.72
2017-05-03,9375552693.26
2017-05-04,9488912110.16
2017-05-05,9574029420.2
2017-05-06,9620058737.7
2017-05-07,9658897821.21
2017-05-08,9748855684.03
2017-05-09,9851685292.31
2017-05-10,9929606565.51
2017-05-11,10050905410.64
2017-05-12,10111449656.75
2017-05-13,10144294586.45
2017-05-14,10183576967.57
2017-05-15,10230395945.94
2017-05-16,10272143191.79
2017-05-17,10373421556.33
2017-05-18,10425297568.32
2017-05-19,10526284940.0
2017-05-20,10611823344.43
2017-05-21,10696597172.48
2017-05-22,10908247533.18
2017-05-23,11093355299.31
2017-05-24,11293160553.58
2017-05-25,11625365013.8
2017-05-26,11754004557.8
2017-05-27,11754483876.92
2017-05-28,11819292301.15
2017-05-29,11881117541.34
2017-05-30,11948150689.73
2017-05-31,12056613006.57
2017-06-01,12193642045.7
2017-06-02,12275201422.17
2017-06-03,12386895789.03
2017-06-04,12467843775.52
2017-06-05,12600024273.7
2017-06-06,12781589947.23
2017-06-07,12896215712.78
2017-06-08,13007624886.12
2017-06-09,13133014182.51
2017-06-10,13291475571.24
2017-06-11,13415018901.55
2017-06-12,13593798119.99
2017-06-13,13752560466.45
2017-06-14,13844491340.19
2017-06-15,13805317270.59
2017-06-16,13891561298.64
2017-06-17,13948444459.56
2017-06-18,14058825714.46
2017-06-19,14155470735.81
2017-06-20,14272905119.37
2017-06-21,14350424207.71
2017-06-22,14440923971.17
2017-06-23,14509907376.13
2017-06-24,14552522799.77
2017-06-25,14569382563.14
2017-06-26,14572621388.66
2017-06-27,14588255188.51
2017-06-28,14668380015.96
2017-06-29,14738548974.21
2017-06-30,14822246631.88
2017-07-01,14844063550.51
2017-07-02,14882906548.97
2017-07-03,14957315006.31
2017-07-04,15012778957.98
2017-07-05,15094197566.09
2017-07-06,15141845267.06
2017-07-07,15223913838.46
2017-07-08,15255959345.61
2017-07-09,15285457599.01
2017-07-10,15290228082.99
2017-07-11,15305117111.0
2017-07-12,15308954433.13
2017-07-13,15336789383.36
2017-07-14,15337424464.3
2017-07-15,15294766011.64
2017-07-16,15240205816.16
2017-07-17,15303662292.1
2017-07-18,15365576592.69
2017-07-19,15413054104.35
2017-07-20,15559728889.97
2017-07-21,15664714979.51
2017-07-22,15759140611.93
2017-07-23,15815911946.17
2017-07-24,15893998761.47
2017-07-25,16038736130.62
2017-07-26,16068773549.26
2017-07-27,16194726571.39
2017-07-28,16520299550.64
2017-07-29,16818559080.76
2017-07-30,17159294803.35
2017-07-31,17643574813.91
2017-08-01,17880992230.93
2017-08-02,18039112948.02
2017-08-03,18239889314.08
2017-08-04,18615687336.53
2017-08-05,18964492392.9
2017-08-06,19358728834.76
2017-08-07,19762711454.58
2017-08-08,20130872733.53
2017-08-09,20367047444.99
2017-08-10,20555163614.96
2017-08-11,20742659061.54
2017-08-12,21033641822.2
2017-08-13,21329933074.51
2017-08-14,21705518869.59
2017-08-15,21942324631.85
2017-08-16,22174504155.19
2017-08-17,22530383384.66
2017-08-18,22731766456.96
2017-08-19,22987564341.91
2017-08-20,23279876861.35
2017-08-21,23414787002.96
2017-08-22,23579420948.15
2017-08-23,23825317634.05
2017-08-24,23963592017.92
2017-08-25,24137294021.14
2017-08-26,24275152272.83
2017-08-27,24402866645.96
2017-08-28,24567455894.94
2017-08-29,24884703123.77
2017-08-30,25100847002.15
2017-08-31,25426640267.58
2017-09-01,25735718388.35
2017-09-02,25920593661.38
2017-09-03,26047726915.83
2017-09-04,26234690676.21
2017-09-05,26349637132.05
2017-09-06,26546571814.76
2017-09-07,26851023249.6
2017-09-08,26907731665.95
2017-09-09,26951528628.01
2017-09-10,27072639968.07
2017-09-11,27125376929.33
2017-09-12,27193165689.33
2017-09-13,27133292902.79
2017-09-14,27000099713.33
2017-09-15,26961449240.52
2017-09-16,27039365416.14
2017-09-17,27054160061.68
2017-09-18,27153407232.79
2017-09-19,27218795257.52
2017-09-20,27277381263.87
2017-09-21,27289066527.61
2017-09-22,27312590804.5
2017-09-23,27355306745.94
2017-09-24,27367549986.92
2017-09-25,27640952476.02
2017-09-26,27720912409.4
2017-09-27,27831480828.22
2017-09-28,27970899298.76
2017-09-29,28043584282.54
2017-09-30,28185509799.07
2017-10-01,28268008433.27
2017-10-02,28437375550.59
2017-10-03,28521316074.65
2017-10-04,28585245577.41
2017-10-05,28780295617.32
2017-10-06,28877638544.72
2017-10-07,28952757878.79
2017-10-08,29092332138.9
2017-10-09,29361692760.61
2017-10-10,29598388235.92
2017-10-11,29711630901.41
2017-10-12,29971707478.24
2017-10-13,30426825887.22
2017-10-14,30643490750.69
2017-10-15,30836750044.65
2017-10-16,31122417031.4
2017-10-17,31353467614.86
2017-10-18,31482566867.02
2017-10-19,31793022508.91
2017-10-20,32009499049.41
2017-10-21,32220185087.86
2017-10-22,32521562896.7
2017-10-23,33127969144.15
2017-10-24,33397981996.36
2017-10-25,33543342288.91
2017-10-26,33718397734.24
2017-10-27,33890792497.25
2017-10-28,33978916732.19
2017-10-29,34154848501.83
2017-10-30,34406059609.77
2017-10-31,34652258096.84
2017-11-01,35064158635.95
2017-11-02,35679881103.61
2017-11-03,36116661246.3
2017-11-04,36417183022.42
2017-11-05,36816939779.26
2017-11-06,37090670931.07
2017-11-07,37401050517.04
2017-11-08,37724783191.57
2017-11-09,38134664586.81
2017-11-10,38438392313.03
2017-11-11,38678489929.39
2017-11-12,39417178016.0
2017-11-13,39834057300.05
2017-11-14,40080201730.56
2017-11-15,40568385368.05
2017-11-16,41173505145.05
2017-11-17,41951445606.81
2017-11-18,42271249478.14
2017-11-19,42613770662.34
2017-11-20,43158168731.83
2017-11-21,43763446715.93
2017-11-22,44093480916.68
2017-11-23,44398321622.23
2017-11-24,44963384406.4
2017-11-25,45563043088.06
2017-11-26,46283752596.23
2017-11-27,47159779307.57
2017-11-28,48271172587.03
2017-11-29,49536391746.62
2017-11-30,50084583208.13
2017-12-01,50743141443.94
2017-12-02,51483367366.25
2017-12-03,52046526323.9
2017-12-04,52838924888.49
2017-12-05,53642265776.8
2017-12-06,55034473771.04
2017-12-07,59329135494.28
2017-12-08,61795071176.82
2017-12-09,62905231459.41
2017-12-10,63843802620.3
2017-12-11,65563068818.88
2017-12-12,68049849878.79
2017-12-13,69769654495.01
2017-12-14,70868690848.76
2017-12-15,72235870666.7
2017-12-16,73532731030.51
2017-12-17,75317981730.75
2017-12-18,76452109162.46
2017-12-19,77366793555.07
2017-12-20,78722520598.3
2017-12-21,79265229612.1
2017-12-22,79351099418.92
2017-12-23,79881867637.98
2017-12-24,80155163044.47
2017-12-25,80354948053.08
2017-12-26,81158380171.49
2017-12-27,82154039825.69
2017-12-28,82340285845.77
2017-12-29,82834015854.19
2017-12-30,83428861673.3
2017-12-31,83555128910.57
2018-01-01,83578354915.84
2018-01-02,84166023703.96
2018-01-03,84676231986.32
2018-01-04,85365537835.32
2018-01-05,86622692460.33
2018-01-06,87588879246.29
2018-01-07,88888632509.93
2018-01-08,88981597157.69
2018-01-09,89371912089.02
2018-01-10,89561191210.79
2018-01-11,89831770267.3
2018-01-12,90155769672.57
2018-01-13,90447921784.85
2018-01-14,90584022607.9
2018-01-15,90725744111.43
2018-01-16,90406578119.75
2018-01-17,90063471465.98
2018-01-18,90033814029.76
2018-01-19,90046236489.11
2018-01-20,90174617086.21
2018-01-21,90093050168.04
2018-01-22,89949038107.49
2018-01-23,89754650359.22
2018-01-24,89740032759.26
2018-01-25,89777572320.88
2018-01-26,89962873063.88
2018-01-27,90037110440.92
2018-01-28,90435221394.25
2018-01-29,90418058438.89
2018-01-30,90052935575.07
2018-01-31,89913082989.17
2018-02-01,89599795498.43
2018-02-02,88828308633.19
2018-02-03,88706540287.6
2018-02-04,88804730449.77
2018-02-05,88265722805.04
2018-02-06,87727909929.02
2018-02-07,87567111456.94
2018-02-08,87443209548.48
2018-02-09,87283349640.08
2018-02-10,87307476743.03
2018-02-11,87259304441.2
2018-02-12,87328736784.58
2018-02-13,87236420845.55
2018-02-14,87377362598.37
2018-02-15,87715695596.92
2018-02-16,87865076473.36
2018-02-17,88058346686.41
2018-02-18,88204829847.89
2018-02-19,88451105318.28
2018-02-20,88871834381.57
2018-02-21,88982653898.92
2018-02-22,90149651544.89
2018-02-23,90208457726.89
2018-02-24,90235539755.99
2018-02-25,90216432946.9
2018-02-26,90275558690.96
2018-02-27,90445983010.81
2018-02-28,90662319986.48
2018-03-01,90778533010.32
2018-03-02,90935089394.81
2018-03-03,91057767498.67
2018-03-04,91233695539.96
2018-03-05,91581334446.02
2018-03-06,91670289971.04
2018-03-07,91528649117.49
2018-03-08,91371095404.81
2018-03-09,90779479814.44
2018-03-10,90707034195.81
2018-03-11,90742626366.84
2018-03-12,90724779259.64
2018-03-13,90662973496.87
2018-03-14,90465254675.0
2018-03-15,90293683898.91
2018-03-16,90193303653.47
2018-03-17,90092773618.04
2018-03-18,89968830479.85
2018-03-19,89978238729.79
2018-03-20,89962097333.8
2018-03-21,90010001657.15
2018-03-22,89944029661.09
2018-03-23,89890491997.45
2018-03-24,89955712671.31
2018-03-25,89860228089.14
2018-03-26,89661912945.0
2018-03-27,89572141061.16
2018-03-28,89445737180.46
2018-03-29,89187847375.29
2018-03-30,88901540642.14
2018-03-31,88856860055.92
2018-04-01,88728400209.54
2018-04-02,88664553288.64
2018-04-03,88612242406.68
2018-04-04,88479887370.39
2018-04-05,88344122215.02
2018-04-06,88181586406.04
2018-04-07,88132167838.67
2018-04-08,88119720888.39
2018-04-09,87988362047.85
2018-04-10,87911440218.64
2018-04-11,87865098418.78
2018-04-12,87898966579.22
2018-04-13,88062113454.08
2018-04-14,88067105882.81
2018-04-15,88116909431.47
2018-04-16,88115772609.27
2018-04-17,88115261317.12
2018-04-18,88151650578.39
2018-04-19,88433556831.11
2018-04-20,88562193125.91
2018-04-21,88691696522.59
2018-04-22,88775560159.34
2018-04-23,88898904181.69
2018-04-24,89104201692.44
2018-04-25,89204292050.75
2018-04-26,89373170381.9
2018-04-27,89413406497.85
2018-04-28,89471841908.91
2018-04-29,89519993071.75
2018-04-30,89606980196.41
2018-05-01,89619567904.7
2018-05-02,89813020515.24
2018-05-03,89918979388.43
2018-05-04,90060973502.12
2018-05-05,90152661126.01
2018-05-06,90180465436.85
2018-05-07,90195753589.22
2018-05-08,90202547986.82
2018-05-09,90293378679.32
2018-05-10,90373959499.66
2018-05-11,90290413995.82
2018-05-12,90275707994.3
2018-05-13,90288139513.09
2018-05-14,90756492782.46
2018-05-15,90781074648.08
2018-05-16,90676607688.61
2018-05-17,91058917820.88
2018-05-18,90976806808.01
2018-05-19,91015525765.8
2018-05-20,91044835439.55
2018-05-21,91093628974.54
2018-05-22,91053507386.54
2018-05-23,90971232562.51
2018-05-24,90951425766.29
2018-05-25,90885568816.31
2018-05-26,90862534804.38
2018-05-27,90825666663.3
2018-05-28,90705013996.63
2018-05-29,90644919116.21
2018-05-30,90636004386.01
2018-05-31,90597992638.65
2018-06-01,90557337528.46
2018-06-02,90571790386.42
2018-06-03,90598652187.09
2018-06-04,90566672273.96
2018-06-05,90506381506.53
2018-06-06,90501380485.49
2018-06-07,90498710283.7
2018-06-08,90452521128.32
2018-06-09,90434047201.91
2018-06-10,90250835620.49
2018-06-11,90057193860.9
2018-06-12,89943268936.85
2018-06-13,89670039872.16
2018-06-14,89596366714.0
2018-06-15,89516290777.66
2018-06-16,89487543291.66
2018-06-17,89452019176.61
2018-06-18,89392904807.64
2018-06-19,89366139601.98
2018-06-20,89325550729.72
2018-06-21,89361816465.78
2018-06-22,89201315917.46
2018-06-23,89136244231.62
2018-06-24,89041669157.32
2018-06-25,88995982498.17
2018-06-26,88938218055.57
2018-06-27,88173593320.22
2018-06-28,88066261700.08
2018-06-29,87976859715.08
2018-06-30,87989858451.76
2018-07-01,87792872320.02
2018-07-02,87806512650.43
2018-07-03,87788524621.2
2018-07-04,87807927153.02
2018-07-05,87784887784.49
2018-07-06,87710108385.88
2018-07-07,87706905475.02
2018-07-08,87644577110.47
2018-07-09,87642692399.73
2018-07-10,87585283108.78
2018-07-11,87509330411.5
2018-07-12,87415678851.01
2018-07-13,87328619405.06
2018-07-14,87306298920.03
2018-07-15,87311674810.27
2018-07-16,87316093455.48
2018-07-17,87398190007.27
2018-07-18,87480873147.04
2018-07-19,87549661787.34
2018-07-20,87592222665.05
2018-07-21,87625874877.23
2018-07-22,87671972458.58
2018-07-23,87760427978.27
2018-07-24,87898868359.65
2018-07-25,88024662742.14
2018-07-26,88072875389.68
2018-07-27,88119284401.8
2018-07-28,88177060029.63
2018-07-29,88258854978.99
2018-07-30,88293523037.86
2018-07-31,88309242405.23
2018-08-01,88288812523.61
2018-08-02,88274684291.06
2018-08-03,88224492777.37
2018-08-04,88165100154.41
2018-08-05,88134607150.28
2018-08-06,88055266895.54
2018-08-07,88018925640.42
2018-08-08,87888246276.35
2018-08-09,87760576768.61
2018-08-10,87733735607.77
2018-08-11,87660654114.79
2018-08-12,87639781634.06
2018-08-13,87622532096.74
2018-08-14,87454420314.03
2018-08-15,87404204797.03
2018-08-16,87390412961.76
2018-08-17,87422530482.32
2018-08-18,87410832634.42
2018-08-19,87441274247.47
2018-08-20,87436805433.28
2018-08-21,87432365298.12
2018-08-22,87461549362.86
2018-08-23,87476443732.66
2018-08-24,87476796776.91
2018-08-25,87560936055.68
2018-08-26,87608721979.22
2018-08-27,87665856056.68
2018-08-28,87768298749.03
2018-08-29,87850989188.22
2018-08-30,87892620654.89
2018-08-31,87900060079.27
2018-09-01,87937035955.62
2018-09-02,87978754364.39
2018-09-03,88004665558.95
2018-09-04,88041349789.08
2018-09-05,87988724594.01
2018-09-06,87849136091.57
2018-09-07,87797677734.68
2018-09-08,87768758065.85
2018-09-09,87744914864.74
2018-09-10,87700845930.05
2018-09-11,87617815540.38
2018-09-12,87567634727.59
2018-09-13,87493898754.76
2018-09-14,87496752168.97
2018-09-15,87498546901.28
2018-09-16,87499158010.64
2018-09-17,87472844070.67
2018-09-18,87448170683.83
2018-09-19,87432079180.98
2018-09-20,87409919066.81
2018-09-21,87311768183.54
2018-09-22,87313822975.19
2018-09-23,87327664141.03
2018-09-24,87323526931.96
2018-09-25,87219599249.07
2018-09-26,87217567073.0
2018-09-27,87221992353.43
2018-09-28,87258709647.68
2018-09-29,87237093737.82
2018-09-30,87242930083.75
2018-10-01,87198306581.27
2018-10-02,87170008827.73
2018-10-03,87132067365.45
2018-10-04,87126698322.49
2018-10-05,87122138769.33
2018-10-06,87124106203.34
2018-10-07,87124438810.82
2018-10-08,87142104016.17
2018-10-09,87137953166.59
2018-10-10,87136618305.89
2018-10-11,86761715609.29
2018-10-12,86732926345.18
2018-10-13,86714100116.75
2018-10-14,86692857349.87
2018-10-15,86692049929.01
2018-10-16,86645689305.45
2018-10-17,86615882756.95
2018-10-18,86592079478.38
2018-10-19,86624113599.97
2018-10-20,86203309395.09
2018-10-21,86207912082.09
2018-10-22,86186672252.8
2018-10-23,86166086872.5
2018-10-24,86158349870.17
2018-10-25,86132951910.6
2018-10-26,86058234889.21
2018-10-27,86059660023.21
2018-10-28,86060767156.88
2018-10-29,86039087620.76
2018-10-30,86017211814.2
2018-10-31,85982554041.76
2018-11-01,85940882880.9
2018-11-02,85950116288.49
2018-11-03,85951164537.47
2018-11-04,85956364051.31
2018-11-05,85957354035.77
2018-11-06,85957787790.35
2018-11-07,85983957617.29
2018-11-08,85991708480.3
2018-11-09,85991805769.18
2018-11-10,85995977155.79
2018-11-11,86000602663.54
2018-11-12,86002306860.01
2018-11-13,85968517121.45
2018-11-14,85841757945.81
2018-11-15,85186989249.54
2018-11-16,85078742508.64
2018-11-17,85043571886.06
2018-11-18,85026237870.84
2018-11-19,84777204158.35
2018-11-20,84314294000.66
2018-11-21,84121039200.48
2018-11-22,83965400544.14
2018-11-23,83797347810.88
2018-11-24,83659192637.74
2018-11-25,83389161394.91
2018-11-26,83144022001.33
2018-11-27,82844202970.58
2018-11-28,82764696734.43
2018-11-29,82817922690.88
2018-11-30,82617841275.49
2018-12-01,82747915205.97
2018-12-02,82704090585.81
2018-12-03,82867670928.06
2018-12-04,83440862513.53
2018-12-05,82480583956.16
2018-12-06,81938614113.28
2018-12-07,81670864551.93
2018-12-08,81593470340.2
2018-12-09,81563632747.96
2018-12-10,81432611469.34
2018-12-11,81072541502.57
2018-12-12,80966954081.04
2018-12-13,80870119814.32
2018-12-14,80688766334.37
2018-12-15,80607335177.33
2018-12-16,80537847934.62
2018-12-17,80472332891.12
2018-12-18,80242372213.79
2018-12-19,80203185548.05
2018-12-20,80200969714.32
2018-12-21,80128958072.23
2018-12-22,80111000790.29
2018-12-23,80079726291.41
2018-12-24,80062101239.09
2018-12-25,79978850514.64
2018-12-26,79941993013.66
2018-12-27,79877255018.0
2018-12-28,79735071097.59
2018-12-29,79602489633.58
2018-12-30,79549318788.89
2018-12-31,79462268005.53
2019-01-01,79421599436.47
2019-01-02,79411804562.07
2019-01-03,79348624697.34
2019-01-04,79317059035.42
2019-01-05,79313445984.08
2019-01-06,79275213743.82
2019-01-07,79261040346.0
2019-01-08,79198828938.59
2019-01-09,79198004952.98
2019-01-10,78929112998.69
2019-01-11,78436411669.02
2019-01-12,78404113009.4
2019-01-13,78368389939.22
2019-01-14,78330362240.49
2019-01-15,78308529798.83
2019-01-16,78311308019.71
2019-01-17,78260608499.36
2019-01-18,78230904268.2
2019-01-19,78204186146.05
2019-01-20,78177219581.57
2019-01-21,78146166735.01
2019-01-22,77991787774.8
2019-01-23,77957985759.6
2019-01-24,77934493919.6
2019-01-25,77885498955.7
2019-01-26,77853824145.73
2019-01-27,77824232809.37
2019-01-28,77730749022.1
2019-01-29,77652361224.3
2019-01-30,77565426519.11
2019-01-31,77522759141.08
2019-02-01,77467363298.43
2019-02-02,77449018788.32
2019-02-03,77429558615.9
2019-02-04,77357615337.84
2019-02-05,77326812729.29
2019-02-06,77249055477.21
2019-02-07,77193933739.64
2019-02-08,77164209399.16
2019-02-09,77175508996.02
2019-02-10,77173347118.98
2019-02-11,77148996483.42
2019-02-12,77108826657.41
2019-02-13,76947133245.93
2019-02-14,76931391361.92
2019-02-15,76904292046.3
2019-02-16,76848425206.52
2019-02-17,76826472403.0
2019-02-18,76817552919.6
2019-02-19,76802150958.93
2019-02-20,76866551964.83
2019-02-21,76830226191.97
2019-02-22,76833041072.0
2019-02-23,76792841767.2
2019-02-24,76779113842.32
2019-02-25,76719949357.21
2019-02-26,76711893201.79
2019-02-27,76693178170.93
2019-02-28,76676336334.8
2019-03-01,76669701275.61
2019-03-02,76653565504.14
2019-03-03,76650970633.72
2019-03-04,76573773195.61
2019-03-05,76574852165.93
2019-03-06,76565857722.46
2019-03-07,76564873855.95
2019-03-08,76545031374.86
2019-03-09,76545710070.37
2019-03-10,76536015271.39
2019-03-11,76507869293.83
2019-03-12,76471243196.8
2019-03-13,76464953830.04
2019-03-14,76448035057.61
2019-03-15,76442408362.26
2019-03-16,76409540411.35
2019-03-17,76418563054.15
2019-03-18,76408423258.71
2019-03-19,76421531626.68
2019-03-20,76422777581.28
2019-03-21,76408043255.94
2019-03-22,76394100829.16
2019-03-23,76389716491.79
2019-03-24,76386664545.51
2019-03-25,76365348151.4
2019-03-26,76341700484.66
2019-03-27,76352910695.55
2019-03-28,76356947931.65
2019-03-29,76399746954.17
2019-03-30,76405643478.53
2019-03-31,76341138672.61
2019-04-01,76353778609.18
2019-04-02,76573084951.47
2019-04-03,76732123549.88
2019-04-04,76803542461.24
2019-04-05,76817318296.77
2019-04-06,76845447407.36
2019-04-07,76873725562.04
2019-04-08,76944002627.77
2019-04-09,77000623397.23
2019-04-10,77070790768.64
2019-04-11,77087641144.07
2019-04-12,77127141016.98
2019-04-13,77154921943.87
2019-04-14,77077613293.8
2019-04-15,77087613022.56
2019-04-16,77119055085.71
2019-04-17,77177996575.53
2019-04-18,77215620287.22
2019-04-19,77406966889.75
2019-04-20,77429475796.39
2019-04-21,77434245991.49
2019-04-22,77470310350.08
2019-04-23,77567664218.18
2019-04-24,77510396341.96
2019-04-25,77530820061.37
2019-04-26,77443504084.19
2019-04-27,77443380232.24
2019-04-28,77455484095.16
2019-04-29,77439064427.63
2019-04-30,77464029583.04
2019-05-01,77249755329.34
2019-05-02,77266480705.63
2019-05-03,77352382189.9
2019-05-04,77389918312.08
2019-05-05,77451020678.7
2019-05-06,77543800711.32
2019-05-07,77657470663.36
2019-05-08,77737561039.54
2019-05-09,77818147329.5
2019-05-10,77912219802.71
2019-05-11,78248579170.01
2019-05-12,78519222015.07
2019-05-13,78983812803.02
2019-05-14,79534754286.91
2019-05-15,80037952764.87
2019-05-16,80573378385.94
2019-05-17,80542069234.77
2019-05-18,80592415076.17
2019-05-19,80755844052.62
2019-05-20,80882261213.3
2019-05-21,81032533700.73
2019-05-22,81120563655.74
2019-05-23,81191750420.88
2019-05-24,81383699610.9
2019-05-25,81489108939.28
2019-05-26,81623757234.76
2019-05-27,81892012926.2
2019-05-28,82128091669.24
2019-05-29,83299828434.26
2019-05-30,83431965370.73
2019-05-31,83542330424.83
2019-06-01,83648238777.78
2019-06-02,83748386630.69
2019-06-03,84021494891.12
2019-06-04,83642256969.61
2019-06-05,83577436878.73
2019-06-06,83550489323.66
2019-06-07,83653608445.57
2019-06-08,83686940271.94
2019-06-09,83725879748.92
2019-06-10,83869737158.91
2019-06-11,83919807335.04
2019-06-12,84035704362.86
2019-06-13,84130889918.25
2019-06-14,84337016042.85
2019-06-15,84463856692.56
2019-06-16,84673808277.75
2019-06-17,84954136472.25
2019-06-18,85109753038.03
2019-06-19,85329044249.18
2019-06-20,85527509507.6
2019-06-21,85808594073.78
2019-06-22,86347779060.74
2019-06-23,86588689652.56
2019-06-24,86944349783.84
2019-06-25,87395454031.52
2019-06-26,88747097398.94
2019-06-27,89172205592.33
2019-06-28,89812667461.31
2019-06-29,90099399412.0
2019-06-30,90498464402.89
2019-07-01,90533282367.51
2019-07-02,90625089788.75
2019-07-03,90966653943.43
2019-07-04,91422908848.44
2019-07-05,91482044552.16
2019-07-06,91590422941.73
2019-07-07,91677043636.91
2019-07-08,92007738154.5
2019-07-09,92417598950.19
2019-07-10,93248250375.29
2019-07-11,93363120231.38
2019-07-12,93616942918.85
2019-07-13,93671650628.6
2019-07-14,93646550502.35
2019-07-15,93670184148.68
2019-07-16,93690157555.69
2019-07-17,93813516981.37
2019-07-18,94069550968.97
2019-07-19,94232351408.75
2019-07-20,94357215817.46
2019-07-21,94471831486.4
2019-07-22,94512332217.58
2019-07-23,94503897030.9
2019-07-24,94771091098.59
2019-07-25,94871952219.01
2019-07-26,94922504705.92
2019-07-27,94937941441.94
2019-07-28,94951844642.2
2019-07-29,96703748005.34
2019-07-30,96741101725.19
2019-07-31,96825529981.04
2019-08-01,96923549686.81
2019-08-02,97060462836.18
2019-08-03,97171170262.87
2019-08-04,97263019410.96
2019-08-05,97819028451.15
2019-08-06,98281914997.61
2019-08-07,98542169420.01
2019-08-08,98850653391.03
2019-08-09,99005348083.21
2019-08-10,99069788295.92
2019-08-11,99172398460.42
2019-08-12,99284457358.03
2019-08-13,99473283108.62
2019-08-14,99581113785.98
2019-08-15,99524789643.42
2019-08-16,99578250576.17
2019-08-17,99575750702.83
2019-08-18,99609264668.14
2019-08-19,99675704489.31
2019-08-20,99831882045.39
2019-08-21,99829968039.57
2019-08-22,99817259876.06
2019-08-23,100203762084.0
2019-08-24,100233502423.22
2019-08-25,100272541556.21
2019-08-26,100374882137.77
2019-08-27,100457320896.14
2019-08-28,100511027106.11
2019-08-29,100422819450.49
2019-08-30,100423291919.59
2019-08-31,100428655104.13
2019-09-01,100474604662.23
2019-09-02,100529389470.1
2019-09-03,100703975928.29
2019-09-04,100809859371.52
2019-09-05,100924014876.1
2019-09-06,101839079124.25
2019-09-07,101887691328.89
2019-09-08,101951182949.45
2019-09-09,102006153507.93
2019-09-10,102034968314.7
2019-09-11,102324746202.26
2019-09-12,102382213986.6
2019-09-13,102462343419.91
2019-09-14,102516451164.59
2019-09-15,102555410988.79
2019-09-16,102582445011.06
2019-09-17,102640879327.22
2019-09-18,102788754511.61
2019-09-19,102784168606.2
2019-09-20,102831857998.57
2019-09-21,102860210084.71
2019-09-22,102879841881.64
2019-09-23,102870678089.25
2019-09-24,102869726860.61
2019-09-25,102487475822.32
2019-09-26,102152735772.48
2019-09-27,102107703336.11
2019-09-28,102047201698.34
2019-09-29,102026321888.1
2019-09-30,101980418778.0
2019-10-01,101924250893.6
2019-10-02,101899367405.15
2019-10-03,101862446690.0
2019-10-04,101839500880.67
2019-10-05,101841399153.91
2019-10-06,101817886057.05
2019-10-07,101807463467.02
2019-10-08,101826891501.44
2019-10-09,101838839338.71
2019-10-10,101861841672.04
2019-10-11,101845042107.37
2019-10-12,101861873171.93
2019-10-13,101863659570.8
2019-10-14,102330725186.16
2019-10-15,102267837751.24
2019-10-16,102205268727.67
2019-10-17,102192482482.75
2019-10-18,102161816396.71
2019-10-19,102173582773.69
2019-10-20,102189263242.35
2019-10-21,102163061965.8
2019-10-22,102164532560.23
2019-10-23,101992121422.21
2019-10-24,101787250603.96
2019-10-25,101860037736.23
2019-10-26,102209475566.13
2019-10-27,102305687421.7
2019-10-28,102562167902.55
2019-10-29,102705293889.32
2019-10-30,102738724965.81
2019-10-31,102784588967.21
2019-11-01,102942834364.96
2019-11-02,102990516328.97
2019-11-03,103002742110.22
2019-11-04,103055533398.8
2019-11-05,102713848711.02
2019-11-06,102737736571.27
2019-11-07,102784952375.33
2019-11-08,102741790401.68
2019-11-09,102731999134.73
2019-11-10,102759074219.03
2019-11-11,102769358505.13
2019-11-12,102750921409.3
2019-11-13,102972693164.24
2019-11-14,102961983657.49
2019-11-15,102959966873.99
2019-11-16,102957294734.95
2019-11-17,102969463649.83
2019-11-18,102928677466.93
2019-11-19,102889513598.98
2019-11-20,102845189340.86
2019-11-21,102720124249.28
2019-11-22,102449815970.37
2019-11-23,102315074447.79
2019-11-24,102336806635.65
2019-11-25,102183270173.92
2019-11-26,102070466897.04
2019-11-27,101960163787.34
2019-11-28,101969893941.13
2019-11-29,101957842061.63
2019-11-30,101916812077.57
2019-12-01,101883259360.09
2019-12-02,101815571566.33
2019-12-03,101750977091.65
2019-12-04,101739949434.08
2019-12-05,101694327952.81
2019-12-06,101618683762.02
2019-12-07,101640376103.85
2019-12-08,101646701078.13
2019-12-09,101639439985.51
2019-12-10,101603583738.06
2019-12-11,101553094093.13
2019-12-12,101507577254.71
2019-12-13,101507272860.0
2019-12-14,101487262667.79
2019-12-15,101489148939.56
2019-12-16,101440062544.22
2019-12-17,101342900195.26
2019-12-18,101169962716.37
2019-12-19,101197249624.9
2019-12-20,101220200386.27
2019-12-21,101228527170.97
2019-12-22,101240498891.86
2019-12-23,101277749245.87
2019-12-24,101289491130.6
2019-12-25,101124678336.76
2019-12-26,101118913689.19
2019-12-27,101087235853.83
2019-12-28,101097838553.1
2019-12-29,101119094051.68
2019-12-30,101004686350.23
2019-12-31,100986010433.87
2020-01-01,100995467323.34
2020-01-02,100991538006.87
2020-01-03,101014127621.36
2020-01-04,101010243105.99
2020-01-05,101031634047.66
2020-01-06,101064265917.12
2020-01-07,101140188527.18
2020-01-08,101242347775.08
2020-01-09,101312698258.6
2020-01-10,101339214829.22
2020-01-11,101375274552.95
2020-01-12,101410550682.81
2020-01-13,101460437565.99
2020-01-14,101715734080.35
2020-01-15,101905030383.04
2020-01-16,102008072751.37
2020-01-17,102137005513.92
2020-01-18,102185516161.34
2020-01-19,102202812743.48
2020-01-20,102212416585.73
2020-01-21,102247739303.19
2020-01-22,102283330170.74
2020-01-23,102310339561.94
2020-01-24,102364972286.53
2020-01-25,102390604943.32
2020-01-26,102421053067.27
2020-01-27,102495638291.0
2020-01-28,102599505676.97
2020-01-29,102840561713.65
2020-01-30,103014363137.02
2020-01-31,103219430068.09
2020-02-01,103275086708.07
2020-02-02,103292335172.55
2020-02-03,103375164643.61
2020-02-04,103425584180.53
2020-02-05,103526941592.51
2020-02-06,103818460721.99
2020-02-07,104234650132.1
2020-02-08,104373343686.64
2020-02-09,104498303742.93
2020-02-10,104802839152.99
2020-02-11,104972867206.9
2020-02-12,105137780250.73
2020-02-13,105278733469.16
2020-02-14,105387840779.67
2020-02-15,105430150843.48
2020-02-16,105481411556.37
2020-02-17,105499871960.51
2020-02-18,105639268445.46
2020-02-19,105774642875.63
2020-02-20,105742591406.89
2020-02-21,105792864100.53
2020-02-22,105827923552.24
2020-02-23,105904211996.89
2020-02-24,105950835848.34
2020-02-25,106106065821.26
2020-02-26,106044388055.72
2020-02-27,105952385350.47
2020-02-28,105935072680.1
2020-02-29,105929908559.7
2020-03-01,105914074950.42
2020-03-02,105962073543.34
2020-03-03,106017261320.35
2020-03-04,105853907181.03
2020-03-05,105897113904.09
2020-03-06,105947851609.14
2020-03-07,105970754532.67
2020-03-08,105950653750.3
2020-03-09,105733370286.36
2020-03-10,105629178837.01
2020-03-11,105340782221.11
2020-03-12,104021784134.26
2020-03-13,102733221573.73
2020-03-14,102489537746.47
2020-03-15,102331710407.23
2020-03-16,101861445012.72
2020-03-17,101612357228.68
2020-03-18,101521815982.18
2020-03-19,101509886550.46
2020-03-20,101486696931.09
2020-03-21,101466222547.42
2020-03-22,101499542501.66
2020-03-23,101457143278.67
2020-03-24,101585668840.05
2020-03-25,101547856262.18
2020-03-26,101577531792.51
2020-03-27,101589906990.2
2020-03-28,101528259908.1
2020-03-29,101456357826.88
2020-03-30,101408372862.48
2020-03-31,101387027569.08
2020-04-01,100989905780.97
2020-04-02,101033533611.42
2020-04-03,101060121506.19
2020-04-04,101055759007.49
2020-04-05,101074756979.05
2020-04-06,101198387895.55
2020-04-07,101243653480.88
2020-04-08,101300046251.3
2020-04-09,101337035831.21
2020-04-10,100985092490.9
2020-04-11,100979284007.05
2020-04-12,100994641802.66
2020-04-13,100937336906.78
2020-04-14,100949994436.55
2020-04-15,100935257523.47
2020-04-16,100935275463.46
2020-04-17,100961398981.08
2020-04-18,100990562927.14
2020-04-19,101004618083.26
2020-04-20,100986152330.18
2020-04-21,100953022977.76
2020-04-22,100968350175.47
2020-04-23,101055366179.95
2020-04-24,101134199597.42
2020-04-25,101168908358.69
2020-04-26,101201711451.58
2020-04-27,101404436101.48
2020-04-28,101447494911.79
2020-04-29,101977523261.69
2020-04-30,102423954931.68
2020-05-01,102578681204.83
2020-05-02,102669911057.76
2020-05-03,102851301042.29
2020-05-04,102937197305.96
2020-05-05,103015354949.83
2020-05-06,103260169393.54
2020-05-07,103769956637.87
2020-05-08,104124262282.23
2020-05-09,104222066572.0
2020-05-10,104167175606.33
2020-05-11,104146484269.36
2020-05-12,104073366907.87
2020-05-13,104194086732.43
2020-05-14,104354194799.64
2020-05-15,104452919571.39
2020-05-16,104489867617.07
2020-05-17,104556995498.61
2020-05-18,104751553228.21
2020-05-19,104870621464.76
2020-05-20,104979910492.31
2020-05-21,104954064914.79
2020-05-22,104950021142.05
2020-05-23,104978331870.72
2020-05-24,105002464209.52
2020-05-25,104887173352.11
2020-05-26,104880170145.16
2020-05-27,104934109904.13
2020-05-28,105006822523.5
2020-05-29,105072911325.78
2020-05-30,105110629399.1
2020-05-31,105151987334.54
2020-06-01,105302878312.44
2020-06-02,105505877311.31
2020-06-03,105552969030.92
2020-06-04,105629230741.64
2020-06-05,105685458004.96
2020-06-06,105726754624.29
2020-06-07,105755312599.67
2020-06-08,105939785726.69
2020-06-09,106002850697.38
2020-06-10,106071331263.99
2020-06-11,106093146605.62
2020-06-12,106108885479.34
2020-06-13,106131129982.48
2020-06-14,106157033058.69
2020-06-15,106125122999.91
2020-06-16,106206781825.28
2020-06-17,106230580693.41
2020-06-18,106510522279.08
2020-06-19,106521823659.86
2020-06-20,106543696124.82
2020-06-21,106578386071.08
2020-06-22,106648979308.11
2020-06-23,106737436072.31
2020-06-24,106714793083.66
2020-06-25,106697166511.09
2020-06-26,107019306520.43
2020-06-27,107028929562.99
2020-06-28,107028487714.17
2020-06-29,107051244917.7
2020-06-30,107110968320.34
2020-07-01,107141668408.02
2020-07-02,107155176002.49
2020-07-03,107174716586.17
2020-07-04,107188585976.03
2020-07-05,107194093502.73
2020-07-06,107240171622.5
2020-07-07,107274168066.0
2020-07-08,107425442621.23
2020-07-09,107468622517.86
2020-07-10,107471357431.92
2020-07-11,107489823474.29
2020-07-12,107507696973.46
2020-07-13,107525539493.83
2020-07-14,107594008227.94
2020-07-15,107651918638.78
2020-07-16,107657466334.79
2020-07-17,107661293548.34
2020-07-18,107674580748.74
2020-07-19,107701752617.54
2020-07-20,107715961796.76
2020-07-21,107752654722.7
2020-07-22,107820789802.91
2020-07-23,107910292752.88
2020-07-24,107975796389.49
2020-07-25,108031097039.63
2020-07-26,108116250994.29
2020-07-27,108476129967.88
2020-07-28,108885162649.68
2020-07-29,109109292972.8
2020-07-30,109287060128.89
2020-07-31,109493556492.67
2020-08-01,109676902191.14
2020-08-02,109790653699.97
2020-08-03,110175149736.3
2020-08-04,110284592559.63
2020-08-05,110541247097.05
2020-08-06,111030484135.87
2020-08-07,111369368106.52
2020-08-08,111598546585.48
2020-08-09,111745883010.11
2020-08-10,111927587858.03
2020-08-11,112146384477.08
2020-08-12,112261862421.11
2020-08-13,112387584583.6
2020-08-14,112598212173.1
2020-08-15,112702903561.21
2020-08-16,112795874091.57
2020-08-17,113159625965.41
2020-08-18,113321926932.27
2020-08-19,113380636513.8
2020-08-20,113495896887.67
2020-08-21,113657690783.43
2020-08-22,113691637124.92
2020-08-23,113733633591.76
2020-08-24,113858620517.36
2020-08-25,113930157138.85
2020-08-26,113998036739.12
2020-08-27,114056804671.91
2020-08-28,114183330996.88
2020-08-29,114211125950.12
2020-08-30,114292531169.23
2020-08-31,114468859899.25
2020-09-01,114717805173.53
2020-09-02,114773620646.5
2020-09-03,114807290548.31
2020-09-04,114736664127.75
2020-09-05,114684068590.13
2020-09-06,114674757528.41
2020-09-07,114615447774.73
2020-09-08,114592145903.28
2020-09-09,114579921109.5
2020-09-10,114600220845.97
2020-09-11,114586565087.78
2020-09-12,114588736473.92
2020-09-13,114606234328.1
2020-09-14,114653796742.72
2020-09-15,114761176916.95
2020-09-16,114905839623.62
2020-09-17,114978276843.62
2020-09-18,115076212654.81
2020-09-19,115189113167.99
2020-09-20,115229925569.82
2020-09-21,115209585214.85
2020-09-22,115307931390.96
2020-09-23,115303434944.92
2020-09-24,115270543796.71
2020-09-25,115356935227.66
2020-09-26,115404958292.76
2020-09-27,115429633444.14
2020-09-28,115496367719.81
2020-09-29,115658324115.9
2020-09-30,115698684254.75
2020-10-01,115725493084.59
2020-10-02,115738051227.67
2020-10-03,115757049304.68
2020-10-04,115784675510.34
2020-10-05,115840575198.45
2020-10-06,115878348564.73
2020-10-07,115934991785.7
2020-10-08,116018962603.81
2020-10-09,116174698100.71
2020-10-10,116269476181.55
2020-10-11,116327114274.14
2020-10-12,116466597815.07
2020-10-13,116571351197.18
2020-10-14,116685325456.94
2020-10-15,116807983167.94
2020-10-16,116871139826.31
2020-10-17,116909496495.01
2020-10-18,116956171852.54
2020-10-19,117291046684.09
2020-10-20,117516506042.17
2020-10-21,117938101829.31
2020-10-22,118646179456.59
2020-10-23,119265915723.84
2020-10-24,119508146435.09
2020-10-25,119655213545.69
2020-10-26,119807895672.54
2020-10-27,120180264322.13
2020-10-28,120478574590.06
2020-10-29,120752347182.71
2020-10-30,120921045751.12
2020-10-31,121138671440.5
2020-11-01,121392635657.71
2020-11-02,121728414674.94
2020-11-03,123475460722.84
2020-11-04,123859619746.6
2020-11-05,124797499755.36
2020-11-06,125492302870.18
2020-11-07,125689966788.02
2020-11-08,126184509507.98
2020-11-09,126546705653.01
2020-11-10,126857837051.12
2020-11-11,127221651316.63
2020-11-12,127716287077.91
2020-11-13,128161029029.04
2020-11-14,128395543751.35
2020-11-15,128548860861.6
2020-11-16,128938850932.84
2020-11-17,129759470316.4
2020-11-18,131120322523.71
2020-11-19,131557682648.29
2020-11-20,132886479663.38
2020-11-21,133541586414.15
2020-11-22,133824962120.73
2020-11-23,134287194849.29
2020-11-24,135284722295.73
2020-11-25,135779863487.57
2020-11-26,136159162965.86
2020-11-27,136449737520.4
2020-11-28,136643154288.79
2020-11-29,136900450658.67
2020-11-30,137847213994.51
2020-12-01,138647088298.33
2020-12-02,139332391185.82
2020-12-03,139911277979.35
2020-12-04,140382319744.12
2020-12-05,140555786149.49
2020-12-06,140752516365.8
2020-12-07,141138931585.88
2020-12-08,141531833162.41
2020-12-09,141794505368.11
2020-12-10,142336238156.1
2020-12-11,142564008811.03
2020-12-12,142949172961.69
2020-12-13,144079154870.12
2020-12-14,144457152161.55
2020-12-15,144962127553.37
2020-12-16,146188007544.42
2020-12-17,148603288604.52
2020-12-18,151100959488.08
2020-12-19,151887832305.56
2020-12-20,152779937295.4
2020-12-21,153534962042.12
2020-12-22,155191285281.73
2020-12-23,156796049186.41
2020-12-24,158186641242.3
2020-12-25,158606464214.2
2020-12-26,159566006417.7
2020-12-27,161457779456.76
2020-12-28,165230275164.79
2020-12-29,167710490768.8
2020-12-30,169528569329.43
2020-12-31,170966229569.36
2021-01-01,172819012133.25
2021-01-02,175824166752.84
2021-01-03,178980035111.25
2021-01-04,181728796425.56
2021-01-05,184382465568.64
2021-01-06,187623714946.69
2021-01-07,193216195564.42
2021-01-08,198354883128.61
2021-01-09,201790390759.76
2021-01-10,203567111023.03
2021-01-11,204629690098.2
2021-01-12,206027489576.02
2021-01-13,207164581489.54
2021-01-14,209434348427.81
2021-01-15,210711653170.99
2021-01-16,211490138283.84
2021-01-17,212038642657.63
2021-01-18,213244609468.95
2021-01-19,214290321084.18
2021-01-20,214716906618.59
2021-01-21,214907523826.59
2021-01-22,215057264576.79
2021-01-23,215396886043.56
2021-01-24,215588464339.62
2021-01-25,216119535822.73
2021-01-26,216286822382.42
2021-01-27,217536329362.95
2021-01-28,218428959452.0
2021-01-29,220529867774.7
2021-01-30,221102032745.85
2021-01-31,221773086259.01
2021-02-01,222240364313.05
2021-02-02,223233014541.56
2021-02-03,224237781430.62
2021-02-04,225794381031.73
2021-02-05,227699873441.76
2021-02-06,228976571268.3
2021-02-07,230021557602.57
2021-02-08,232551539061.04
2021-02-09,237881286401.69
2021-02-10,240707755461.73
2021-02-11,242951333089.77
2021-02-12,245325790231.86
2021-02-13,246410091809.12
2021-02-14,247419400644.13
2021-02-15,250293798973.31
2021-02-16,251855283449.34
2021-02-17,254680881432.57
2021-02-18,257824417856.09
2021-02-19,262779408760.2
2021-02-20,266515775411.38
2021-02-21,268879233573.64
2021-02-22,271009436492.11
2021-02-23,273751650369.11
2021-02-24,276063621843.62
2021-02-25,277955120245.02
2021-02-26,280258359744.63
2021-02-27,280063272968.1
2021-02-28,280343305211.06
2021-03-01,281607607985.66
2021-03-02,283074046611.6
2021-03-03,284257046296.86
2021-03-04,285105738784.77
2021-03-05,285979378602.46
2021-03-06,286506601955.9
2021-03-07,287164027493.41
2021-03-08,288762468674.17
2021-03-09,290531023135.63
2021-03-10,292528877696.65
2021-03-11,295673980971.75
2021-03-12,298189341011.6
2021-03-13,300067565067.46
2021-03-14,301949277766.06
2021-03-15,303075907704.79
2021-03-16,305011862794.32
2021-03-17,306578717724.58
2021-03-18,307723580755.51
2021-03-19,308665965917.4
2021-03-20,309707098785.12
2021-03-21,310506767740.09
2021-03-22,311786913038.9
2021-03-23,313621758143.03
2021-03-24,315041411582.86
2021-03-25,316357579647.66
2021-03-26,317386014336.54
2021-03-27,318952641316.78
2021-03-28,319634987649.76
2021-03-29,321069781972.45
2021-03-30,322704365451.52
2021-03-31,324323047406.2
2021-04-01,326380707612.21
2021-04-02,327771925554.11
2021-04-03,328225119820.94
2021-04-04,328773435355.9
2021-04-05,329650870115.49
2021-04-06,335217156127.88
2021-04-07,335965593002.82
2021-04-08,336844167237.17
2021-04-09,337704247761.13
2021-04-10,338874235626.61
2021-04-11,340163833923.95
2021-04-12,341811526808.44
2021-04-13,344253655467.03
2021-04-14,347247953627.44
2021-04-15,349384966687.19
2021-04-16,350427455082.93
2021-04-17,351433481775.47
2021-04-18,355371422083.86
2021-04-19,355658711958.49
2021-04-20,356382019744.92
2021-04-21,356753147085.38
2021-04-22,357848957402.58
2021-04-23,357715512566.85
2021-04-24,358398644569.99
2021-04-25,358447017273.54
2021-04-26,359564066613.02
2021-04-27,361225090379.66
2021-04-28,361944620483.19
2021-04-29,363272496963.79
2021-04-30,364908755163.61
2021-05-01,365612916791.49
2021-05-02,366203672793.19
2021-05-03,367342337620.53
2021-05-04,368018329805.13
2021-05-05,369082553886.29
2021-05-06,370431878809.89
2021-05-07,373082376898.7
2021-05-08,373974114150.77
2021-05-09,374827301301.47
2021-05-10,375740346868.09
2021-05-11,376096432005.56
2021-05-12,377857765388.19
2021-05-13,377571107084.66
2021-05-14,377665610342.89
2021-05-15,377785645481.27
2021-05-16,377594591154.27
2021-05-17,376666403993.42
2021-05-18,376377167826.15
2021-05-19,373986346061.28
2021-05-20,372427397574.32
2021-05-21,371796921892.05
2021-05-22,371067469229.36
2021-05-23,370462425479.17
2021-05-24,371272591295.22
2021-05-25,370727922208.14
2021-05-26,371006662869.44
2021-05-27,370771936080.11
2021-05-28,370136340009.02
2021-05-29,369744798826.16
2021-05-30,370067271762.13
2021-05-31,369981347592.81
2021-06-01,370241220937.37
2021-06-02,370252678564.23
2021-06-03,370558853573.34
2021-06-04,370057021190.13
2021-06-05,369851573223.19
2021-06-06,369703132187.5
2021-06-07,369428114020.1
2021-06-08,368052995507.69
2021-06-09,368505136317.38
2021-06-10,368640267896.04
2021-06-11,368871067328.37
2021-06-12,368722362277.69
2021-06-13,368849699615.33
2021-06-14,369538105173.57
2021-06-15,369898942140.08
2021-06-16,370012257212.98
2021-06-17,369644342792.14
2021-06-18,369425298139.05
2021-06-19,369297592760.96
2021-06-20,369163756781.08
2021-06-21,368319861241.39
2021-06-22,367721084063.62
2021-06-23,367711716245.35
2021-06-24,367706894452.53
2021-06-25,364375992499.41
2021-06-26,363850193155.86
2021-06-27,363991822419.18
2021-06-28,364075372300.22
2021-06-29,364203628463.36
2021-06-30,363944982330.48
2021-07-01,363578578897.7
2021-07-02,362562267601.36
2021-07-03,362637632268.37
2021-07-04,362782080475.5
2021-07-05,362701621845.46
2021-07-06,362666188331.24
2021-07-07,362771421518.46
2021-07-08,362399976152.68
2021-07-09,362450869702.41
2021-07-10,362455168414.94
2021-07-11,362504691549.56
2021-07-12,362696552792.6
2021-07-13,362496957791.31
2021-07-14,362243803633.08
2021-07-15,361808522604.52
2021-07-16,361527274608.21
2021-07-17,362965286454.13
2021-07-18,362821276235.52
2021-07-19,362648196395.55
2021-07-20,362457915005.69
2021-07-21,362510943757.8
2021-07-22,362741915402.87
2021-07-23,361848592222.32
2021-07-24,361980073859.58
2021-07-25,362036755460.69
2021-07-26,363955766961.37
2021-07-27,366349387984.26
2021-07-28,368186700463.64
2021-07-29,372503578523.59
2021-07-30,372851766012.09
2021-07-31,373166192455.06
2021-08-01,373375321369.08
2021-08-02,373503960795.97
2021-08-03,373409491864.82
2021-08-04,373665762254.21
2021-08-05,373924095629.61
2021-08-06,374585843570.65
2021-08-07,375044140257.44
2021-08-08,375412891677.21
2021-08-09,376372472285.12
2021-08-10,377079989898.33
2021-08-11,377654600817.65
2021-08-12,377934033321.29
2021-08-13,378641605508.14
2021-08-14,379554032937.72
2021-08-15,379779369084.97
2021-08-16,380286278659.98
2021-08-17,380566056626.97
2021-08-18,381109221953.51
2021-08-19,381637921686.68
2021-08-20,382446453661.51
2021-08-21,383028233928.45
2021-08-22,383436167119.95
2021-08-23,384526363887.2
2021-08-24,384839869367.7
2021-08-25,386566629767.3
2021-08-26,387059665034.23
2021-08-27,387486115998.82
2021-08-28,387856686081.52
2021-08-29,388091674858.37
2021-08-30,388533308999.44
2021-08-31,388945570885.22
2021-09-01,389462395311.7
2021-09-02,390324679962.88
2021-09-03,390932800232.92
2021-09-04,391372460203.65
2021-09-05,391703808047.51
2021-09-06,392338334248.39
2021-09-07,392157015561.78
2021-09-08,392202536656.37
2021-09-09,392895631778.51
2021-09-10,392967916854.97
2021-09-11,393050393265.39
2021-09-12,393201992519.6
2021-09-13,393120343654.9
2021-09-14,393663891781.48
2021-09-15,394476373363.57
2021-09-16,395012592869.26
2021-09-17,395292085110.96
2021-09-18,395616868117.12
2021-09-19,395791160946.81
2021-09-20,395188591022.55
2021-09-21,394646597677.68
2021-09-22,394879189873.28
2021-09-23,395080461767.27
2021-09-24,394724171539.79
2021-09-25,394746038957.16
2021-09-26,397437668758.11
2021-09-27,397688492839.7
2021-09-28,397388340637.8
2021-09-29,397414745692.73
2021-09-30,397955280835.14
2021-10-01,399051310901.19
2021-10-02,399754365015.84
2021-10-03,400090829139.34
2021-10-04,400654139177.01
2021-10-05,401735733663.46
2021-10-06,404545906232.72
2021-10-07,406389459857.78
2021-10-08,407210719520.24
2021-10-09,407741664236.36
2021-10-10,408444932709.09
2021-10-11,409581463112.53
2021-10-12,410748147200.41
2021-10-13,411728430334.46
2021-10-14,413031985052.51
2021-10-15,415112255402.99
2021-10-16,416133236111.66
2021-10-17,416614420092.4
2021-10-18,418272892477.68
2021-10-19,421389061130.46
2021-10-20,424409808927.54
2021-10-21,426304213792.63
2021-10-22,426578627751.47
2021-10-23,426971897795.49
2021-10-24,427925920911.49
2021-10-25,429733918831.97
2021-10-26,430750454774.94
2021-10-27,430576880458.82
2021-10-28,431583592356.81
2021-10-29,432641271356.62
2021-10-30,433084103635.4
2021-10-31,433961722808.21
2021-11-01,436083256460.94
2021-11-02,438723933550.55
2021-11-03,440509348431.99
2021-11-04,440838501385.75
2021-11-05,441939072129.08
2021-11-06,442474212053.52
2021-11-07,442907853041.9
2021-11-08,445366896674.44
2021-11-09,447336039885.1
2021-11-10,448808830443.7
2021-11-11,449795257001.45
2021-11-12,455698004561.44
2021-11-13,456150205687.54
2021-11-14,456491162052.5
2021-11-15,457835070544.43
2021-11-16,458584719768.18
2021-11-17,459154274294.55
2021-11-18,458725888026.85
2021-11-19,458725338327.38
2021-11-20,459084705266.0
2021-11-21,459278117128.14
2021-11-22,458993778756.42
2021-11-23,459114587168.88
2021-11-24,459371389647.5
2021-11-25,462748424415.36
2021-11-26,462066773052.81
2021-11-27,461984664453.14
2021-11-28,462215335404.26
2021-11-29,463105403424.56
2021-11-30,463550139860.62
2021-12-01,464354978688.88
2021-12-02,464401055143.13
2021-12-03,464135803105.01
2021-12-04,462054957378.82
2021-12-05,461861341502.13
2021-12-06,461333881670.77
2021-12-07,462669320975.9
2021-12-08,462534017895.81
2021-12-09,461975856790.1
2021-12-10,461760426514.24
2021-12-11,461948325557.5
2021-12-12,462065870815.85
2021-12-13,461804844810.3
2021-12-14,461987976195.22
2021-12-15,462036605477.1
2021-12-16,462172688470.06
2021-12-17,461769259070.25
2021-12-18,461725463077.13
2021-12-19,461801665344.21
2021-12-20,461433820629.93
2021-12-21,461872998670.88
2021-12-22,462116143887.96
2021-12-23,462453410052.68
2021-12-24,462920567606.62
2021-12-25,462911905886.28
2021-12-26,462988550995.69
2021-12-27,463433041404.02
2021-12-28,463077103257.05
2021-12-29,462817140678.54
2021-12-30,462793078687.08
2021-12-31,462915159483.69
2022-01-01,463033369155.19
2022-01-02,463043653641.5
2022-01-03,462851938306.81
2022-01-04,462631501211.44
2022-01-05,462489953116.02
2022-01-06,461645237548.19
2022-01-07,460781753931.8
2022-01-08,460592056152.62
2022-01-09,460537393676.4
2022-01-10,460238676698.45
2022-01-11,460090839717.91
2022-01-12,460436578128.98
2022-01-13,460332225370.76
2022-01-14,460253821066.25
2022-01-15,460319037765.02
2022-01-16,460377607673.61
2022-01-17,460012466634.02
2022-01-18,459753009710.6
2022-01-19,459176444485.15
2022-01-20,459078529185.58
2022-01-21,456653270684.28
2022-01-22,455683681558.47
2022-01-23,455493078208.79
2022-01-24,454578809364.66
2022-01-25,454571965549.2
2022-01-26,454505271670.42
2022-01-27,453984354226.33
2022-01-28,453420834170.35
2022-01-29,452699001924.1
2022-01-30,452345940819.42
2022-01-31,452197035633.43
2022-02-01,454678686979.97
2022-02-02,454448504950.07
2022-02-03,454097331327.16
2022-02-04,454704834562.39
2022-02-05,455109638285.74
2022-02-06,455171376916.62
2022-02-07,456019559232.59
2022-02-08,456393025888.92
2022-02-09,456709060742.6
2022-02-10,457201053311.23
2022-02-11,457391616118.77
2022-02-12,457573789805.79
2022-02-13,457649056105.91
2022-02-14,457594951602.84
2022-02-15,458190619964.66
2022-02-16,458389962296.58
2022-02-17,458142873863.43
2022-02-18,457743573801.46
2022-02-19,457722998879.58
2022-02-20,457429337029.24
2022-02-21,457146735400.75
2022-02-22,456867891618.01
2022-02-23,457120891528.97
2022-02-24,456394858398.3
2022-02-25,456373963613.52
2022-02-26,456336059814.76
2022-02-27,456314909828.34
2022-02-28,457221564450.63
2022-03-01,457990264380.25
2022-03-02,458353968877.77
2022-03-03,458756806035.54
2022-03-04,458297907905.14
2022-03-05,458206572119.4
2022-03-06,458178151491.04
2022-03-07,458026594535.88
2022-03-08,458091985042.4
2022-03-09,458454048310.33
2022-03-10,457893464706.67
2022-03-11,458353433818.06
2022-03-12,458407759854.79
2022-03-13,458372384661.55
2022-03-14,458400681501.22
2022-03-15,458283826555.61
2022-03-16,458755108801.76
2022-03-17,458581748854.72
2022-03-18,458805271209.08
2022-03-19,459014825096.62
2022-03-20,459075310569.49
2022-03-21,459122978904.48
2022-03-22,459669832799.47
2022-03-23,459821285315.52
2022-03-24,460388017310.59
2022-03-25,462719865378.8
2022-03-26,462854649492.98
2022-03-27,463270248180.89
2022-03-28,464879227132.91
2022-03-29,465806201963.73
2022-03-30,466207364418.82
2022-03-31,466209096829.78
2022-04-01,466579552434.56
2022-04-02,466704619862.96
2022-04-03,466860117888.7
2022-04-04,467091404756.13
2022-04-05,467288666037.33
2022-04-06,466833569318.82
2022-04-07,466601830275.21
2022-04-08,466485775967.22
2022-04-09,466456993862.39
2022-04-10,466461940684.42
2022-04-11,465825067619.87
2022-04-12,466224516568.4
2022-04-13,466383087542.95
2022-04-14,466779343478.95
2022-04-15,466820200102.26
2022-04-16,466804188720.0
2022-04-17,466805889894.14
2022-04-18,466717091546.54
2022-04-19,466901417571.7
2022-04-20,467096519386.09
2022-04-21,468103824463.28
2022-04-22,467679767106.81
2022-04-23,467654969702.69
2022-04-24,467608115341.08
2022-04-25,467373257302.72
2022-04-26,466917577973.94
2022-04-27,466857627212.82
2022-04-28,466898640955.69
2022-04-29,466532046210.0
2022-04-30,466438068636.85
2022-05-01,466212763451.56
2022-05-02,465608946348.51
2022-05-03,465027663393.54
2022-05-04,465393039103.59
2022-05-05,464722667214.76
2022-05-06,464249295118.27
2022-05-07,464040636962.97
2022-05-08,463618676895.58
2022-05-09,461250521715.16
2022-05-10,460006063186.88
2022-05-11,457525393976.47
2022-05-12,455981912070.06
2022-05-13,455405378606.44
2022-05-14,455884750261.68
2022-05-15,455910958840.5
2022-05-16,455490222143.69
2022-05-17,455159532374.68
2022-05-18,454603435443.85
2022-05-19,454054689297.6
2022-05-20,453473191026.67
2022-05-21,453379886650.34
2022-05-22,453413558526.89
2022-05-23,453005413192.02
2022-05-24,452766245535.8
2022-05-25,452688545485.62
2022-05-26,452260253170.41
2022-05-27,451467123606.41
2022-05-28,451433264781.48
2022-05-29,451426616429.15
2022-05-30,451600618506.57
2022-05-31,451929736028.59
2022-06-01,451376433568.41
2022-06-02,450289636649.1
2022-06-03,449891956143.09
2022-06-04,449502187101.26
2022-06-05,449394844137.83
2022-06-06,449258750854.18
2022-06-07,448573340822.16
2022-06-08,448377923439.77
2022-06-09,447825847208.34
2022-06-10,447482083560.28
2022-06-11,446995588874.46
2022-06-12,446604066537.68
2022-06-13,442515979058.53
2022-06-14,439048657319.11
2022-06-15,436606011244.02
2022-06-16,435044023589.44
2022-06-17,433608793233.62
2022-06-18,431507758945.19
2022-06-19,431344856366.33
2022-06-20,430915712879.49
2022-06-21,430304785564.44
2022-06-22,429420203369.1
2022-06-23,429203943521.08
2022-06-24,428815731560.59
2022-06-25,428920868266.11
2022-06-26,428873730072.51
2022-06-27,428360362361.09
2022-06-28,427977732275.96
2022-06-29,427509442676.79
2022-06-30,425905420891.26
2022-07-01,425346419124.55
2022-07-02,425108622315.22
2022-07-03,424847164944.65
2022-07-04,424793517370.37
2022-07-05,424625913943.43
2022-07-06,423777363629.04
2022-07-07,423721132811.95
2022-07-08,423598638254.86
2022-07-09,423002795539.75
2022-07-10,422901868931.58
2022-07-11,421571840259.25
2022-07-12,421262923728.76
2022-07-13,421104979577.64
2022-07-14,420734819777.04
2022-07-15,419202269762.61
2022-07-16,419203221117.9
2022-07-17,419177300200.46
2022-07-18,419187657127.93
2022-07-19,418655129225.84
2022-07-20,418941529894.98
2022-07-21,418151472619.81
2022-07-22,417542901927.76
2022-07-23,417268644358.26
2022-07-24,417213195229.6
2022-07-25,416737404622.75
2022-07-26,416306264234.89
2022-07-27,416437343090.65
2022-07-28,416697769255.53
2022-07-29,416738651136.03
2022-07-30,416800814320.53
2022-07-31,416696163768.61
2022-08-01,416673948599.57
2022-08-02,416525888985.27
2022-08-03,416507701092.78
2022-08-04,416163824130.1
2022-08-05,416169367693.15
2022-08-06,416206944687.45
2022-08-07,416208886368.06
2022-08-08,416302988297.48
2022-08-09,415789420394.51
2022-08-10,416057627480.03
2022-08-11,416088742501.77
2022-08-12,416143823656.61
2022-08-13,416197603810.54
2022-08-14,416172558065.38
2022-08-15,416058597296.78
2022-08-16,416048020175.04
2022-08-17,415851071451.86
2022-08-18,415831795291.24
2022-08-19,415088561414.78
2022-08-20,414981375363.01
2022-08-21,414955487367.03
2022-08-22,414676139256.77
2022-08-23,414563457793.25
2022-08-24,414445339087.49
2022-08-25,414286113145.5
2022-08-26,414082809621.36
2022-08-27,413752973022.77
2022-08-28,413767156160.72
2022-08-29,413721632048.9
2022-08-30,413249694630.68
2022-08-31,413095048678.07
2022-09-01,412801071567.39
2022-09-02,412531476331.18
2022-09-03,412472183725.77
2022-09-04,412526804014.54
2022-09-05,412420282400.68
2022-09-06,411950109456.17
2022-09-07,411686468251.73
2022-09-08,411478509146.94
2022-09-09,411694091336.39
2022-09-10,411738941838.83
2022-09-11,411697638389.59
2022-09-12,411784380577.27
2022-09-13,410765910802.74
2022-09-14,410292024932.28
2022-09-15,409811951175.25
2022-09-16,409653244973.8
2022-09-17,409604527108.39
2022-09-18,409513206248.53
2022-09-19,409118761774.73
2022-09-20,408820550758.07
2022-09-21,408573690932.95
2022-09-22,408456543605.4
2022-09-23,408322578159.92
2022-09-24,408290299533.17
2022-09-25,408212598264.57
2022-09-26,408142244859.64
2022-09-27,407992373791.89
2022-09-28,407657001808.65
2022-09-29,407503149739.78
2022-09-30,407263916612.68
2022-10-01,407214853937.28
2022-10-02,407162389940.79
2022-10-03,407078114643.42
2022-10-04,407045268234.65
2022-10-05,406959795970.46
2022-10-06,406882897206.08
2022-10-07,406809562694.22
2022-10-08,406568690276.48
2022-10-09,406551559257.64
2022-10-10,406391822320.43
2022-10-11,406250133205.77
2022-10-12,405802990048.41
2022-10-13,405680216751.72
2022-10-14,405615979502.08
2022-10-15,405571852241.37
2022-10-16,405522817768.65
2022-10-17,405176320109.71
2022-10-18,405433072957.92
2022-10-19,405241536300.06
2022-10-20,405128146952.69
2022-10-21,405036844149.13
2022-10-22,404796033928.18
2022-10-23,404780044359.48
2022-10-24,404727657314.22
2022-10-25,404835682055.54
2022-10-26,405033596641.63
2022-10-27,405089229863.62
2022-10-28,405035452986.9
2022-10-29,405068227702.21
2022-10-30,404994646047.61
2022-10-31,404907264983.85
2022-11-01,404813456883.32
2022-11-02,404736592165.7
2022-11-03,404693013989.79
2022-11-04,405197445955.08
2022-11-05,405255640031.26
2022-11-06,405107043118.25
2022-11-07,404067825408.48
2022-11-08,403442919857.92
2022-11-09,401501899549.95
2022-11-10,400688362033.13
2022-11-11,400016576622.44
2022-11-12,399062367901.12
2022-11-13,398827837416.8
2022-11-14,398146682549.34
2022-11-15,397450335028.49
2022-11-16,396568438002.8
2022-11-17,394929777122.54
2022-11-18,390635709088.32
2022-11-19,390437231669.97
2022-11-20,390187219581.33
2022-11-21,389512171634.48
2022-11-22,388970300538.89
2022-11-23,389165243422.5
2022-11-24,388951166705.5
2022-11-25,388712769928.14
2022-11-26,388487287505.56
2022-11-27,388414866358.56
2022-11-28,387903338698.76
2022-11-29,387743226964.38
2022-11-30,387543069910.44
2022-12-01,387412807499.64
2022-12-02,387164386096.87
2022-12-03,387086904161.48
2022-12-04,386895133627.83
2022-12-05,385859960481.69
2022-12-06,385523695621.15
2022-12-07,385458031174.63
2022-12-08,385284886931.64
2022-12-09,384981319861.12
2022-12-10,384992896377.72
2022-12-11,384886702494.51
2022-12-12,384797142891.92
2022-12-13,384609332752.05
2022-12-14,384335183571.65
2022-12-15,384232967661.52
2022-12-16,384063093675.17
2022-12-17,383917127792.86
2022-12-18,383862976653.97
2022-12-19,383341825403.23
2022-12-20,383246978481.05
2022-12-21,382982841209.99
2022-12-22,382852925038.07
2022-12-23,382705087847.39
2022-12-24,382633603178.91
2022-12-25,382439740668.83
2022-12-26,382399734460.11
2022-12-27,382219681904.64
2022-12-28,381705005573.88
2022-12-29,381340296283.58
2022-12-30,381206148114.52
2022-12-31,380424797244.7
2023-01-01,380377540106.89
2023-01-02,380361397400.74
2023-01-03,380201162147.92
2023-01-04,379993537973.69
2023-01-05,379873598027.31
2023-01-06,379672628562.5
2023-01-07,379606408609.13
2023-01-08,379582115075.18
2023-01-09,379575115228.16
2023-01-10,379382795443.92
2023-01-11,379075759506.65
2023-01-12,379252332725.23
2023-01-13,379466263516.4
2023-01-14,379754963146.7
2023-01-15,379838132678.86
2023-01-16,380031782065.87
2023-01-17,380305532014.54
2023-01-18,380324107735.95
2023-01-19,380218736538.08
2023-01-20,380401309475.77
2023-01-21,380685196188.0
2023-01-22,380844616254.13
2023-01-23,380958173607.63
2023-01-24,381099798621.29
2023-01-25,381226799608.59
2023-01-26,381067201415.53
2023-01-27,380870587277.65
2023-01-28,380952899394.14
2023-01-29,381089147538.66
2023-01-30,381206577608.71
2023-01-31,381333843358.74
2023-02-01,381716210097.97
2023-02-02,381904933154.45
2023-02-03,382032636316.58
2023-02-04,382193621010.66
2023-02-05,382221058403.72
2023-02-06,382276346781.26
2023-02-07,382322943282.23
2023-02-08,382412676915.64
2023-02-09,382425707286.98
2023-02-10,382286694745.74
2023-02-11,382276243245.12
2023-02-12,382277828686.76
2023-02-13,382224023440.36
2023-02-14,382227773480.35
2023-02-15,382404425508.52
2023-02-16,382811571968.15
2023-02-17,382907711835.22
2023-02-18,383009818924.59
2023-02-19,383102061406.33
2023-02-20,383219051758.09
2023-02-21,383311704519.85
2023-02-22,383229670630.92
2023-02-23,383355441638.5
2023-02-24,383338349141.73
2023-02-25,383267618648.44
2023-02-26,383314182204.6
2023-02-27,383406290700.08
2023-02-28,383092677584.26
2023-03-01,382947108627.96
2023-03-02,382917154556.98
2023-03-03,382797535228.48
2023-03-04,382779986410.84
2023-03-05,382569303992.17
2023-03-06,382491998429.49
2023-03-07,381222688305.65
2023-03-08,381144030657.87
2023-03-09,380945217102.64
2023-03-10,380569156696.55
2023-03-11,380509014412.08
2023-03-12,380505642514.1
2023-03-13,381057790874.68
2023-03-14,381685632248.38
2023-03-15,381953243987.36
2023-03-16,382158399727.53
2023-03-17,383050025653.36
2023-03-18,383342634652.69
2023-03-19,383607359619.64
2023-03-20,384041133856.95
2023-03-21,384447386126.37
2023-03-22,384741417068.19
2023-03-23,385281139889.91
2023-03-24,385496680477.11
2023-03-25,385553534305.92
2023-03-26,385723942137.28
2023-03-27,386294955392.12
2023-03-28,386396940745.01
2023-03-29,386735804360.56
2023-03-30,380950341138.54
2023-03-31,381328901703.9
2023-04-01,381523344452.19
2023-04-02,381600972402.03
2023-04-03,381746424001.01
2023-04-04,381882527731.04
2023-04-05,382247124779.85
2023-04-06,382295598720.93
2023-04-07,382229875967.63
2023-04-08,382296339969.39
2023-04-09,382357597214.42
2023-04-10,382578103747.31
2023-04-11,383315128172.5
2023-04-12,383464193963.56
2023-04-13,383814261239.17
2023-04-14,384263844348.15
2023-04-15,384353180366.01
2023-04-16,384450296847.73
2023-04-17,384500715831.13
2023-04-18,384794064037.03
2023-04-19,385089765787.03
2023-04-20,385077623197.9
2023-04-21,385153140947.54
2023-04-22,385149873045.54
2023-04-23,385251447328.27
2023-04-24,385230846552.39
2023-04-25,385225007687.57
2023-04-26,385549658617.63
2023-04-27,385702359450.76
2023-04-28,385924962256.92
2023-04-29,386095567185.41
2023-04-30,386159879892.33
2023-05-01,386118630412.37
2023-05-02,386208389181.03
2023-05-03,386804993802.94
2023-05-04,386899887988.2
2023-05-05,387042111518.68
2023-05-06,387101191785.35
2023-05-07,389099409036.0
2023-05-08,389255613903.34
2023-05-09,389187889264.31
2023-05-10,389206406899.82
2023-05-11,389146880697.74
2023-05-12,389117291061.95
2023-05-13,389141734860.37
2023-05-14,389207980273.18
2023-05-15,389666250539.61
2023-05-16,389800418279.52
2023-05-17,389829170700.19
2023-05-18,389825366017.07
2023-05-19,389778489149.47
2023-05-20,389817151571.18
2023-05-21,389856000741.26
2023-05-22,390398248862.71
2023-05-23,390501446705.69
2023-05-24,390448442970.2
2023-05-25,390673748231.45
2023-05-26,390714067285.8
2023-05-27,390734481072.91
2023-05-28,390872451356.33
2023-05-29,391026572182.13
2023-05-30,391219007547.26
2023-05-31,391231801860.37
2023-06-01,391319711272.01
2023-06-02,391407816918.97
2023-06-03,391426165225.21
2023-06-04,391455251255.08
2023-06-05,391371023076.95
2023-06-06,391380766200.81
2023-06-07,391438045092.16
2023-06-08,391466986608.24
2023-06-09,391500317676.8
2023-06-10,391394343825.54
2023-06-11,391402549796.1
2023-06-12,391347586285.71
2023-06-13,391342100827.43
2023-06-14,391387455719.65
2023-06-15,391229963615.41
2023-06-16,391262245201.85
2023-06-17,391309260643.11
2023-06-18,391466847622.92
2023-06-19,391227658947.06
2023-06-20,391244064923.25
2023-06-21,391781272443.3
2023-06-22,392231373965.42
2023-06-23,392645161275.6
2023-06-24,392908042253.43
2023-06-25,393076477401.83
2023-06-26,393330223707.35
2023-06-27,393770169379.02
2023-06-28,394178006737.87
2023-06-29,394213410466.57
2023-06-30,394591469867.94
2023-07-01,395151601933.29
2023-07-02,395281428912.85
2023-07-03,395475669251.79
2023-07-04,395644949591.17
2023-07-05,395754109231.28
2023-07-06,395361799257.45
2023-07-07,395437972380.43
2023-07-08,395515360803.97
2023-07-09,395595769570.12
2023-07-10,395740906501.49
2023-07-11,395974049498.34
2023-07-12,396138877120.82
2023-07-13,396176356757.61
2023-07-14,396345253837.64
2023-07-15,396357672175.62
2023-07-16,396413678374.17
2023-07-17,396341685586.48
2023-07-18,396546849262.16
2023-07-19,396776361512.79
2023-07-20,396876017598.7
2023-07-21,396727957214.73
2023-07-22,396801754526.6
2023-07-23,396879082183.33
2023-07-24,396863111122.06
2023-07-25,396863385593.66
2023-07-26,396884722032.6
2023-07-27,396588076613.42
2023-07-28,395379489765.28
2023-07-29,395417741378.5
2023-07-30,395448050447.22
2023-07-31,395437936523.8
2023-08-01,395432945436.76
2023-08-02,395381731332.08
2023-08-03,395415110868.98
2023-08-04,395466109352.89
2023-08-05,395490459637.9
2023-08-06,395546814743.33
2023-08-07,395559379964.57
2023-08-08,395612241730.77
2023-08-09,395745558568.69
2023-08-10,395779567935.4
2023-08-11,395868974622.1
2023-08-12,395958402812.44
2023-08-13,396028460842.18
2023-08-14,396102892208.12
2023-08-15,396156002227.01
2023-08-16,396177937586.42
2023-08-17,396068157858.3
2023-08-18,395715085570.31
2023-08-19,395664878551.85
2023-08-20,395661364901.47
2023-08-21,395498263437.06
2023-08-22,395365323761.0
2023-08-23,395305875511.22
2023-08-24,395154624922.73
2023-08-25,395020843949.25
2023-08-26,394997937080.8
2023-08-27,395048861391.02
2023-08-28,394989102860.78
2023-08-29,394788393350.86
2023-08-30,394857841344.59
2023-08-31,394818156278.81
2023-09-01,394670694663.62
2023-09-02,394656869937.36
2023-09-03,394645675250.75
2023-09-04,394624497252.13
2023-09-05,394532068793.09
2023-09-06,394467969383.33
2023-09-07,394426569161.07
2023-09-08,394429075144.56
2023-09-09,394398751364.52
2023-09-10,394402142851.05
2023-09-11,394296423329.11
2023-09-12,394276259908.76
2023-09-13,394291462940.49
2023-09-14,394443484950.22
2023-09-15,394512765765.99
2023-09-16,394550909464.4
2023-09-17,394584723059.41
2023-09-18,394748817320.89
2023-09-19,395051648514.72
2023-09-20,395056871498.92
2023-09-21,395044937261.23
2023-09-22,395049346116.63
2023-09-23,395071914097.61
2023-09-24,395095418524.67
2023-09-25,395070677341.0
2023-09-26,395075284591.83
2023-09-27,395064083472.45
2023-09-28,395098552235.96
2023-09-29,395195982256.8
2023-09-30,395265282204.55
2023-10-01,395316974064.38
2023-10-02,395480562568.49
2023-10-03,395529660265.96
2023-10-04,395659514444.01
2023-10-05,395665106215.11
2023-10-06,395804023947.1
2023-10-07,395941024643.65
2023-10-08,395988800346.59
2023-10-09,396129586767.09
2023-10-10,396150752766.11
2023-10-11,396135148050.44
2023-10-12,396087769058.58
2023-10-13,396087393073.97
2023-10-14,396298027608.82
2023-10-15,396341471263.42
2023-10-16,396535027245.22
2023-10-17,396667803858.29
2023-10-18,396827588816.15
2023-10-19,396664497199.62
2023-10-20,396966935774.73
2023-10-21,397097212238.22
2023-10-22,397205469050.44
2023-10-23,397801163065.91
2023-10-24,399252292750.97
2023-10-25,399858110582.72
2023-10-26,400581797611.61
2023-10-27,400890367309.89
2023-10-28,401137186884.51
2023-10-29,401340114948.52
2023-10-30,401713539571.34
2023-10-31,402040617152.92
2023-11-01,402762762403.39
2023-11-02,403206049084.02
2023-11-03,403552695855.97
2023-11-04,403740942765.27
2023-11-05,403902995635.54
2023-11-06,404199615643.83
2023-11-07,404538388022.06
2023-11-08,404911123363.84
2023-11-09,405992417257.93
2023-11-10,406556621668.11
2023-11-11,406790818258.77
2023-11-12,406958116084.77
2023-11-13,407224600341.36
2023-11-14,407413386875.87
2023-11-15,407779110981.56
2023-11-16,408186832029.61
2023-11-17,408413366281.6
2023-11-18,408555429424.86
2023-11-19,408725894381.0
2023-11-20,409171956713.57
2023-11-21,409744824422.8
2023-11-22,410056944460.35
2023-11-23,410294200047.7
2023-11-24,410589123877.57
2023-11-25,410739778542.17
2023-11-26,410910082680.94
2023-11-27,411030445540.28
2023-11-28,411364284514.8
2023-11-29,411723672271.39
2023-11-30,411981669995.71
2023-12-01,412598337961.42
2023-12-02,412878861282.63
2023-12-03,413193698847.71
2023-12-04,414488798372.13
2023-12-05,415430273144.95
2023-12-06,416896204728.41
2023-12-07,417651443842.78
2023-12-08,418255844521.7
2023-12-09,418698268512.5
2023-12-10,418930191800.09
2023-12-11,419315074240.12
2023-12-12,420185391500.32
2023-12-13,420530546561.31
2023-12-14,421002091867.23
2023-12-15,421683441664.38
2023-12-16,421997064371.32
2023-12-17,422119782543.09
2023-12-18,422608923789.49
2023-12-19,423199525066.65
2023-12-20,423886005270.7
2023-12-21,424361319689.76
2023-12-22,424899538837.82
2023-12-23,425203660351.56
2023-12-24,425770326170.12
2023-12-25,425952896349.34
2023-12-26,426587924389.92
2023-12-27,427898555408.22
2023-12-28,428272992761.79
2023-12-29,428880706756.35
2023-12-30,429129349440.08
2023-12-31,429430386118.62
2024-01-01,429633963227.33
2024-01-02,430586057420.62
2024-01-03,431108694178.0
2024-01-04,434410623056.39
2024-01-05,434999981847.63
2024-01-06,435227304527.18
2024-01-07,435453947647.85
2024-01-08,436088450532.75
2024-01-09,437138385843.34
2024-01-10,437736215624.89
2024-01-11,438615678627.75
2024-01-12,438740199331.13
2024-01-13,438791075402.31
2024-01-14,438879004503.05
2024-01-15,439014211885.18
2024-01-16,441091720802.95
2024-01-17,441317669798.4
2024-01-18,442268576678.47
2024-01-19,442500410404.72
2024-01-20,442588326935.17
2024-01-21,442669455690.0
2024-01-22,442716195638.47
2024-01-23,442805402480.58
2024-01-24,443655064805.83
2024-01-25,444036082583.36
2024-01-26,444361946984.82
2024-01-27,444587788734.89
2024-01-28,444761068342.44
2024-01-29,445125958718.18
2024-01-30,446309124418.61
2024-01-31,447014429884.9
2024-02-01,447156074209.75
2024-02-02,447466504154.63
2024-02-03,447576719143.33
2024-02-04,447710893826.27
2024-02-05,447992050536.07
2024-02-06,448590046770.08
2024-02-07,448948587955.07
2024-02-08,449598130180.12
2024-02-09,450477380953.09
2024-02-10,450882926509.28
2024-02-11,451325014454.78
2024-02-12,452449091583.2
2024-02-13,453231633856.58
2024-02-14,455599269763.27
2024-02-15,456664978665.09
2024-02-16,457429190878.85
2024-02-17,457780179693.72
2024-02-18,458213938900.39
2024-02-19,459750538089.62
2024-02-20,460252540142.15
2024-02-21,460893070058.73
2024-02-22,461812237128.41
2024-02-23,462707142406.74
2024-02-24,463000587341.98
2024-02-25,463309825176.23
2024-02-26,464353749393.71
2024-02-27,466842842785.11
2024-02-28,473355619036.08
2024-02-29,476155991802.81
2024-03-01,479389813145.84
2024-03-02,479898286495.94
2024-03-03,480583378078.97
2024-03-04,483928620893.49
2024-03-05,488179105594.32
2024-03-06,495848196799.77
2024-03-07,499557726050.71
2024-03-08,502700043855.71
2024-03-09,503785238605.83
2024-03-10,504984827020.72
2024-03-11,509521145090.36
2024-03-12,512204148511.41
2024-03-13,521735101146.21
2024-03-14,524065752253.04
2024-03-15,524928490922.85
2024-03-16,525442397022.65
2024-03-17,526852035557.72
2024-03-18,527900323444.42
2024-03-19,527730746066.17
2024-03-20,528244598811.82
2024-03-21,529689519162.65
2024-03-22,531001078606.55
2024-03-23,536405680679.27
2024-03-24,536946798038.18
2024-03-25,542313455434.81
2024-03-26,543394022518.38
2024-03-27,544267437718.26
2024-03-28,546628994527.88
2024-03-29,547245073759.6
2024-03-30,547712459706.9
2024-03-31,548169175750.96
2024-04-01,551030773438.88
2024-04-02,552681688885.73
2024-04-03,553511962836.85
2024-04-04,554065262271.2
2024-04-05,554458523107.44
2024-04-06,555064196830.59
2024-04-07,555529671130.2
2024-04-08,556840415669.69
2024-04-09,557564004016.57
2024-04-10,558018955291.69
2024-04-11,558693225357.35
2024-04-12,559342259269.83
2024-04-13,559251585307.45
2024-04-14,559305791355.1
2024-04-15,559687813542.74
2024-04-16,560174695055.59
2024-04-17,560165770046.76
2024-04-18,560772721004.45
2024-04-19,561509677535.47
2024-04-20,561660640988.15
2024-04-21,561913967914.92
2024-04-22,562522732166.41
2024-04-23,562881154093.01
2024-04-24,565709159445.91
2024-04-25,565920528313.78
2024-04-26,566071104453.67
2024-04-27,566341274585.69
2024-04-28,566936153425.85
2024-04-29,567228875264.06
2024-04-30,567498582065.86
2024-05-01,566820998839.1
2024-05-02,566714241074.36
2024-05-03,567042282810.15
2024-05-04,567392299704.93
2024-05-05,567582560634.03
2024-05-06,568099758039.07
2024-05-07,568379778151.8
2024-05-08,568826143784.5
2024-05-09,569026453806.46
2024-05-10,569120959303.42
2024-05-11,569291148118.12
2024-05-12,569548485405.28
2024-05-13,569961255526.38
2024-05-14,570313695770.69
2024-05-15,571968459358.32
2024-05-16,572780841320.12
2024-05-17,573455170734.62
2024-05-18,573708701593.74
2024-05-19,574065953536.68
2024-05-20,574971939743.61
2024-05-21,576605796258.73
2024-05-22,577469426945.4
2024-05-23,578133619841.81
2024-05-24,578606794784.76
2024-05-25,578891512348.86
2024-05-26,579345944215.6
2024-05-27,580116269073.99
2024-05-28,590137970003.5
2024-05-29,590460025987.83
2024-05-30,590919851201.72
2024-05-31,591302511783.18
2024-06-01,591500634763.42
2024-06-02,591765357400.05
2024-06-03,592956472424.46
2024-06-04,593773457013.34
2024-06-05,594783086757.41
2024-06-06,596450921383.01
2024-06-07,597248266390.78
2024-06-08,597497852747.23
2024-06-09,597749004710.58
2024-06-10,598118291341.84
2024-06-11,599376588757.09
2024-06-12,599985760110.81
2024-06-13,600169525684.24
2024-06-14,600358183319.32
2024-06-15,600640482682.29
2024-06-16,600792423504.55
2024-06-17,601029029747.43
2024-06-18,601011859544.85
2024-06-19,601339301075.95
2024-06-20,601494566170.41
2024-06-21,601895658083.49
2024-06-22,603663790190.72
2024-06-23,603722638298.13
2024-06-24,603411826046.32
2024-06-25,603321085433.66
2024-06-26,603409561046.23
2024-06-27,604468749969.99
2024-06-28,604612676519.75
2024-06-29,604691796183.33
2024-06-30,604833081072.16
2024-07-01,605348578636.14
2024-07-02,605383228214.62
2024-07-03,605894552705.16
2024-07-04,606091070127.61
2024-07-05,605967473530.75
2024-07-06,606014093263.4
2024-07-07,606142275570.06
2024-07-08,605635909312.79
2024-07-09,606060525264.14
2024-07-10,606368876196.06
2024-07-11,606380324460.4
2024-07-12,606513624105.41
2024-07-13,606748217822.32
2024-07-14,607090129815.02
2024-07-15,608169350259.74
2024-07-16,608902968272.54
2024-07-17,609633446338.67
2024-07-18,610222375686.33
2024-07-19,611564083831.11
2024-07-20,612032427969.53
2024-07-21,612366960733.78
2024-07-22,613086044800.04
2024-07-23,615104893784.11
2024-07-24,615488263926.62
2024-07-25,615544316277.17
2024-07-26,616411277855.43
2024-07-27,617004898727.54
2024-07-28,617198811055.47
2024-07-29,618224790807.78
2024-07-30,618496794739.51
2024-07-31,618630496422.92
2024-08-01,618851007966.36
2024-08-02,618897857357.77
2024-08-03,618933493115.93
2024-08-04,618842758605.69
2024-08-05,616885996253.71
2024-08-06,616588623277.56
2024-08-07,616785238633.91
2024-08-08,617277489348.77
2024-08-09,617882616858.91
2024-08-10,618693343045.83
2024-08-11,618709552018.76
2024-08-12,618815915934.32
2024-08-13,618657811101.55
2024-08-14,618657854143.78
2024-08-15,618529769975.68
2024-08-16,618542866958.15
2024-08-17,618586103447.83
2024-08-18,618710973079.76
2024-08-19,618661832733.37
2024-08-20,618783532638.38
2024-08-21,618966089139.53
2024-08-22,619265944817.78
2024-08-23,619896673080.09
2024-08-24,620451840477.95
2024-08-25,620614066907.41
2024-08-26,620955974184.17
2024-08-27,620776056333.75
2024-08-28,620425359877.48
2024-08-29,621320004183.9
2024-08-30,621329255262.26
2024-08-31,621488244132.38
2024-09-01,621383765090.05
2024-09-02,621305905926.25
2024-09-03,621197883914.43
2024-09-04,621226703367.24
2024-09-05,621041247535.4
2024-09-06,620782021121.72
2024-09-07,620681747096.64
2024-09-08,620639418062.47
2024-09-09,621047234552.68
2024-09-10,620995698639.09
2024-09-11,620935617102.07
2024-09-12,621224598233.68
2024-09-13,621922423254.3
2024-09-14,622130395290.49
2024-09-15,622278105523.57
2024-09-16,622378286443.51
2024-09-17,622825863629.4
2024-09-18,623249773646.52
2024-09-19,624138478352.04
2024-09-20,625161743844.98
2024-09-21,625465744373.03
2024-09-22,625637386692.25
2024-09-23,626471898904.15
2024-09-24,626885886055.45
2024-09-25,627763765429.43
2024-09-26,628502606211.15
2024-09-27,629205289464.97
2024-09-28,629745134993.38
2024-09-29,629935734845.25
2024-09-30,630069600461.58
2024-10-01,630098259718.03
2024-10-02,629930672989.92
2024-10-03,629829782225.33
2024-10-04,630209567663.1
2024-10-05,630360966786.02
2024-10-06,630502728301.42
2024-10-07,630943415360.72
2024-10-08,636268216294.58
2024-10-09,636515474210.04
2024-10-10,636227591780.32
2024-10-11,637887924405.77
2024-10-12,638412090717.99
2024-10-13,638630689400.08
2024-10-14,639346966382.48
2024-10-15,640913673428.09
2024-10-16,641824177141.38
2024-10-17,642472210720.84
2024-10-18,643234921487.9
2024-10-19,643719349500.51
2024-10-20,645249540635.65
2024-10-21,647088186441.02
2024-10-22,647551206270.19
2024-10-23,647853269544.37
2024-10-24,648333472564.57
2024-10-25,648844770048.16
2024-10-26,649046878609.76
2024-10-27,649272893315.45
2024-10-28,650003539034.34
2024-10-29,651923102836.56
2024-10-30,652895192379.98
2024-10-31,653572154862.04
2024-11-01,654154657495.56
2024-11-02,654439889702.77
2024-11-03,654599460487.39
2024-11-04,655178683098.93
2024-11-05,655701953067.8
2024-11-06,659193701644.76
2024-11-07,660833914117.98
2024-11-08,662458844796.34
2024-11-09,662977668755.43
2024-11-10,664725090440.62
2024-11-11,668821720763.94
2024-11-12,674019567580.84
2024-11-13,678792150105.9
2024-11-14,683706127492.46
2024-11-15,686875914331.36
2024-11-16,688109846631.31
2024-11-17,688829846387.09
2024-11-18,691276784424.45
2024-11-19,696040143888.63
2024-11-20,700078800381.42
2024-11-21,710551554643.86
2024-11-22,715924295968.68
2024-11-23,719032513262.71
2024-11-24,720507951388.84
2024-11-25,723305512350.11
2024-11-26,725129204116.22
2024-11-27,727376630653.25
2024-11-28,729227274867.61
2024-11-29,731344921974.03
2024-11-30,732046933779.66
2024-12-01,732828215811.83
2024-12-02,735285874396.05
2024-12-03,737640570315.26
2024-12-04,740512656924.04
2024-12-05,749469892251.49
2024-12-06,754867507499.97
2024-12-07,755743677849.86
2024-12-08,756531808021.43
2024-12-09,762412235881.07
2024-12-10,765308597642.23
2024-12-11,768234078690.67
2024-12-12,769929768199.25
2024-12-13,771780030863.45
2024-12-14,772673876997.74
2024-12-15,774055402710.31
2024-12-16,778047299338.06
2024-12-17,782738510490.55
2024-12-18,785377292321.03
2024-12-19,790430877470.05
2024-12-20,792408443219.48
2024-12-21,792927162578.9
2024-12-22,793442759121.84
2024-12-23,799819590573.13
2024-12-24,802354572177.34
2024-12-25,802921443667.68
2024-12-26,803851597830.14
2024-12-27,805258216717.91
2024-12-28,805655285916.79
2024-12-29,806720907915.96
2024-12-30,809254737896.74
2024-12-31,811049060804.06
2025-01-01,812271958446.69
2025-01-02,813486051900.34
2025-01-03,814256313920.07
2025-01-04,814785003052.01
2025-01-05,815179354460.4
2025-01-06,816579586170.79
2025-01-07,818726800124.89
2025-01-08,818966074886.12
2025-01-09,818968325868.4
2025-01-10,819417816352.71
2025-01-11,819731866044.58
2025-01-12,820051906600.04
2025-01-13,820264310719.73
2025-01-14,821196234446.15
2025-01-15,822828233205.27
2025-01-16,824934823437.44
2025-01-17,827198655011.14
2025-01-18,828412086234.98
2025-01-19,829478889701.83
2025-01-20,831533686912.18
2025-01-21,833438598799.44
2025-01-22,835705025437.54
2025-01-23,840375198652.5
2025-01-24,841531660863.59
2025-01-25,842038077642.58
2025-01-26,842487456001.63
2025-01-27,843275155730.46
2025-01-28,844302522213.58
2025-01-29,844861216046.95
2025-01-30,846140970477.52
2025-01-31,847057644321.84
2025-02-01,847330700653.83
2025-02-02,847423379492.3
2025-02-03,847927082768.66
2025-02-04,850188862288.79
2025-02-05,851805477319.24
2025-02-06,852997180702.75
2025-02-07,853412581770.0
2025-02-08,853688576399.71
2025-02-09,855137798480.42
2025-02-10,855596941122.34
2025-02-11,856449990444.1
2025-02-12,856730589362.23
2025-02-13,857025403468.56
2025-02-14,857526697539.6
2025-02-15,857964195511.16
2025-02-16,858112637031.35
2025-02-17,858299239923.4
2025-02-18,858612703017.79
2025-02-19,858894979397.73
2025-02-20,859427582509.18
2025-02-21,860001204216.23
2025-02-22,860541150097.96
2025-02-23,860745931702.71
2025-02-24,861137096760.25
2025-02-25,860923982108.28
2025-02-26,860402159843.97
2025-02-27,860515067225.81
2025-02-28,859836013604.56
2025-03-01,859870605512.82
2025-03-02,860519822934.4
2025-03-03,861404695956.37
2025-03-04,860884411336.42
2025-03-05,861316628772.1
2025-03-06,862644283720.75
2025-03-07,862737494227.05
2025-03-08,862766002474.6
2025-03-09,862728034380.42
2025-03-10,862628658445.84
2025-03-11,862559234690.61
2025-03-12,862978121696.8
2025-03-13,863050069169.3
2025-03-14,863441738937.58
2025-03-15,863588589660.42
2025-03-16,863712420167.49
2025-03-17,863696641559.05
2025-03-18,863730537400.19
2025-03-19,864140199243.57
2025-03-20,864723630459.25
2025-03-21,864657641923.73
2025-03-22,864989323852.97
2025-03-23,865129756324.82
2025-03-24,865709094500.87
2025-03-25,865995830311.64
2025-03-26,866306776078.05
2025-03-27,866532359566.71
2025-03-28,867498655332.48
2025-03-29,867382993628.43
2025-03-30,867243920578.94
2025-03-31,867106100352.61
2025-04-01,867061056988.01
2025-04-02,867848098269.95
2025-04-03,868952202766.74
2025-04-04,869190342090.12
2025-04-05,869319840445.91
2025-04-06,869331285340.0
2025-04-07,869251106054.17
2025-04-08,869228874205.58
2025-04-09,869387329611.99
2025-04-10,870062894676.46
2025-04-11,870208000066.57
2025-04-12,870529338202.85
2025-04-13,870948482399.43
2025-04-14,871423357356.92
2025-04-15,870938685806.01
2025-04-16,871202921049.05
2025-04-17,869358571610.83
2025-04-18,869564714538.78
2025-04-19,869637797873.83
2025-04-20,869774797595.91
2025-04-21,870394783664.05
2025-04-22,871567549746.44
2025-04-23,874554399333.95
2025-04-24,875878702329.09
2025-04-25,878854704082.55
2025-04-26,879340536152.05
2025-04-27,879698278996.33
2025-04-28,880876364098.12
2025-04-29,882403063332.95
2025-04-30,883224221313.2
2025-05-01,884449799021.34
2025-05-02,885800546733.79
2025-05-03,886337721398.68
2025-05-04,886470931722.07
2025-05-05,888241866975.53
2025-05-06,889592182334.13
2025-05-07,890858558075.64
2025-05-08,892561991578.76
2025-05-09,894881277019.63
2025-05-10,895393884717.03
2025-05-11,896035550405.81
2025-05-12,897469278141.61
2025-05-13,899942321137.04
2025-05-14,901088161349.66
2025-05-15,903138691768.22
2025-05-16,904377874296.75
2025-05-17,904779628408.59
2025-05-18,905376930108.77
2025-05-19,907403931068.98
2025-05-20,909350433447.3
2025-05-21,911770586878.27
2025-05-22,914413853149.46
2025-05-23,916333801429.56
2025-05-24,916754923840.8
2025-05-25,917244808922.76
2025-05-26,919705773198.92
2025-05-27,922474273762.58
2025-05-28,923835783165.03
2025-05-29,925509730799.82
2025-05-30,926414967928.05
2025-05-31,926519243079.57
2025-06-01,926765999159.83
2025-06-02,929153216332.48
2025-06-03,931433480535.43
2025-06-04,933060174515.49
2025-06-05,933343284184.24
2025-06-06,933800112959.91
2025-06-07,934419073928.98
2025-06-08,934945944777.53
2025-06-09,935829828237.07
2025-06-10,937427007150.81
2025-06-11,938527176800.83
2025-06-12,938970413593.06
2025-06-13,940440178783.56
2025-06-14,940668570436.44
2025-06-15,941081804801.6
2025-06-16,943105723961.95
2025-06-17,943450753074.95
2025-06-18,944159069761.38
2025-06-19,944744495765.02
2025-06-20,945344943923.94
2025-06-21,945644400596.88
2025-06-22,945984453734.7
2025-06-23,946671970984.15
2025-06-24,948039236623.21
2025-06-25,949585065754.63
2025-06-26,951780274005.54
2025-06-27,953953788329.44
2025-06-28,954255996616.8
2025-06-29,954792802023.82
2025-06-30,957218720718.86
2025-07-01,957987281184.55
2025-07-02,958996577925.06
2025-07-03,960609627462.27
2025-07-04,969754932423.43
2025-07-05,970033226870.71
2025-07-06,970404497820.56
2025-07-07,972070490154.1
2025-07-08,973746775149.89
2025-07-09,976023956560.63
2025-07-10,977601686594.24
2025-07-11,981225653596.6
2025-07-12,982906857494.88
2025-07-13,983806268417.71
2025-07-14,987898238169.73
2025-07-15,989569336140.23
2025-07-16,996142169969.12
2025-07-17,1000197284439.98
2025-07-18,1002077349543.51
2025-07-19,1003340832557.68
2025-07-20,1003904700633.51
2025-07-21,1005856768417.4
2025-07-22,1008403343885.19
2025-07-23,1010512298132.59
2025-07-24,1012019040599.18
2025-07-25,1013973789222.9
2025-07-26,1014561852119.79
2025-07-27,1015173989666.37
2025-07-28,1016494748274.9
2025-07-29,1018379730663.4
2025-07-30,1019770804795.75
2025-07-31,1020684798010.61
2025-08-01,1021026410638.66
2025-08-02,1021217958986.12
2025-08-03,1021972088592.0
2025-08-04,1022652444837.65
2025-08-05,1023376562145.26
2025-08-06,1023725592627.49
2025-08-07,1025195392152.35
2025-08-08,1026319583826.37
2025-08-09,1026717507860.6
2025-08-10,1027305297994.99
2025-08-11,1028489332252.45
2025-08-12,1029788298115.85
2025-08-13,1031396993060.53
2025-08-14,1033033356994.36
2025-08-15,1033810248433.51
2025-08-16,1037198013130.79
2025-08-17,1037535906639.99
2025-08-18,1037584932670.69
2025-08-19,1038770778501.79
2025-08-20,1039286356742.78
2025-08-21,1039761993026.43
2025-08-22,1041279061242.55
2025-08-23,1041753954974.92
2025-08-24,1042020529770.19
2025-08-25,1042335120375.5
2025-08-26,1042695566201.09
2025-08-27,1043229195095.69
2025-08-28,1044396153758.54
2025-08-29,1048842919644.34
2025-08-30,1049098892777.58
2025-08-31,1049308860056.86
2025-09-01,1049781501539.35
2025-09-02,1050313014624.05
2025-09-03,1050817816158.19
2025-09-04,1051696469975.95
2025-09-05,1053993363943.72
2025-09-06,1054305978987.9
2025-09-07,1054717089284.4
2025-09-08,1055434153699.81
2025-09-09,1055989868914.73
2025-09-10,1056813282047.7
2025-09-11,1057830814182.61
2025-09-12,1058806416109.64
2025-09-13,1059478123823.85
2025-09-14,1059883805886.02
2025-09-15,1060882215098.21
2025-09-16,1061840487084.47
2025-09-17,1063315378202.41
2025-09-18,1064400873973.24
2025-09-19,1066353375347.31
2025-09-20,1066863798981.75
2025-09-21,1067289911543.19
2025-09-22,1067222295321.32
2025-09-23,1068308516036.19
2025-09-24,1069432160812.77
2025-09-25,1070398966547.97
2025-09-26,1070832823584.38
2025-09-27,1071093398298.9
2025-09-28,1071425930319.95
2025-09-29,1072372433827.53
2025-09-30,1073984233210.36
2025-10-01,1077730269416.5
2025-10-02,1079982502017.66
2025-10-03,1082321426631.37
2025-10-04,1083556586654.67
2025-10-05,1084559434364.72
2025-10-06,1086305080886.0
2025-10-07,1090172182766.15
2025-10-08,1092147012519.47
2025-10-09,1094121713402.15
2025-10-10,1094453168007.19
2025-10-11,1094363476454.28
2025-10-12,1094712517008.47
2025-10-13,1095050726661.43
2025-10-14,1096787006272.58
2025-10-15,1100770417851.93
2025-10-16,1100416977535.6
2025-10-17,1100982320689.3
2025-10-18,1101283211537.7
2025-10-19,1101429776886.29
2025-10-20,1101840464916.92
2025-10-21,1102849996206.43
2025-10-22,1104597163548.72
2025-10-23,1105465253101.43
2025-10-24,1106041451299.58
2025-10-25,1106455171863.93
2025-10-26,1107418169036.3
2025-10-27,1108774854135.74
2025-10-28,1110970887210.0
2025-10-29,1112463664706.14
2025-10-30,1114016681140.04
2025-10-31,1114564327917.15
2025-11-01,1115330583954.67
2025-11-02,1115577832645.04
2025-11-03,1116145559721.75
2025-11-04,1115641980724.02
2025-11-05,1115484106941.53
2025-11-06,1115495128936.33
2025-11-07,1118566513285.97
2025-11-08,1118968305317.06
2025-11-09,1119242197507.73
2025-11-10,1120115135281.58
2025-11-11,1120554195537.22
2025-11-12,1121002108242.99
2025-11-13,1120700425816.43
2025-11-14,1119446869527.94
2025-11-15,1119561820313.2
2025-11-16,1119383353886.77
2025-11-17,1118887133290.38
2025-11-18,1119421937200.78
2025-11-19,1118383766587.34
2025-11-20,1117852929060.52
2025-11-21,1114697153571.57
2025-11-22,1117446480784.24
2025-11-23,1124562132841.62
2025-11-24,1124543219410.6
2025-11-25,1124402051910.62
2025-11-26,1125730686840.43
2025-11-27,1125646823187.97
2025-11-28,1125407406953.27
2025-11-29,1125400099377.71
2025-11-30,1125315413359.03
2025-12-01,1124596720820.97
2025-12-02,1124052724808.04
2025-12-03,1124523769730.42
2025-12-04,1124637413150.46
2025-12-05,1123634738266.15
2025-12-06,1123678076511.7
2025-12-07,1123647200730.68
2025-12-08,1123492474487.74
2025-12-09,1123711068755.69
2025-12-10,1125230888129.6
2025-12-11,1125147042313.54
2025-12-12,1124817121972.93
2025-12-13,1124865487904.17
2025-12-14,1124782406291.16
2025-12-15,1123617814872.17
2025-12-16,1123444005459.61
2025-12-17,1123011258133.24
2025-12-18,1122900897896.51
2025-12-19,1122812024528.75
2025-12-20,1122181877759.53
2025-12-21,1122314767907.26
2025-12-22,1122443139034.91
2025-12-23,1122375387032.18
2025-12-24,1121974212413.02
2025-12-25,1122105398645.69
2025-12-26,1121217384909.12
2025-12-27,1121220739442.15
2025-12-28,1121053179893.86
2025-12-29,1120961160655.52
2025-12-30,1120562008442.67
2025-12-31,1119998907663.44
2026-01-01,1119966757706.23
2026-01-02,1120040401643.58
2026-01-03,1120128398388.86
2026-01-04,1120300197639.09
2026-01-05,1120942168269.85
2026-01-06,1121301802923.38
2026-01-07,1121609094522.58
2026-01-08,1121397266629.98
2026-01-09,1121069832420.6
2026-01-10,1121097856279.22
2026-01-11,1120892781317.37
2026-01-12,1120854248158.77
2026-01-13,1121667735296.49
2026-01-14,1122626823798.13
2026-01-15,1123209712662.38
2026-01-16,1123420317466.94
2026-01-17,1123785925905.03
2026-01-18,1123969865091.46
2026-01-19,1123957680133.53
2026-01-20,1123269666800.38
2026-01-21,1122802401726.23
2026-01-22,1122656485082.29
2026-01-23,1118167813055.06
2026-01-24,1118130317506.3
2026-01-25,1117956844991.34
2026-01-26,1117831614906.34
2026-01-27,1117899121112.43
2026-01-28,1117872984187.61
2026-01-29,1117250329984.76
2026-01-30,1116371510217.68
2026-01-31,1115488218855.52
2026-02-01,1114975928166.31
2026-02-02,1114004385897.64
2026-02-03,1112075337866.82
2026-02-04,1110023756048.89
2026-02-05,1104858535093.04
2026-02-06,1103230675679.0
2026-02-07,1101847189477.61
2026-02-08,1102023347985.71
2026-02-09,1101061880126.5
2026-02-10,1100181300766.16
2026-02-11,1098965056906.92
2026-02-12,1097715295665.4
2026-02-13,1096947892728.44
2026-02-14,1097045736795.36
2026-02-15,1097035742956.13
2026-02-16,1096485528835.61
2026-02-17,1096018903803.14
2026-02-18,1095232780187.25
2026-02-19,1094874322627.98
2026-02-20,1093779439639.57
2026-02-21,1093827141276.5
2026-02-22,1093759656554.37
2026-02-23,1092804119686.76
2026-02-24,1091430893072.05
2026-02-25,1091236111073.63
2026-02-26,1091113689253.19
2026-02-27,1090474374590.05
2026-02-28,1090297899034.95
2026-03-01,1090169925884.53
2026-03-02,1090082894129.38
2026-03-03,1089896157953.32
2026-03-04,1090105588926.83
2026-03-05,1089843974241.73
2026-03-06,1088845161554.41
2026-03-07,1088644329174.65
2026-03-08,1088556937311.95
2026-03-09,1088382463723.37
2026-03-10,1088420109573.13
2026-03-11,1087279043673.61
2026-03-12,1086954511077.39
2026-03-13,1087130434042.9
2026-03-14,1086811288293.8
2026-03-15,1086940927365.11
2026-03-16,1087335415288.73
2026-03-17,1087373090004.58
2026-03-18,1086880701096.61
2026-03-19,1086432413355.44
2026-03-20,1086196958669.55
2026-03-21,1086225264630.91
2026-03-22,1086658443840.05
2026-03-23,1086662898783.21
2026-03-24,1085819014142.4
2026-03-25,1085587162933.82
2026-03-26,1085326177870.44
2026-03-27,1084298655400.97
2026-03-28,1084012372006.74
2026-03-29,1083921168056.18
2026-03-30,1083257926483.39
2026-03-31,1083127847311.76
2026-04-01,1083144606926.61
2026-04-02,1082517951392.54
2026-04-03,1082335272017.52
2026-04-04,1082316817301.83
2026-04-05,1082605346208.03
2026-04-06,1082706063009.01
2026-04-07,1082579684374.33
2026-04-08,1082940625340.89
2026-04-09,1082978968116.31
2026-04-10,1083226230841.33
2026-04-11,1083513371812.79
2026-04-12,1083454600821.95
2026-04-13,1083740268090.87
2026-04-14,1083925014385.21
2026-04-15,1083847947617.61
2026-04-16,1084012651125.61
2026-04-17,1084531982817.09
2026-04-18,1084546490068.39
2026-04-19,1084459844124.11
2026-04-20,1084236925348.34
2026-04-21,1084357208216.53
2026-04-22,1084221285633.14
2026-04-23,1084242113890.56
2026-04-24,1082855328684.01
2026-04-25,1082901043254.21
2026-04-26,1083064575888.55
2026-04-27,1083163889367.28
2026-04-28,1083086118783.31
2026-04-29,1082711171661.82
2026-04-30,1082437825166.32
2026-05-01,1082981030867.13
2026-05-02,1083099256050.08
2026-05-03,1083356343583.7
2026-05-04,1084484664604.71
2026-05-05,1085031584695.38
2026-05-06,1085372228249.73
2026-05-07,1085430595051.91
2026-05-08,1085495815410.1
2026-05-09,1085636937474.78
2026-05-10,1085846824547.15
2026-05-11,1086098325024.39
2026-05-12,1086203722463.37
2026-05-13,1086251285548.84
2026-05-14,1086282761486.37
2026-05-15,1086222931996.76
2026-05-16,1086181744917.37
2026-05-17,1086185165198.44
2026-05-18,1085870412177.57
2026-05-19,1085460419417.04
2026-05-20,1085375850325.08
2026-05-21,1085300927714.24
2026-05-22,1084934791418.79
2026-05-23,1084842395283.08
2026-05-24,1084890801822.42
2026-05-25,1085057986284.93
2026-05-26,1084792521209.61
2026-05-27,1084453020254.18
2026-05-28,1083046433531.33
2026-05-29,1082266970875.34
2026-05-30,1082092715914.13
2026-05-31,1082087205206.65
2026-06-01,1081316621459.08
2026-06-02,1079287977909.07
2026-06-03,1077392637217.97
2026-06-04,1075934942590.05
2026-06-05,1074468905230.88
2026-06-06,1073852734364.93
2026-06-07,1073932465308.18
2026-06-08,1073680301549.79
2026-06-09,1073050434966.47
2026-06-10,1072152684493.56
2026-06-11,1071575542315.08
2026-06-12,1071420658865.4
2026-06-13,1071425357931.95
2026-06-14,1071484538136.36
2026-06-15,1071320054399.35
2026-06-16,1071075343592.53
2026-06-17,1070897430309.76
2026-06-18,1070359934465.41
2026-06-19,1069992349334.99
2026-06-20,1070019496810.92
2026-06-21,1070707744609.81
2026-06-22,1070659670403.12
2026-06-23,1069964120445.1
2026-06-24,1069369622272.24
2026-06-25,1068066692191.87
2026-06-26,1066947060714.15
2026-06-27,1066957438586.11
2026-06-28,1066826112987.03
2026-06-29,1065849885334.5
2026-06-30,1064423964973.7
2026-07-01,1064084255722.63
2026-07-02,1063853837181.33
2026-07-03,1063883369868.74
2026-07-04,1063943736961.87
2026-07-05,1063964170454.76
2026-07-06,1063904634723.87
2026-07-07,1063832724024.48
2026-07-08,1063542617109.92
2026-07-09,1063446679439.11
2026-07-10,1062586242063.35
2026-07-11,1062639830196.77
2026-07-12,1062668104433.53
2026-07-13,1060872195566.08
2026-07-14,1060423385184.9
2026-07-15,1060167518009.85
2026-07-16,1060167273299.37
2026-07-17,1059907573311.89
2026-07-18,1059880052562.46
2026-07-19,1060031628362.39
2026-07-20,1060223545686.46
2026-07-21,1060655886462.17
2026-07-22,1060560527962.11
2026-07-23,1060444671102.2
2026-07-24,1060142007977.88
