date,sopr
2010-08-01,1.112220262161252
2010-08-02,0.9578009160289523
2010-08-03,1.150411421044275
2010-08-04,1.270022706852723
2010-08-05,1.023487671358098
2010-08-06,1.457873935964647
2010-08-07,1.268819791174257
2010-08-08,1.263187538843486
2010-08-09,1.200693960372759
2010-08-10,1.154214064673505
2010-08-11,1.090183299794163
2010-08-12,0.9822290650358678
2010-08-13,1.514476784380673
2010-08-14,1.078598209511458
2010-08-15,1.332472551336365
2010-08-16,1.124960306451179
2010-08-17,1.027667983209063
2010-08-18,1.257080532739527
2010-08-19,1.035193300123333
2010-08-20,1.056398452757161
2010-08-21,1.25702581300182
2010-08-22,1.47487181220073
2010-08-23,1.017189855026467
2010-08-24,1.067572661838334
2010-08-25,1.023404083036175
2010-08-26,1.022606478781736
2010-08-27,1.105622726707608
2010-08-28,1.001221395000345
2010-08-29,1.004844655322915
2010-08-30,1.038311498145017
2010-08-31,1.108480038540899
2010-09-01,0.9823286269506022
2010-09-02,0.9936810204539446
2010-09-03,1.017983961420341
2010-09-04,0.9862641557564448
2010-09-05,1.051613532335594
2010-09-06,0.9815337267851736
2010-09-07,1.142841212099858
2010-09-08,1.002588940168533
2010-09-09,1.728744162396065
2010-09-10,0.9995220882018241
2010-09-11,0.9786725299435312
2010-09-12,1.119755932678855
2010-09-13,1.006229655452484
2010-09-14,1.027783150547475
2010-09-15,1.108776565939439
2010-09-16,1.400465110108985
2010-09-17,2.20573680302676
2010-09-18,1.002733371062744
2010-09-19,1.025099589741285
2010-09-20,1.004240817701461
2010-09-21,1.025540367242693
2010-09-22,1.030060547647607
2010-09-23,1.022352345256479
2010-09-24,1.041006548204823
2010-09-25,1.004053959300807
2010-09-26,1.007933386265028
2010-09-27,2.15930777499615
2010-09-28,2.838531360277747
2010-09-29,1.10568558109608
2010-09-30,0.9894509063736384
2010-10-01,1.896948867026858
2010-10-02,1.391964409921719
2010-10-03,0.9954184058567805
2010-10-04,1.006383692142547
2010-10-05,1.207876957877416
2010-10-06,1.021473408074068
2010-10-07,1.048144586455619
2010-10-08,1.188644814765667
2010-10-09,1.309750181435749
2010-10-10,1.295935722889801
2010-10-11,1.342516935369929
2010-10-12,1.045238094428365
2010-10-13,1.636415647698773
2010-10-14,1.01820400978867
2010-10-15,1.464693454567441
2010-10-16,1.246080302716307
2010-10-17,1.128623015799021
2010-10-18,1.063953180221845
2010-10-19,1.026906006015556
2010-10-20,1.090900929353795
2010-10-21,1.307404604222835
2010-10-22,1.045903960657125
2010-10-23,1.260959685494023
2010-10-24,1.43822953520608
2010-10-25,1.237911221086249
2010-10-26,1.366213550869785
2010-10-27,1.454390225317554
2010-10-28,1.917002157723431
2010-10-29,1.21116019049742
2010-10-30,1.286473744011257
2010-10-31,1.321776245777363
2010-11-01,1.149241065258027
2010-11-02,1.259831049682344
2010-11-03,1.181041600765364
2010-11-04,1.547711990323637
2010-11-05,1.623242172901072
2010-11-06,2.750311438225465
2010-11-07,1.288530243016256
2010-11-08,1.410256191010469
2010-11-09,1.252673908234797
2010-11-10,0.8194721781525272
2010-11-11,1.091502427969484
2010-11-12,1.073544067300588
2010-11-13,1.547053528218076
2010-11-14,1.286871296041398
2010-11-15,2.449656693430794
2010-11-16,1.093597737538097
2010-11-17,1.056282352833848
2010-11-18,1.116726702551629
2010-11-19,1.423769711932966
2010-11-20,1.1916449569725
2010-11-21,1.084326415746166
2010-11-22,1.086849396325992
2010-11-23,1.128501929377387
2010-11-24,1.202653230701146
2010-11-25,1.247814666834022
2010-11-26,0.9171939465820155
2010-11-27,1.127814475949201
2010-11-28,1.034698689208983
2010-11-29,0.9463979822475996
2010-11-30,0.8521985895507231
2010-12-01,0.9054350145456936
2010-12-02,1.434877681141694
2010-12-03,1.018694975606806
2010-12-04,0.9953170163127097
2010-12-05,1.152558231265912
2010-12-06,0.9629250115424975
2010-12-07,1.158987933412267
2010-12-08,1.060656709376927
2010-12-09,0.969064843658825
2010-12-10,1.08024715105892
2010-12-11,0.998253144064961
2010-12-12,1.007975110188965
2010-12-13,1.077875372103569
2010-12-14,1.016146068418925
2010-12-15,1.332243483239659
2010-12-16,1.077327144334932
2010-12-17,1.056275167742407
2010-12-18,1.103034945109469
2010-12-19,1.02801065296788
2010-12-20,1.67967239721983
2010-12-21,2.24054066902725
2010-12-22,1.027905176614906
2010-12-23,1.173021259466857
2010-12-24,0.9777866653833727
2010-12-25,1.110210675469239
2010-12-26,1.148340526245008
2010-12-27,1.024375322856534
2010-12-28,1.109738451677338
2010-12-29,1.331619841556277
2010-12-30,1.121984479724604
2010-12-31,1.056924379012721
2011-01-01,1.061977186737292
2011-01-02,1.249357288791376
2011-01-03,1.133477924532643
2011-01-04,1.077082495684818
2011-01-05,1.115493539539241
2011-01-06,1.085728062413789
2011-01-07,1.164330499853693
2011-01-08,1.152271005769864
2011-01-09,1.130758825400815
2011-01-10,1.503910466608293
2011-01-11,1.689907369885411
2011-01-12,1.060517752414803
2011-01-13,1.359908110927544
2011-01-14,1.203107634618992
2011-01-15,1.126326746236277
2011-01-16,1.360005085477906
2011-01-17,1.273846986947641
2011-01-18,1.051934674213162
2011-01-19,1.380640211481061
2011-01-20,1.078907965182762
2011-01-21,1.189283960202763
2011-01-22,1.209078526324529
2011-01-23,1.412935256740655
2011-01-24,1.202549789168123
2011-01-25,1.14571380661497
2011-01-26,1.525799626932119
2011-01-27,1.225288882611276
2011-01-28,1.289647838636653
2011-01-29,1.45910250314448
2011-01-30,1.17904678268933
2011-01-31,1.620581668953477
2011-02-01,1.58614601306494
2011-02-02,1.635078493531143
2011-02-03,1.163259416370413
2011-02-04,1.322398958411331
2011-02-05,1.387674105413796
2011-02-06,1.594023862608999
2011-02-07,1.418179250572423
2011-02-08,1.105955359527435
2011-02-09,1.495419412727428
2011-02-10,1.162551465406043
2011-02-11,1.266269139287233
2011-02-12,1.138624131595777
2011-02-13,1.184044614850392
2011-02-14,1.732026237139126
2011-02-15,1.071355463757296
2011-02-16,1.065054338842741
2011-02-17,1.062288395687555
2011-02-18,1.128590754368974
2011-02-19,1.086622874277559
2011-02-20,1.054731851982509
2011-02-21,1.016851053571351
2011-02-22,1.087962146602691
2011-02-23,1.043069861014518
2011-02-24,1.083163519597772
2011-02-25,1.043296402962525
2011-02-26,1.287131931751438
2011-02-27,1.17174559426553
2011-02-28,1.188740230732501
2011-03-01,1.573582042578296
2011-03-02,0.9962041252240483
2011-03-03,1.015158528170731
2011-03-04,1.011944770682062
2011-03-05,1.084607753869415
2011-03-06,0.9539598013105112
2011-03-07,0.9972482855506123
2011-03-08,1.04200716358004
2011-03-09,0.9919059823012114
2011-03-10,1.013506439490741
2011-03-11,1.022642102435124
2011-03-12,1.197259167848929
2011-03-13,1.059329576778139
2011-03-14,1.100100848228968
2011-03-15,1.092973963918429
2011-03-16,1.233401756295433
2011-03-17,1.061090961930525
2011-03-18,0.9816612561736678
2011-03-19,0.9955279189061236
2011-03-20,1.000033096062538
2011-03-21,1.032880908051784
2011-03-22,0.9810225096288478
2011-03-23,1.079283697706623
2011-03-24,1.195902557013631
2011-03-25,1.026117352383953
2011-03-26,1.143729789158323
2011-03-27,1.052474573811901
2011-03-28,0.994653105407539
2011-03-29,0.9813697029438085
2011-03-30,0.9849797368596398
2011-03-31,0.9908711126554491
2011-04-01,1.008196494020737
2011-04-02,0.9546144213456662
2011-04-03,0.9884676860266468
2011-04-04,1.099992426558531
2011-04-05,1.058909486691108
2011-04-06,0.9998369094300266
2011-04-07,1.020855028804861
2011-04-08,1.011322297193842
2011-04-09,1.00046235569071
2011-04-10,0.9657715004936728
2011-04-11,1.025789473790256
2011-04-12,1.087341672265625
2011-04-13,1.112187559802761
2011-04-14,1.140365874919361
2011-04-15,1.208973834037693
2011-04-16,1.130179067777848
2011-04-17,1.062704651900003
2011-04-18,1.247320669651681
2011-04-19,1.041130107125655
2011-04-20,1.046244322297685
2011-04-21,1.104157905449828
2011-04-22,1.239488936164026
2011-04-23,1.469629218245919
2011-04-24,1.387363377312999
2011-04-25,1.137186238400096
2011-04-26,1.152745188608329
2011-04-27,1.256984885794203
2011-04-28,1.416873251674249
2011-04-29,2.874041064613754
2011-04-30,1.804645658574458
2011-05-01,1.255207974750794
2011-05-02,1.218227361105842
2011-05-03,1.394639232801283
2011-05-04,1.902732583840069
2011-05-05,1.215109208812189
2011-05-06,1.555319959183973
2011-05-07,1.122935349808075
2011-05-08,1.044851959553168
2011-05-09,1.200058685364761
2011-05-10,1.199193655981028
2011-05-11,1.538039135983537
2011-05-12,1.646497845060127
2011-05-13,1.416830439817041
2011-05-14,1.355240218445896
2011-05-15,1.460212752508355
2011-05-16,1.595648224317201
2011-05-17,1.265762692312963
2011-05-18,1.163159914698697
2011-05-19,1.209818345478555
2011-05-20,1.261060697916778
2011-05-21,0.8074698787298998
2011-05-22,1.081965743154509
2011-05-23,1.103551461227355
2011-05-24,1.256970394212814
2011-05-25,1.244192657640009
2011-05-26,1.280648405189904
2011-05-27,1.266953266469671
2011-05-28,1.120451527397751
2011-05-29,1.112010889587408
2011-05-30,1.373927342243422
2011-05-31,1.236456719590202
2011-06-01,1.206850941051654
2011-06-02,1.458254262657886
2011-06-03,1.744172452054101
2011-06-04,1.509268364501234
2011-06-05,1.421430327679049
2011-06-06,2.358904042977011
2011-06-07,1.275674570591645
2011-06-08,2.187401014078938
2011-06-09,1.543757182964394
2011-06-10,1.303833460267657
2011-06-11,1.001931495827303
2011-06-12,1.288619365887779
2011-06-13,1.179084665543422
2011-06-14,1.717196805980243
2011-06-15,1.261628648056615
2011-06-16,1.192820797710242
2011-06-17,0.9990449283311277
2011-06-18,1.065032454529154
2011-06-19,1.014371509238935
2011-06-20,1.034593099774834
2011-06-21,1.089541738536247
2011-06-22,1.006251975949024
2011-06-23,1.007789624284927
2011-06-24,1.040871885090602
2011-06-25,1.012336978119288
2011-06-26,1.046876542043968
2011-06-27,1.059691553517401
2011-06-28,1.053051900719795
2011-06-29,1.053045877823067
2011-06-30,1.040008875399577
2011-07-01,0.9875983304019339
2011-07-02,0.9773134481069822
2011-07-03,1.008356460106156
2011-07-04,0.9791972766308493
2011-07-05,1.016268995595719
2011-07-06,0.9992768590382032
2011-07-07,1.010180085503734
2011-07-08,0.9667294707919624
2011-07-09,0.9911172308830707
2011-07-10,1.10440329468333
2011-07-11,1.009717222224845
2011-07-12,1.003961516905104
2011-07-13,1.006739548183852
2011-07-14,1.001208471567034
2011-07-15,1.010064934745316
2011-07-16,0.9879032830701892
2011-07-17,1.007008272876395
2011-07-18,0.8217549090429964
2011-07-19,1.031858528326173
2011-07-20,0.8780912489197205
2011-07-21,0.9918746344540323
2011-07-22,0.98976153362072
2011-07-23,1.00359245289578
2011-07-24,1.012665089732512
2011-07-25,1.010989944335172
2011-07-26,1.007902301156321
2011-07-27,1.011919073039481
2011-07-28,0.9694798007406127
2011-07-29,1.005454839989775
2011-07-30,1.026557759498889
2011-07-31,0.9777599534697455
2011-08-01,0.9858652484124952
2011-08-02,0.9787552095502742
2011-08-03,0.8620084639445948
2011-08-04,0.9599930205226807
2011-08-05,0.9604863564692102
2011-08-06,0.7807123715843044
2011-08-07,0.8219772697292277
2011-08-08,0.8436147338120158
2011-08-09,1.011538585936862
2011-08-10,0.9761060475065295
2011-08-11,0.9694326081425438
2011-08-12,0.9781051793309615
2011-08-13,0.9952057010364821
2011-08-14,1.002368223395338
2011-08-15,1.067615526054445
2011-08-16,1.039132695290505
2011-08-17,1.024416455689332
2011-08-18,1.018759163997113
2011-08-19,1.010609794805069
2011-08-20,1.024633445724139
2011-08-21,0.9924084215236421
2011-08-22,1.00059622247655
2011-08-23,0.9916370510581338
2011-08-24,0.9920039358844975
2011-08-25,1.331768246573074
2011-08-26,1.040784050848046
2011-08-27,0.7219808293663641
2011-08-28,1.012570820813695
2011-08-29,1.037928790868142
2011-08-30,0.9575092754136783
2011-08-31,0.9620052935886225
2011-09-01,0.935934586436554
2011-09-02,1.007008524151196
2011-09-03,0.9865680171867526
2011-09-04,0.9617481100781606
2011-09-05,0.9276064023872304
2011-09-06,0.8568967929102884
2011-09-07,0.9332256112898593
2011-09-08,0.8040293260281259
2011-09-09,0.8787321029164433
2011-09-10,0.8826542230213672
2011-09-11,0.7455465660243055
2011-09-12,0.864228199519726
2011-09-13,0.8760256878698817
2011-09-14,0.9357658561463325
2011-09-15,0.9005319343674374
2011-09-16,0.9212496008915165
2011-09-17,0.9584330829136459
2011-09-18,0.967985647989797
2011-09-19,0.9263653036429597
2011-09-20,0.9971994634851785
2011-09-21,0.9966058959942298
2011-09-22,0.9020881536950781
2011-09-23,0.9697054233624601
2011-09-24,0.9743920275336784
2011-09-25,0.7311031998980311
2011-09-26,0.9235589139181318
2011-09-27,0.9554755463162319
2011-09-28,0.9427716421228165
2011-09-29,0.9666382120309134
2011-09-30,0.9977038407822564
2011-10-01,0.904707823979495
2011-10-02,0.9018302794649826
2011-10-03,0.9389166872099404
2011-10-04,0.9620644729914132
2011-10-05,0.9555473152112316
2011-10-06,0.9636219971359856
2011-10-07,0.8959469746454941
2011-10-08,0.9127258000875741
2011-10-09,0.8860094245389375
2011-10-10,0.9507203654149448
2011-10-11,0.8514028100889831
2011-10-12,0.8963613014660525
2011-10-13,0.9616898082429466
2011-10-14,0.8994999930388752
2011-10-15,0.9435891771876945
2011-10-16,0.9251642132255932
2011-10-17,0.7231256659904189
2011-10-18,0.7825991561733106
2011-10-19,0.6368828449485939
2011-10-20,0.9007733435970762
2011-10-21,0.9394143343603458
2011-10-22,0.9321255003473805
2011-10-23,0.9803015775478218
2011-10-24,0.9355155486308244
2011-10-25,0.9472349336208794
2011-10-26,0.8199608149840616
2011-10-27,0.9781563514057273
2011-10-28,1.014765302849188
2011-10-29,1.005621990642251
2011-10-30,0.9868557811104812
2011-10-31,0.9610775520154994
2011-11-01,0.9728037511379722
2011-11-02,0.9874491521918696
2011-11-03,0.9093058182113586
2011-11-04,0.9617206692178663
2011-11-05,0.9589341511794297
2011-11-06,0.9717253936429324
2011-11-07,0.9652565388938154
2011-11-08,0.9609171749899023
2011-11-09,0.6068411981941038
2011-11-10,0.9743064179724927
2011-11-11,0.934364170920661
2011-11-12,0.9970640545667421
2011-11-13,0.9746931913440348
2011-11-14,0.8723397353791843
2011-11-15,0.9450450014241124
2011-11-16,0.6237314112669717
2011-11-17,0.977785055755264
2011-11-18,0.9716960899854498
2011-11-19,0.9911279901494661
2011-11-20,0.9977783412178091
2011-11-21,0.9814107903941457
2011-11-22,0.9989024811649059
2011-11-23,0.9873667741126239
2011-11-24,1.0079391102558
2011-11-25,1.027999492729887
2011-11-26,0.9490301998170237
2011-11-27,1.005441913051013
2011-11-28,0.9576006617157173
2011-11-29,1.013494834290135
2011-11-30,1.00757434156986
2011-12-01,1.002901495940484
2011-12-02,1.004175727518475
2011-12-03,0.9840281625900461
2011-12-04,1.00105171043896
2011-12-05,1.000214857375433
2011-12-06,1.00170676899808
2011-12-07,0.9872231377393003
2011-12-08,0.9992195389900921
2011-12-09,1.004093237933618
2011-12-10,0.9968430851589106
2011-12-11,1.047219576481438
2011-12-12,1.008820970960592
2011-12-13,1.000216600753208
2011-12-14,0.9340334139644461
2011-12-15,1.004624593105625
2011-12-16,1.004455817357849
2011-12-17,0.9954044533624303
2011-12-18,0.9911952794082522
2011-12-19,1.051033868326103
2011-12-20,1.106183938073327
2011-12-21,1.041250506839867
2011-12-22,1.031442253887396
2011-12-23,1.055894821466393
2011-12-24,0.9949337409188588
2011-12-25,0.9933873739542753
2011-12-26,1.021076931808414
2011-12-27,1.01458084249006
2011-12-28,1.043797181194777
2011-12-29,1.006193822503847
2011-12-30,1.031617912230199
2011-12-31,1.067900211828064
2012-01-01,1.097594950996819
2012-01-02,0.9466023838787615
2012-01-03,1.039904877580801
2012-01-04,1.094061618334614
2012-01-05,1.170957074116396
2012-01-06,1.144277706555743
2012-01-07,1.096433780521046
2012-01-08,1.124353792417102
2012-01-09,1.107830269858434
2012-01-10,0.9914920256915997
2012-01-11,1.091631525967791
2012-01-12,1.186854015138006
2012-01-13,1.057760898632443
2012-01-14,1.056780607267697
2012-01-15,1.037725905377882
2012-01-16,1.043528100965937
2012-01-17,1.024323856905033
2012-01-18,0.9586290568091456
2012-01-19,1.063451468343796
2012-01-20,1.011860658098499
2012-01-21,1.011737863191537
2012-01-22,1.004794266545787
2012-01-23,1.011885866925191
2012-01-24,1.014656920539847
2012-01-25,0.9897129894331933
2012-01-26,0.9325963526982639
2012-01-27,0.9375223273789013
2012-01-28,0.9741293594883257
2012-01-29,0.968167954285872
2012-01-30,0.9715659263318842
2012-01-31,0.9593521067157063
2012-02-01,1.015348632598013
2012-02-02,1.024837756534355
2012-02-03,1.007184409025978
2012-02-04,1.001248868336087
2012-02-05,0.9829581294621811
2012-02-06,0.9476010908156572
2012-02-07,0.9890820037849188
2012-02-08,0.9920022832711213
2012-02-09,0.9988336286265338
2012-02-10,0.9853624643180326
2012-02-11,1.080256760120803
2012-02-12,0.9955013095752784
2012-02-13,0.7981652749465359
2012-02-14,0.9368999861577199
2012-02-15,0.9756417916728943
2012-02-16,0.9473902115543309
2012-02-17,0.9626561629390145
2012-02-18,0.936078707629464
2012-02-19,0.9429411008506609
2012-02-20,0.9749954604471474
2012-02-21,0.9547660647677606
2012-02-22,0.9789254848237645
2012-02-23,1.025566760206595
2012-02-24,1.015146671790191
2012-02-25,1.02595415509357
2012-02-26,1.002637392692397
2012-02-27,1.013167499556115
2012-02-28,1.014456340208171
2012-02-29,0.7720889744370897
2012-03-01,1.010040003154452
2012-03-02,0.9690902412297553
2012-03-03,0.9609725653739476
2012-03-04,1.002166971369297
2012-03-05,1.013439623844066
2012-03-06,1.01362679626408
2012-03-07,1.005725848735864
2012-03-08,0.9876846302469571
2012-03-09,0.9962367671929178
2012-03-10,0.9784646934295723
2012-03-11,0.954792039449518
2012-03-12,0.9913840063248216
2012-03-13,1.026342618603975
2012-03-14,1.047767393207572
2012-03-15,1.030446342417509
2012-03-16,1.044107891260799
2012-03-17,1.009876592501547
2012-03-18,0.9691638229382131
2012-03-19,0.9631607983653923
2012-03-20,0.9654212265830466
2012-03-21,0.9329299098741828
2012-03-22,0.9750778706620902
2012-03-23,0.9980673502885623
2012-03-24,0.9453449375570289
2012-03-25,0.9502703045549455
2012-03-26,0.98100350261455
2012-03-27,0.9829297201069569
2012-03-28,1.002229916184273
2012-03-29,0.9756309757227712
2012-03-30,0.6716825630695611
2012-03-31,1.006263822507975
2012-04-01,0.9892873383683155
2012-04-02,1.008174913005568
2012-04-03,0.9038865805978911
2012-04-04,1.005606176147797
2012-04-05,1.007300208211205
2012-04-06,1.017293338422035
2012-04-07,0.9843582059506537
2012-04-08,0.9892043466806565
2012-04-09,1.013852476050572
2012-04-10,0.9946951074383862
2012-04-11,1.007806256424933
2012-04-12,1.016000111118041
2012-04-13,1.003326943554909
2012-04-14,1.01381626182251
2012-04-15,1.018855189468823
2012-04-16,1.014176363393007
2012-04-17,1.007017033355849
2012-04-18,1.026472090510235
2012-04-19,1.020328690910779
2012-04-20,1.029504636945762
2012-04-21,1.009348913008025
2012-04-22,1.034656274019618
2012-04-23,0.9647033951017451
2012-04-24,0.9995516214792614
2012-04-25,1.099102081124647
2012-04-26,0.9653531996126291
2012-04-27,1.000726197337745
2012-04-28,0.9848823709465266
2012-04-29,0.9875296186487567
2012-04-30,0.9001392915535866
2012-05-01,0.9991824615535179
2012-05-02,1.006545982537435
2012-05-03,1.005624891120261
2012-05-04,1.004117796436599
2012-05-05,1.001282759523316
2012-05-06,0.9320276845018857
2012-05-07,0.9969918660549272
2012-05-08,0.9920059584392894
2012-05-09,1.002311641666222
2012-05-10,0.9989308639463661
2012-05-11,0.9829928099171797
2012-05-12,1.091412273209371
2012-05-13,0.95640461197598
2012-05-14,0.9901346452052203
2012-05-15,0.9937496309986613
2012-05-16,0.9813615017868965
2012-05-17,0.9676524760980558
2012-05-18,0.9591497215912657
2012-05-19,0.9987358157912576
2012-05-20,0.8995529415552482
2012-05-21,0.9364485829574618
2012-05-22,0.989330488005393
2012-05-23,1.00827413472969
2012-05-24,0.9131615008217774
2012-05-25,1.004354890388248
2012-05-26,0.9114251573392749
2012-05-27,1.006979483017431
2012-05-28,0.9987406261472379
2012-05-29,0.999188415102857
2012-05-30,0.9990193561844143
2012-05-31,0.9508645915704096
2012-06-01,1.006106906672716
2012-06-02,1.007977518088302
2012-06-03,1.002944929085469
2012-06-04,1.002794138002751
2012-06-05,1.022831917463638
2012-06-06,1.016350408681349
2012-06-07,1.019271958326093
2012-06-08,1.02242191475054
2012-06-09,1.012862097609386
2012-06-10,1.00352581347717
2012-06-11,1.014637578680789
2012-06-12,1.021792009551784
2012-06-13,1.032005439294411
2012-06-14,1.007372561769855
2012-06-15,1.05322009206156
2012-06-16,1.046530945995048
2012-06-17,1.032617873681048
2012-06-18,1.017478893095266
2012-06-19,1.022462968866425
2012-06-20,1.00186485816234
2012-06-21,1.035829933193282
2012-06-22,1.02799757598863
2012-06-23,1.014375638941218
2012-06-24,1.005053604835294
2012-06-25,0.9970026908641759
2012-06-26,1.014556894618994
2012-06-27,1.017170288984177
2012-06-28,1.017675163855675
2012-06-29,1.016288904028164
2012-06-30,1.02166437736707
2012-07-01,1.011434640666914
2012-07-02,1.023324757766844
2012-07-03,0.9967259087086635
2012-07-04,1.011608462040228
2012-07-05,1.015758265657521
2012-07-06,1.01105213824162
2012-07-07,0.9729550862276009
2012-07-08,1.033060148508132
2012-07-09,1.021130489920766
2012-07-10,0.8955844624993221
2012-07-11,1.034072081321243
2012-07-12,1.018846099695562
2012-07-13,1.055205892857077
2012-07-14,0.894045368108134
2012-07-15,1.014303714579341
2012-07-16,1.080733282561756
2012-07-17,1.113784788120013
2012-07-18,1.074743216438317
2012-07-19,1.082469669563713
2012-07-20,0.9948862091625259
2012-07-21,1.04802405936712
2012-07-22,1.026159018950616
2012-07-23,1.024519049759402
2012-07-24,1.022591235912275
2012-07-25,1.011689544722459
2012-07-26,1.065798742624408
2012-07-27,1.041087525136253
2012-07-28,1.029640089486538
2012-07-29,1.037649646511974
2012-07-30,1.032395153068563
2012-07-31,1.028939039461131
2012-08-01,1.037207324807351
2012-08-02,1.082193777495661
2012-08-03,1.083703727632516
2012-08-04,1.074576124136694
2012-08-05,1.044958142752501
2012-08-06,1.047457991294179
2012-08-07,1.026273960715187
2012-08-08,1.063406223151702
2012-08-09,1.036571828496077
2012-08-10,1.036795330520187
2012-08-11,1.027512089880382
2012-08-12,1.030788109896992
2012-08-13,1.033903253033428
2012-08-14,1.05346202254351
2012-08-15,1.074304289487825
2012-08-16,1.090278135924241
2012-08-17,1.094860794889103
2012-08-18,0.9995751372610816
2012-08-19,0.9637334858159107
2012-08-20,1.01793411138435
2012-08-21,1.003101692474931
2012-08-22,1.006051981243507
2012-08-23,1.003402778980979
2012-08-24,1.018125911098266
2012-08-25,1.024335420384126
2012-08-26,1.022210328618271
2012-08-27,1.094042078887657
2012-08-28,1.022746361379216
2012-08-29,1.008057483364114
2012-08-30,1.003773708557738
2012-08-31,1.05968664273473
2012-09-01,0.97327326809682
2012-09-02,1.001702797093323
2012-09-03,1.013364641319552
2012-09-04,1.012443226978004
2012-09-05,1.022640555150543
2012-09-06,1.022324087429993
2012-09-07,1.016132603151635
2012-09-08,1.015623517107556
2012-09-09,1.016542182004213
2012-09-10,1.103562787591848
2012-09-11,1.005822732101007
2012-09-12,1.020734685501811
2012-09-13,1.010306937405701
2012-09-14,1.016856341236423
2012-09-15,1.03363233359261
2012-09-16,1.021819280283318
2012-09-17,1.020296143611807
2012-09-18,1.021243884501068
2012-09-19,1.031913588643895
2012-09-20,1.049588151694808
2012-09-21,1.016273463780228
2012-09-22,1.027467893509598
2012-09-23,1.010146583714839
2012-09-24,1.015858502094438
2012-09-25,1.012452684467684
2012-09-26,1.014853070832756
2012-09-27,1.023896328212965
2012-09-28,1.033467114474905
2012-09-29,1.027816467838345
2012-09-30,1.017888817688986
2012-10-01,1.011822944259786
2012-10-02,1.021824623943393
2012-10-03,1.027414028270007
2012-10-04,1.025643219014119
2012-10-05,1.00996732605081
2012-10-06,1.004348685452537
2012-10-07,0.981066529483825
2012-10-08,0.9992509232658834
2012-10-09,1.000788149259869
2012-10-10,1.008150587973599
2012-10-11,1.003525139213667
2012-10-12,1.004763352689216
2012-10-13,0.9989238676152141
2012-10-14,1.011740028981594
2012-10-15,0.9989309040122555
2012-10-16,1.009225866163644
2012-10-17,1.021846128389212
2012-10-18,1.008540574585983
2012-10-19,1.003049586963235
2012-10-20,0.9955914584041142
2012-10-21,1.047795871913561
2012-10-22,1.000490455998235
2012-10-23,1.005711195649763
2012-10-24,1.008274465633273
2012-10-25,0.9940699375350637
2012-10-26,0.9693888461932868
2012-10-27,0.9752960351646509
2012-10-28,0.987338411642637
2012-10-29,0.9965845511553033
2012-10-30,0.9988175049893884
2012-10-31,1.004153932757087
2012-11-01,0.9941852564845464
2012-11-02,0.9776470416197094
2012-11-03,0.9922094479700471
2012-11-04,1.0174586367995
2012-11-05,1.000947988827273
2012-11-06,1.002284018549976
2012-11-07,1.01670469246455
2012-11-08,1.004335055669765
2012-11-09,1.001091888602019
2012-11-10,1.000428528784848
2012-11-11,1.006195385695334
2012-11-12,1.031298786567213
2012-11-13,1.009700803851214
2012-11-14,1.005822777171845
2012-11-15,1.009267066108918
2012-11-16,1.030644600052687
2012-11-17,1.016626918214779
2012-11-18,1.015887705334237
2012-11-19,1.0201150546824
2012-11-20,1.010136395210516
2012-11-21,1.01433004870781
2012-11-22,1.028058871142759
2012-11-23,1.02784352027699
2012-11-24,1.02353544310809
2012-11-25,1.036200011833727
2012-11-26,1.029778900025502
2012-11-27,1.007006940361654
2012-11-28,1.019699365524533
2012-11-29,1.01981565736878
2012-11-30,1.032478254633883
2012-12-01,1.017406227806406
2012-12-02,1.01043559197444
2012-12-03,1.017998008568693
2012-12-04,1.092314405127144
2012-12-05,1.043084930129025
2012-12-06,1.025373552535259
2012-12-07,1.038177628003767
2012-12-08,1.018465388101874
2012-12-09,1.025317909766423
2012-12-10,1.022346202488831
2012-12-11,1.022935336276688
2012-12-12,1.028103978100624
2012-12-13,1.028558008315435
2012-12-14,1.016671995155831
2012-12-15,1.005406541189579
2012-12-16,1.013237466069446
2012-12-17,0.9953342731743033
2012-12-18,1.010814913813338
2012-12-19,1.020595571156067
2012-12-20,1.03126174666949
2012-12-21,1.018879994908408
2012-12-22,1.001459174759076
2012-12-23,0.9972606935047794
2012-12-24,1.00178453923204
2012-12-25,1.003077466540687
2012-12-26,1.005196141596515
2012-12-27,1.006387560791929
2012-12-28,1.008865791301823
2012-12-29,1.004955490624539
2012-12-30,1.006116805821667
2012-12-31,1.032444666268783
2013-01-01,1.001711515760993
2013-01-02,1.002215591914898
2013-01-03,1.004684160691758
2013-01-04,1.011762588893394
2013-01-05,1.005773404045624
2013-01-06,1.003800955195447
2013-01-07,1.006448030077898
2013-01-08,1.020037322560125
2013-01-09,1.009373897430989
2013-01-10,1.029661204107233
2013-01-11,1.018610276967576
2013-01-12,1.012251394613098
2013-01-13,1.011614156742877
2013-01-14,1.018774365460259
2013-01-15,1.015459963236723
2013-01-16,1.021760645492156
2013-01-17,1.042912254246773
2013-01-18,1.036537850547272
2013-01-19,1.016400593307182
2013-01-20,1.02011478074182
2013-01-21,1.059007064645821
2013-01-22,1.086439342141817
2013-01-23,1.028610857326854
2013-01-24,1.052861920605592
2013-01-25,1.006967884214282
2013-01-26,1.016124167491669
2013-01-27,1.056361708742143
2013-01-28,1.041558096090933
2013-01-29,1.069152727483052
2013-01-30,1.07515608027124
2013-01-31,1.086774152367741
2013-02-01,1.0995708229014
2013-02-02,1.007469359150858
2013-02-03,1.026222099005844
2013-02-04,1.021050492814017
2013-02-05,1.025832231854668
2013-02-06,1.030805088603348
2013-02-07,1.029977566535611
2013-02-08,1.056125330783012
2013-02-09,1.050921247821851
2013-02-10,1.027603240980747
2013-02-11,1.053187474497649
2013-02-12,1.065233232707228
2013-02-13,1.083888631661768
2013-02-14,1.085029225931571
2013-02-15,1.105504013629666
2013-02-16,1.086521345064037
2013-02-17,1.057422936644633
2013-02-18,1.048248157094281
2013-02-19,1.081693940846884
2013-02-20,1.066324496394051
2013-02-21,1.04842635993103
2013-02-22,1.065620400444623
2013-02-23,1.026375462093493
2013-02-24,1.055523578259539
2013-02-25,1.164370309342233
2013-02-26,1.053816298898849
2013-02-27,1.031983589889168
2013-02-28,1.11873110047665
2013-03-01,1.072330241610866
2013-03-02,1.043962796530663
2013-03-03,1.048853510640697
2013-03-04,1.072283303593084
2013-03-05,1.145533714031843
2013-03-06,1.155232975487009
2013-03-07,1.102754941311535
2013-03-08,1.061091122931001
2013-03-09,1.10386540602051
2013-03-10,1.077188607277269
2013-03-11,1.090619055484401
2013-03-12,1.037844673318234
2013-03-13,1.086383402285043
2013-03-14,1.073587283175607
2013-03-15,1.069223203124323
2013-03-16,1.046961662897415
2013-03-17,1.051706702179853
2013-03-18,1.066577425148046
2013-03-19,1.140340525322556
2013-03-20,1.153878469523861
2013-03-21,1.231843559197456
2013-03-22,1.173161326677557
2013-03-23,1.049740422601714
2013-03-24,1.159624995464489
2013-03-25,1.170724461969914
2013-03-26,1.124903454852462
2013-03-27,1.167298625568443
2013-03-28,1.156618614673801
2013-03-29,1.10423659705562
2013-03-30,1.177138324855713
2013-03-31,1.093578246063167
2013-04-01,1.288887814130916
2013-04-02,1.174916531026887
2013-04-03,1.325076211521275
2013-04-04,1.167271160335019
2013-04-05,1.331790622897217
2013-04-06,1.163611366616319
2013-04-07,1.219973690318708
2013-04-08,1.296582763176135
2013-04-09,1.503280956071493
2013-04-10,1.184747830393744
2013-04-11,0.9878660232371306
2013-04-12,0.7344951975223737
2013-04-13,0.9920395180659104
2013-04-14,0.9477233009613812
2013-04-15,0.8972959555508956
2013-04-16,0.8491413113276249
2013-04-17,1.065523790569185
2013-04-18,1.064292835744407
2013-04-19,1.152495527246965
2013-04-20,1.161959196283789
2013-04-21,1.159535103488285
2013-04-22,1.100160488174777
2013-04-23,1.17131020115768
2013-04-24,1.279407598416517
2013-04-25,1.238626171247677
2013-04-26,1.029759481334318
2013-04-27,1.098282203335635
2013-04-28,1.065331778718698
2013-04-29,1.135586619312824
2013-04-30,1.079976999410112
2013-05-01,0.9431013088305819
2013-05-02,0.9453177481596473
2013-05-03,0.9221444265505757
2013-05-04,1.023139199863866
2013-05-05,1.068492093109125
2013-05-06,1.054715800616204
2013-05-07,0.9895795309294114
2013-05-08,1.008316394020872
2013-05-09,1.009351129957248
2013-05-10,0.9936091024915629
2013-05-11,1.071817319250045
2013-05-12,1.025851972232741
2013-05-13,1.024995792875211
2013-05-14,0.9990856922132453
2013-05-15,1.033405074143326
2013-05-16,1.01584910020429
2013-05-17,1.030528259377031
2013-05-18,1.108053087713113
2013-05-19,1.021729824862569
2013-05-20,1.026906062708165
2013-05-21,1.017257910968444
2013-05-22,1.025663621937905
2013-05-23,1.030629117611447
2013-05-24,1.051427436109248
2013-05-25,1.170975410609359
2013-05-26,1.028835654254698
2013-05-27,1.030920507817351
2013-05-28,1.022170195447915
2013-05-29,1.049693274284756
2013-05-30,1.035787290595988
2013-05-31,1.038099374314144
2013-06-01,1.027565203239371
2013-06-02,1.013898337181643
2013-06-03,1.007333798480953
2013-06-04,1.025004731676237
2013-06-05,1.038753021182865
2013-06-06,1.075233913258344
2013-06-07,0.9845175574440934
2013-06-08,0.9770582443454983
2013-06-09,0.9708707568992931
2013-06-10,0.9961745961805469
2013-06-11,1.028439887204008
2013-06-12,1.002539703958339
2013-06-13,0.9884598179713023
2013-06-14,0.9834469394349362
2013-06-15,0.9923727966220255
2013-06-16,0.9937300083055848
2013-06-17,0.9935507341677637
2013-06-18,1.00709175187141
2013-06-19,1.010781284409989
2013-06-20,1.019147138778898
2013-06-21,1.00531017059341
2013-06-22,1.00826115834005
2013-06-23,0.996048504223692
2013-06-24,1.000258124409841
2013-06-25,1.008452013513377
2013-06-26,1.007602763839477
2013-06-27,0.992314664967932
2013-06-28,0.9790919552174059
2013-06-29,0.9945467330995028
2013-06-30,0.9828352454846023
2013-07-01,1.00983915192104
2013-07-02,1.000926331990037
2013-07-03,0.959990698669378
2013-07-04,0.949084754376425
2013-07-05,0.8756783720464167
2013-07-06,0.8748509502526562
2013-07-07,0.960484653992593
2013-07-08,1.010424728262489
2013-07-09,0.9818877967561666
2013-07-10,1.045554078919676
2013-07-11,1.015776108699958
2013-07-12,1.05541528840714
2013-07-13,1.041896353310436
2013-07-14,1.014913105616883
2013-07-15,1.020878213999502
2013-07-16,1.003801192949584
2013-07-17,0.9982089429688912
2013-07-18,0.9630781216307256
2013-07-19,0.9852439649413081
2013-07-20,0.9876922347329898
2013-07-21,0.9850448946740835
2013-07-22,0.9943308923289063
2013-07-23,1.015880506641346
2013-07-24,1.008821770901293
2013-07-25,1.017349111121897
2013-07-26,1.004974581917729
2013-07-27,1.001512950582664
2013-07-28,1.026459096440367
2013-07-29,0.9984317904336997
2013-07-30,1.026892269799826
2013-07-31,1.050086372290893
2013-08-01,1.017609177840747
2013-08-02,1.06384737804108
2013-08-03,1.145223219669696
2013-08-04,1.021505342769249
2013-08-05,1.041904492788986
2013-08-06,1.007758069700213
2013-08-07,1.014016210400623
2013-08-08,1.006993300443562
2013-08-09,1.00842993333663
2013-08-10,1.016918267036882
2013-08-11,1.015724847253194
2013-08-12,1.013363153143033
2013-08-13,1.049149976795267
2013-08-14,1.026999521887031
2013-08-15,1.036518873779666
2013-08-16,1.015078831144095
2013-08-17,1.026174930806602
2013-08-18,1.015224107447834
2013-08-19,1.036767773345074
2013-08-20,1.046405783928046
2013-08-21,1.026379358522386
2013-08-22,1.022935614624877
2013-08-23,1.021102855331045
2013-08-24,1.011995156309819
2013-08-25,1.032426514836626
2013-08-26,1.023724452836849
2013-08-27,1.046823385753668
2013-08-28,1.038547272427069
2013-08-29,1.06417051683188
2013-08-30,1.054710187350153
2013-08-31,1.087122066295575
2013-09-01,1.064152493658699
2013-09-02,1.065507018815309
2013-09-03,1.095620225776967
2013-09-04,1.016806370634742
2013-09-05,0.9974242403243997
2013-09-06,0.9996557011684407
2013-09-07,1.016659117065603
2013-09-08,1.003290664790711
2013-09-09,1.044598710139784
2013-09-10,1.031667953659211
2013-09-11,1.035093035533487
2013-09-12,1.09429846225541
2013-09-13,1.028946250827659
2013-09-14,1.077302400536393
2013-09-15,1.025289773035156
2013-09-16,1.037657463702694
2013-09-17,1.017795439958607
2013-09-18,1.030644360432527
2013-09-19,1.086860126333022
2013-09-20,1.003406384103703
2013-09-21,1.009637700579295
2013-09-22,1.034163420892721
2013-09-23,1.008085328690237
2013-09-24,1.018996352739197
2013-09-25,1.025134980583973
2013-09-26,1.014999507244672
2013-09-27,1.018820356426637
2013-09-28,1.020657578867276
2013-09-29,1.031386952764438
2013-09-30,1.026267378468131
2013-10-01,1.018063579607864
2013-10-02,0.9946601940924383
2013-10-03,1.003999035647106
2013-10-04,1.023060082526225
2013-10-05,1.024860578952397
2013-10-06,1.024218613857905
2013-10-07,1.194193777167292
2013-10-08,0.9841518919064098
2013-10-09,1.045470537473129
2013-10-10,0.9959563743377596
2013-10-11,1.022270366521482
2013-10-12,1.015032878217749
2013-10-13,1.039060703621403
2013-10-14,1.040486356584867
2013-10-15,1.052335435861882
2013-10-16,1.077806637414478
2013-10-17,1.037311776815934
2013-10-18,1.089131742250317
2013-10-19,1.075336695498301
2013-10-20,1.128611997739277
2013-10-21,1.156542148148059
2013-10-22,1.182840962285275
2013-10-23,1.214518552479367
2013-10-24,1.052786091654962
2013-10-25,1.359357786988379
2013-10-26,1.026428153207499
2013-10-27,1.106294452462108
2013-10-28,1.077459881331515
2013-10-29,1.154724726213104
2013-10-30,1.069804989832831
2013-10-31,1.066064082572217
2013-11-01,1.062821737909798
2013-11-02,1.051150140821927
2013-11-03,1.046417759201431
2013-11-04,1.198784404767621
2013-11-05,1.132319232804074
2013-11-06,1.107112751399443
2013-11-07,1.236723808723776
2013-11-08,1.217549862230298
2013-11-09,1.16250185443286
2013-11-10,1.089835704300888
2013-11-11,1.178095270104998
2013-11-12,1.182183175866273
2013-11-13,1.192131468417499
2013-11-14,1.195838882118668
2013-11-15,1.183156589432812
2013-11-16,1.171056583080402
2013-11-17,1.197308059285833
2013-11-18,1.273026667306391
2013-11-19,1.219087238343884
2013-11-20,1.121372528054162
2013-11-21,1.173423604089948
2013-11-22,1.397977925623727
2013-11-23,1.358466442556563
2013-11-24,1.18143902411071
2013-11-25,1.287937854981474
2013-11-26,1.577565684961906
2013-11-27,1.263050001489848
2013-11-28,1.232861879245896
2013-11-29,1.25130153467624
2013-11-30,1.166923676420814
2013-12-01,1.070105388679265
2013-12-02,1.131675336699173
2013-12-03,1.148432176191573
2013-12-04,1.131970501157697
2013-12-05,1.078955230320664
2013-12-06,1.075155011256373
2013-12-07,1.027887207650412
2013-12-08,1.040867465203546
2013-12-09,1.064698390349992
2013-12-10,1.082622624499183
2013-12-11,1.135571588686797
2013-12-12,1.085819413207995
2013-12-13,1.159016933571688
2013-12-14,1.02438423282806
2013-12-15,1.031951015827657
2013-12-16,1.058432157844606
2013-12-17,0.9979663187994943
2013-12-18,0.9524961390933286
2013-12-19,0.953924171597548
2013-12-20,1.032342259822254
2013-12-21,1.268267098796221
2013-12-22,0.8767767526492792
2013-12-23,1.03310190249782
2013-12-24,1.192245127137368
2013-12-25,1.3218000923804
2013-12-26,1.050388460417931
2013-12-27,1.108921411885231
2013-12-28,1.034740863561183
2013-12-29,1.034936691102269
2013-12-30,0.9968524394158267
2013-12-31,1.005448429383251
2014-01-01,0.9857604346102795
2014-01-02,1.058075287864541
2014-01-03,1.060862807102571
2014-01-04,1.294089061322071
2014-01-05,1.112166783035243
2014-01-06,1.08564347449489
2014-01-07,1.064499865600483
2014-01-08,1.099854651328871
2014-01-09,1.054396352668306
2014-01-10,1.02435479543625
2014-01-11,1.172219216998433
2014-01-12,1.137210619159288
2014-01-13,1.040894638642076
2014-01-14,1.104013471169847
2014-01-15,1.08855914748067
2014-01-16,1.055031343754105
2014-01-17,1.01744213620253
2014-01-18,1.041664246884025
2014-01-19,1.067589728706701
2014-01-20,1.058817140439372
2014-01-21,1.088009123293569
2014-01-22,1.034751405666782
2014-01-23,1.031558329955188
2014-01-24,1.001982313709625
2014-01-25,1.038377910943585
2014-01-26,1.008517252017307
2014-01-27,1.015539386850049
2014-01-28,1.033682638924879
2014-01-29,1.030463716574047
2014-01-30,1.030989819379667
2014-01-31,1.020631779068943
2014-02-01,1.121637529006987
2014-02-02,1.061230553739127
2014-02-03,1.000615106873374
2014-02-04,1.003884230338471
2014-02-05,1.469483435527009
2014-02-06,1.007678130335619
2014-02-07,0.948807019450025
2014-02-08,0.985216680372778
2014-02-09,0.9881315497228944
2014-02-10,0.9432860147529575
2014-02-11,1.005487821085466
2014-02-12,1.004959314711207
2014-02-13,0.9970240538472738
2014-02-14,0.9592232920035602
2014-02-15,0.9972258462564053
2014-02-16,0.9618689718728801
2014-02-17,0.9899518821854909
2014-02-18,1.013234539281836
2014-02-19,0.9622088298185523
2014-02-20,0.9619251717538086
2014-02-21,0.9889192654664754
2014-02-22,0.9489716208475449
2014-02-23,1.005918221983312
2014-02-24,0.9106656918701482
2014-02-25,0.8664981353759161
2014-02-26,1.012401611149522
2014-02-27,0.9390415011552959
2014-02-28,1.067703505377156
2014-03-01,0.9685975547153048
2014-03-02,0.9224014175436898
2014-03-03,0.9908947431434932
2014-03-04,0.9886547543178787
2014-03-05,1.003901990369622
2014-03-06,1.020023939249463
2014-03-07,1.15338507952414
2014-03-08,1.001336279885001
2014-03-09,1.282676590332602
2014-03-10,1.023924272341395
2014-03-11,1.013367459000822
2014-03-12,1.01536562458784
2014-03-13,1.006006714473457
2014-03-14,0.990099381200019
2014-03-15,0.9972085520601861
2014-03-16,0.9985199496832844
2014-03-17,0.9906119307503082
2014-03-18,1.011930869288341
2014-03-19,0.9849103487947958
2014-03-20,0.9632679217562286
2014-03-21,1.102570507806467
2014-03-22,0.98227863682583
2014-03-23,0.979061893439439
2014-03-24,0.9906945161185049
2014-03-25,1.016679499426136
2014-03-26,0.9925907071422962
2014-03-27,0.9617630344165539
2014-03-28,0.9289997357756236
2014-03-29,0.9677919569847745
2014-03-30,0.9212771463547693
2014-03-31,0.9009088153458336
2014-04-01,0.9401136966997338
2014-04-02,0.9179088894155399
2014-04-03,0.9597582469715112
2014-04-04,0.9660749065560256
2014-04-05,0.9114970598727538
2014-04-06,0.9944892428810556
2014-04-07,0.9914838172810023
2014-04-08,0.9774581311797444
2014-04-09,1.014681042097127
2014-04-10,0.88653885428636
2014-04-11,0.9005682833198404
2014-04-12,0.9860603375044196
2014-04-13,0.9850534211255845
2014-04-14,1.012388758792387
2014-04-15,0.9998594224800592
2014-04-16,1.116203670414723
2014-04-17,1.03218182066467
2014-04-18,0.9554964154306103
2014-04-19,1.004094638026034
2014-04-20,0.9545268225421024
2014-04-21,0.9933050914506473
2014-04-22,0.9774571455847573
2014-04-23,1.052275042317574
2014-04-24,1.000897223102659
2014-04-25,0.9516252753194961
2014-04-26,0.9826409931374409
2014-04-27,0.9808539759090952
2014-04-28,0.9618645754783601
2014-04-29,0.9823510929122902
2014-04-30,0.9852169572151817
2014-05-01,0.994209263122783
2014-05-02,0.9895678394495232
2014-05-03,0.9702234083468824
2014-05-04,0.9735477543556298
2014-05-05,0.9576037282964343
2014-05-06,0.9515658376250743
2014-05-07,0.9837111295649631
2014-05-08,0.9955599787584664
2014-05-09,0.9942549298599456
2014-05-10,0.9933878754115367
2014-05-11,0.9819351180626246
2014-05-12,0.9808490729070158
2014-05-13,0.971078108933276
2014-05-14,0.9592859274982454
2014-05-15,0.9956703796447773
2014-05-16,0.9668790740587607
2014-05-17,0.9915708909681488
2014-05-18,0.9963477284058199
2014-05-19,0.9764910876860305
2014-05-20,1.015168187161245
2014-05-21,1.028921765885623
2014-05-22,1.043310411337368
2014-05-23,1.037206194360153
2014-05-24,1.002602378036778
2014-05-25,1.10179980449206
2014-05-26,1.03105730175243
2014-05-27,1.269817690525716
2014-05-28,1.028070487174835
2014-05-29,1.005269322621789
2014-05-30,1.087449198336552
2014-05-31,1.051758558790469
2014-06-01,1.06487190370502
2014-06-02,1.049895365217941
2014-06-03,1.058258282566082
2014-06-04,1.025028248158824
2014-06-05,1.051264672229064
2014-06-06,1.035320091080908
2014-06-07,1.025538165296325
2014-06-08,1.053201784598855
2014-06-09,1.062357348937669
2014-06-10,1.053228077263837
2014-06-11,1.040892501020318
2014-06-12,1.162003565865498
2014-06-13,1.010052912505995
2014-06-14,0.9816469762126393
2014-06-15,0.990824096708792
2014-06-16,1.023822290215304
2014-06-17,1.002034082213404
2014-06-18,1.010534586812457
2014-06-19,1.003301404423888
2014-06-20,1.002306123719536
2014-06-21,1.004831677765665
2014-06-22,1.0148269397292
2014-06-23,1.013288446599732
2014-06-24,0.9950988916823851
2014-06-25,0.9875820538790069
2014-06-26,1.024892187163744
2014-06-27,1.020126894540984
2014-06-28,1.014459702312506
2014-06-29,1.076983179974398
2014-06-30,1.050579110120383
2014-07-01,1.036834863916673
2014-07-02,1.02799451369882
2014-07-03,1.03931123211951
2014-07-04,1.014718742647807
2014-07-05,1.011308863469681
2014-07-06,1.015690489037509
2014-07-07,1.007291711739804
2014-07-08,1.001053626586207
2014-07-09,1.056991972039874
2014-07-10,1.018253311424815
2014-07-11,1.012499692729969
2014-07-12,1.013049442118237
2014-07-13,1.011971610013794
2014-07-14,1.003929494309859
2014-07-15,1.010594515073795
2014-07-16,1.003974543153944
2014-07-17,1.021618232322124
2014-07-18,1.010610342432597
2014-07-19,0.9886564963067973
2014-07-20,1.000257386384682
2014-07-21,1.036012748023058
2014-07-22,1.011495055514986
2014-07-23,1.035469706118632
2014-07-24,1.006040456284896
2014-07-25,1.003221466248192
2014-07-26,0.9960703673811563
2014-07-27,1.005094764557283
2014-07-28,0.9910364681549496
2014-07-29,0.9808971708075489
2014-07-30,0.9796249575956226
2014-07-31,1.014284085407534
2014-08-01,1.044106217556109
2014-08-02,1.006136300554791
2014-08-03,0.9920676983421202
2014-08-04,1.037341935073096
2014-08-05,1.137141683973479
2014-08-06,1.00957801253108
2014-08-07,1.011021220254295
2014-08-08,1.013520524947471
2014-08-09,1.012499227677766
2014-08-10,1.009443675653242
2014-08-11,0.9998864377244071
2014-08-12,0.991267973283171
2014-08-13,0.9775392312214221
2014-08-14,0.9295177285610106
2014-08-15,0.9665538565785563
2014-08-16,0.9859729025837233
2014-08-17,0.9978670957814648
2014-08-18,0.9143458221335246
2014-08-19,0.9770791665815357
2014-08-20,1.004448615023417
2014-08-21,0.9901415198673543
2014-08-22,0.9988211645039914
2014-08-23,0.9677225506494954
2014-08-24,0.9984666072684724
2014-08-25,0.9915297589958838
2014-08-26,1.006447970410513
2014-08-27,0.9992499811261647
2014-08-28,0.9241128182344723
2014-08-29,0.96935793599256
2014-08-30,0.9923730998897217
2014-08-31,0.9881659853775275
2014-09-01,1.003517775171543
2014-09-02,0.9574771470164881
2014-09-03,0.9883206551700828
2014-09-04,1.004183799693019
2014-09-05,1.005929449526276
2014-09-06,1.023584083246355
2014-09-07,0.9456420145268227
2014-09-08,0.9801300839140128
2014-09-09,0.9483250915557423
2014-09-10,0.9802581279153786
2014-09-11,0.9831064391751199
2014-09-12,0.9602928244341491
2014-09-13,0.9881395692750312
2014-09-14,0.9961623283319725
2014-09-15,0.9735290603289134
2014-09-16,0.9800350285354402
2014-09-17,0.9840425393996604
2014-09-18,0.91763702627452
2014-09-19,0.9141920268350469
2014-09-20,0.9160513983135392
2014-09-21,0.9601620465510294
2014-09-22,0.9607019378591307
2014-09-23,0.9652589595590181
2014-09-24,0.9842227199616608
2014-09-25,0.9684283568467194
2014-09-26,0.9217864762881817
2014-09-27,0.9579395783404966
2014-09-28,0.9785635931857523
2014-09-29,0.8980023304519721
2014-09-30,0.9494900426868055
2014-10-01,0.9478756971368396
2014-10-02,0.9526788071775549
2014-10-03,0.8870027748805437
2014-10-04,0.9198977516387059
2014-10-05,0.95708861388566
2014-10-06,0.8062759149230082
2014-10-07,0.9449128318052352
2014-10-08,0.9944608230986325
2014-10-09,0.96539240542465
2014-10-10,0.9608027526597588
2014-10-11,0.9779722686106536
2014-10-12,0.8096273317217949
2014-10-13,1.039298614255277
2014-10-14,1.017426022747584
2014-10-15,0.9217755636715448
2014-10-16,0.9946439301697374
2014-10-17,0.9426529145107468
2014-10-18,1.007232279961154
2014-10-19,1.000611097177261
2014-10-20,0.9835173513177663
2014-10-21,0.9841054148792437
2014-10-22,0.9776052287530169
2014-10-23,0.9548242550471762
2014-10-24,0.9311398994693874
2014-10-25,0.9490790804267749
2014-10-26,0.9721860468872194
2014-10-27,0.9570239737986521
2014-10-28,0.9764233781609051
2014-10-29,0.9402744311373694
2014-10-30,0.9452837711131726
2014-10-31,0.9446524765037071
2014-11-01,0.9555585881174639
2014-11-02,0.9485444236604186
2014-11-03,0.943181429859631
2014-11-04,0.9359241066863012
2014-11-05,0.9788789668556512
2014-11-06,1.002265714131276
2014-11-07,1.024952175506389
2014-11-08,1.000304130215403
2014-11-09,0.943787075374835
2014-11-10,1.003347679600819
2014-11-11,0.9850365233889885
2014-11-12,1.039695933000644
2014-11-13,1.074291488291544
2014-11-14,0.9716416177423066
2014-11-15,0.9850156121349304
2014-11-16,0.9933212059907987
2014-11-17,0.979337698050435
2014-11-18,0.9785710591762463
2014-11-19,0.9651978665977381
2014-11-20,0.9398971685968481
2014-11-21,0.9591223940507051
2014-11-22,0.9816149433995971
2014-11-23,0.9874441334637443
2014-11-24,1.00723207639966
2014-11-25,0.9885115818616012
2014-11-26,0.976414822657682
2014-11-27,0.9864055394362095
2014-11-28,0.8296450691257716
2014-11-29,0.9919095109003055
2014-11-30,1.001966520821533
2014-12-01,0.9912733725387414
2014-12-02,0.9733571678334989
2014-12-03,0.9943376578971215
2014-12-04,0.8887113155760323
2014-12-05,0.9933783763866777
2014-12-06,0.9904260802555532
2014-12-07,0.9880123501836987
2014-12-08,0.8469876618513316
2014-12-09,0.997257279226923
2014-12-10,0.9400343254040604
2014-12-11,0.9755038509835915
2014-12-12,0.9808090076947764
2014-12-13,0.9740641523577234
2014-12-14,0.9875958028032786
2014-12-15,0.9553347161642443
2014-12-16,0.9708065533722328
2014-12-17,0.9554783920178977
2014-12-18,0.951798469184387
2014-12-19,0.9489804629834712
2014-12-20,0.9689840693724043
2014-12-21,0.9211957101437379
2014-12-22,0.9792217026230435
2014-12-23,0.9968861497919199
2014-12-24,0.8184228358677452
2014-12-25,0.9694086892431143
2014-12-26,0.9808626825693759
2014-12-27,0.9738680730191581
2014-12-28,0.9758930784706512
2014-12-29,0.941249536704621
2014-12-30,0.8792232661072689
2014-12-31,0.9247324470205075
2015-01-01,0.9873828745663521
2015-01-02,0.9777446093622264
2015-01-03,0.9222418115010221
2015-01-04,0.9150275129348181
2015-01-05,0.8933095383408489
2015-01-06,0.9746909686128183
2015-01-07,0.9594381179986724
2015-01-08,0.9406654009845313
2015-01-09,0.9302604500388548
2015-01-10,0.9598005948108185
2015-01-11,0.9751156889213678
2015-01-12,0.9462405127933946
2015-01-13,0.8962579445201441
2015-01-14,0.8253282684669552
2015-01-15,0.94827808385339
2015-01-16,0.9364609481503358
2015-01-17,0.9270582761808306
2015-01-18,0.9661845966024899
2015-01-19,0.9596481688294511
2015-01-20,0.9486581060354073
2015-01-21,0.8226723234173523
2015-01-22,0.998857181539082
2015-01-23,0.9838393140069377
2015-01-24,0.9998218975128914
2015-01-25,0.9963419022626923
2015-01-26,0.9474997988670892
2015-01-27,0.9734181425353453
2015-01-28,1.032713970850256
2015-01-29,0.9311684579676234
2015-01-30,0.9484383138486293
2015-01-31,0.9231015227804931
2015-02-01,0.9527901970869779
2015-02-02,0.946403684538091
2015-02-03,0.996221838734583
2015-02-04,0.9367090811755034
2015-02-05,0.9366009059920228
2015-02-06,0.9741439521661983
2015-02-07,0.9689863902180391
2015-02-08,0.9737644181848768
2015-02-09,0.9422600698128019
2015-02-10,0.965857799790104
2015-02-11,0.9432401368294858
2015-02-12,0.9678228708587915
2015-02-13,0.99876147470304
2015-02-14,0.993406429163663
2015-02-15,1.001775022071516
2015-02-16,0.9596096632763197
2015-02-17,0.9887403907060522
2015-02-18,0.9857329735392442
2015-02-19,0.8813415904060874
2015-02-20,1.103959959024991
2015-02-21,0.9905784453759242
2015-02-22,0.9556252862785167
2015-02-23,0.9511947633453487
2015-02-24,0.9636500785950173
2015-02-25,0.928468050284254
2015-02-26,0.9788032857781437
2015-02-27,1.004241472089422
2015-02-28,0.9770211827480626
2015-03-01,1.019864520163632
2015-03-02,1.000654416951125
2015-03-03,0.9595675062158252
2015-03-04,1.019761490242374
2015-03-05,0.9649112846526993
2015-03-06,1.011497013908486
2015-03-07,0.951354214524254
2015-03-08,0.933562852525199
2015-03-09,0.9629497267666274
2015-03-10,1.056403778368314
2015-03-11,1.024592200168011
2015-03-12,1.054315646196133
2015-03-13,0.9496186509291643
2015-03-14,0.9901491691156122
2015-03-15,0.994597691573981
2015-03-16,0.9796243886828985
2015-03-17,1.005920868706586
2015-03-18,0.957246804437362
2015-03-19,0.9611057259842402
2015-03-20,0.9724280338914001
2015-03-21,0.9831456449280033
2015-03-22,0.9785419311099385
2015-03-23,0.9859462759722759
2015-03-24,0.9550423940084019
2015-03-25,0.9532249068844615
2015-03-26,0.9688720274411631
2015-03-27,0.9700946487846179
2015-03-28,0.9856948960167453
2015-03-29,0.9726609423419269
2015-03-30,0.9690001558929846
2015-03-31,0.9799589704187814
2015-04-01,0.8932947845930908
2015-04-02,1.002337172616607
2015-04-03,0.9770809498489059
2015-04-04,0.9985527431836573
2015-04-05,0.9957847250872527
2015-04-06,0.9941478308177243
2015-04-07,0.9828618913366406
2015-04-08,0.980840465039842
2015-04-09,0.9505858897684467
2015-04-10,0.8903386202031517
2015-04-11,0.980355091606386
2015-04-12,0.9559188463071066
2015-04-13,0.9329554379296304
2015-04-14,0.9475862024850182
2015-04-15,0.8542185167963561
2015-04-16,0.9788355827717663
2015-04-17,0.9672052914555954
2015-04-18,0.9813406754738545
2015-04-19,0.9895337677032924
2015-04-20,0.9637048600492729
2015-04-21,0.9667470683150411
2015-04-22,0.9928230948030591
2015-04-23,1.002898057862645
2015-04-24,0.9760453406136274
2015-04-25,0.9778898410287081
2015-04-26,0.9553697359642278
2015-04-27,0.964462816855858
2015-04-28,0.9834151366040278
2015-04-29,0.9844456379208129
2015-04-30,1.001989714369664
2015-05-01,0.9916577113144848
2015-05-02,0.988380410389993
2015-05-03,1.011970365177443
2015-05-04,0.9936438931088777
2015-05-05,0.9714096622410042
2015-05-06,0.9868314967140243
2015-05-07,0.9772819847114287
2015-05-08,1.000835454184283
2015-05-09,0.9957562764399157
2015-05-10,0.9888982919660936
2015-05-11,0.9508855476601288
2015-05-12,0.9782779133327133
2015-05-13,0.9886839905239813
2015-05-14,0.9766498374720998
2015-05-15,0.9841281510736288
2015-05-16,0.981254370188769
2015-05-17,0.9864319242800234
2015-05-18,0.9753438848564
2015-05-19,0.9816557079218554
2015-05-20,0.988655544697752
2015-05-21,0.9896216832654935
2015-05-22,0.9889421719207144
2015-05-23,0.9838191712168541
2015-05-24,0.9967386257068935
2015-05-25,0.9705498353679783
2015-05-26,0.9860029170462613
2015-05-27,0.977697691144947
2015-05-28,0.97162224198096
2015-05-29,0.992835714443245
2015-05-30,0.850073715933612
2015-05-31,0.9619204105989063
2015-06-01,0.9506328652788386
2015-06-02,0.9639428284129575
2015-06-03,0.9782394704990368
2015-06-04,0.9763428843360665
2015-06-05,0.9861170583017581
2015-06-06,0.9877203882382262
2015-06-07,0.9375524895029286
2015-06-08,0.9905377465142386
2015-06-09,0.9970256012359787
2015-06-10,0.9759701553771853
2015-06-11,0.9757547164488919
2015-06-12,0.9987118627538425
2015-06-13,0.9678046944319634
2015-06-14,0.9860002185949946
2015-06-15,0.9969701341954649
2015-06-16,1.013056399632927
2015-06-17,1.007728839189721
2015-06-18,1.003008136406459
2015-06-19,0.9936051209765472
2015-06-20,0.996702343454261
2015-06-21,1.006135708515886
2015-06-22,1.000861898548868
2015-06-23,0.9914604961539119
2015-06-24,0.9729503410904473
2015-06-25,0.9806359043305118
2015-06-26,0.9901971579562167
2015-06-27,1.005779108728579
2015-06-28,1.005414792826596
2015-06-29,1.008771161753782
2015-06-30,1.023537385168648
2015-07-01,1.001394601802328
2015-07-02,0.991079544893587
2015-07-03,0.9349792483466726
2015-07-04,1.001973165543225
2015-07-05,0.9990592729033976
2015-07-06,1.015414755444982
2015-07-07,1.012437524503413
2015-07-08,1.002969615584777
2015-07-09,0.9677046416851567
2015-07-10,1.019066423636378
2015-07-11,1.015053852471837
2015-07-12,1.049652648805843
2015-07-13,0.9919268711099374
2015-07-14,1.006997570505064
2015-07-15,1.004842652930169
2015-07-16,0.9876986162172884
2015-07-17,1.000544447446837
2015-07-18,0.9800796772280946
2015-07-19,0.9920568452958276
2015-07-20,0.9601832526896971
2015-07-21,0.9926219557597097
2015-07-22,0.9953967991789453
2015-07-23,1.005669105109918
2015-07-24,1.010144424697846
2015-07-25,1.020052950284665
2015-07-26,1.015459499536755
2015-07-27,1.006199888830161
2015-07-28,1.009138227699583
2015-07-29,0.991792203658087
2015-07-30,0.9867296954227686
2015-07-31,1.006696399527061
2015-08-01,0.9917259129331563
2015-08-02,0.9987472539354977
2015-08-03,1.00035971550552
2015-08-04,0.9848593272567443
2015-08-05,0.9963610143358449
2015-08-06,0.9957946694193975
2015-08-07,0.9931902973287641
2015-08-08,1.005992336088078
2015-08-09,0.8987014065172316
2015-08-10,0.9861751204493594
2015-08-11,0.9910213699407358
2015-08-12,0.997330340491912
2015-08-13,0.9898131442109066
2015-08-14,0.986382693703692
2015-08-15,0.9884532518722225
2015-08-16,0.9786334943677247
2015-08-17,0.9888837277170048
2015-08-18,0.983788929782038
2015-08-19,0.9470525641618189
2015-08-20,0.9637551651379351
2015-08-21,0.9743204517827221
2015-08-22,0.9775202000143164
2015-08-23,0.9962056296901851
2015-08-24,0.9522867808859875
2015-08-25,0.9000217664478647
2015-08-26,0.9465226008656149
2015-08-27,0.9931655870601372
2015-08-28,0.9981321022268876
2015-08-29,0.9831661367216114
2015-08-30,0.9897670356258828
2015-08-31,0.9929045913197545
2015-09-01,0.987370226622456
2015-09-02,0.9864955658950755
2015-09-03,0.9727828437343796
2015-09-04,0.9903294157455845
2015-09-05,0.9959690138788035
2015-09-06,1.004662710116518
2015-09-07,1.003325448504264
2015-09-08,1.004805328728245
2015-09-09,0.9964461395737039
2015-09-10,0.9729667660262167
2015-09-11,0.9959639940627649
2015-09-12,0.9904033888809772
2015-09-13,0.9841458125317124
2015-09-14,0.9842714221721615
2015-09-15,0.988693414428829
2015-09-16,0.9896065543561106
2015-09-17,0.9960915874491385
2015-09-18,0.9971245115445551
2015-09-19,0.9897004235424122
2015-09-20,0.9897057264050722
2015-09-21,0.9973628965139022
2015-09-22,0.9926551342218142
2015-09-23,0.9604329359417663
2015-09-24,1.000056596813011
2015-09-25,0.9965812721803116
2015-09-26,0.9946126644992469
2015-09-27,0.9945918935747317
2015-09-28,0.9898072399759936
2015-09-29,0.9993920384263488
2015-09-30,0.9961242704740004
2015-10-01,0.9888945267096738
2015-10-02,0.9999247154492166
2015-10-03,1.002276590216075
2015-10-04,0.9943657606542896
2015-10-05,0.9975106287391956
2015-10-06,1.004321866329258
2015-10-07,0.9854135909681783
2015-10-08,0.9874949073741657
2015-10-09,1.000558432211721
2015-10-10,0.9951201329629558
2015-10-11,0.996992025605442
2015-10-12,0.948176655272785
2015-10-13,1.004230850559961
2015-10-14,0.9639573935433035
2015-10-15,1.00554668128818
2015-10-16,1.013812556487677
2015-10-17,1.018051321343127
2015-10-18,1.003503359683638
2015-10-19,1.00127354010973
2015-10-20,1.016367531530568
2015-10-21,1.004814513654275
2015-10-22,1.008701819899629
2015-10-23,1.013755207069183
2015-10-24,1.013814263936287
2015-10-25,1.026596725452014
2015-10-26,1.005034267514505
2015-10-27,1.027725587402737
2015-10-28,1.027551972196087
2015-10-29,1.035507459881829
2015-10-30,1.05563598502977
2015-10-31,1.024825564954119
2015-11-01,1.030428913441935
2015-11-02,1.054533257203348
2015-11-03,1.069018250136248
2015-11-04,1.116396671901502
2015-11-05,1.02994524512571
2015-11-06,0.9930105633265878
2015-11-07,1.043139984059263
2015-11-08,1.002266748291859
2015-11-09,1.013265318221981
2015-11-10,0.9665449815226739
2015-11-11,0.9401540888140236
2015-11-12,0.9956141963704832
2015-11-13,1.010821020492568
2015-11-14,1.003423360798353
2015-11-15,0.9891176418964607
2015-11-16,0.9877622259318155
2015-11-17,1.030488189524951
2015-11-18,1.005476841106117
2015-11-19,0.9960416312101555
2015-11-20,0.9870472193319243
2015-11-21,1.000989267213514
2015-11-22,1.008718600637809
2015-11-23,0.9949159090509457
2015-11-24,0.9950658300828518
2015-11-25,1.000920513555416
2015-11-26,1.029720690019817
2015-11-27,1.019980792834005
2015-11-28,1.011300231566906
2015-11-29,1.020360641945949
2015-11-30,1.033492904046285
2015-12-01,1.007693059405498
2015-12-02,0.9994840496724949
2015-12-03,1.006469712124505
2015-12-04,1.007302630316393
2015-12-05,1.025315536955828
2015-12-06,1.047836566524925
2015-12-07,1.029486981984275
2015-12-08,1.023091098038745
2015-12-09,1.070917882047038
2015-12-10,1.027225993587275
2015-12-11,1.040394915145064
2015-12-12,1.012969117592463
2015-12-13,1.024227110877352
2015-12-14,1.053726570260403
2015-12-15,1.0423682085761
2015-12-16,1.017624297077477
2015-12-17,1.019965237360156
2015-12-18,1.02002529988102
2015-12-19,1.037410329038345
2015-12-20,1.006331661303725
2015-12-21,1.000571367855325
2015-12-22,1.008614928759969
2015-12-23,1.01626511506368
2015-12-24,1.030872556305847
2015-12-25,1.035633967525825
2015-12-26,0.9810606468179041
2015-12-27,0.9894929533699371
2015-12-28,1.000986917499323
2015-12-29,1.005333644277937
2015-12-30,1.00491598409126
2015-12-31,1.017920289251523
2016-01-01,1.018008919800855
2016-01-02,1.006478739715141
2016-01-03,1.014968882992912
2016-01-04,1.01510724495687
2016-01-05,1.008919319907257
2016-01-06,1.008684551508645
2016-01-07,1.06576751880184
2016-01-08,1.023918255642976
2016-01-09,1.008230225075118
2016-01-10,1.047568683048067
2016-01-11,1.024354088244624
2016-01-12,1.015616945116116
2016-01-13,0.989299632984237
2016-01-14,0.9995026737883567
2016-01-15,0.9726767481018002
2016-01-16,0.9713801257374898
2016-01-17,1.000431254144876
2016-01-18,0.9844100104678418
2016-01-19,0.995250842701914
2016-01-20,1.016815756502625
2016-01-21,1.009776324030984
2016-01-22,0.931008606645447
2016-01-23,0.9941208167048581
2016-01-24,1.014061905100951
2016-01-25,1.010208181119967
2016-01-26,1.002292575655535
2016-01-27,1.002206190394647
2016-01-28,0.9829605737850036
2016-01-29,0.9796634582535944
2016-01-30,1.007320510781434
2016-01-31,0.9984109999353534
2016-02-01,0.9737669673544552
2016-02-02,0.9947264112862468
2016-02-03,0.9877016631772413
2016-02-04,1.007129712621548
2016-02-05,1.00200541013558
2016-02-06,0.9892101057530261
2016-02-07,1.000993538564766
2016-02-08,0.9926715230892015
2016-02-09,0.9894558685404153
2016-02-10,1.004567317276077
2016-02-11,1.002071659394086
2016-02-12,1.004625582373048
2016-02-13,1.006901768475305
2016-02-14,1.019425975296684
2016-02-15,1.010495775414774
2016-02-16,1.017302154564343
2016-02-17,1.030293999445217
2016-02-18,1.012362510359102
2016-02-19,1.019749144984447
2016-02-20,1.020953301309116
2016-02-21,1.011262561005216
2016-02-22,1.01355673917685
2016-02-23,0.9994623925684817
2016-02-24,1.007408881934662
2016-02-25,1.004713052897572
2016-02-26,1.008005875382275
2016-02-27,1.008924632772129
2016-02-28,1.014561775374411
2016-02-29,1.028640238330452
2016-03-01,1.022313983877231
2016-03-02,1.006003207156009
2016-03-03,1.002818591417471
2016-03-04,0.9998980002750927
2016-03-05,1.000894077282057
2016-03-06,1.00265658759579
2016-03-07,1.004883970374876
2016-03-08,1.000922145437396
2016-03-09,0.9922548563759807
2016-03-10,1.005855643238867
2016-03-11,1.00646521687713
2016-03-12,1.000191308585825
2016-03-13,1.005124283269765
2016-03-14,1.005621253157735
2016-03-15,1.004430257639147
2016-03-16,1.005759786022531
2016-03-17,1.007696169563344
2016-03-18,0.9992775783321998
2016-03-19,0.9950660106034477
2016-03-20,0.9963149896696363
2016-03-21,1.008877813817703
2016-03-22,1.014079946831091
2016-03-23,1.004429749759824
2016-03-24,1.00441972260054
2016-03-25,1.010724014794536
2016-03-26,1.010020816576479
2016-03-27,1.007756249924981
2016-03-28,1.011874447143961
2016-03-29,1.001311704436885
2016-03-30,1.001592204309039
2016-03-31,1.007575641046317
2016-04-01,1.004322690910211
2016-04-02,1.006687351509093
2016-04-03,1.004810154356387
2016-04-04,1.004273268743737
2016-04-05,1.008076968775257
2016-04-06,1.015806650168789
2016-04-07,1.031438917986655
2016-04-08,1.000810755348215
2016-04-09,0.9999855333773072
2016-04-10,1.029625742933209
2016-04-11,1.005440722049383
2016-04-12,1.013034671998283
2016-04-13,1.003375045049582
2016-04-14,1.00346865782503
2016-04-15,1.005969823431621
2016-04-16,1.007865861329071
2016-04-17,1.000680506449964
2016-04-18,1.003335343762663
2016-04-19,1.008833979539276
2016-04-20,1.013544113805273
2016-04-21,1.017213797297687
2016-04-22,1.017944243982868
2016-04-23,1.012454530069807
2016-04-24,1.022679003916513
2016-04-25,1.029496944746648
2016-04-26,1.01727275346076
2016-04-27,1.004231739861436
2016-04-28,0.9981112839521692
2016-04-29,1.007902629265076
2016-04-30,1.006382537292283
2016-05-01,1.01913384080427
2016-05-02,1.000621527780237
2016-05-03,1.003414215947983
2016-05-04,1.003927148514152
2016-05-05,1.004345810402967
2016-05-06,1.018759433466365
2016-05-07,0.9973875335839963
2016-05-08,1.008705679438799
2016-05-09,1.009812087544971
2016-05-10,1.007683093543081
2016-05-11,1.00778422432444
2016-05-12,1.005109954761923
2016-05-13,1.005464045624215
2016-05-14,1.01304732909483
2016-05-15,1.006230846353201
2016-05-16,1.000112147136373
2016-05-17,1.049934725276894
2016-05-18,1.006584773279373
2016-05-19,1.004566883673896
2016-05-20,1.004402072350433
2016-05-21,1.002730519493113
2016-05-22,1.00074414369232
2016-05-23,1.007715637085679
2016-05-24,1.003873177310228
2016-05-25,1.012074398953164
2016-05-26,1.008677452069811
2016-05-27,1.049440095398456
2016-05-28,1.050071427854445
2016-05-29,1.049703468774966
2016-05-30,1.047469847625595
2016-05-31,1.034282486891767
2016-06-01,1.026430353912281
2016-06-02,1.045339451315017
2016-06-03,1.037462785868384
2016-06-04,1.039139528443124
2016-06-05,1.036469353744379
2016-06-06,1.042040222119723
2016-06-07,1.016918126920606
2016-06-08,1.027492377198926
2016-06-09,1.015698230000545
2016-06-10,1.020502062738442
2016-06-11,1.027686738222259
2016-06-12,1.098939757270512
2016-06-13,1.101182275728912
2016-06-14,1.038748135363474
2016-06-15,1.050558659426982
2016-06-16,1.104025687122649
2016-06-17,1.044597771411669
2016-06-18,1.051464889268449
2016-06-19,1.042510160192192
2016-06-20,1.023241165445559
2016-06-21,1.008535977700058
2016-06-22,0.9799571513795104
2016-06-23,0.9826069575002502
2016-06-24,1.031514387608863
2016-06-25,1.035931872019571
2016-06-26,0.9834995566798682
2016-06-27,1.014695321520845
2016-06-28,1.01166603952429
2016-06-29,0.9964050889989682
2016-06-30,1.032960438221368
2016-07-01,1.022138660036747
2016-07-02,1.035774851235959
2016-07-03,1.007760635067981
2016-07-04,1.016099145554752
2016-07-05,1.021340865054596
2016-07-06,1.015371431605272
2016-07-07,0.98809741550749
2016-07-08,1.01047134980527
2016-07-09,1.019588798086405
2016-07-10,1.019479308631777
2016-07-11,1.019157762157537
2016-07-12,1.014717857453172
2016-07-13,1.011604203030532
2016-07-14,1.00617645434535
2016-07-15,1.008349471830478
2016-07-16,1.009278342117468
2016-07-17,1.036099178045772
2016-07-18,1.010971458105504
2016-07-19,1.021557178767497
2016-07-20,1.004378363696039
2016-07-21,1.005260341441151
2016-07-22,1.003363116895018
2016-07-23,1.000075635166997
2016-07-24,1.036090653900489
2016-07-25,1.013122748028939
2016-07-26,1.005827683144702
2016-07-27,1.012637303878318
2016-07-28,1.007740048714362
2016-07-29,1.008436440369946
2016-07-30,1.014307707052629
2016-07-31,0.987125368416937
2016-08-01,0.985910833398638
2016-08-02,0.9661502446076573
2016-08-03,0.9764867404084321
2016-08-04,1.010843993982385
2016-08-05,0.9999517803719877
2016-08-06,0.9914728220615578
2016-08-07,1.007562628006005
2016-08-08,1.002123910335618
2016-08-09,0.993441671494507
2016-08-10,0.9948492339633032
2016-08-11,1.000131846022849
2016-08-12,0.9998180544598382
2016-08-13,1.003468613312691
2016-08-14,0.9938627442454062
2016-08-15,0.9886442580461824
2016-08-16,1.007068006001491
2016-08-17,0.9989910511025853
2016-08-18,1.001845223815118
2016-08-19,1.003041287706906
2016-08-20,1.044932883105788
2016-08-21,1.006365731074658
2016-08-22,1.00432325101102
2016-08-23,1.000374175570252
2016-08-24,0.9970338264246359
2016-08-25,1.028789674984344
2016-08-26,1.00596347092122
2016-08-27,0.9965626068339423
2016-08-28,1.000286408018654
2016-08-29,0.9933710153959493
2016-08-30,1.009873489359731
2016-08-31,1.013598812374485
2016-09-01,0.9991472223601532
2016-09-02,1.001514816399911
2016-09-03,1.010224504109853
2016-09-04,1.024535185967617
2016-09-05,1.011780612074964
2016-09-06,1.016408394967088
2016-09-07,1.011235786019375
2016-09-08,1.019165602936191
2016-09-09,1.013488078945011
2016-09-10,1.011782001045255
2016-09-11,1.009798637594758
2016-09-12,1.000298828098977
2016-09-13,1.018030598405584
2016-09-14,1.008188968281394
2016-09-15,1.00484081767409
2016-09-16,1.015073739696992
2016-09-17,1.005655569678674
2016-09-18,1.008473808687935
2016-09-19,1.00416465069684
2016-09-20,1.024750626055056
2016-09-21,0.9974198926823188
2016-09-22,1.000402108504928
2016-09-23,1.001671885000466
2016-09-24,0.9825931805059671
2016-09-25,1.020035991693426
2016-09-26,1.008299867566983
2016-09-27,1.0080956372776
2016-09-28,1.002733447010818
2016-09-29,1.002189960156786
2016-09-30,1.000159449457931
2016-10-01,1.007940063529212
2016-10-02,1.00386750216719
2016-10-03,1.016653269992437
2016-10-04,1.013917210142707
2016-10-05,1.006189887292538
2016-10-06,1.005781207820588
2016-10-07,1.006530984420893
2016-10-08,1.010634210508543
2016-10-09,1.005680568086382
2016-10-10,1.00706228067784
2016-10-11,1.025095121287382
2016-10-12,1.030116418285256
2016-10-13,1.00815955245923
2016-10-14,1.008531967752533
2016-10-15,1.007149327581491
2016-10-16,1.009855065043247
2016-10-17,1.026028469346461
2016-10-18,1.017587212048761
2016-10-19,1.007429321846163
2016-10-20,1.004145656353995
2016-10-21,1.021858715876485
2016-10-22,1.017074026987655
2016-10-23,1.01762112129437
2016-10-24,1.016631523902447
2016-10-25,1.020887851490916
2016-10-26,1.029521276374223
2016-10-27,1.034093708260133
2016-10-28,1.015416087982661
2016-10-29,1.032604345722798
2016-10-30,1.011952261555232
2016-10-31,1.025806739107891
2016-11-01,1.032202174437771
2016-11-02,1.023426686369286
2016-11-03,1.014916649990947
2016-11-04,1.007704627646381
2016-11-05,1.009970085997119
2016-11-06,1.015557880746094
2016-11-07,1.010494544698333
2016-11-08,1.026087134436837
2016-11-09,1.028895665544375
2016-11-10,1.01457500019287
2016-11-11,1.017279312732869
2016-11-12,1.006521728191727
2016-11-13,1.001562918389296
2016-11-14,1.011705552156411
2016-11-15,1.020456210680984
2016-11-16,1.040378818940207
2016-11-17,1.030885713086883
2016-11-18,1.022947000986052
2016-11-19,1.015449077452552
2016-11-20,1.007221580132246
2016-11-21,1.013725729542865
2016-11-22,1.021222767983381
2016-11-23,1.015534824468899
2016-11-24,1.071242798789666
2016-11-25,1.007816090093104
2016-11-26,1.013282288645941
2016-11-27,1.016132248037161
2016-11-28,1.014190370997705
2016-11-29,1.009529869465567
2016-11-30,1.018096221914591
2016-12-01,1.027536433521735
2016-12-02,1.032286335226497
2016-12-03,1.126862898017087
2016-12-04,1.014196646518527
2016-12-05,1.013419590048414
2016-12-06,1.010997130768241
2016-12-07,1.016037104087344
2016-12-08,1.026625358704763
2016-12-09,1.012261457732911
2016-12-10,1.028984348200099
2016-12-11,1.012925183613118
2016-12-12,1.021152661698407
2016-12-13,1.019141629619289
2016-12-14,1.01901346502582
2016-12-15,1.018103369264517
2016-12-16,1.019800175696575
2016-12-17,1.02092842096824
2016-12-18,1.027254940841157
2016-12-19,1.013418008075013
2016-12-20,1.022814776309376
2016-12-21,1.057367242213156
2016-12-22,1.05858537937381
2016-12-23,1.075896244666328
2016-12-24,1.027375690357463
2016-12-25,1.018538240314628
2016-12-26,1.034047890072368
2016-12-27,1.042422852868883
2016-12-28,1.059642942757387
2016-12-29,1.052963226235617
2016-12-30,1.037852470781634
2016-12-31,1.023458481864569
2017-01-01,1.061573150508675
2017-01-02,1.076987215776896
2017-01-03,1.0622532638113
2017-01-04,1.096028637900791
2017-01-05,1.083034401337801
2017-01-06,0.9865250238681739
2017-01-07,0.9830031354233432
2017-01-08,1.019068794959784
2017-01-09,1.011106585349984
2017-01-10,1.012317451099934
2017-01-11,0.9752094169628736
2017-01-12,0.9840073477793613
2017-01-13,1.001849852132278
2017-01-14,1.002290024191389
2017-01-15,1.001312168822917
2017-01-16,1.007357048958307
2017-01-17,1.035758067065481
2017-01-18,1.010021067238713
2017-01-19,1.018479238532881
2017-01-20,1.012541635885127
2017-01-21,1.030871462284313
2017-01-22,1.031004121302602
2017-01-23,1.023099115912459
2017-01-24,1.024285844462574
2017-01-25,1.01890686435212
2017-01-26,1.021092685950185
2017-01-27,1.017172235361447
2017-01-28,1.014375055633671
2017-01-29,1.064376453345031
2017-01-30,1.014321119771529
2017-01-31,1.027168769909305
2017-02-01,1.031202842009476
2017-02-02,1.039088738511047
2017-02-03,1.046410340930076
2017-02-04,1.028263016007669
2017-02-05,1.030713171414993
2017-02-06,1.03332055978756
2017-02-07,1.045182480481333
2017-02-08,1.033918322706235
2017-02-09,1.01310807100672
2017-02-10,1.022742648603571
2017-02-11,1.015496675604806
2017-02-12,1.024384750118278
2017-02-13,1.024359743559122
2017-02-14,1.021044738334189
2017-02-15,1.01167445617841
2017-02-16,1.023224983933335
2017-02-17,1.046537213648943
2017-02-18,1.032973687182734
2017-02-19,1.023507289983465
2017-02-20,1.024633130705438
2017-02-21,1.046546086045559
2017-02-22,1.057716638393995
2017-02-23,1.04937608732572
2017-02-24,1.076349983562136
2017-02-25,1.026003181067845
2017-02-26,1.023644986839112
2017-02-27,1.040887607503185
2017-02-28,1.033097398848749
2017-03-01,1.050353802053438
2017-03-02,1.049725876975296
2017-03-03,1.058604310687975
2017-03-04,1.034728545680953
2017-03-05,1.033046079846563
2017-03-06,1.049874680233085
2017-03-07,1.028156549612747
2017-03-08,1.018057948847297
2017-03-09,1.012091974498111
2017-03-10,1.023152937369882
2017-03-11,1.012783391315623
2017-03-12,1.02498114838523
2017-03-13,1.074184282895799
2017-03-14,1.025745949616713
2017-03-15,1.042607394101953
2017-03-16,1.025002374689505
2017-03-17,1.00147773173438
2017-03-18,0.9907285022514255
2017-03-19,1.009534074663554
2017-03-20,0.9961585055021376
2017-03-21,1.033123158836998
2017-03-22,1.006571467199666
2017-03-23,0.999596628609337
2017-03-24,1.000867836197714
2017-03-25,0.9885176614294503
2017-03-26,1.022347286863756
2017-03-27,1.014869720109403
2017-03-28,1.02215063509278
2017-03-29,1.008528661513207
2017-03-30,1.009742151506263
2017-03-31,1.024605245492076
2017-04-01,1.020097579142743
2017-04-02,1.020436649228865
2017-04-03,1.034075553337479
2017-04-04,1.021100939955645
2017-04-05,1.01887421326613
2017-04-06,1.032454730864468
2017-04-07,1.039455969747154
2017-04-08,1.022965045062816
2017-04-09,1.035285472166305
2017-04-10,1.029062747875316
2017-04-11,1.028156352795282
2017-04-12,1.030237908775058
2017-04-13,1.009330337646518
2017-04-14,1.013215657077594
2017-04-15,1.01092138144869
2017-04-16,1.007353640840693
2017-04-17,1.034763299011026
2017-04-18,1.029120299980397
2017-04-19,1.021142734077704
2017-04-20,1.031659223718228
2017-04-21,1.022481460123126
2017-04-22,1.012855507340646
2017-04-23,1.022211068623166
2017-04-24,1.032573436012956
2017-04-25,1.025353057098622
2017-04-26,1.032600662680678
2017-04-27,1.037243000368187
2017-04-28,1.047988981935494
2017-04-29,1.028442677050721
2017-04-30,1.032196476534587
2017-05-01,1.070667569882539
2017-05-02,1.062075565073669
2017-05-03,1.046295040381899
2017-05-04,1.085791919696129
2017-05-05,1.068606882904185
2017-05-06,1.042792555220499
2017-05-07,1.034410231077464
2017-05-08,1.068334924857032
2017-05-09,1.078668994624865
2017-05-10,1.057282866353269
2017-05-11,1.090023366170839
2017-05-12,1.041853846513465
2017-05-13,1.031170252763651
2017-05-14,1.032473321210932
2017-05-15,1.027751537622382
2017-05-16,1.035201378785741
2017-05-17,1.055215340865209
2017-05-18,1.033918440828981
2017-05-19,1.065724490400635
2017-05-20,1.061854144188899
2017-05-21,1.073869262746049
2017-05-22,1.138292135738932
2017-05-23,1.089709882015155
2017-05-24,1.101594505182854
2017-05-25,1.12488480759583
2017-05-26,1.058596472700017
2017-05-27,0.9973596354193518
2017-05-28,1.043890200087742
2017-05-29,1.043374107293299
2017-05-30,1.044247931633407
2017-05-31,1.05835906546152
2017-06-01,1.058740523598161
2017-06-02,1.043423751689964
2017-06-03,1.045610133602994
2017-06-04,1.040774242131138
2017-06-05,1.062404107305652
2017-06-06,1.081015872647505
2017-06-07,1.051009176022195
2017-06-08,1.052278763071856
2017-06-09,1.060534185107275
2017-06-10,1.087392978718559
2017-06-11,1.072088554270579
2017-06-12,1.087325494912218
2017-06-13,1.066612804607282
2017-06-14,1.035363282438955
2017-06-15,0.9906817437331332
2017-06-16,1.039049295278633
2017-06-17,1.032026903695967
2017-06-18,1.058966303862921
2017-06-19,1.053731033129602
2017-06-20,1.062696308143151
2017-06-21,1.038536632489961
2017-06-22,1.046933570514643
2017-06-23,1.041903782312146
2017-06-24,1.024004988217482
2017-06-25,1.014485129404847
2017-06-26,1.003303424258207
2017-06-27,1.012216105677352
2017-06-28,1.035426739704828
2017-06-29,1.034326657872939
2017-06-30,1.037048493924056
2017-07-01,1.009453753931429
2017-07-02,1.027955110196453
2017-07-03,1.043778451709426
2017-07-04,1.028552607245107
2017-07-05,1.042897242334112
2017-07-06,1.022983348084236
2017-07-07,1.038822439384542
2017-07-08,1.01675732713184
2017-07-09,1.011361803714047
2017-07-10,0.9994382558208671
2017-07-11,1.005004114043871
2017-07-12,1.003359174588439
2017-07-13,1.016788929666038
2017-07-14,0.9999656282303426
2017-07-15,0.95839964613581
2017-07-16,0.9529729619494148
2017-07-17,1.045424523410996
2017-07-18,1.034300577165724
2017-07-19,1.030113191460651
2017-07-20,1.084938229979771
2017-07-21,1.051986881204537
2017-07-22,1.065249379126253
2017-07-23,1.040217666841545
2017-07-24,1.043472484378226
2017-07-25,1.086325669904837
2017-07-26,1.019573394275351
2017-07-27,1.066930334182155
2017-07-28,1.142805391999887
2017-07-29,1.182762712928337
2017-07-30,1.164786232662779
2017-07-31,1.199659316076769
2017-08-01,1.092620608292751
2017-08-02,1.0437109567573
2017-08-03,1.071368270956757
2017-08-04,1.165679255043581
2017-08-05,1.177432084838163
2017-08-06,1.177478206422237
2017-08-07,1.127599465848063
2017-08-08,1.11299584169789
2017-08-09,1.08901476418879
2017-08-10,1.062161490081254
2017-08-11,1.058100425115672
2017-08-12,1.094352695342689
2017-08-13,1.106396278222184
2017-08-14,1.108268795440478
2017-08-15,1.064141339946815
2017-08-16,1.053805721323698
2017-08-17,1.089159419126291
2017-08-18,1.055265219034616
2017-08-19,1.079699146300541
2017-08-20,1.104440313328872
2017-08-21,1.038150829274821
2017-08-22,1.054338055063099
2017-08-23,1.075576397966607
2017-08-24,1.04626134587953
2017-08-25,1.072097598464928
2017-08-26,1.063829737040659
2017-08-27,1.054612415953375
2017-08-28,1.054880206827384
2017-08-29,1.094275609741545
2017-08-30,1.075449298161167
2017-08-31,1.098550285954398
2017-09-01,1.102290621008237
2017-09-02,1.067379273959004
2017-09-03,1.050997330213989
2017-09-04,1.040189646927297
2017-09-05,1.028142395507194
2017-09-06,1.061929637217242
2017-09-07,1.102000349406932
2017-09-08,1.016149172098519
2017-09-09,1.015884691958578
2017-09-10,1.049210369545196
2017-09-11,1.020774624144239
2017-09-12,1.019474429224085
2017-09-13,0.9818796148006493
2017-09-14,0.951470024955341
2017-09-15,0.9898539613843274
2017-09-16,1.027432484497535
2017-09-17,1.005415096256446
2017-09-18,1.039610058441579
2017-09-19,1.023522790067693
2017-09-20,1.023189616130714
2017-09-21,1.001791242462797
2017-09-22,1.007038836423013
2017-09-23,1.024984032205578
2017-09-24,1.004858421046624
2017-09-25,1.124891510818004
2017-09-26,1.032889711423093
2017-09-27,1.045019227393319
2017-09-28,1.049004214052024
2017-09-29,1.031922629941414
2017-09-30,1.079863390955201
2017-10-01,1.042496627967855
2017-10-02,1.066734186835935
2017-10-03,1.032093803138044
2017-10-04,1.027855967505958
2017-10-05,1.087315357755009
2017-10-06,1.045782791491224
2017-10-07,1.038125155735673
2017-10-08,1.081441565101736
2017-10-09,1.112685444968313
2017-10-10,1.0818646438766
2017-10-11,1.048883184951107
2017-10-12,1.098117882888122
2017-10-13,1.14230632432189
2017-10-14,1.085833865665935
2017-10-15,1.089408109727777
2017-10-16,1.104444211322674
2017-10-17,1.082079200405987
2017-10-18,1.047646271224122
2017-10-19,1.11922246166179
2017-10-20,1.07856362162176
2017-10-21,1.084829215438957
2017-10-22,1.130600011545931
2017-10-23,1.142448559635434
2017-10-24,1.065623247956768
2017-10-25,1.041064983746727
2017-10-26,1.054559889831125
2017-10-27,1.065865283068941
2017-10-28,1.036009854960011
2017-10-29,1.064011624243546
2017-10-30,1.078871657520765
2017-10-31,1.073682434867268
2017-11-01,1.107725213406995
2017-11-02,1.133279243712773
2017-11-03,1.107229602573305
2017-11-04,1.093849327923674
2017-11-05,1.143883462754045
2017-11-06,1.073584043755069
2017-11-07,1.072642438412041
2017-11-08,1.072293370701269
2017-11-09,1.089625410803925
2017-11-10,1.062324378247411
2017-11-11,1.068933737641875
2017-11-12,1.169884750059402
2017-11-13,1.083976013608641
2017-11-14,1.042252277337709
2017-11-15,1.074215448756696
2017-11-16,1.103223478198742
2017-11-17,1.146456679004417
2017-11-18,1.075946190171523
2017-11-19,1.104390063354709
2017-11-20,1.120026450359632
2017-11-21,1.117410773445575
2017-11-22,1.064497661514925
2017-11-23,1.066066239557703
2017-11-24,1.115221629445788
2017-11-25,1.15448189606481
2017-11-26,1.150168528803692
2017-11-27,1.143466043258867
2017-11-28,1.160448874637995
2017-11-29,1.148282753861502
2017-11-30,1.071923745420102
2017-12-01,1.129161334975797
2017-12-02,1.166485959650103
2017-12-03,1.129634507033267
2017-12-04,1.147720912039612
2017-12-05,1.114432034286917
2017-12-06,1.174333028688705
2017-12-07,1.392117933213415
2017-12-08,1.199065091141478
2017-12-09,1.078780250325111
2017-12-10,1.094669713104078
2017-12-11,1.1406673455343
2017-12-12,1.209713391737814
2017-12-13,1.14668454795325
2017-12-14,1.10056419939475
2017-12-15,1.118290096769324
2017-12-16,1.139438313082939
2017-12-17,1.172817174370115
2017-12-18,1.1087083002955
2017-12-19,1.083342853554366
2017-12-20,1.141662590095649
2017-12-21,1.058513229673389
2017-12-22,1.000268600703468
2017-12-23,1.058894223669779
2017-12-24,1.022323660301103
2017-12-25,1.029038843242766
2017-12-26,1.116725813773779
2017-12-27,1.110712035939834
2017-12-28,1.017676542595807
2017-12-29,1.054691674449147
2017-12-30,1.053945462507849
2017-12-31,1.02125003336918
2018-01-01,1.004518615251713
2018-01-02,1.076219755463691
2018-01-03,1.059434099339998
2018-01-04,1.068385509874126
2018-01-05,1.114253757490462
2018-01-06,1.110464844914983
2018-01-07,1.129670232404738
2018-01-08,1.009498343002885
2018-01-09,1.033927827135085
2018-01-10,1.020974975364294
2018-01-11,1.021399329392602
2018-01-12,1.043049320625127
2018-01-13,1.044724305019688
2018-01-14,1.019636393853952
2018-01-15,1.016624861165259
2018-01-16,0.9580023291093273
2018-01-17,0.9548797917580929
2018-01-18,0.993188152485485
2018-01-19,0.9974787223989616
2018-01-20,1.026926654065177
2018-01-21,0.9751900173446729
2018-01-22,0.9760469545786965
2018-01-23,0.9660201619204662
2018-01-24,0.9972137215663506
2018-01-25,1.003655801542119
2018-01-26,1.027061576283284
2018-01-27,1.020627983707284
2018-01-28,1.102374684281672
2018-01-29,0.9983237580827626
2018-01-30,0.9339027912638013
2018-01-31,0.974199907861412
2018-02-01,0.9506419880350043
2018-02-02,0.8914119304392005
2018-02-03,0.9606718615886848
2018-02-04,1.018443440894681
2018-02-05,0.8927986293052883
2018-02-06,0.9086026605889543
2018-02-07,0.9598369140770601
2018-02-08,0.9738832258948329
2018-02-09,0.967621625275367
2018-02-10,1.001614565027251
2018-02-11,0.986461238645049
2018-02-12,1.009405241309512
2018-02-13,0.9789118743640551
2018-02-14,1.023298769779972
2018-02-15,1.062100407691839
2018-02-16,1.029024861554436
2018-02-17,1.036881906419214
2018-02-18,1.031567486099343
2018-02-19,1.04453503076923
2018-02-20,1.069250830136592
2018-02-21,1.015026561375957
2018-02-22,1.204536598706426
2018-02-23,1.016070879325943
2018-02-24,0.9959984413441233
2018-02-25,0.9852832625244095
2018-02-26,1.012332889526325
2018-02-27,1.034450851268331
2018-02-28,1.039427528453334
2018-03-01,1.02052212029401
2018-03-02,1.028909324772658
2018-03-03,1.030554150695521
2018-03-04,1.059791740448192
2018-03-05,1.068859833463645
2018-03-06,1.017487050871492
2018-03-07,0.9625348750866479
2018-03-08,0.9551624140616727
2018-03-09,0.8865540301612521
2018-03-10,0.9649426874004106
2018-03-11,1.010774955463404
2018-03-12,0.987973560923806
2018-03-13,0.9806127558423718
2018-03-14,0.9436577937980872
2018-03-15,0.9555580274456682
2018-03-16,0.9669267211190916
2018-03-17,0.9614655214589615
2018-03-18,0.9579855892782694
2018-03-19,0.9968363949658813
2018-03-20,0.9932506365288193
2018-03-21,1.007788262079418
2018-03-22,0.9768765390930294
2018-03-23,0.9804850255471463
2018-03-24,1.017030890151005
2018-03-25,0.9647734766254661
2018-03-26,0.9509152954780081
2018-03-27,0.9713184940731603
2018-03-28,0.9665123153424781
2018-03-29,0.9206770162476606
2018-03-30,0.9136857737142106
2018-03-31,0.9744056939077652
2018-04-01,0.9474559215625794
2018-04-02,0.9793999104918572
2018-04-03,0.9838865452067552
2018-04-04,0.9517985727993269
2018-04-05,0.9483913825935991
2018-04-06,0.9425736879878492
2018-04-07,0.9738151613042956
2018-04-08,0.9878928478060326
2018-04-09,0.9544259455675123
2018-04-10,0.9694467685867483
2018-04-11,0.9822952616720063
2018-04-12,1.005026666668877
2018-04-13,1.036993716042425
2018-04-14,0.9968300602365416
2018-04-15,1.014559212486683
2018-04-16,0.997418825495236
2018-04-17,0.9964374631847385
2018-04-18,1.005923800950783
2018-04-19,1.070712317605313
2018-04-20,1.026561907610884
2018-04-21,1.035047030102578
2018-04-22,1.022729280042921
2018-04-23,1.030746971273419
2018-04-24,1.034927698647407
2018-04-25,1.014628586909712
2018-04-26,1.039927029532401
2018-04-27,1.005922900852692
2018-04-28,1.013016600527794
2018-04-29,1.010155355459801
2018-04-30,1.020621689134047
2018-05-01,0.9992065473701642
2018-05-02,1.05142751710156
2018-05-03,1.025354785502401
2018-05-04,1.028238822048253
2018-05-05,1.023996095952392
2018-05-06,1.004575253400183
2018-05-07,1.000843281828638
2018-05-08,0.9971467152831008
2018-05-09,1.020540298624654
2018-05-10,1.015348156010646
2018-05-11,0.9805997785345565
2018-05-12,0.9880233579352219
2018-05-13,0.9999926891167729
2018-05-14,1.1192329210377
2018-05-15,1.002329155087678
2018-05-16,0.9688893596443835
2018-05-17,1.100714870637359
2018-05-18,0.9776278685948543
2018-05-19,1.010934601305888
2018-05-20,1.006659996045298
2018-05-21,1.011547440655035
2018-05-22,0.979846683191153
2018-05-23,0.9697517280213573
2018-05-24,0.9904601556236369
2018-05-25,0.9727909266177153
2018-05-26,0.9775295122565462
2018-05-27,0.9707445132825405
2018-05-28,0.955539027273054
2018-05-29,0.978517997946507
2018-05-30,0.9899838957785001
2018-05-31,0.9821618615361705
2018-06-01,0.9822253134197164
2018-06-02,0.9998227293965819
2018-06-03,1.005288600766013
2018-06-04,0.9829731364345822
2018-06-05,0.9762102612422371
2018-06-06,0.9943599810360726
2018-06-07,0.9939266044548183
2018-06-08,0.982318752737719
2018-06-09,0.9846939022177672
2018-06-10,0.9447895584066616
2018-06-11,0.9397364584211678
2018-06-12,0.9609471172316194
2018-06-13,0.9258305612895444
2018-06-14,0.9755496238392345
2018-06-15,0.9698750756850132
2018-06-16,0.9806828733691063
2018-06-17,0.9764612203677814
2018-06-18,0.9746940354713436
2018-06-19,0.9850221925333661
2018-06-20,0.9789955518400928
2018-06-21,1.00785959050021
2018-06-22,0.9502309648450166
2018-06-23,0.9635000807216615
2018-06-24,0.9532116235972956
2018-06-25,0.9787224560947316
2018-06-26,0.9727241380403016
2018-06-27,0.7986723590836242
2018-06-28,0.9533661367824492
2018-06-29,0.9654521004624402
2018-06-30,0.9986402750466715
2018-07-01,0.9180085283023073
2018-07-02,1.000466613311735
2018-07-03,0.9909536665513619
2018-07-04,1.002732942160875
2018-07-05,0.987022162955365
2018-07-06,0.9694204288159343
2018-07-07,0.9913784415337832
2018-07-08,0.9670669616323021
2018-07-09,0.9946321935702817
2018-07-10,0.9737764075844071
2018-07-11,0.967572723812156
2018-07-12,0.9571998400736491
2018-07-13,0.9629642079194185
2018-07-14,0.981036831361539
2018-07-15,0.9976677900496577
2018-07-16,0.9997569582518012
2018-07-17,1.024863611780942
2018-07-18,1.018008329240051
2018-07-19,1.016326908740257
2018-07-20,1.009701909186971
2018-07-21,1.011434143221214
2018-07-22,1.017909059050867
2018-07-23,1.023454760004357
2018-07-24,1.034061977789399
2018-07-25,1.031023882404674
2018-07-26,1.008873618257445
2018-07-27,1.011610908112788
2018-07-28,1.018831582404576
2018-07-29,1.026388323978765
2018-07-30,1.006731743524357
2018-07-31,0.9997599905979517
2018-08-01,0.987293500473757
2018-08-02,0.9885529563708897
2018-08-03,0.9784969227605368
2018-08-04,0.9568563061752795
2018-08-05,0.9795599199161038
2018-08-06,0.9644646051260598
2018-08-07,0.9798446616432949
2018-08-08,0.9494816486646369
2018-08-09,0.9532063940187623
2018-08-10,0.9781336516117872
2018-08-11,0.9595730249966247
2018-08-12,0.9794229409949424
2018-08-13,0.9895986816366502
2018-08-14,0.9429866488932147
2018-08-15,0.979151231796527
2018-08-16,0.9899440224983682
2018-08-17,1.007800747564599
2018-08-18,0.9855092626806078
2018-08-19,1.013729406180591
2018-08-20,0.9927747227018308
2018-08-21,0.9959945328701207
2018-08-22,1.005564261967068
2018-08-23,1.002136118971434
2018-08-24,0.9967144854155824
2018-08-25,1.039017135653817
2018-08-26,1.025234350611586
2018-08-27,1.015396875554781
2018-08-28,1.02784048834401
2018-08-29,1.026524952807994
2018-08-30,1.011679085055027
2018-08-31,0.9972393970430461
2018-09-01,1.013296500332957
2018-09-02,1.017229833753989
2018-09-03,1.005002594345064
2018-09-04,1.009078499476883
2018-09-05,0.9747541904275802
2018-09-06,0.9608618558853225
2018-09-07,0.9760725849286166
2018-09-08,0.9761513252960692
2018-09-09,0.9805247175764608
2018-09-10,0.9782886166844397
2018-09-11,0.9578971704025434
2018-09-12,0.9748482786988649
2018-09-13,0.9689100618084077
2018-09-14,0.9959227566217893
2018-09-15,0.9939754429665242
2018-09-16,0.9923436034709202
2018-09-17,0.9845205293664911
2018-09-18,0.9858589591840952
2018-09-19,0.9869881857385386
2018-09-20,0.985915557807461
2018-09-21,0.966920389786978
2018-09-22,0.9923575825385604
2018-09-23,1.000538246477394
2018-09-24,0.9912339006362515
2018-09-25,0.9577827206638027
2018-09-26,0.9949603921334743
2018-09-27,0.9972726581190154
2018-09-28,1.00936184959907
2018-09-29,0.9820736128705334
2018-09-30,0.9969468583611572
2018-10-01,0.9766642170326575
2018-10-02,0.985419094840029
2018-10-03,0.9799785242089715
2018-10-04,0.992668305664939
2018-10-05,0.9937937184677307
2018-10-06,0.9956072081841224
2018-10-07,0.9915693358424116
2018-10-08,1.004021027023551
2018-10-09,0.9945566982132759
2018-10-10,0.9959086046489062
2018-10-11,0.887409031192302
2018-10-12,0.9873799687951508
2018-10-13,0.9848876679271411
2018-10-14,0.984608855842673
2018-10-15,1.010793652032819
2018-10-16,0.9808367248764144
2018-10-17,0.9840618515817234
2018-10-18,0.9890330705304102
2018-10-19,1.008783362436658
2018-10-20,0.8159524300792926
2018-10-21,0.9956821096134126
2018-10-22,0.987799538335711
2018-10-23,0.9870860535964244
2018-10-24,0.9931888816245533
2018-10-25,0.9865168567631796
2018-10-26,0.9704142954603926
2018-10-27,0.9939935465636656
2018-10-28,0.9918684958903152
2018-10-29,0.9864810471330198
2018-10-30,0.9853071559463622
2018-10-31,0.9836529397178513
2018-11-01,0.979637517340194
2018-11-02,0.998797298344907
2018-11-03,0.9927137404704067
2018-11-04,0.9985367855474852
2018-11-05,0.9947279150406703
2018-11-06,0.9960717976536158
2018-11-07,1.004639990621593
2018-11-08,0.9992555498187021
2018-11-09,0.9972270590210527
2018-11-10,0.996466235034123
2018-11-11,0.9962197764890098
2018-11-12,0.9969793515669559
2018-11-13,0.9867517696166709
2018-11-14,0.9646105971397402
2018-11-15,0.8800774688983414
2018-11-16,0.9607580392728464
2018-11-17,0.9736871059630494
2018-11-18,0.9848520003951384
2018-11-19,0.904820784481666
2018-11-20,0.857751645714942
2018-11-21,0.9297867649992999
2018-11-22,0.9336497065783944
2018-11-23,0.9268784757192623
2018-11-24,0.9205256234754285
2018-11-25,0.8724670092089484
2018-11-26,0.8878856339840011
2018-11-27,0.8743730381738418
2018-11-28,0.9697422713047552
2018-11-29,1.02104964938844
2018-11-30,0.9301607327297347
2018-12-01,1.093758837276459
2018-12-02,0.9623411784191236
2018-12-03,1.076641506571703
2018-12-04,1.230298175150317
2018-12-05,0.7198992375020146
2018-12-06,0.8113813352696827
2018-12-07,0.8898916637573908
2018-12-08,0.9397592730446203
2018-12-09,0.9677206787580016
2018-12-10,0.9183575576001262
2018-12-11,0.8245030645449473
2018-12-12,0.9358529060495063
2018-12-13,0.9428044400230176
2018-12-14,0.8918399877171748
2018-12-15,0.9256077897556632
2018-12-16,0.9336710496392345
2018-12-17,0.9588390131020973
2018-12-18,0.9136097061882884
2018-12-19,0.9768499319979905
2018-12-20,0.9989595111179519
2018-12-21,0.9635282877920474
2018-12-22,0.9832382014964961
2018-12-23,0.9707085350921217
2018-12-24,0.9855785424061035
2018-12-25,0.9403682081742217
2018-12-26,0.9719578046042386
2018-12-27,0.9617082961270654
2018-12-28,0.9301759660296989
2018-12-29,0.9182372392093193
2018-12-30,0.9485014833722841
2018-12-31,0.9348744605464909
2019-01-01,0.9466135088331203
2019-01-02,0.9908728732401909
2019-01-03,0.9561589131211912
2019-01-04,0.9773645931708955
2019-01-05,0.9911475561381141
2019-01-06,0.9672165610847957
2019-01-07,0.9877967318438708
2019-01-08,0.9605903961310883
2019-01-09,0.9963167072019403
2019-01-10,0.8752242289486518
2019-01-11,0.8185156867288548
2019-01-12,0.9670574183048384
2019-01-13,0.9603978219916866
2019-01-14,0.9728236959159835
2019-01-15,1.015601543472986
2019-01-16,0.999176936829276
2019-01-17,0.9651166468834221
2019-01-18,0.9767539411587234
2019-01-19,0.968921995156446
2019-01-20,0.961742822243701
2019-01-21,0.9725515893010143
2019-01-22,0.9074870773295891
2019-01-23,0.9717657890867885
2019-01-24,0.9795578989252419
2019-01-25,0.9632718518544601
2019-01-26,0.9632273749380533
2019-01-27,0.9641443084719087
2019-01-28,0.9440866797748778
2019-01-29,0.9485630434937657
2019-01-30,0.9484502197578445
2019-01-31,0.96750505011904
2019-02-01,0.9629105881504099
2019-02-02,0.976872999495986
2019-02-03,0.9706112192028132
2019-02-04,0.9377773683352731
2019-02-05,0.9679131635695932
2019-02-06,0.9434172219310348
2019-02-07,0.9535275657548535
2019-02-08,0.981668730277769
2019-02-09,1.000376249003156
2019-02-10,0.9908397367215728
2019-02-11,0.9751259437287895
2019-02-12,0.9719104825069724
2019-02-13,0.9065908259436911
2019-02-14,0.9805765124038369
2019-02-15,0.9772405134640891
2019-02-16,0.9440782654455099
2019-02-17,0.9701776931529043
2019-02-18,0.9930641912220254
2019-02-19,0.9864931604028413
2019-02-20,1.027192574080294
2019-02-21,0.9755392390742061
2019-02-22,0.9974289159141833
2019-02-23,0.9669528773792955
2019-02-24,0.9800776378058836
2019-02-25,0.9681600419564519
2019-02-26,0.9891833351344315
2019-02-27,0.9858198042085123
2019-02-28,0.9904093706971445
2019-03-01,0.9912104486733672
2019-03-02,0.9854238767869874
2019-03-03,0.9907593299600778
2019-03-04,0.9517694909122318
2019-03-05,0.9979100065650347
2019-03-06,0.9918508626774148
2019-03-07,0.9948228239847375
2019-03-08,0.9829396255183471
2019-03-09,0.9952372966432456
2019-03-10,0.9851183849181053
2019-03-11,0.9773494993184972
2019-03-12,0.9755249855145349
2019-03-13,0.9918764923771779
2019-03-14,0.987236671873457
2019-03-15,0.9918713006466092
2019-03-16,0.9721572367878691
2019-03-17,1.001820697296938
2019-03-18,0.9871826075608916
2019-03-19,1.002330564915684
2019-03-20,0.9969715506750777
2019-03-21,0.9873674792245538
2019-03-22,0.9884930753562788
2019-03-23,0.9899431483250782
2019-03-24,0.990303447926497
2019-03-25,0.9828781847782666
2019-03-26,0.9831073616778039
2019-03-27,1.002596414114566
2019-03-28,0.997943529535264
2019-03-29,1.019283820909543
2019-03-30,0.9994001315092376
2019-03-31,0.9519960729407854
2019-04-01,1.002688403358619
2019-04-02,1.074901851656841
2019-04-03,1.046065867420068
2019-04-04,1.02434956410679
2019-04-05,1.001668303074723
2019-04-06,1.012641653418451
2019-04-07,1.012164103142044
2019-04-08,1.019691524751284
2019-04-09,1.020544436943432
2019-04-10,1.023900296095789
2019-04-11,1.000744088780514
2019-04-12,1.01364909051645
2019-04-13,1.010918514572072
2019-04-14,0.9565366761512718
2019-04-15,0.9984903449324046
2019-04-16,1.010889315137938
2019-04-17,1.018938298154609
2019-04-18,1.011007681537608
2019-04-19,1.065045091679511
2019-04-20,1.006997665062774
2019-04-21,0.9967750226385722
2019-04-22,1.012347578041718
2019-04-23,1.031801796744611
2019-04-24,0.9790909006232641
2019-04-25,1.000815408125309
2019-04-26,0.9670995376658216
2019-04-27,0.9941143922748499
2019-04-28,1.004488785709724
2019-04-29,0.9841369555418396
2019-04-30,1.015216300155899
2019-05-01,0.9044761402896853
2019-05-02,1.007209076645221
2019-05-03,1.033215955521067
2019-05-04,1.020463694841454
2019-05-05,1.032067811156121
2019-05-06,1.038961172886605
2019-05-07,1.027027483674545
2019-05-08,1.028601347534125
2019-05-09,1.02236887197726
2019-05-10,1.026896593826508
2019-05-11,1.102523359825575
2019-05-12,1.093672616850386
2019-05-13,1.13880104314638
2019-05-14,1.12085930040393
2019-05-15,1.115683556946294
2019-05-16,1.100094284905922
2019-05-17,0.9881548198572895
2019-05-18,1.016855574143779
2019-05-19,1.06996313394161
2019-05-20,1.032985537643455
2019-05-21,1.038174541540308
2019-05-22,1.021497922475693
2019-05-23,1.016091047292678
2019-05-24,1.046981841153244
2019-05-25,1.042881767995789
2019-05-26,1.056730283986276
2019-05-27,1.068127330301738
2019-05-28,1.059444381979531
2019-05-29,1.271755275162008
2019-05-30,1.028148330522681
2019-05-31,1.020946175939693
2019-06-01,1.031536138968296
2019-06-02,1.035112689178544
2019-06-03,1.052153821301012
2019-06-04,0.9331768876417793
2019-06-05,0.9881376254502963
2019-06-06,0.997352892490237
2019-06-07,1.024827544089873
2019-06-08,1.006119472747182
2019-06-09,1.011441651089251
2019-06-10,1.037779497010736
2019-06-11,1.008315931317157
2019-06-12,1.026419554852999
2019-06-13,1.021131337559476
2019-06-14,1.053204540762785
2019-06-15,1.040221231990348
2019-06-16,1.0583795198729
2019-06-17,1.046491919274259
2019-06-18,1.029952367194622
2019-06-19,1.050176635441038
2019-06-20,1.050628571036006
2019-06-21,1.064666041416049
2019-06-22,1.111285320504843
2019-06-23,1.077064155513657
2019-06-24,1.086631649817115
2019-06-25,1.098247520539343
2019-06-26,1.190156464691624
2019-06-27,1.064563028373293
2019-06-28,1.108549124145178
2019-06-29,1.071520819770725
2019-06-30,1.097273321252414
2019-07-01,1.002550833439071
2019-07-02,1.021744272424084
2019-07-03,1.069287995542896
2019-07-04,1.091056253049395
2019-07-05,1.010951061217111
2019-07-06,1.029158755924022
2019-07-07,1.027949849522659
2019-07-08,1.063606230143483
2019-07-09,1.074414850599057
2019-07-10,1.109225952116015
2019-07-11,1.017728767695299
2019-07-12,1.051002648093177
2019-07-13,1.012716192226556
2019-07-14,0.985461254921808
2019-07-15,1.009877628551549
2019-07-16,0.9972062019128609
2019-07-17,1.023530739567757
2019-07-18,1.051078470917046
2019-07-19,1.028662878537213
2019-07-20,1.036301582686502
2019-07-21,1.041504275834364
2019-07-22,1.003046795177902
2019-07-23,0.990618858420757
2019-07-24,1.078469229771156
2019-07-25,1.022692895726336
2019-07-26,1.011682532930992
2019-07-27,0.9959438526303686
2019-07-28,0.9977446391732898
2019-07-29,1.256723573907766
2019-07-30,1.007131617971834
2019-07-31,1.020652485478297
2019-08-01,1.028936873213258
2019-08-02,1.034482263827442
2019-08-03,1.038337400538575
2019-08-04,1.036615112250822
2019-08-05,1.102499494990142
2019-08-06,1.092520913550175
2019-08-07,1.063349312964468
2019-08-08,1.071003942962933
2019-08-09,1.035961042397131
2019-08-10,1.01727229645272
2019-08-11,1.038579441132637
2019-08-12,1.02913743185796
2019-08-13,1.040919846281892
2019-08-14,1.019141631835299
2019-08-15,0.9833597048385821
2019-08-16,1.009470990056544
2019-08-17,0.9957471961583113
2019-08-18,1.00814330805181
2019-08-19,1.014635114915926
2019-08-20,1.039445686712223
2019-08-21,0.9952806071972874
2019-08-22,0.9897604356653504
2019-08-23,1.123403485571329
2019-08-24,1.003757838264294
2019-08-25,1.011705832424947
2019-08-26,1.022660738877444
2019-08-27,1.02355647157763
2019-08-28,1.003141046734468
2019-08-29,0.9741962532786669
2019-08-30,0.9953513381620155
2019-08-31,0.9941746915794223
2019-09-01,1.014575005255999
2019-09-02,1.011998244540443
2019-09-03,1.038365636725678
2019-09-04,1.02196955265721
2019-09-05,1.024078190192788
2019-09-06,1.218030001316868
2019-09-07,1.01352805245503
2019-09-08,1.019652794678358
2019-09-09,1.009017372226075
2019-09-10,1.001588224244407
2019-09-11,1.069671185392523
2019-09-12,1.011625317683539
2019-09-13,1.020887690915422
2019-09-14,1.015539986050344
2019-09-15,1.00991532438699
2019-09-16,1.002308235597929
2019-09-17,1.010225699721719
2019-09-18,1.031735336147381
2019-09-19,0.994630046996375
2019-09-20,1.00676992739997
2019-09-21,1.002363474628896
2019-09-22,1.000289483389682
2019-09-23,0.9920457605623123
2019-09-24,0.9926119989596824
2019-09-25,0.9332478541956966
2019-09-26,0.9301725870229843
2019-09-27,0.9883533364171606
2019-09-28,0.9719447667726603
2019-09-29,0.9820680427306636
2019-09-30,0.984165626749087
2019-10-01,0.9780280795203201
2019-10-02,0.9863434722559496
2019-10-03,0.9788448103340587
2019-10-04,0.9837108356818585
2019-10-05,0.9924763004764747
2019-10-06,0.9751286285016435
2019-10-07,0.9916223732142995
2019-10-08,0.9997768786662827
2019-10-09,1.001095305525139
2019-10-10,0.9992766428969418
2019-10-11,0.9875738991724419
2019-10-12,1.003757930996812
2019-10-13,0.9926848038927903
2019-10-14,1.128056431431657
2019-10-15,0.9697829598750864
2019-10-16,0.9721719659594903
2019-10-17,0.9884855581247686
2019-10-18,0.9859244059475342
2019-10-19,0.9994790224668795
2019-10-20,1.000708721828733
2019-10-21,0.9887858142041159
2019-10-22,0.9946003527040332
2019-10-23,0.9541407348342846
2019-10-24,0.9492657682953274
2019-10-25,1.023727498256536
2019-10-26,1.066113454889223
2019-10-27,1.032011922360954
2019-10-28,1.047264638392557
2019-10-29,1.027899006280965
2019-10-30,1.005433982022788
2019-10-31,1.006273782782934
2019-11-01,1.030553873321687
2019-11-02,1.010813743627177
2019-11-03,0.9987380301096832
2019-11-04,1.00941357070782
2019-11-05,0.9375067806739255
2019-11-06,1.002106173808821
2019-11-07,1.007235024176329
2019-11-08,0.9865824786653323
2019-11-09,0.9920503818658448
2019-11-10,1.004909921386941
2019-11-11,0.9974664890850982
2019-11-12,0.9907982016202985
2019-11-13,1.057801080839935
2019-11-14,0.991963786003107
2019-11-15,0.9943824586509105
2019-11-16,0.9927122348701497
2019-11-17,0.9991328838389492
2019-11-18,0.9850019452355977
2019-11-19,0.9848147694551505
2019-11-20,0.9805980222033525
2019-11-21,0.9627518989081694
2019-11-22,0.9447553754251469
2019-11-23,0.9580534299861394
2019-11-24,0.9999214602445609
2019-11-25,0.9646654249647432
2019-11-26,0.966710023412825
2019-11-27,0.9682671367001945
2019-11-28,0.9960658118783594
2019-11-29,0.9941992936494257
2019-11-30,0.9763574564879419
2019-12-01,0.9786055628323654
2019-12-02,0.9716378773147427
2019-12-03,0.9694285315695116
2019-12-04,0.9939669138756423
2019-12-05,0.9786696220054918
2019-12-06,0.9772178419003477
2019-12-07,1.002422110417869
2019-12-08,0.9955903323820762
2019-12-09,0.9909695266579991
2019-12-10,0.9810564269057382
2019-12-11,0.9780765131084964
2019-12-12,0.9824356330057541
2019-12-13,0.9943695520830417
2019-12-14,0.9785992577892827
2019-12-15,0.9942582697052026
2019-12-16,0.9742336544035122
2019-12-17,0.9664795659088232
2019-12-18,0.9561036568085356
2019-12-19,1.000610118133533
2019-12-20,1.003680257173736
2019-12-21,0.9948520363485588
2019-12-22,0.9993227347357205
2019-12-23,1.005249113212665
2019-12-24,1.001082274305489
2019-12-25,0.9281308138742325
2019-12-26,0.9921112348664302
2019-12-27,0.986747400441933
2019-12-28,0.9974848116887949
2019-12-29,1.004062341300493
2019-12-30,0.9638612496028137
2019-12-31,0.9850031711124346
2020-01-01,0.9965289997425227
2020-01-02,0.9931870466256101
2020-01-03,1.003113415502769
2020-01-04,0.9880935860532748
2020-01-05,1.002801906959303
2020-01-06,1.011001442030879
2020-01-07,1.018641173631794
2020-01-08,1.026074756920442
2020-01-09,1.01529486035509
2020-01-10,1.005674468521589
2020-01-11,1.010743195075631
2020-01-12,1.012463647832194
2020-01-13,1.014486072534693
2020-01-14,1.047543722238333
2020-01-15,1.031784985327791
2020-01-16,1.020628123918814
2020-01-17,1.021569972579977
2020-01-18,1.018436305883281
2020-01-19,1.003903595136366
2020-01-20,0.9968629853586594
2020-01-21,1.008507142197014
2020-01-22,1.005765762045657
2020-01-23,1.000274896101757
2020-01-24,1.014772254947326
2020-01-25,1.00567667667657
2020-01-26,1.010705416082413
2020-01-27,1.022717084179428
2020-01-28,1.028650099460795
2020-01-29,1.068738887720828
2020-01-30,1.043002543136309
2020-01-31,1.043302068803609
2020-02-01,1.0177151538186
2020-02-02,1.000990993503969
2020-02-03,1.010820625636651
2020-02-04,1.008654085887816
2020-02-05,1.027963361039413
2020-02-06,1.050034926878896
2020-02-07,1.091527002637979
2020-02-08,1.030528520530506
2020-02-09,1.045055086015751
2020-02-10,1.066016283532717
2020-02-11,1.035126562724227
2020-02-12,1.034921147825717
2020-02-13,1.030283202751046
2020-02-14,1.027225659495038
2020-02-15,1.005579949192257
2020-02-16,1.01071849208752
2020-02-17,1.000196226497162
2020-02-18,1.023614846204645
2020-02-19,1.026118334911212
2020-02-20,0.9923602201414481
2020-02-21,1.011612321280368
2020-02-22,1.007863827138759
2020-02-23,1.027554420560155
2020-02-24,1.007622239781851
2020-02-25,1.036634750095071
2020-02-26,0.9758692725169625
2020-02-27,0.9706217394944314
2020-02-28,0.9909376103294514
2020-02-29,0.9904295676942519
2020-03-01,0.9815413531329609
2020-03-02,1.012599001523375
2020-03-03,1.011755090410057
2020-03-04,0.9595582638270793
2020-03-05,1.007453404939915
2020-03-06,1.009888146902709
2020-03-07,1.001933156131395
2020-03-08,0.9780676776218982
2020-03-09,0.9427043115615726
2020-03-10,0.9671978189425887
2020-03-11,0.9522395469065811
2020-03-12,0.8221930053221685
2020-03-13,0.8443438247244874
2020-03-14,0.9235066253528709
2020-03-15,0.9383066666044916
2020-03-16,0.8918069080297996
2020-03-17,0.9343346589625068
2020-03-18,0.9703572817322476
2020-03-19,0.9994437800108892
2020-03-20,0.9855661111145646
2020-03-21,0.987063875026006
2020-03-22,1.013327347856683
2020-03-23,0.9873786266840124
2020-03-24,1.035528624504238
2020-03-25,0.9845070546767107
2020-03-26,1.006961411210485
2020-03-27,0.9947420629192576
2020-03-28,0.9607945563668485
2020-03-29,0.9469366731349125
2020-03-30,0.979435815180601
2020-03-31,0.9882859814574668
2020-04-01,0.879054931968419
2020-04-02,1.008881652436484
2020-04-03,1.005653099987075
2020-04-04,0.9889209064538883
2020-04-05,1.004916507392848
2020-04-06,1.035884189153409
2020-04-07,1.003167135223354
2020-04-08,1.018184593254896
2020-04-09,1.005322536388066
2020-04-10,0.8977584501014076
2020-04-11,0.9875719561546573
2020-04-12,0.9983378400929196
2020-04-13,0.9835077006723618
2020-04-14,0.9980698654363711
2020-04-15,0.987147474183728
2020-04-16,0.9971193824542331
2020-04-17,1.002284991634598
2020-04-18,1.010456471778847
2020-04-19,0.9991937838667037
2020-04-20,0.986983613631089
2020-04-21,0.9826526276715793
2020-04-22,1.004607699433073
2020-04-23,1.025161561459274
2020-04-24,1.017957957644041
2020-04-25,1.013143625994653
2020-04-26,1.010976010142656
2020-04-27,1.050444900670313
2020-04-28,1.009314051157086
2020-04-29,1.0846981012754
2020-04-30,1.073197177295914
2020-05-01,1.03574032923804
2020-05-02,1.035694109810786
2020-05-03,1.04645847967163
2020-05-04,1.022131349248297
2020-05-05,1.0168030428468
2020-05-06,1.057239329086357
2020-05-07,1.087719294681048
2020-05-08,1.056966166985063
2020-05-09,1.015339134209853
2020-05-10,0.9739025111532769
2020-05-11,0.9867303207337085
2020-05-12,0.9882783527667827
2020-05-13,1.023017682283407
2020-05-14,1.043084124801237
2020-05-15,1.017444824384764
2020-05-16,1.013080557188112
2020-05-17,1.027396803029714
2020-05-18,1.043601188745469
2020-05-19,1.027658072253043
2020-05-20,1.023667114104686
2020-05-21,0.9866906802938754
2020-05-22,0.9981883480105584
2020-05-23,1.012129601001903
2020-05-24,1.012782114065018
2020-05-25,0.9740976620759818
2020-05-26,0.9961345991092714
2020-05-27,1.016370121787791
2020-05-28,1.02123503454558
2020-05-29,1.007127597425676
2020-05-30,1.01522202202681
2020-05-31,1.014040557040695
2020-06-01,1.034357885783092
2020-06-02,1.028663450543258
2020-06-03,1.011470255394119
2020-06-04,1.015290254427401
2020-06-05,1.00829737392981
2020-06-06,1.017704525755736
2020-06-07,1.012403517685291
2020-06-08,1.052092616848507
2020-06-09,1.016664895327183
2020-06-10,1.01638328780117
2020-06-11,1.001059962548495
2020-06-12,1.004202906583531
2020-06-13,1.007167213900141
2020-06-14,1.011121499691344
2020-06-15,0.9917273929430175
2020-06-16,1.016916470635417
2020-06-17,1.004937114944772
2020-06-18,1.077613124487926
2020-06-19,0.9996561285067731
2020-06-20,1.009191433892795
2020-06-21,1.019514491232025
2020-06-22,1.020900622356726
2020-06-23,1.017436123834736
2020-06-24,0.9904040073930962
2020-06-25,0.9949919769353843
2020-06-26,1.070944183168008
2020-06-27,1.001270114780469
2020-06-28,0.9975899315921275
2020-06-29,1.004867537229462
2020-06-30,1.015806169765469
2020-07-01,1.007468202899189
2020-07-02,1.000169942850558
2020-07-03,1.00157295309654
2020-07-04,1.003643619871884
2020-07-05,0.9984443409127454
2020-07-06,1.012371645661909
2020-07-07,1.007236196580611
2020-07-08,1.042861420455593
2020-07-09,1.009374581543198
2020-07-10,0.9990596320635192
2020-07-11,1.00465043705594
2020-07-12,1.006009193554202
2020-07-13,1.001364589738926
2020-07-14,1.01750887121116
2020-07-15,1.013808604528058
2020-07-16,0.9991182353463338
2020-07-17,1.000101127803876
2020-07-18,1.003620651786771
2020-07-19,1.011515595189719
2020-07-20,1.002264279638412
2020-07-21,1.009797072405203
2020-07-22,1.016480760029126
2020-07-23,1.019926964082123
2020-07-24,1.014557963396336
2020-07-25,1.01964298189265
2020-07-26,1.02845999974263
2020-07-27,1.069284848717743
2020-07-28,1.06725920183283
2020-07-29,1.04383933943667
2020-07-30,1.033854139548878
2020-07-31,1.043464202946237
2020-08-01,1.047797847150744
2020-08-02,1.031465168338921
2020-08-03,1.063641416439447
2020-08-04,1.022252397020756
2020-08-05,1.058781360046095
2020-08-06,1.084625042674645
2020-08-07,1.06716250858207
2020-08-08,1.054064445209623
2020-08-09,1.047369563246123
2020-08-10,1.033772667746336
2020-08-11,1.038011252669618
2020-08-12,1.025218004140827
2020-08-13,1.028924533514311
2020-08-14,1.038523648785938
2020-08-15,1.026025211975939
2020-08-16,1.029395035918012
2020-08-17,1.068490076546796
2020-08-18,1.025868591419569
2020-08-19,1.010050917263059
2020-08-20,1.02119688389521
2020-08-21,1.03299842720201
2020-08-22,1.011231646144719
2020-08-23,1.015070702318374
2020-08-24,1.03167284608198
2020-08-25,1.013294418842471
2020-08-26,1.014224704108407
2020-08-27,1.011581377255225
2020-08-28,1.028744827130831
2020-08-29,1.005031395848127
2020-08-30,1.026456882311126
2020-08-31,1.032186007014408
2020-09-01,1.051380865851817
2020-09-02,1.009459478326762
2020-09-03,0.9998322706451288
2020-09-04,0.9929044987509067
2020-09-05,0.9853015155237016
2020-09-06,0.9930878469347566
2020-09-07,0.9838254346839453
2020-09-08,0.9920442858447158
2020-09-09,0.9942935315597548
2020-09-10,1.002005862442927
2020-09-11,0.9960597958571189
2020-09-12,0.9965351296990032
2020-09-13,1.004003567848069
2020-09-14,1.007145248151287
2020-09-15,1.016501831089706
2020-09-16,1.028630405948518
2020-09-17,1.015999009922693
2020-09-18,1.019167707603572
2020-09-19,1.031208638722789
2020-09-20,1.011740932598055
2020-09-21,0.9923234363288976
2020-09-22,1.015638295273635
2020-09-23,0.9966807163910995
2020-09-24,0.9971356629165918
2020-09-25,1.014516403543729
2020-09-26,1.015573482407312
2020-09-27,1.006190320168573
2020-09-28,1.010350841885023
2020-09-29,1.028091728263715
2020-09-30,1.003768463221943
2020-10-01,1.001090051334978
2020-10-02,1.002724152746342
2020-10-03,1.001810156373186
2020-10-04,1.004383926853784
2020-10-05,1.008963645958529
2020-10-06,1.005247806909194
2020-10-07,1.008463995622296
2020-10-08,1.011247728107459
2020-10-09,1.02180441249303
2020-10-10,1.015331019369925
2020-10-11,1.0115858081792
2020-10-12,1.023428771770474
2020-10-13,1.014293200227595
2020-10-14,1.018840446412497
2020-10-15,1.017568842584115
2020-10-16,1.007583223205219
2020-10-17,1.008192139725538
2020-10-18,1.010373225523504
2020-10-19,1.048950823524341
2020-10-20,1.031596638878573
2020-10-21,1.057430730113224
2020-10-22,1.097956567445429
2020-10-23,1.069683558868726
2020-10-24,1.033983144198507
2020-10-25,1.030428669205131
2020-10-26,1.013772447117361
2020-10-27,1.048043186908692
2020-10-28,1.037933172741419
2020-10-29,1.034764508323387
2020-10-30,1.023276500936194
2020-10-31,1.035559522628389
2020-11-01,1.042488206674228
2020-11-02,1.046878004952876
2020-11-03,1.203653214008249
2020-11-04,1.039371797304326
2020-11-05,1.073000602261531
2020-11-06,1.067667201763106
2020-11-07,1.022434241126973
2020-11-08,1.073522293451578
2020-11-09,1.043513810070164
2020-11-10,1.038918958234848
2020-11-11,1.053361330985187
2020-11-12,1.052022123196641
2020-11-13,1.048980968004771
2020-11-14,1.042907554490004
2020-11-15,1.030169575795709
2020-11-16,1.059362587856991
2020-11-17,1.092557798381665
2020-11-18,1.135175886907067
2020-11-19,1.063539889059376
2020-11-20,1.135690321502392
2020-11-21,1.096543772487247
2020-11-22,1.052637074644175
2020-11-23,1.061590214615953
2020-11-24,1.098875184928153
2020-11-25,1.051587340708978
2020-11-26,1.037097946445329
2020-11-27,1.030280974305339
2020-11-28,1.02591696879463
2020-11-29,1.039779512209023
2020-11-30,1.090328942694275
2020-12-01,1.064502788265136
2020-12-02,1.074117023961576
2020-12-03,1.060034571743318
2020-12-04,1.035323490792978
2020-12-05,1.027784586604575
2020-12-06,1.029432838430489
2020-12-07,1.042534614129971
2020-12-08,1.033448594750274
2020-12-09,1.035762701836311
2020-12-10,1.047390675963233
2020-12-11,1.027684490083401
2020-12-12,1.044926795515854
2020-12-13,1.13751755732037
2020-12-14,1.041922120696296
2020-12-15,1.055903577672763
2020-12-16,1.100603489441262
2020-12-17,1.159354900536739
2020-12-18,1.162371963782408
2020-12-19,1.092655743538189
2020-12-20,1.100914984507618
2020-12-21,1.063615088644497
2020-12-22,1.120800205001169
2020-12-23,1.125131486237244
2020-12-24,1.118631939510567
2020-12-25,1.056408987733381
2020-12-26,1.117829095688845
2020-12-27,1.157084667989936
2020-12-28,1.301776283643141
2020-12-29,1.182415287923852
2020-12-30,1.113396081861689
2020-12-31,1.080512665814112
2021-01-01,1.13548299831567
2021-01-02,1.207452168125485
2021-01-03,1.260067335321073
2021-01-04,1.157975341539441
2021-01-05,1.178750316834789
2021-01-06,1.190157171177404
2021-01-07,1.255073438102939
2021-01-08,1.235608295559078
2021-01-09,1.233210302735855
2021-01-10,1.155534688241513
2021-01-11,1.067257775426028
2021-01-12,1.069016170042451
2021-01-13,1.07384717451951
2021-01-14,1.113338775360703
2021-01-15,1.067585290307337
2021-01-16,1.073304562776683
2021-01-17,1.042379879056231
2021-01-18,1.086931382181197
2021-01-19,1.052797740472447
2021-01-20,1.024712371541514
2021-01-21,1.003146327066045
2021-01-22,1.014242282500881
2021-01-23,1.028855228337072
2021-01-24,1.020615730759864
2021-01-25,1.038180772703677
2021-01-26,1.012589177428721
2021-01-27,1.074423450907901
2021-01-28,1.058782352886974
2021-01-29,1.09126892654961
2021-01-30,1.041410838674289
2021-01-31,1.065991281090284
2021-02-01,1.027551006263375
2021-02-02,1.065797642754054
2021-02-03,1.057869497339365
2021-02-04,1.075525422855631
2021-02-05,1.098570885251663
2021-02-06,1.082873812207232
2021-02-07,1.073785480083181
2021-02-08,1.114936090581184
2021-02-09,1.194925920829996
2021-02-10,1.112301356116097
2021-02-11,1.120309958217625
2021-02-12,1.101351764943209
2021-02-13,1.0817796567937
2021-02-14,1.079576739033065
2021-02-15,1.117648815226542
2021-02-16,1.075967386340713
2021-02-17,1.114447837395412
2021-02-18,1.133346999219531
2021-02-19,1.143369869033277
2021-02-20,1.174894725169889
2021-02-21,1.116889161396391
2021-02-22,1.083069405744913
2021-02-23,1.088314483272197
2021-02-24,1.09194087031941
2021-02-25,1.070546033243488
2021-02-26,1.110266541595829
2021-02-27,0.986947394754864
2021-02-28,1.021872941827306
2021-03-01,1.06156750906859
2021-03-02,1.065839512370535
2021-03-03,1.052614194953402
2021-03-04,1.030605805358751
2021-03-05,1.037556457327182
2021-03-06,1.040935385885653
2021-03-07,1.049667945878154
2021-03-08,1.0781087425638
2021-03-09,1.079722426597194
2021-03-10,1.084004481719248
2021-03-11,1.14712908492533
2021-03-12,1.100686324137372
2021-03-13,1.080384926952048
2021-03-14,1.104587794148389
2021-03-15,1.03580314256426
2021-03-16,1.073822431200996
2021-03-17,1.077260469015822
2021-03-18,1.045576853023755
2021-03-19,1.043094767158807
2021-03-20,1.056238864141264
2021-03-21,1.044127535738135
2021-03-22,1.057682253354707
2021-03-23,1.059491416524135
2021-03-24,1.053048661015351
2021-03-25,1.04772911058755
2021-03-26,1.043345883868243
2021-03-27,1.099119789013715
2021-03-28,1.046059202000914
2021-03-29,1.058790991199928
2021-03-30,1.070395572043464
2021-03-31,1.064368321355375
2021-04-01,1.082734082084202
2021-04-02,1.056841504772794
2021-04-03,1.021862644713206
2021-04-04,1.031367679835974
2021-04-05,1.039196037939881
2021-04-06,1.175533157026697
2021-04-07,1.032073088391348
2021-04-08,1.035331348830909
2021-04-09,1.028506446996142
2021-04-10,1.046954440191027
2021-04-11,1.07478077600601
2021-04-12,1.056688607191365
2021-04-13,1.074243357647474
2021-04-14,1.090038989975763
2021-04-15,1.075319638992702
2021-04-16,1.031168929997389
2021-04-17,1.034391770870662
2021-04-18,1.128144607101921
2021-04-19,1.005567835132255
2021-04-20,1.019075151861264
2021-04-21,1.010875147860531
2021-04-22,1.035808092210461
2021-04-23,0.9949008925196775
2021-04-24,1.032687963927047
2021-04-25,1.003655902403902
2021-04-26,1.03889391603375
2021-04-27,1.069496820055577
2021-04-28,1.027215265168039
2021-04-29,1.041311118267386
2021-04-30,1.076332008505437
2021-05-01,1.053793458341211
2021-05-02,1.057967554529214
2021-05-03,1.0557663593428
2021-05-04,1.028416462053093
2021-05-05,1.039314080940887
2021-05-06,1.046737942710931
2021-05-07,1.105648620318448
2021-05-08,1.043127561122974
2021-05-09,1.04326800736766
2021-05-10,1.028257661290688
2021-05-11,1.014939227255743
2021-05-12,1.052231071286584
2021-05-13,0.9933562193513131
2021-05-14,1.001844641125901
2021-05-15,1.004574605370743
2021-05-16,0.9894763721892968
2021-05-17,0.9606642230882089
2021-05-18,0.9862851887576223
2021-05-19,0.9254543820793424
2021-05-20,0.9657000695977335
2021-05-21,0.9731009818873675
2021-05-22,0.9540444379837208
2021-05-23,0.9639314986531
2021-05-24,1.036552634695245
2021-05-25,0.9737543098972117
2021-05-26,1.012103702961649
2021-05-27,0.9864936751175757
2021-05-28,0.971172782934997
2021-05-29,0.9745215363736898
2021-05-30,1.023239525711296
2021-05-31,0.9961661577990994
2021-06-01,1.015548407458423
2021-06-02,0.9981906048487261
2021-06-03,1.016508253058165
2021-06-04,0.9669121020593264
2021-06-05,0.9821155491533452
2021-06-06,0.9903882150370532
2021-06-07,0.9848123579255946
2021-06-08,0.9339956936681815
2021-06-09,1.024962874781066
2021-06-10,1.005811110312452
2021-06-11,1.013185534132776
2021-06-12,0.9809516264200611
2021-06-13,1.010332446381236
2021-06-14,1.036648024252697
2021-06-15,1.014305446847971
2021-06-16,1.003360687811227
2021-06-17,0.975642068999537
2021-06-18,0.98359392412494
2021-06-19,0.9885962390598588
2021-06-20,0.9884796671617031
2021-06-21,0.9538179555478512
2021-06-22,0.9770824597533349
2021-06-23,0.9959403937230363
2021-06-24,0.9976367948035084
2021-06-25,0.8744908345013157
2021-06-26,0.9706607741920003
2021-06-27,1.015208668845159
2021-06-28,1.001805685827193
2021-06-29,1.004457863950448
2021-06-30,0.9832282660972586
2021-07-01,0.9757340931238289
2021-07-02,0.9369896484698584
2021-07-03,1.003641222922479
2021-07-04,1.010930067234334
2021-07-05,0.9908883242408323
2021-07-06,0.9949759693114553
2021-07-07,1.003099531495481
2021-07-08,0.9681900400548872
2021-07-09,1.003070619411888
2021-07-10,0.9967629607503585
2021-07-11,1.001022742381737
2021-07-12,1.012675332241189
2021-07-13,0.9824743349465724
2021-07-14,0.9771071458208631
2021-07-15,0.9680507099333833
2021-07-16,0.973976782024786
2021-07-17,1.196637613477347
2021-07-18,0.981016005364676
2021-07-19,0.9814933855436857
2021-07-20,0.9832422719037665
2021-07-21,1.001272251716812
2021-07-22,1.021487571080566
2021-07-23,0.9328061838833087
2021-07-24,1.010954759322562
2021-07-25,1.005984590935169
2021-07-26,1.103842653695125
2021-07-27,1.137137823322478
2021-07-28,1.095397096746234
2021-07-29,1.29020544608343
2021-07-30,1.018912542401103
2021-07-31,1.025392029971027
2021-08-01,1.014887495896781
2021-08-02,1.011399556655127
2021-08-03,0.9922666733682289
2021-08-04,1.012945460747638
2021-08-05,1.013277634938516
2021-08-06,1.032331998863808
2021-08-07,1.038662474702365
2021-08-08,1.026991121602006
2021-08-09,1.042627489388697
2021-08-10,1.045162800084539
2021-08-11,1.031936831900348
2021-08-12,1.017825960612028
2021-08-13,1.037076173468922
2021-08-14,1.079759030691875
2021-08-15,1.014428370577212
2021-08-16,1.033791501154781
2021-08-17,1.022553663604309
2021-08-18,1.035828704723816
2021-08-19,1.039150782685792
2021-08-20,1.048785193068693
2021-08-21,1.041006886461068
2021-08-22,1.044478119245102
2021-08-23,1.069518260081591
2021-08-24,1.013096724059474
2021-08-25,1.11430879690638
2021-08-26,1.034596241946661
2021-08-27,1.01972594730272
2021-08-28,1.031146210749663
2021-08-29,1.018178439195616
2021-08-30,1.026306645239623
2021-08-31,1.019596157688487
2021-09-01,1.027259941844266
2021-09-02,1.043425973120216
2021-09-03,1.033629290411129
2021-09-04,1.03439018224314
2021-09-05,1.022734347653957
2021-09-06,1.046398321694004
2021-09-07,0.991568144555432
2021-09-08,1.001832671479796
2021-09-09,1.040376707206817
2021-09-10,1.004838996947255
2021-09-11,1.001302641449042
2021-09-12,1.007186598996053
2021-09-13,0.9944012903194508
2021-09-14,1.020952459374146
2021-09-15,1.021231837086304
2021-09-16,1.018735079070509
2021-09-17,1.011514007206488
2021-09-18,1.016880019897086
2021-09-19,1.013791154290221
2021-09-20,0.9787115021592857
2021-09-21,0.982904683158372
2021-09-22,1.006070203277094
2021-09-23,1.007553260528177
2021-09-24,0.98956991353104
2021-09-25,0.9994590525764623
2021-09-26,1.075691855122916
2021-09-27,1.004061630627288
2021-09-28,0.9907806173649655
2021-09-29,1.004362441998406
2021-09-30,1.010260381046227
2021-10-01,1.03064676499849
2021-10-02,1.032932636961987
2021-10-03,1.009567376914503
2021-10-04,1.018551976197026
2021-10-05,1.035231358262451
2021-10-06,1.071630063473272
2021-10-07,1.048480451214962
2021-10-08,1.0263172406727
2021-10-09,1.03273467827198
2021-10-10,1.038611403589261
2021-10-11,1.032872070056494
2021-10-12,1.033755113413482
2021-10-13,1.043135983731552
2021-10-14,1.032498590682138
2021-10-15,1.047732765885653
2021-10-16,1.050530659088423
2021-10-17,1.020649744430651
2021-10-18,1.061961475523876
2021-10-19,1.12008618884378
2021-10-20,1.077862717846696
2021-10-21,1.050243903503274
2021-10-22,1.00851598356801
2021-10-23,1.017667607039991
2021-10-24,1.037874159911917
2021-10-25,1.059251320962013
2021-10-26,1.021214201033914
2021-10-27,0.9952206668931147
2021-10-28,1.032905344244582
2021-10-29,1.02771472114751
2021-10-30,1.023339568720562
2021-10-31,1.046645805966084
2021-11-01,1.066895847202858
2021-11-02,1.079795829165921
2021-11-03,1.057304862462701
2021-11-04,1.007953809839747
2021-11-05,1.045974666670032
2021-11-06,1.037150849487536
2021-11-07,1.025206982916322
2021-11-08,1.062065282282456
2021-11-09,1.050164080979106
2021-11-10,1.044093121711061
2021-11-11,1.028611472488778
2021-11-12,1.1138712686527
2021-11-13,1.018300913062142
2021-11-14,1.017727403544678
2021-11-15,1.034846693830309
2021-11-16,1.018745434327294
2021-11-17,1.015145478522695
2021-11-18,0.9856636834820542
2021-11-19,1.000527429461344
2021-11-20,1.005899154950429
2021-11-21,1.01046212362733
2021-11-22,0.9933124286647603
2021-11-23,1.003033167406743
2021-11-24,1.003969188042565
2021-11-25,1.064873153194943
2021-11-26,0.9870829010844211
2021-11-27,0.994937901746909
2021-11-28,1.008472136758373
2021-11-29,1.025669343953406
2021-11-30,1.006652752632153
2021-12-01,1.014600519733712
2021-12-02,0.9994932563068237
2021-12-03,0.9901310655956611
2021-12-04,0.9604413274498007
2021-12-05,0.9928001072487165
2021-12-06,0.9836017027454061
2021-12-07,1.038519759467963
2021-12-08,0.9930865989399713
2021-12-09,0.9825895856597834
2021-12-10,0.9924961138778922
2021-12-11,1.006681167872703
2021-12-12,1.004389422465712
2021-12-13,0.9878633390846685
2021-12-14,1.010369681904663
2021-12-15,0.9990325161765806
2021-12-16,1.003323058497132
2021-12-17,0.9838879409869248
2021-12-18,0.9962005920150259
2021-12-19,1.001440114773992
2021-12-20,0.984488660208875
2021-12-21,1.014900772843882
2021-12-22,1.007356202568811
2021-12-23,1.016810873311211
2021-12-24,1.014208718534218
2021-12-25,0.998547533325121
2021-12-26,1.003791142706385
2021-12-27,1.012268023677406
2021-12-28,0.9878108899566197
2021-12-29,0.9904488227213931
2021-12-30,0.9996682563494744
2021-12-31,1.004265652580881
2022-01-01,1.006076899778295
2022-01-02,0.9970950685501537
2022-01-03,0.9906738655193387
2022-01-04,0.9860890915889113
2022-01-05,0.9946565913394196
2022-01-06,0.9768636949579692
2022-01-07,0.9709189788737489
2022-01-08,0.9804812448943584
2022-01-09,0.9927200918863842
2022-01-10,0.9943696573300996
2022-01-11,0.9891170277236825
2022-01-12,1.01204459161941
2022-01-13,0.9926349518765187
2022-01-14,0.9945163426609348
2022-01-15,1.002315331621255
2022-01-16,1.001903049811782
2022-01-17,0.9842437289517482
2022-01-18,0.9871308465351109
2022-01-19,0.9725781458495789
2022-01-20,0.9864804082680034
2022-01-21,0.9518673154862369
2022-01-22,0.9713261387012085
2022-01-23,0.9871114530547448
2022-01-24,0.9748376015684068
2022-01-25,0.9948058316261257
2022-01-26,0.9929013409161697
2022-01-27,0.986409542616107
2022-01-28,0.9782417796969171
2022-01-29,0.9723322213980603
2022-01-30,0.9809412048115574
2022-01-31,0.9960844323065977
2022-02-01,1.08341047815107
2022-02-02,0.9890295333021133
2022-02-03,0.9888665724400584
2022-02-04,1.024020417824062
2022-02-05,1.009028828913537
2022-02-06,1.000851813315575
2022-02-07,1.017085392078508
2022-02-08,1.011925691328974
2022-02-09,1.006872773911773
2022-02-10,1.009514505405056
2022-02-11,1.004570557074596
2022-02-12,1.013399485652438
2022-02-13,1.00240393065046
2022-02-14,0.9987279110556577
2022-02-15,1.023266669729559
2022-02-16,1.005622515944961
2022-02-17,0.9934487520525526
2022-02-18,0.9887291573221647
2022-02-19,0.9980969643079676
2022-02-20,0.9849067510923302
2022-02-21,0.9916466459099376
2022-02-22,0.9883388202957869
2022-02-23,1.010059779976892
2022-02-24,0.9797659162304196
2022-02-25,0.9975617418056532
2022-02-26,0.9903404799594101
2022-02-27,0.9968158100601665
2022-02-28,1.036970780795384
2022-03-01,1.014949124699005
2022-03-02,1.009104384353023
2022-03-03,1.010992323548664
2022-03-04,0.9818469933921644
2022-03-05,0.9969538491785923
2022-03-06,0.9978662597128148
2022-03-07,0.9894616293021146
2022-03-08,1.003041741707878
2022-03-09,1.006783969504083
2022-03-10,0.9765803782858054
2022-03-11,1.015681338989542
2022-03-12,1.001457640589775
2022-03-13,0.9962646506678227
2022-03-14,0.9974304242424983
2022-03-15,0.9918059845233697
2022-03-16,1.014532656297485
2022-03-17,0.9916009221345607
2022-03-18,1.007333456503433
2022-03-19,1.010120139178767
2022-03-20,1.002017074767884
2022-03-21,0.9995774871834812
2022-03-22,1.015831092686136
2022-03-23,1.008382359450961
2022-03-24,1.010304703114166
2022-03-25,1.067402671792381
2022-03-26,1.006053675887238
2022-03-27,1.017207164484353
2022-03-28,1.037304375348399
2022-03-29,1.031969728763903
2022-03-30,1.00853652640522
2022-03-31,0.9985691876313598
2022-04-01,1.007781175164314
2022-04-02,1.002455663974304
2022-04-03,1.008165744275374
2022-04-04,1.006149000818493
2022-04-05,1.007118142340053
2022-04-06,0.9877367646886331
2022-04-07,0.9923468257628142
2022-04-08,0.996251308670421
2022-04-09,0.996575706303567
2022-04-10,1.002338929100279
2022-04-11,0.9801585608046699
2022-04-12,1.009023131765671
2022-04-13,1.001184238403914
2022-04-14,1.006403686580257
2022-04-15,1.000004210386654
2022-04-16,0.9976697902085638
2022-04-17,0.9973141157601082
2022-04-18,0.9971060241639912
2022-04-19,1.002458598853463
2022-04-20,1.002891671088349
2022-04-21,1.029722241731925
2022-04-22,0.9880910624558483
2022-04-23,0.9979058408959545
2022-04-24,0.9969730789033937
2022-04-25,0.9898964738999473
2022-04-26,0.9895770995144446
2022-04-27,0.9968437140159186
2022-04-28,0.9986351611870341
2022-04-29,0.9930550064536222
2022-04-30,0.9954810997033917
2022-05-01,0.9920859518238443
2022-05-02,0.975032424519739
2022-05-03,0.9841736581112066
2022-05-04,1.006428122760024
2022-05-05,0.9840293916691943
2022-05-06,0.9859916878776019
2022-05-07,0.9934148847364184
2022-05-08,0.984098133579474
2022-05-09,0.9367441744017855
2022-05-10,0.9665907054914338
2022-05-11,0.9555776172785393
2022-05-12,0.9438014735490551
2022-05-13,0.9772432958911565
2022-05-14,1.018567184168246
2022-05-15,0.9984019073993272
2022-05-16,0.9835520052404679
2022-05-17,0.9866822767100611
2022-05-18,0.9786465023895402
2022-05-19,0.972850029036885
2022-05-20,0.9754237106206377
2022-05-21,0.9880385698655296
2022-05-22,0.9995608083927371
2022-05-23,0.9785007159435974
2022-05-24,0.987091769460837
2022-05-25,0.9924856246948964
2022-05-26,0.9794046390904969
2022-05-27,0.9709801484447289
2022-05-28,0.9959102731995582
2022-05-29,0.9995650895474303
2022-05-30,1.010290518410566
2022-05-31,1.014322662560505
2022-06-01,0.9786861739158473
2022-06-02,0.9479763906046687
2022-06-03,0.9784982837076754
2022-06-04,0.9620292227047333
2022-06-05,0.9870820521284966
2022-06-06,0.9895814848176524
2022-06-07,0.9719173483278647
2022-06-08,0.98738701093531
2022-06-09,0.9548502170613088
2022-06-10,0.9827445315759986
2022-06-11,0.9516870643498573
2022-06-12,0.9734327040189512
2022-06-13,0.9161988138130411
2022-06-14,0.8988974047303997
2022-06-15,0.9038744811655269
2022-06-16,0.924418089834569
2022-06-17,0.9433917704535633
2022-06-18,0.9295211822391191
2022-06-19,0.9822492381217165
2022-06-20,0.9790736274920068
2022-06-21,0.9702877151097831
2022-06-22,0.9602188607879164
2022-06-23,0.9899711967429871
2022-06-24,0.9787510644835062
2022-06-25,1.008433005619941
2022-06-26,0.9939969536758009
2022-06-27,0.9698694376143098
2022-06-28,0.977217032795852
2022-06-29,0.972811995394694
2022-06-30,0.9204967079127869
2022-07-01,0.9614715326398097
2022-07-02,0.9802751971531217
2022-07-03,0.9758377758026088
2022-07-04,0.9934115378112417
2022-07-05,0.9834932950053777
2022-07-06,0.9587851400629772
2022-07-07,0.9938967444030136
2022-07-08,0.9847710932111591
2022-07-09,0.9577389118088466
2022-07-10,0.9908408776553834
2022-07-11,0.921725043387471
2022-07-12,0.9707725263406353
2022-07-13,0.9846250277777233
2022-07-14,0.969059837020028
2022-07-15,0.9032693097181075
2022-07-16,0.9979541872497
2022-07-17,0.9964618011949636
2022-07-18,1.001448337004621
2022-07-19,0.9652149500407318
2022-07-20,1.013599345425523
2022-07-21,0.9602287204521004
2022-07-22,0.9627381270509565
2022-07-23,0.981942898616173
2022-07-24,0.9926951370767019
2022-07-25,0.9706928539077472
2022-07-26,0.9677485266445186
2022-07-27,1.004190849176613
2022-07-28,1.012258637193787
2022-07-29,0.9993050786675692
2022-07-30,1.004734797711772
2022-07-31,0.9917121143896519
2022-08-01,0.9969761068059759
2022-08-02,0.9916788027782375
2022-08-03,0.9977895386326266
2022-08-04,0.9764740002725285
2022-08-05,0.9959251319278974
2022-08-06,0.9995920999860098
2022-08-07,0.9997720431189598
2022-08-08,1.003287279623858
2022-08-09,0.9639280515170909
2022-08-10,1.016056896288665
2022-08-11,0.9983332051645006
2022-08-12,1.002044782829648
2022-08-13,1.001109484602777
2022-08-14,0.9969984994908829
2022-08-15,0.991306521053937
2022-08-16,0.9977256511509882
2022-08-17,0.9881959586185645
2022-08-18,0.995532082809174
2022-08-19,0.9464738078030774
2022-08-20,0.9833929687487757
2022-08-21,0.9941499364023086
2022-08-22,0.9729942281609503
2022-08-23,0.9844436665240207
2022-08-24,0.9850305261616823
2022-08-25,0.9869854830322832
2022-08-26,0.9839496751305452
2022-08-27,0.9727727885139722
2022-08-28,0.9986201580000104
2022-08-29,0.9930147847442198
2022-08-30,0.9617525237203978
2022-08-31,0.983851045528431
2022-09-01,0.9674714367159952
2022-09-02,0.9741355824900022
2022-09-03,0.9937508701128928
2022-09-04,1.003523736673477
2022-09-05,0.9896599540889522
2022-09-06,0.9563579430649835
2022-09-07,0.968832617726011
2022-09-08,0.9779092666383601
2022-09-09,1.011951373938223
2022-09-10,1.000383365370882
2022-09-11,0.9917698136223826
2022-09-12,1.004181285454513
2022-09-13,0.9386121266389318
2022-09-14,0.9764978838959707
2022-09-15,0.96932539836591
2022-09-16,0.9888420028851683
2022-09-17,0.9917177401378546
2022-09-18,0.9883175085339101
2022-09-19,0.9607552106364877
2022-09-20,0.9765203284098511
2022-09-21,0.9799115024627801
2022-09-22,0.9848119962117704
2022-09-23,0.9875578792784693
2022-09-24,0.9946495835575385
2022-09-25,0.9877675688430627
2022-09-26,0.9908940515492116
2022-09-27,0.9861208744767661
2022-09-28,0.9650656492014863
2022-09-29,0.989447807027608
2022-09-30,0.9820567306048192
2022-10-01,0.9916673567295832
2022-10-02,0.9898316349333699
2022-10-03,0.990638822683566
2022-10-04,0.9940766055944313
2022-10-05,0.9911153597232231
2022-10-06,0.9913971640401719
2022-10-07,0.9908558505979473
2022-10-08,0.971899557287419
2022-10-09,0.9955075851555016
2022-10-10,0.978665130602368
2022-10-11,0.9824495153913229
2022-10-12,0.9514612864323051
2022-10-13,0.9860001898696269
2022-10-14,0.99172730343109
2022-10-15,0.9907095183874577
2022-10-16,0.9880841952779482
2022-10-17,0.9645024766038024
2022-10-18,1.026119050092895
2022-10-19,0.9780752558489267
2022-10-20,0.9849305081611119
2022-10-21,0.9874467426010102
2022-10-22,0.9658639014747913
2022-10-23,0.994197134040356
2022-10-24,0.9927517199611373
2022-10-25,1.012346640375597
2022-10-26,1.011900359078256
2022-10-27,1.001658980037526
2022-10-28,0.9938541064291146
2022-10-29,1.000444121444217
2022-10-30,0.9907017030062802
2022-10-31,0.9904374429955889
2022-11-01,0.9903435729098969
2022-11-02,0.992694082437309
2022-11-03,0.9927985552173254
2022-11-04,1.037577596795669
2022-11-05,1.001073546834266
2022-11-06,0.9817816248849379
2022-11-07,0.9053609632311815
2022-11-08,0.94865804904484
2022-11-09,0.8912208218823593
2022-11-10,0.9378694642073346
2022-11-11,0.9468172135296823
2022-11-12,0.918699563781776
2022-11-13,0.9730251486143031
2022-11-14,0.9458663168379869
2022-11-15,0.9324957586094127
2022-11-16,0.918373510526749
2022-11-17,0.8471618649341288
2022-11-18,0.7407414894043914
2022-11-19,0.9560927275043557
2022-11-20,0.9465441377724352
2022-11-21,0.9205717965470956
2022-11-22,0.9293139307806717
2022-11-23,1.022189112777689
2022-11-24,0.9629189307124917
2022-11-25,0.9635307572022427
2022-11-26,0.9511332452759366
2022-11-27,0.9760477783484317
2022-11-28,0.9376550748907547
2022-11-29,0.976244894757515
2022-11-30,0.9707970506558721
2022-12-01,0.9797164731849076
2022-12-02,0.9641387784617371
2022-12-03,0.9796722158026071
2022-12-04,0.9532992317471465
2022-12-05,0.8683139933425346
2022-12-06,0.9486074026864856
2022-12-07,0.9852118409456196
2022-12-08,0.9706447660611013
2022-12-09,0.9508609082589332
2022-12-10,0.998041155599937
2022-12-11,0.9691632277294505
2022-12-12,0.9849803320888825
2022-12-13,0.9747306400174959
2022-12-14,0.9633195610634941
2022-12-15,0.9837524595276125
2022-12-16,0.9740277919263539
2022-12-17,0.968053081201336
2022-12-18,0.9827214766264064
2022-12-19,0.9317851869747573
2022-12-20,0.9852966889035821
2022-12-21,0.9563122248419166
2022-12-22,0.9781958406474988
2022-12-23,0.9769539752189856
2022-12-24,0.9798244532634639
2022-12-25,0.941163255821652
2022-12-26,0.9891182208478424
2022-12-27,0.967586683686492
2022-12-28,0.9270487072393686
2022-12-29,0.9475102721743671
2022-12-30,0.9803789236986459
2022-12-31,0.8649127662081687
2023-01-01,0.9828518090328542
2023-01-02,0.9930748540723516
2023-01-03,0.971382805568653
2023-01-04,0.9690584302916857
2023-01-05,0.9786122243462609
2023-01-06,0.9656475317570589
2023-01-07,0.9801604851686108
2023-01-08,0.9897343861624982
2023-01-09,0.9966597118464257
2023-01-10,0.9693658846705848
2023-01-11,0.9478090659557462
2023-01-12,1.017115220525886
2023-01-13,1.02244249846646
2023-01-14,1.033030417362341
2023-01-15,1.010103922581472
2023-01-16,1.024418754595697
2023-01-17,1.025758159588444
2023-01-18,0.9988185973689628
2023-01-19,0.9852797359087841
2023-01-20,1.021999966790845
2023-01-21,1.035385792569932
2023-01-22,1.028830685411714
2023-01-23,1.011838997898089
2023-01-24,1.017090437021733
2023-01-25,1.01248666805167
2023-01-26,0.9808509750949786
2023-01-27,0.9716968150470401
2023-01-28,1.012435936993351
2023-01-29,1.019650823709539
2023-01-30,1.008060969431679
2023-01-31,1.011343463057411
2023-02-01,1.039399484028008
2023-02-02,1.017994224578183
2023-02-03,1.010312914275681
2023-02-04,1.024341318530562
2023-02-05,1.000808012278716
2023-02-06,1.005033495275476
2023-02-07,1.006151589248147
2023-02-08,1.008800716476383
2023-02-09,0.9979912734970998
2023-02-10,0.9828057579126775
2023-02-11,0.9951690066231897
2023-02-12,0.9953461231754077
2023-02-13,0.9904140210241561
2023-02-14,0.999376443657012
2023-02-15,1.023162702982634
2023-02-16,1.038300722354074
2023-02-17,1.011810954610726
2023-02-18,1.015461405542343
2023-02-19,1.013533410018545
2023-02-20,1.015420518461889
2023-02-21,1.008671714053536
2023-02-22,0.9851807882701717
2023-02-23,1.013734271389297
2023-02-24,0.9950698099230202
2023-02-25,0.985253416967381
2023-02-26,1.005635113491441
2023-02-27,1.008859764715595
2023-02-28,0.9594203983588948
2023-03-01,0.9804409092920123
2023-03-02,0.9924004564797969
2023-03-03,0.9819952228172878
2023-03-04,0.9943226517946226
2023-03-05,0.9530608943685068
2023-03-06,0.987508402969354
2023-03-07,0.8675365461748089
2023-03-08,0.9857977015995953
2023-03-09,0.9702502715079178
2023-03-10,0.959933498520281
2023-03-11,0.989814780363444
2023-03-12,0.998698117005212
2023-03-13,1.044501191024659
2023-03-14,1.050529785209497
2023-03-15,1.021978113231498
2023-03-16,1.021983422237454
2023-03-17,1.073875278960512
2023-03-18,1.031917233371531
2023-03-19,1.024091439069547
2023-03-20,1.032295986767862
2023-03-21,1.034029329298528
2023-03-22,1.024792001229414
2023-03-23,1.050831530880616
2023-03-24,1.01669156344195
2023-03-25,1.004444306709289
2023-03-26,1.021860258099267
2023-03-27,1.045317508978713
2023-03-28,1.008651152980029
2023-03-29,1.026863107009976
2023-03-30,0.7644835168113068
2023-03-31,1.028309950228206
2023-04-01,1.024924200582406
2023-04-02,1.009486435777077
2023-04-03,1.009651545951981
2023-04-04,1.011854962460661
2023-04-05,1.026971518077596
2023-04-06,1.002157193093175
2023-04-07,0.9901808399524443
2023-04-08,1.00775605883713
2023-04-09,1.0062205430084
2023-04-10,1.019997577222134
2023-04-11,1.059678547299547
2023-04-12,1.007971184034779
2023-04-13,1.029072394536135
2023-04-14,1.030996885056989
2023-04-15,1.009361770790921
2023-04-16,1.0093643848575
2023-04-17,1.000877268874839
2023-04-18,1.025311581757858
2023-04-19,1.022401711699581
2023-04-20,0.9979159746260559
2023-04-21,1.003922910461154
2023-04-22,0.9962687883179329
2023-04-23,1.016165964419327
2023-04-24,0.9947628555383863
2023-04-25,0.9988879215945017
2023-04-26,1.028382995563854
2023-04-27,1.011303741766642
2023-04-28,1.019232427355298
2023-04-29,1.024871712318092
2023-04-30,1.004326633328881
2023-05-01,0.9920156848875775
2023-05-02,1.00645342792114
2023-05-03,1.044792253562542
2023-05-04,1.006754816727418
2023-05-05,1.011419383837541
2023-05-06,1.002339806041285
2023-05-07,1.180484237415339
2023-05-08,1.013068899515642
2023-05-09,0.9914351045242635
2023-05-10,0.9972860394201006
2023-05-11,0.9907508298977108
2023-05-12,0.9956141275670302
2023-05-13,0.998721419205169
2023-05-14,1.005625307294642
2023-05-15,1.049354298974222
2023-05-16,1.013971421182363
2023-05-17,1.000540212586838
2023-05-18,0.9954442829312851
2023-05-19,0.9916004331064701
2023-05-20,1.003655133795962
2023-05-21,1.001715393172759
2023-05-22,1.04531514632144
2023-05-23,1.007104290079008
2023-05-24,0.9925845447691697
2023-05-25,1.021076714764481
2023-05-26,1.000903900018434
2023-05-27,1.000088167505333
2023-05-28,1.015661481415969
2023-05-29,1.012580232495249
2023-05-30,1.014888960084304
2023-05-31,0.9999322946746045
2023-06-01,1.005234442963155
2023-06-02,1.004478105596684
2023-06-03,0.9994334534688953
2023-06-04,1.000071218709307
2023-06-05,0.9931275846862144
2023-06-06,1.00102093258748
2023-06-07,1.001863873367077
2023-06-08,1.000485160972202
2023-06-09,1.000933282949096
2023-06-10,0.9849672574023556
2023-06-11,0.9978021724009383
2023-06-12,0.9935555871768174
2023-06-13,0.998494327942311
2023-06-14,1.001592419197827
2023-06-15,0.9829305056624305
2023-06-16,1.002293082664173
2023-06-17,1.002077010226039
2023-06-18,1.015674443037826
2023-06-19,0.9809136652624958
2023-06-20,1.001140526105646
2023-06-21,1.032891608498608
2023-06-22,1.028322976355779
2023-06-23,1.031695309423003
2023-06-24,1.024913136280042
2023-06-25,1.013701121345143
2023-06-26,1.016560302713803
2023-06-27,1.031489811080722
2023-06-28,1.027271335891836
2023-06-29,1.001043274225065
2023-06-30,1.02225635143006
2023-07-01,1.056152389312879
2023-07-02,1.015892522986379
2023-07-03,1.013912858263253
2023-07-04,1.012221716464381
2023-07-05,1.006440397399456
2023-07-06,0.971056940514934
2023-07-07,1.004322302074715
2023-07-08,1.005123626616458
2023-07-09,1.005678459708349
2023-07-10,1.009255866040853
2023-07-11,1.01701103309743
2023-07-12,1.011130571752356
2023-07-13,1.003837331770579
2023-07-14,1.0104085893478
2023-07-15,0.9995408561293471
2023-07-16,1.003183948621619
2023-07-17,0.9916653696545874
2023-07-18,1.010528535799434
2023-07-19,1.014804523196819
2023-07-20,1.005352913964646
2023-07-21,0.9865763413670441
2023-07-22,1.005581184937192
2023-07-23,1.006029587800012
2023-07-24,0.9952194372779104
2023-07-25,0.9977706253263872
2023-07-26,0.9993566833957216
2023-07-27,0.9693030373631077
2023-07-28,0.9072514037796381
2023-07-29,1.001837462668737
2023-07-30,1.000180390116242
2023-07-31,0.9958913199648272
2023-08-01,0.9985591106035999
2023-08-02,0.9905327248244651
2023-08-03,1.00060379268667
2023-08-04,1.002803477321027
2023-08-05,0.9998994322890036
2023-08-06,1.003482950767999
2023-08-07,0.998850141021616
2023-08-08,1.002014846352546
2023-08-09,1.008913278818966
2023-08-10,1.000717313479391
2023-08-11,1.006117356237292
2023-08-12,1.006931625452961
2023-08-13,1.00559223818714
2023-08-14,1.003722160972909
2023-08-15,1.002575081178657
2023-08-16,0.9985921417615092
2023-08-17,0.987045134251989
2023-08-18,0.9712570750517883
2023-08-19,0.9894340637751551
2023-08-20,0.9960445402166421
2023-08-21,0.9827230083974419
2023-08-22,0.9866802463753153
2023-08-23,0.9908880108982078
2023-08-24,0.9812081754730736
2023-08-25,0.9845405642719428
2023-08-26,0.9938386001687618
2023-08-27,1.004622201211054
2023-08-28,0.9920006660803602
2023-08-29,0.9836583612927599
2023-08-30,1.004837709737039
2023-08-31,0.993465635234492
2023-09-01,0.9830403960344986
2023-09-02,0.9948891598405843
2023-09-03,0.9929074932159713
2023-09-04,0.993552416199336
2023-09-05,0.985671129310487
2023-09-06,0.9886983203631606
2023-09-07,0.9921783870581206
2023-09-08,0.9964683721762351
2023-09-09,0.9912369410343161
2023-09-10,0.9971869714686831
2023-09-11,0.983817358633302
2023-09-12,0.9949806518930312
2023-09-13,0.9987869406391986
2023-09-14,1.015379285766868
2023-09-15,1.004565541586534
2023-09-16,1.001758283519773
2023-09-17,1.00140868348294
2023-09-18,1.017214605409875
2023-09-19,1.032406605245789
2023-09-20,0.9974343829896392
2023-09-21,0.9953202863837814
2023-09-22,0.9979881136169646
2023-09-23,0.9989880438862667
2023-09-24,0.9992388506203554
2023-09-25,0.9959218239592379
2023-09-26,0.9969304782142475
2023-09-27,0.9955647846999861
2023-09-28,1.002129925451022
2023-09-29,1.006870736821795
2023-09-30,1.006517710540257
2023-10-01,1.005985140722297
2023-10-02,1.009561406406947
2023-10-03,1.003288462888734
2023-10-04,1.01069843088632
2023-10-05,0.9975557872449206
2023-10-06,1.012804686073144
2023-10-07,1.014879593446407
2023-10-08,1.003905383143712
2023-10-09,1.01173408572903
2023-10-10,1.000061028939851
2023-10-11,0.9967972254043852
2023-10-12,0.9915526781822709
2023-10-13,0.9966990821931363
2023-10-14,1.027134544008192
2023-10-15,1.002528389263251
2023-10-16,1.014350568936726
2023-10-17,1.010237032965429
2023-10-18,1.011138227237176
2023-10-19,0.9887919159605332
2023-10-20,1.022900495071611
2023-10-21,1.013607720303126
2023-10-22,1.009276029143239
2023-10-23,1.040241665470621
2023-10-24,1.068264553944199
2023-10-25,1.038653981308902
2023-10-26,1.054571379232976
2023-10-27,1.021678075943698
2023-10-28,1.022760072888152
2023-10-29,1.020145832819612
2023-10-30,1.02409853544424
2023-10-31,1.025652941061273
2023-11-01,1.058341582309313
2023-11-02,1.03179113544361
2023-11-03,1.024479764491654
2023-11-04,1.018811269885639
2023-11-05,1.015392405181888
2023-11-06,1.02058878982133
2023-11-07,1.025418477184779
2023-11-08,1.027102089945663
2023-11-09,1.061877687464069
2023-11-10,1.036913239804254
2023-11-11,1.017620830037961
2023-11-12,1.013734906755199
2023-11-13,1.016826316375238
2023-11-14,1.009091089970941
2023-11-15,1.029964635806582
2023-11-16,1.02521895755043
2023-11-17,1.014560499694628
2023-11-18,1.012671685410315
2023-11-19,1.015492078653742
2023-11-20,1.028263184618296
2023-11-21,1.03404960304974
2023-11-22,1.018729466883802
2023-11-23,1.015571250190251
2023-11-24,1.017810361528888
2023-11-25,1.013156764031893
2023-11-26,1.016548243470432
2023-11-27,1.005899126826182
2023-11-28,1.020969683160328
2023-11-29,1.022115104654066
2023-11-30,1.016023856248157
2023-12-01,1.036030071785038
2023-12-02,1.021171133816809
2023-12-03,1.027171176792725
2023-12-04,1.063588505207551
2023-12-05,1.047758031745718
2023-12-06,1.066202956504764
2023-12-07,1.03676517026362
2023-12-08,1.032357687874005
2023-12-09,1.03638391749767
2023-12-10,1.01758227046008
2023-12-11,1.015617704708737
2023-12-12,1.043385478124227
2023-12-13,1.022611140006302
2023-12-14,1.026450446934263
2023-12-15,1.037758756574078
2023-12-16,1.025869744822433
2023-12-17,1.006702809624606
2023-12-18,1.030656011785309
2023-12-19,1.031872725350534
2023-12-20,1.042513671300186
2023-12-21,1.026447842412393
2023-12-22,1.027263651205166
2023-12-23,1.025673379829223
2023-12-24,1.049146382611396
2023-12-25,1.014394407399171
2023-12-26,1.032910006166725
2023-12-27,1.083416019697322
2023-12-28,1.018193043287896
2023-12-29,1.029863570001318
2023-12-30,1.018536029566965
2023-12-31,1.019674331286673
2024-01-01,1.018009736476125
2024-01-02,1.048171538852268
2024-01-03,1.02668590840419
2024-01-04,1.144675026454739
2024-01-05,1.031841587640079
2024-01-06,1.013759128550767
2024-01-07,1.013288968604235
2024-01-08,1.033926201403082
2024-01-09,1.046923631489517
2024-01-10,1.027886995638776
2024-01-11,1.03878482190626
2024-01-12,1.002602047324537
2024-01-13,1.001736108630124
2024-01-14,1.007448661648372
2024-01-15,1.007170605681784
2024-01-16,1.117252160957559
2024-01-17,1.010193634122043
2024-01-18,1.044903708854877
2024-01-19,1.013555782885902
2024-01-20,1.004682084675633
2024-01-21,1.005607947202915
2024-01-22,0.999824258204766
2024-01-23,1.004834225380175
2024-01-24,1.049351847584292
2024-01-25,1.020072195407251
2024-01-26,1.016059699367615
2024-01-27,1.017591277596546
2024-01-28,1.011905012727148
2024-01-29,1.017950931576573
2024-01-30,1.0463244589086
2024-01-31,1.032842499865187
2024-02-01,1.005649841026773
2024-02-02,1.014833434306336
2024-02-03,1.006571895975928
2024-02-04,1.008553195477306
2024-02-05,1.014298279517253
2024-02-06,1.031847372340937
2024-02-07,1.0213959272252
2024-02-08,1.033169710961827
2024-02-09,1.037838541260235
2024-02-10,1.028219501640573
2024-02-11,1.032547138505615
2024-02-12,1.049615950196061
2024-02-13,1.030389161646065
2024-02-14,1.081880886020728
2024-02-15,1.040404325762528
2024-02-16,1.033708359534963
2024-02-17,1.025317156830117
2024-02-18,1.026166773902957
2024-02-19,1.08806138150373
2024-02-20,1.021803648858025
2024-02-21,1.0279265809098
2024-02-22,1.042930334191738
2024-02-23,1.04739169575806
2024-02-24,1.019163360991028
2024-02-25,1.025171368821757
2024-02-26,1.046280257604483
2024-02-27,1.084529084995937
2024-02-28,1.169925305188126
2024-02-29,1.083532401707776
2024-03-01,1.10674486148889
2024-03-02,1.031942267608431
2024-03-03,1.040188911542721
2024-03-04,1.104586282812127
2024-03-05,1.108972668684008
2024-03-06,1.205761090220952
2024-03-07,1.113431944078219
2024-03-08,1.093499075140106
2024-03-09,1.060402215021851
2024-03-10,1.06053135256778
2024-03-11,1.120861668324484
2024-03-12,1.079154332636924
2024-03-13,1.218404642245012
2024-03-14,1.062077632585304
2024-03-15,1.025856343647561
2024-03-16,1.02231280616339
2024-03-17,1.069572595921858
2024-03-18,1.03327090089063
2024-03-19,0.9937442753671261
2024-03-20,1.01973029021981
2024-03-21,1.043430693351149
2024-03-22,1.051038767513828
2024-03-23,1.35105102429003
2024-03-24,1.036110518882021
2024-03-25,1.163710912777326
2024-03-26,1.022649330612018
2024-03-27,1.026131371917006
2024-03-28,1.077871139738367
2024-03-29,1.021497565075941
2024-03-30,1.023278462127884
2024-03-31,1.025865593799283
2024-04-01,1.073729038421088
2024-04-02,1.051984963621139
2024-04-03,1.028494473255319
2024-04-04,1.019813525153974
2024-04-05,1.013258817915401
2024-04-06,1.034407367580976
2024-04-07,1.023499589981006
2024-04-08,1.046410487380197
2024-04-09,1.022488506755921
2024-04-10,1.017950462972796
2024-04-11,1.02485933674269
2024-04-12,1.021352703801298
2024-04-13,0.9909696578866578
2024-04-14,1.003045198424884
2024-04-15,1.00985645157299
2024-04-16,1.020138465502506
2024-04-17,0.9951840134241312
2024-04-18,1.022960557189061
2024-04-19,1.029007345797324
2024-04-20,1.01353984709626
2024-04-21,1.013567350123897
2024-04-22,1.026136258775568
2024-04-23,1.013390556733605
2024-04-24,1.112275864425488
2024-04-25,1.009560389372826
2024-04-26,1.003757763748189
2024-04-27,1.017524529949807
2024-04-28,1.037299245190709
2024-04-29,1.013588141239241
2024-04-30,1.00948543741788
2024-05-01,0.9701887524658173
2024-05-02,0.9965660546848539
2024-05-03,1.014473985013538
2024-05-04,1.0214325008877
2024-05-05,1.009389004887542
2024-05-06,1.022921292884804
2024-05-07,1.010236235684104
2024-05-08,1.019586765199288
2024-05-09,1.011284307624572
2024-05-10,1.001863200950827
2024-05-11,1.011985979260694
2024-05-12,1.018303457808623
2024-05-13,1.020153325466233
2024-05-14,1.014554212474478
2024-05-15,1.075293965303909
2024-05-16,1.032003555577786
2024-05-17,1.027149117253992
2024-05-18,1.015275082846845
2024-05-19,1.017349440988839
2024-05-20,1.044667112435944
2024-05-21,1.045880056974075
2024-05-22,1.0266957169182
2024-05-23,1.02748055434648
2024-05-24,1.019341550967357
2024-05-25,1.01905353670969
2024-05-26,1.027417853062121
2024-05-27,1.043041918850895
2024-05-28,1.307850254382051
2024-05-29,1.013286414798848
2024-05-30,1.016898693908216
2024-05-31,1.011274687254682
2024-06-01,1.013031690359059
2024-06-02,1.016790497584499
2024-06-03,1.037759600848799
2024-06-04,1.030625245331467
2024-06-05,1.031480849221243
2024-06-06,1.065256470187949
2024-06-07,1.031331169037551
2024-06-08,1.014976811445741
2024-06-09,1.018853514571155
2024-06-10,1.016307916930873
2024-06-11,1.054415406505083
2024-06-12,1.028262626527182
2024-06-13,1.007642672462407
2024-06-14,1.00694072754234
2024-06-15,1.016344131196626
2024-06-16,1.008254450964858
2024-06-17,1.008545714529875
2024-06-18,0.9979871455940882
2024-06-19,1.015779735024947
2024-06-20,1.006125464621738
2024-06-21,1.016677926084918
2024-06-22,1.151178601939956
2024-06-23,1.001532840155613
2024-06-24,0.985017159284787
2024-06-25,0.9984951764480484
2024-06-26,1.001329173160122
2024-06-27,1.040017686231551
2024-06-28,1.004053387769038
2024-06-29,1.004301237806152
2024-06-30,1.013262380060216
2024-07-01,1.021717486038934
2024-07-02,0.9990235351477827
2024-07-03,1.028390622937987
2024-07-04,1.005140372354429
2024-07-05,0.9965038083042662
2024-07-06,1.002711149124478
2024-07-07,1.006039944534957
2024-07-08,0.9802721139511545
2024-07-09,1.022035915621645
2024-07-10,1.014437933618499
2024-07-11,0.9997006966256421
2024-07-12,1.005170250856054
2024-07-13,1.015620189692825
2024-07-14,1.022094069397242
2024-07-15,1.040410060756239
2024-07-16,1.020896372462536
2024-07-17,1.026258032932552
2024-07-18,1.033024783077003
2024-07-19,1.060291818481237
2024-07-20,1.027321986088298
2024-07-21,1.019191661684518
2024-07-22,1.024056064320617
2024-07-23,1.062842424261046
2024-07-24,1.013502282802996
2024-07-25,1.003179759755444
2024-07-26,1.032746781040532
2024-07-27,1.031232132669509
2024-07-28,1.014900819420117
2024-07-29,1.026759899066721
2024-07-30,1.007573194267189
2024-07-31,1.007361942355896
2024-08-01,1.009291802631962
2024-08-02,0.9976660866531362
2024-08-03,0.9989180325434401
2024-08-04,0.9908407113462482
2024-08-05,0.9446826679575447
2024-08-06,0.9850961611982634
2024-08-07,1.006441844140527
2024-08-08,1.024485323728339
2024-08-09,1.022005905793539
2024-08-10,1.047990911201113
2024-08-11,0.9985443531365021
2024-08-12,1.004858310801959
2024-08-13,0.9935523708244859
2024-08-14,0.9967975772538255
2024-08-15,0.9928577542021602
2024-08-16,1.000113083351654
2024-08-17,1.001490695009119
2024-08-18,1.006673960304358
2024-08-19,0.9981130682864732
2024-08-20,1.000481708083505
2024-08-21,1.008380452966751
2024-08-22,1.01282947024605
2024-08-23,1.029441764293256
2024-08-24,1.029879509820427
2024-08-25,1.009311536565111
2024-08-26,1.017992280703882
2024-08-27,0.9886479132471416
2024-08-28,0.984148579059667
2024-08-29,1.041247223220484
2024-08-30,1.00066465644873
2024-08-31,1.009602365931381
2024-09-01,0.9906849671643512
2024-09-02,0.9953757049613217
2024-09-03,0.993025027425434
2024-09-04,1.000591947007277
2024-09-05,0.9888791180318104
2024-09-06,0.9851638775654292
2024-09-07,0.9904953993325554
2024-09-08,0.9934957411916082
2024-09-09,1.019088701003366
2024-09-10,0.9976118159488147
2024-09-11,0.9972514339714641
2024-09-12,1.008033120044499
2024-09-13,1.025485754254003
2024-09-14,1.010164307699761
2024-09-15,1.005639658727417
2024-09-16,1.001819578953599
2024-09-17,1.018176017917577
2024-09-18,1.018256526423452
2024-09-19,1.03213553787823
2024-09-20,1.034045520297649
2024-09-21,1.020117947444238
2024-09-22,1.011206497886021
2024-09-23,1.03258126908372
2024-09-24,1.018102822653919
2024-09-25,1.031725106254848
2024-09-26,1.032229488965346
2024-09-27,1.027290954372533
2024-09-28,1.034907579560719
2024-09-29,1.011932952975878
2024-09-30,1.00324788966855
2024-10-01,1.000027922901024
2024-10-02,0.9921432000125563
2024-10-03,0.994331187821508
2024-10-04,1.01432870187397
2024-10-05,1.008387537216999
2024-10-06,1.009186156665181
2024-10-07,1.014023926394446
2024-10-08,1.13543284919565
2024-10-09,1.006544541080136
2024-10-10,0.9860453955435031
2024-10-11,1.073408851089034
2024-10-12,1.044826167856771
2024-10-13,1.013966751587642
2024-10-14,1.032133889521181
2024-10-15,1.046854066237602
2024-10-16,1.035442913730192
2024-10-17,1.030624110611862
2024-10-18,1.028908077028914
2024-10-19,1.035395903275933
2024-10-20,1.135614787391053
2024-10-21,1.073240745358724
2024-10-22,1.021091092847078
2024-10-23,1.015087585721306
2024-10-24,1.021107601803354
2024-10-25,1.021301946934906
2024-10-26,1.0137060940061
2024-10-27,1.016085245735287
2024-10-28,1.031339236523169
2024-10-29,1.054701072552865
2024-10-30,1.030710415710721
2024-10-31,1.018697577963066
2024-11-01,1.018927243835414
2024-11-02,1.022315301963498
2024-11-03,1.009835804939785
2024-11-04,1.025086959627674
2024-11-05,1.019296407384476
2024-11-06,1.075537623710167
2024-11-07,1.048137645501968
2024-11-08,1.045128830641213
2024-11-09,1.021504845711007
2024-11-10,1.063079596377838
2024-11-11,1.096918949148822
2024-11-12,1.093148366941379
2024-11-13,1.098741319339085
2024-11-14,1.09696979291373
2024-11-15,1.075285656518939
2024-11-16,1.048611870933706
2024-11-17,1.034254464619069
2024-11-18,1.048923443802627
2024-11-19,1.118451863461913
2024-11-20,1.088167749499127
2024-11-21,1.150484385279631
2024-11-22,1.107448029018523
2024-11-23,1.082659357703826
2024-11-24,1.049006474641819
2024-11-25,1.057397158572055
2024-11-26,1.040075732223144
2024-11-27,1.065886598255576
2024-11-28,1.065307083119643
2024-11-29,1.056579065696877
2024-11-30,1.029352627693042
2024-12-01,1.039240571872382
2024-12-02,1.063146610856257
2024-12-03,1.065923436516123
2024-12-04,1.072118587190612
2024-12-05,1.127451125212896
2024-12-06,1.105011381935126
2024-12-07,1.037168213126211
2024-12-08,1.038380503141158
2024-12-09,1.122630096325664
2024-12-10,1.066055639507896
2024-12-11,1.071424201819481
2024-12-12,1.039690858583874
2024-12-13,1.050817536381343
2024-12-14,1.038137755851199
2024-12-15,1.059266711641506
2024-12-16,1.077595127941483
2024-12-17,1.104423928307597
2024-12-18,1.064718646481243
2024-12-19,1.116950523608222
2024-12-20,1.045013129379656
2024-12-21,1.022616524282947
2024-12-22,1.026443786972538
2024-12-23,1.129573515972947
2024-12-24,1.079415112642711
2024-12-25,1.026165631609219
2024-12-26,1.028524229591461
2024-12-27,1.049407370895662
2024-12-28,1.023020448582366
2024-12-29,1.045017873809567
2024-12-30,1.053845913993062
2024-12-31,1.041161205731027
2025-01-01,1.049948544175065
2025-01-02,1.037647181594242
2025-01-03,1.021409424057651
2025-01-04,1.02263952549512
2025-01-05,1.015809277168561
2025-01-06,1.038756766143819
2025-01-07,1.046554111901204
2025-01-08,1.006032008494421
2025-01-09,0.9986962695549019
2025-01-10,1.010863893894725
2025-01-11,1.011544924302338
2025-01-12,1.012947263712521
2025-01-13,1.005518856268616
2025-01-14,1.023201756451733
2025-01-15,1.045106904785011
2025-01-16,1.057436103694518
2025-01-17,1.0486859503413
2025-01-18,1.034709611319384
2025-01-19,1.035220273786171
2025-01-20,1.039529292610619
2025-01-21,1.049692561265868
2025-01-22,1.06361601325633
2025-01-23,1.109994137967294
2025-01-24,1.033484665102905
2025-01-25,1.020902741172038
2025-01-26,1.016571071575481
2025-01-27,1.023491474794843
2025-01-28,1.035140557361069
2025-01-29,1.014664860590276
2025-01-30,1.037627454851527
2025-01-31,1.02098936193051
2025-02-01,1.013582000325278
2025-02-02,1.001420486171755
2025-02-03,1.01084365853501
2025-02-04,1.051414760877485
2025-02-05,1.042704234965696
2025-02-06,1.041434959494612
2025-02-07,1.014814267810941
2025-02-08,1.011721789010158
2025-02-09,1.085820308490794
2025-02-10,1.013842634150362
2025-02-11,1.026463071554115
2025-02-12,1.010356991310783
2025-02-13,1.006587392277265
2025-02-14,1.017370035328852
2025-02-15,1.015914341924703
2025-02-16,1.005103604036989
2025-02-17,1.0050300639794
2025-02-18,1.009425052973789
2025-02-19,1.008099417086717
2025-02-20,1.014737060691994
2025-02-21,1.014187684514134
2025-02-22,1.020853806713498
2025-02-23,1.009164639860089
2025-02-24,1.009959579220155
2025-02-25,0.9953311390194748
2025-02-26,0.9882504751907336
2025-02-27,1.003690676302326
2025-02-28,0.9811621946604372
2025-03-01,0.9992461606028323
2025-03-02,1.025761174877348
2025-03-03,1.016027908816161
2025-03-04,0.9821118218961348
2025-03-05,1.017877529636745
2025-03-06,1.04385371776981
2025-03-07,1.003177479996791
2025-03-08,0.9979578281203133
2025-03-09,0.9948640421085283
2025-03-10,0.9945505977068426
2025-03-11,1.002402170236065
2025-03-12,1.012364561674899
2025-03-13,0.9985095939752676
2025-03-14,1.017130673541976
2025-03-15,1.007123289941065
2025-03-16,1.004663211060253
2025-03-17,0.9979337857659514
2025-03-18,1.000448885767767
2025-03-19,1.019285920326894
2025-03-20,1.023386434054653
2025-03-21,0.994996893325948
2025-03-22,1.021259482447877
2025-03-23,1.008639055429404
2025-03-24,1.02171531862342
2025-03-25,1.006014969294875
2025-03-26,1.011994130821394
2025-03-27,1.0076678028438
2025-03-28,1.036193599376921
2025-03-29,0.9938766903008733
2025-03-30,0.9891298433267028
2025-03-31,0.9943322034021774
2025-04-01,0.9993008766277686
2025-04-02,1.024722912032384
2025-04-03,1.04362923107498
2025-04-04,1.008600221558047
2025-04-05,1.006621435075458
2025-04-06,0.9966116980098432
2025-04-07,0.9966222533118676
2025-04-08,0.9959319150247421
2025-04-09,1.007002224708796
2025-04-10,1.019447030091611
2025-04-11,1.005126174488497
2025-04-12,1.018339838884222
2025-04-13,1.02329561851431
2025-04-14,1.018006417658628
2025-04-15,0.9836534845364276
2025-04-16,1.010299372418403
2025-04-17,0.9518483375416186
2025-04-18,1.008446457823841
2025-04-19,1.002130211514171
2025-04-20,1.008463009754778
2025-04-21,1.022150180657295
2025-04-22,1.037794121065232
2025-04-23,1.060815673402629
2025-04-24,1.040786394939769
2025-04-25,1.080749049635201
2025-04-26,1.027333711097116
2025-04-27,1.015366203980271
2025-04-28,1.03635182603637
2025-04-29,1.049741511619531
2025-04-30,1.026769164912408
2025-05-01,1.034333011818823
2025-05-02,1.038257501708195
2025-05-03,1.018886957810995
2025-05-04,1.004221766262147
2025-05-05,1.055336496022079
2025-05-06,1.044535194653204
2025-05-07,1.036476654681286
2025-05-08,1.0540561686469
2025-05-09,1.052406997246814
2025-05-10,1.021286572521351
2025-05-11,1.024875236266435
2025-05-12,1.040799652125273
2025-05-13,1.056317906354382
2025-05-14,1.030951941906497
2025-05-15,1.060441716560974
2025-05-16,1.037401239960413
2025-05-17,1.018424733636143
2025-05-18,1.032791383534736
2025-05-19,1.058832836092312
2025-05-20,1.050887356829039
2025-05-21,1.071342957006503
2025-05-22,1.057993320925059
2025-05-23,1.038474808340921
2025-05-24,1.014830062927604
2025-05-25,1.022061168969801
2025-05-26,1.077157261822345
2025-05-27,1.08209610947705
2025-05-28,1.032859371458172
2025-05-29,1.053868201680791
2025-05-30,1.021387815027433
2025-05-31,1.002362576977561
2025-06-01,1.00834110306202
2025-06-02,1.056076602277803
2025-06-03,1.045926024749714
2025-06-04,1.040952490376851
2025-06-05,1.004566154957769
2025-06-06,1.015239227150028
2025-06-07,1.023597131685287
2025-06-08,1.02336085325812
2025-06-09,1.025576814492567
2025-06-10,1.035939314162743
2025-06-11,1.029606961633567
2025-06-12,1.01272704094879
2025-06-13,1.042150490431761
2025-06-14,1.012295713692121
2025-06-15,1.028656329859976
2025-06-16,1.057593206267555
2025-06-17,1.005696011580169
2025-06-18,1.020732697590963
2025-06-19,1.020160007056098
2025-06-20,1.01596997470805
2025-06-21,1.013655069900248
2025-06-22,1.008560717869963
2025-06-23,1.019043887482019
2025-06-24,1.035179847276645
2025-06-25,1.037049878092431
2025-06-26,1.061349387281847
2025-06-27,1.059490350767254
2025-06-28,1.013090435742299
2025-06-29,1.024037840326444
2025-06-30,1.06373326429705
2025-07-01,1.024803811590623
2025-07-02,1.033743703223969
2025-07-03,1.041544091206421
2025-07-04,1.314877047203554
2025-07-05,1.010994291710542
2025-07-06,1.016032287073291
2025-07-07,1.048986867689419
2025-07-08,1.060557416873891
2025-07-09,1.078284996925631
2025-07-10,1.033937631271346
2025-07-11,1.061525650101039
2025-07-12,1.053387779824438
2025-07-13,1.030457549627147
2025-07-14,1.06561845305646
2025-07-15,1.02563164931688
2025-07-16,1.091771767309754
2025-07-17,1.057648212282552
2025-07-18,1.033640880667015
2025-07-19,1.047473199859931
2025-07-20,1.018283325370271
2025-07-21,1.026475830979732
2025-07-22,1.051440087083994
2025-07-23,1.054449530716161
2025-07-24,1.03237678607711
2025-07-25,1.035816689369228
2025-07-26,1.018097997203827
2025-07-27,1.021433699918884
2025-07-28,1.034694172531166
2025-07-29,1.048438116164473
2025-07-30,1.034142027267807
2025-07-31,1.025870963152457
2025-08-01,1.006423300222934
2025-08-02,1.005803001582116
2025-08-03,1.021885386116241
2025-08-04,1.01561856308175
2025-08-05,1.018391301625245
2025-08-06,1.008482268535924
2025-08-07,1.036310857298416
2025-08-08,1.02572509042386
2025-08-09,1.010918195794468
2025-08-10,1.015835386201353
2025-08-11,1.020841839109021
2025-08-12,1.024664989150714
2025-08-13,1.026534335695119
2025-08-14,1.032355088271759
2025-08-15,1.01674411542128
2025-08-16,1.1196581808762
2025-08-17,1.008820034898186
2025-08-18,0.9999730803636506
2025-08-19,1.028704426105889
2025-08-20,1.010403010308516
2025-08-21,1.011395522692417
2025-08-22,1.029314598410824
2025-08-23,1.01334577848032
2025-08-24,1.00537675678474
2025-08-25,1.006415938840951
2025-08-26,1.00653364425048
2025-08-27,1.01138099790009
2025-08-28,1.024098537488787
2025-08-29,1.085427661019716
2025-08-30,1.006454212116223
2025-08-31,1.004601592712624
2025-09-01,1.00906063543551
2025-09-02,1.010791119596727
2025-09-03,1.010432281357204
2025-09-04,1.016612561819776
2025-09-05,1.045278617627727
2025-09-06,1.008900707762087
2025-09-07,1.012158274876328
2025-09-08,1.014877058910528
2025-09-09,1.010396121461578
2025-09-10,1.015884057366392
2025-09-11,1.02405346586053
2025-09-12,1.025061546843968
2025-09-13,1.016449426983141
2025-09-14,1.01238407532551
2025-09-15,1.017673466820242
2025-09-16,1.024849529846325
2025-09-17,1.033647034999488
2025-09-18,1.024153983697861
2025-09-19,1.050065311782165
2025-09-20,1.014285274127234
2025-09-21,1.015279469008315
2025-09-22,0.9977021585069615
2025-09-23,1.027992865938014
2025-09-24,1.028969743523691
2025-09-25,1.018855110846861
2025-09-26,1.00628921154499
2025-09-27,1.006429401226762
2025-09-28,1.010655789483584
2025-09-29,1.020827700672867
2025-09-30,1.032187142210208
2025-10-01,1.06815257780058
2025-10-02,1.039244989924705
2025-10-03,1.035697357367199
2025-10-04,1.033794226834236
2025-10-05,1.026192106262583
2025-10-06,1.031313023645799
2025-10-07,1.08073763584966
2025-10-08,1.031811118642676
2025-10-09,1.038945453323888
2025-10-10,1.006681143376757
2025-10-11,0.9980113672322043
2025-10-12,1.007648310725994
2025-10-13,1.005415554479765
2025-10-14,1.022258283452649
2025-10-15,1.083326648694988
2025-10-16,0.9916785491637345
2025-10-17,1.01156199164323
2025-10-18,1.008700168394626
2025-10-19,1.002448919665305
2025-10-20,1.010179921912127
2025-10-21,1.019672698955705
2025-10-22,1.038898768781157
2025-10-23,1.020160017094523
2025-10-24,1.012243437460787
2025-10-25,1.01140429826066
2025-10-26,1.024946366747407
2025-10-27,1.031954284129137
2025-10-28,1.048655857649984
2025-10-29,1.033979469496007
2025-10-30,1.034972647505738
2025-10-31,1.010795186947684
2025-11-01,1.022547507430644
2025-11-02,1.006876926586384
2025-11-03,1.009603757507477
2025-11-04,0.9924110148742213
2025-11-05,0.9968092876991818
2025-11-06,0.9988621873953271
2025-11-07,1.05426784774608
2025-11-08,1.009824923591299
2025-11-09,1.007180804954394
2025-11-10,1.019878299859308
2025-11-11,1.007110114980062
2025-11-12,1.007847982912337
2025-11-13,0.993820007393468
2025-11-14,0.9808301140723523
2025-11-15,1.002084057916139
2025-11-16,0.9949864305182079
2025-11-17,0.9908998499527706
2025-11-18,1.007500843139141
2025-11-19,0.9823917387959782
2025-11-20,0.9899537515063067
2025-11-21,0.9501993556840712
2025-11-22,1.033855306078995
2025-11-23,1.183940920720989
2025-11-24,0.99786259181964
2025-11-25,0.9962837892934092
2025-11-26,1.029460850305223
2025-11-27,0.996944472785736
2025-11-28,0.9937890374220711
2025-11-29,0.9985715417915779
2025-11-30,0.9958577258172442
2025-12-01,0.9821569784788119
2025-12-02,0.9864879808656144
2025-12-03,1.008756090905979
2025-12-04,1.001784982353472
2025-12-05,0.97562841537607
2025-12-06,1.000023854241213
2025-12-07,0.997039249941013
2025-12-08,0.9953859331672051
2025-12-09,1.004321617248376
2025-12-10,1.03027426531239
2025-12-11,0.996449084788804
2025-12-12,0.9900354761085959
2025-12-13,1.000739394994106
2025-12-14,0.995833310508216
2025-12-15,0.9694414832400234
2025-12-16,0.994188992584579
2025-12-17,0.9883953387234015
2025-12-18,0.9963706364278866
2025-12-19,0.9961783933998031
2025-12-20,0.980053146762444
2025-12-21,1.004389813465884
2025-12-22,1.002738093542716
2025-12-23,0.9964009117225315
2025-12-24,0.9871745480472994
2025-12-25,1.004079745231985
2025-12-26,0.976779159497489
2025-12-27,0.9990399805651529
2025-12-28,0.9894839266030562
2025-12-29,0.9972685453419962
2025-12-30,0.9892655179304148
2025-12-31,0.9869738546508645
2026-01-01,0.9976081428964865
2026-01-02,1.000101001126291
2026-01-03,1.001509566317173
2026-01-04,1.00379633777286
2026-01-05,1.014592842221401
2026-01-06,1.008415333545249
2026-01-07,1.006930155495106
2026-01-08,0.9925089262103841
2026-01-09,0.990175264554401
2026-01-10,0.9999990517266196
2026-01-11,0.9905371954429166
2026-01-12,0.9968231849577203
2026-01-13,1.016886654050771
2026-01-14,1.020088250011969
2026-01-15,1.012340979814511
2026-01-16,1.004373458395676
2026-01-17,1.011056262628024
2026-01-18,1.006268576891193
2026-01-19,0.9981267804544413
2026-01-20,0.9851774273266348
2026-01-21,0.9860261210626958
2026-01-22,0.9948723776752694
2026-01-23,0.9253637162293898
2026-01-24,0.9973807305458484
2026-01-25,0.9932055382823466
2026-01-26,0.9950289907741052
2026-01-27,1.00116912366907
2026-01-28,0.9987608198207161
2026-01-29,0.9822809769710313
2026-01-30,0.9769956323828061
2026-01-31,0.9759202538520994
2026-02-01,0.9847079518061702
2026-02-02,0.9787176604180905
2026-02-03,0.961411897476082
2026-02-04,0.9600047075892713
2026-02-05,0.9286669335143188
2026-02-06,0.9668674667349857
2026-02-07,0.9576345361898833
2026-02-08,1.005118806402821
2026-02-09,0.9745059719509939
2026-02-10,0.973762880748813
2026-02-11,0.9595020756455817
2026-02-12,0.9634490747972053
2026-02-13,0.9721367950951071
2026-02-14,1.002573517674619
2026-02-15,0.9970726146230914
2026-02-16,0.9734107424178802
2026-02-17,0.9828083820700572
2026-02-18,0.9716590395336618
2026-02-19,0.9854091874651786
2026-02-20,0.9693211883316335
2026-02-21,1.000856164923863
2026-02-22,0.9945564301092396
2026-02-23,0.9628544335888173
2026-02-24,0.9600107814356271
2026-02-25,0.9913570681988066
2026-02-26,0.9954544440233656
2026-02-27,0.9778458559959902
2026-02-28,0.9875509317818529
2026-03-01,0.9915462900130914
2026-03-02,0.9945034660665961
2026-03-03,0.9925724079522353
2026-03-04,1.004194375271851
2026-03-05,0.9911310877380494
2026-03-06,0.9692604949379896
2026-03-07,0.9877055203314852
2026-03-08,0.9947159257405426
2026-03-09,0.9916659701853693
2026-03-10,1.000181541423061
2026-03-11,0.9608003327022687
2026-03-12,0.9887720859380128
2026-03-13,1.003518844091666
2026-03-14,0.9804884928966258
2026-03-15,1.006103194630803
2026-03-16,1.008763127187702
2026-03-17,1.000028009114565
2026-03-18,0.9841599961122561
2026-03-19,0.9811409392415018
2026-03-20,0.9892040696428374
2026-03-21,0.9999733089955837
2026-03-22,1.023384458622263
2026-03-23,0.9979851812156055
2026-03-24,0.9738971248731098
2026-03-25,0.9902413054363979
2026-03-26,0.990709651028198
2026-03-27,0.9681439776055493
2026-03-28,0.9820922722854585
2026-03-29,0.9927354973429294
2026-03-30,0.9795483934812449
2026-03-31,0.9951014264550313
2026-04-01,0.9993597586569444
2026-04-02,0.9817170530080265
2026-04-03,0.9909022560662321
2026-04-04,0.9979921569696971
2026-04-05,1.014161960741865
2026-04-06,1.002752441718276
2026-04-07,0.9949648295887455
2026-04-08,1.009771538666677
2026-04-09,1.000667481026431
2026-04-10,1.006711866428018
2026-04-11,1.010119584202162
2026-04-12,0.9949929542145558
2026-04-13,1.007398262422027
2026-04-14,1.003665506185899
2026-04-15,0.9959761725817772
2026-04-16,1.003241893717923
2026-04-17,1.014672484634566
2026-04-18,0.9995718554263724
2026-04-19,0.9951282931325401
2026-04-20,0.9922622915867813
2026-04-21,1.001463464513944
2026-04-22,0.9956207327988452
2026-04-23,0.9997403649818031
2026-04-24,0.9742577354689037
2026-04-25,0.9996273938574386
2026-04-26,1.005633035771464
2026-04-27,1.002039385598775
2026-04-28,0.9973575303722916
2026-04-29,0.9875298234623301
2026-04-30,0.9901245625931386
2026-05-01,1.014572057326063
2026-05-02,1.002592100529816
2026-05-03,1.0102461242911
2026-05-04,1.030885832416327
2026-05-05,1.01556334449592
2026-05-06,1.00906682820684
2026-05-07,1.00082874987406
2026-05-08,1.000641625558854
2026-05-09,1.005414456172596
2026-05-10,1.007881367179906
2026-05-11,1.006661975871306
2026-05-12,1.002606259778888
2026-05-13,0.9999324403718753
2026-05-14,0.9996031149822089
2026-05-15,0.9975518219162502
2026-05-16,0.9964264088171726
2026-05-17,0.9999780394195877
2026-05-18,0.9891108920100808
2026-05-19,0.9854707703760576
2026-05-20,0.9946947036704222
2026-05-21,0.9956522700391538
2026-05-22,0.9885752300759699
2026-05-23,0.992870478491791
2026-05-24,0.9997100426282176
2026-05-25,1.006003764032128
2026-05-26,0.9892033633407277
2026-05-27,0.9884823172101713
2026-05-28,0.9667641744747958
2026-05-29,0.9776431824507036
2026-05-30,0.9905623669755911
2026-05-31,0.9985684746792048
2026-06-01,0.9814855193573644
2026-06-02,0.9601361717203718
2026-06-03,0.9528715631106046
2026-06-04,0.9547217351642528
2026-06-05,0.9522647678214036
2026-06-06,0.9709087747215991
2026-06-07,1.002299537547598
2026-06-08,0.9897152523272847
2026-06-09,0.9747070939833399
2026-06-10,0.9662254965458708
2026-06-11,0.9780324889640363
2026-06-12,0.9935534611944806
2026-06-13,0.9987776874595988
2026-06-14,1.001530199311427
2026-06-15,0.9937740073480181
2026-06-16,0.9908092697232952
2026-06-17,0.991578926997626
2026-06-18,0.9772032299238371
2026-06-19,0.9837492900968975
2026-06-20,0.9997767573723156
2026-06-21,1.032582138784359
2026-06-22,0.9969735284990087
2026-06-23,0.97459461734194
2026-06-24,0.9746807181271053
2026-06-25,0.9486229678240278
2026-06-26,0.9705210892251724
2026-06-27,0.9989569203256263
2026-06-28,0.9880152505406958
2026-06-29,0.9665400702429549
2026-06-30,0.9564572486596369
2026-07-01,0.9863530363052952
2026-07-02,0.992115219804707
2026-07-03,1.000187669346027
2026-07-04,1.00151127039659
2026-07-05,1.000389688799429
2026-07-06,0.996485269848636
2026-07-07,0.9979599712597296
2026-07-08,0.9875146678356541
2026-07-09,0.9957372072048915
2026-07-10,0.9718423493027235
2026-07-11,1.001167497778952
2026-07-12,1.00022939328866
2026-07-13,0.955603823415204
2026-07-14,0.9804699285617553
2026-07-15,0.9916033005228763
2026-07-16,0.9995073363850525
2026-07-17,0.9896715608385517
2026-07-18,0.9960312165558554
2026-07-19,1.007844608445597
2026-07-20,1.00709959449887
2026-07-21,1.012047836000258
2026-07-22,0.9945463202433837
2026-07-23,0.9952901967239477
2026-07-24,0.9864731574984578
