date,supply_in_profit
2010-01-01,0.0
2010-01-02,0.0
2010-01-03,0.0
2010-01-04,0.0
2010-01-05,0.0
2010-01-06,0.0
2010-01-07,0.0
2010-01-08,0.0
2010-01-09,0.0
2010-01-10,0.0
2010-01-11,0.0
2010-01-12,0.0
2010-01-13,0.0
2010-01-14,0.0
2010-01-15,0.0
2010-01-16,0.0
2010-01-17,0.0
2010-01-18,0.0
2010-01-19,0.0
2010-01-20,0.0
2010-01-21,0.0
2010-01-22,0.0
2010-01-23,0.0
2010-01-24,0.0
2010-01-25,0.0
2010-01-26,0.0
2010-01-27,0.0
2010-01-28,0.0
2010-01-29,0.0
2010-01-30,0.0
2010-01-31,0.0
2010-02-01,0.0
2010-02-02,0.0
2010-02-03,0.0
2010-02-04,0.0
2010-02-05,0.0
2010-02-06,0.0
2010-02-07,0.0
2010-02-08,0.0
2010-02-09,0.0
2010-02-10,0.0
2010-02-11,0.0
2010-02-12,0.0
2010-02-13,0.0
2010-02-14,0.0
2010-02-15,0.0
2010-02-16,0.0
2010-02-17,0.0
2010-02-18,0.0
2010-02-19,0.0
2010-02-20,0.0
2010-02-21,0.0
2010-02-22,0.0
2010-02-23,0.0
2010-02-24,0.0
2010-02-25,0.0
2010-02-26,0.0
2010-02-27,0.0
2010-02-28,0.0
2010-03-01,0.0
2010-03-02,0.0
2010-03-03,0.0
2010-03-04,0.0
2010-03-05,0.0
2010-03-06,0.0
2010-03-07,0.0
2010-03-08,0.0
2010-03-09,0.0
2010-03-10,0.0
2010-03-11,0.0
2010-03-12,0.0
2010-03-13,0.0
2010-03-14,0.0
2010-03-15,0.0
2010-03-16,0.0
2010-03-17,0.0
2010-03-18,0.0
2010-03-19,0.0
2010-03-20,0.0
2010-03-21,0.0
2010-03-22,0.0
2010-03-23,0.0
2010-03-24,0.0
2010-03-25,0.0
2010-03-26,0.0
2010-03-27,0.0
2010-03-28,0.0
2010-03-29,0.0
2010-03-30,0.0
2010-03-31,0.0
2010-04-01,0.0
2010-04-02,0.0
2010-04-03,0.0
2010-04-04,0.0
2010-04-05,0.0
2010-04-06,0.0
2010-04-07,0.0
2010-04-08,0.0
2010-04-09,0.0
2010-04-10,0.0
2010-04-11,0.0
2010-04-12,0.0
2010-04-13,0.0
2010-04-14,0.0
2010-04-15,0.0
2010-04-16,0.0
2010-04-17,0.0
2010-04-18,0.0
2010-04-19,0.0
2010-04-20,0.0
2010-04-21,0.0
2010-04-22,0.0
2010-04-23,0.0
2010-04-24,0.0
2010-04-25,0.0
2010-04-26,0.0
2010-04-27,0.0
2010-04-28,0.0
2010-04-29,0.0
2010-04-30,0.0
2010-05-01,0.0
2010-05-02,0.0
2010-05-03,0.0
2010-05-04,0.0
2010-05-05,0.0
2010-05-06,0.0
2010-05-07,0.0
2010-05-08,0.0
2010-05-09,0.0
2010-05-10,0.0
2010-05-11,0.0
2010-05-12,0.0
2010-05-13,0.0
2010-05-14,0.0
2010-05-15,0.0
2010-05-16,0.0
2010-05-17,0.0
2010-05-18,0.0
2010-05-19,0.0
2010-05-20,0.0
2010-05-21,0.0
2010-05-22,0.0
2010-05-23,0.0
2010-05-24,0.0
2010-05-25,0.0
2010-05-26,0.0
2010-05-27,0.0
2010-05-28,0.0
2010-05-29,0.0
2010-05-30,0.0
2010-05-31,0.0
2010-06-01,0.0
2010-06-02,0.0
2010-06-03,0.0
2010-06-04,0.0
2010-06-05,0.0
2010-06-06,0.0
2010-06-07,0.0
2010-06-08,0.0
2010-06-09,0.0
2010-06-10,0.0
2010-06-11,0.0
2010-06-12,0.0
2010-06-13,0.0
2010-06-14,0.0
2010-06-15,0.0
2010-06-16,0.0
2010-06-17,0.0
2010-06-18,0.0
2010-06-19,0.0
2010-06-20,0.0
2010-06-21,0.0
2010-06-22,0.0
2010-06-23,0.0
2010-06-24,0.0
2010-06-25,0.0
2010-06-26,0.0
2010-06-27,0.0
2010-06-28,0.0
2010-06-29,0.0
2010-06-30,0.0
2010-07-01,0.0
2010-07-02,0.0
2010-07-03,0.0
2010-07-04,0.0
2010-07-05,0.0
2010-07-06,0.0
2010-07-07,0.0
2010-07-08,0.0
2010-07-09,0.0
2010-07-10,0.0
2010-07-11,0.0
2010-07-12,0.0
2010-07-13,0.0
2010-07-14,0.0
2010-07-15,0.0
2010-07-16,0.0
2010-07-17,3439000.0
2010-07-18,3447600.0
2010-07-19,3420972.74
2010-07-20,3406833.26
2010-07-21,3445542.22
2010-07-22,3405453.98
2010-07-23,3403474.08
2010-07-24,3378631.61
2010-07-25,3352691.2
2010-07-26,3359264.58
2010-07-27,3432438.68
2010-07-28,3419893.61
2010-07-29,3505166.8
2010-07-30,3474250.53
2010-07-31,3504032.85
2010-08-01,3414614.49
2010-08-02,3376454.94
2010-08-03,3492516.09
2010-08-04,3325489.97
2010-08-05,3429192.29
2010-08-06,3518754.48
2010-08-07,3338246.38
2010-08-08,3438681.0
2010-08-09,3599172.14
2010-08-10,3578854.75
2010-08-11,3554315.33
2010-08-12,3612252.15
2010-08-13,3521529.92
2010-08-14,3567217.69
2010-08-15,3528914.81
2010-08-16,3528099.47
2010-08-17,3660345.21
2010-08-18,3607093.08
2010-08-19,3570594.4
2010-08-20,3483862.28
2010-08-21,3468761.25
2010-08-22,3470552.0
2010-08-23,3511413.32
2010-08-24,3503924.28
2010-08-25,3507671.08
2010-08-26,3471163.02
2010-08-27,3523474.46
2010-08-28,3536048.28
2010-08-29,3461802.75
2010-08-30,3463484.6400001
2010-08-31,3287457.3
2010-09-01,3466810.6999989
2010-09-02,3478638.5299989
2010-09-03,3364052.2100004
2010-09-04,3470520.3800005
2010-09-05,3431652.3400005
2010-09-06,3500579.3099989
2010-09-07,3354120.9500004
2010-09-08,3527703.109999
2010-09-09,3337104.3500004
2010-09-10,3531206.249999
2010-09-11,3533118.519999
2010-09-12,3546509.699999
2010-09-13,3540630.6099989
2010-09-14,3536900.4399989
2010-09-15,3252374.67
2010-09-16,3565926.8099989
2010-09-17,3218074.63
2010-09-18,3379910.3100004
2010-09-19,3701439.009999
2010-09-20,3709988.209999
2010-09-21,3707776.359999
2010-09-22,3566403.18039538
2010-09-23,3533852.87039538
2010-09-24,3529963.37039538
2010-09-25,3547059.31039538
2010-09-26,3539046.60039538
2010-09-27,3521466.11039538
2010-09-28,3505072.45038162
2010-09-29,3515710.40038162
2010-09-30,3536285.74038162
2010-10-01,3552310.99038162
2010-10-02,3132434.3700004
2010-10-03,3128653.4600004
2010-10-04,3157536.54000139
2010-10-05,3098596.46000139
2010-10-06,3881731.72998603
2010-10-07,4050549.01998812
2010-10-08,4173496.28998812
2010-10-09,4209640.34998812
2010-10-10,4126249.38998812
2010-10-11,4152913.63998812
2010-10-12,4089563.81998812
2010-10-13,4181243.12998812
2010-10-14,4184713.35998812
2010-10-15,4203125.92998812
2010-10-16,4093841.80998703
2010-10-17,4129003.50998812
2010-10-18,4133317.63998812
2010-10-19,4024587.95998703
2010-10-20,4033245.25998703
2010-10-21,4276298.26998812
2010-10-22,4281116.74998812
2010-10-23,4265517.10998812
2010-10-24,4308796.40998812
2010-10-25,4311922.63998812
2010-10-26,4328048.70998812
2010-10-27,4353046.20998812
2010-10-28,4218023.41998812
2010-10-29,4387118.76998812
2010-10-30,4435699.99998812
2010-10-31,4388214.16998812
2010-11-01,4437745.89998812
2010-11-02,4405273.92998812
2010-11-03,4471339.02998812
2010-11-04,4397693.86890024
2010-11-05,4474889.86998812
2010-11-06,4488309.40998812
2010-11-07,4475525.19998812
2010-11-08,4172230.39998812
2010-11-09,4114374.54890024
2010-11-10,4180017.73998812
2010-11-11,4134634.84890024
2010-11-12,4249200.75998812
2010-11-13,4242100.48998812
2010-11-14,4240891.56998812
2010-11-15,4174336.58998812
2010-11-16,4071978.50890024
2010-11-17,4055741.56890024
2010-11-18,4212397.91890024
2010-11-19,4295284.39890024
2010-11-20,4325031.88998812
2010-11-21,4271332.73890024
2010-11-22,4313103.18998812
2010-11-23,4326408.27998812
2010-11-24,4331640.53998812
2010-11-25,4266179.42890024
2010-11-26,4391557.67998812
2010-11-27,4340915.19998812
2010-11-28,4244694.71890024
2010-11-29,3982367.95890024
2010-11-30,3963142.89890024
2010-12-01,4064522.14890024
2010-12-02,4155857.76890024
2010-12-03,4198526.96890024
2010-12-04,3922140.55294682
2010-12-05,3828119.58890024
2010-12-06,3963778.21905205
2010-12-07,4146644.02953779
2010-12-08,4074711.19518298
2010-12-09,3956033.40248771
2010-12-10,3975017.77513163
2010-12-11,4140982.77223198
2010-12-12,4069201.97389257
2010-12-13,4201667.06017539
2010-12-14,4349956.67108266
2010-12-15,4232375.98644183
2010-12-16,4367909.53224901
2010-12-17,4225770.80742821
2010-12-18,4248632.94293494
2010-12-19,4187682.79374989
2010-12-20,4447252.3931864
2010-12-21,4134971.55816048
2010-12-22,4372304.85333699
2010-12-23,4369276.46333651
2010-12-24,4289742.5606076
2010-12-25,4370657.82387261
2010-12-26,4435114.48737436
2010-12-27,4519013.14083673
2010-12-28,4588004.18843127
2010-12-29,4805499.32315133
2010-12-30,4803309.61136971
2010-12-31,4796276.77136971
2011-01-01,4788265.29136971
2011-01-02,4789840.7149833
2011-01-03,4723697.46543837
2011-01-04,4673777.21905322
2011-01-05,4740473.68116195
2011-01-06,4741730.72229254
2011-01-07,4896043.19798729
2011-01-08,4916258.15998724
2011-01-09,4916573.86764157
2011-01-10,4899113.95377263
2011-01-11,4918204.21377263
2011-01-12,5046962.86998724
2011-01-13,4768682.00328969
2011-01-14,5114169.48625584
2011-01-15,5079028.11625584
2011-01-16,5082740.38772342
2011-01-17,5005644.92710244
2011-01-18,4623070.50695357
2011-01-19,4611026.82084691
2011-01-20,5125545.84772342
2011-01-21,5180875.70998724
2011-01-22,5201764.16950148
2011-01-23,5139635.68497407
2011-01-24,5130084.40716109
2011-01-25,5101487.89992215
2011-01-26,5093944.04898134
2011-01-27,5026979.12497407
2011-01-28,5099825.61998724
2011-01-29,5032432.33207718
2011-01-30,5264077.23998724
2011-01-31,5231086.24998724
2011-02-01,5254466.38998724
2011-02-02,5244371.21998724
2011-02-03,5148457.96093077
2011-02-04,5312349.99998724
2011-02-05,5316442.94886136
2011-02-06,5301804.68172461
2011-02-07,5214067.74886136
2011-02-08,5179556.51552526
2011-02-09,5315651.22987932
2011-02-10,5264677.02881823
2011-02-11,5296441.5006614
2011-02-12,5318785.89095943
2011-02-13,5277996.64983355
2011-02-14,5320373.15958218
2011-02-15,5243609.04796216
2011-02-16,5244293.1684563
2011-02-17,5221632.28796216
2011-02-18,5183570.98035641
2011-02-19,5130317.50493842
2011-02-20,5008945.89258721
2011-02-21,5024409.58258721
2011-02-22,5193341.87493842
2011-02-23,5162795.11493842
2011-02-24,5297331.97772633
2011-02-25,5266702.41627289
2011-02-26,5257048.67675865
2011-02-27,4978556.2165889
2011-02-28,4885475.28172775
2011-03-01,4871567.54840842
2011-03-02,5198354.16235568
2011-03-03,5031133.30825568
2011-03-04,4697865.8181873
2011-03-05,4767801.86068732
2011-03-06,4650577.59932345
2011-03-07,4578227.84302776
2011-03-08,4583201.90924298
2011-03-09,4654055.460643
2011-03-10,5191485.21063539
2011-03-11,4797029.22413148
2011-03-12,4741134.05392635
2011-03-13,4714269.02080508
2011-03-14,4761099.84993832
2011-03-15,4574512.142026
2011-03-16,4506975.62329615
2011-03-17,4494622.26037861
2011-03-18,4405685.60055313
2011-03-19,4422330.08055313
2011-03-20,4411812.33564857
2011-03-21,4416009.50597032
2011-03-22,4482942.2269228
2011-03-23,4596520.58004276
2011-03-24,4741201.00993393
2011-03-25,4765962.01221431
2011-03-26,4442491.17203942
2011-03-27,4409152.59265366
2011-03-28,4377257.68234809
2011-03-29,4389955.89658541
2011-03-30,4365618.71907959
2011-03-31,4384044.08487663
2011-04-01,4361246.72215938
2011-04-02,4382392.25834968
2011-04-03,4390792.09834968
2011-04-04,4255887.69740746
2011-04-05,4386897.17207315
2011-04-06,4412018.23310451
2011-04-07,4441151.85666961
2011-04-08,4401838.67119752
2011-04-09,4349543.85938285
2011-04-10,4315836.05669364
2011-04-11,4637702.74686642
2011-04-12,4822614.78677437
2011-04-13,5428388.27220053
2011-04-14,5739189.08450297
2011-04-15,5695350.98113051
2011-04-16,5765975.77418467
2011-04-17,5941455.55998718
2011-04-18,5930810.19291092
2011-04-19,5857859.33950142
2011-04-20,5786453.4753808
2011-04-21,5908459.61859275
2011-04-22,5969896.7297858
2011-04-23,5945356.69898114
2011-04-24,5898135.93887004
2011-04-25,5893610.33560412
2011-04-26,5988328.03075908
2011-04-27,5969003.80091173
2011-04-28,6019616.41285617
2011-04-29,6030475.47633756
2011-04-30,5793308.60653276
2011-05-01,5759951.12705965
2011-05-02,5780154.21859296
2011-05-03,5769242.30588697
2011-05-04,5804544.20694523
2011-05-05,5687016.41495605
2011-05-06,5754181.26425802
2011-05-07,5862913.29222894
2011-05-08,5903743.58242247
2011-05-09,6109569.99634475
2011-05-10,6135076.21414771
2011-05-11,6058283.08672396
2011-05-12,6169613.32570517
2011-05-13,6176557.04006128
2011-05-14,5843061.33900995
2011-05-15,5893099.99358759
2011-05-16,5874741.40803501
2011-05-17,5729234.46646498
2011-05-18,5612988.47940776
2011-05-19,5696426.95254043
2011-05-20,5429875.90087389
2011-05-21,5803341.55204721
2011-05-22,5948092.69350364
2011-05-23,6061339.81117031
2011-05-24,6104635.39499934
2011-05-25,6275405.67816899
2011-05-26,6329690.91776897
2011-05-27,5978986.18412463
2011-05-28,5938677.27733005
2011-05-29,5934491.84094519
2011-05-30,6349037.32473848
2011-05-31,5945035.56551099
2011-06-01,6391915.78772462
2011-06-02,6404137.27346234
2011-06-03,6396521.03931886
2011-06-04,6421878.42343445
2011-06-05,6316246.68334895
2011-06-06,6266383.84795421
2011-06-07,6435190.10800824
2011-06-08,6398705.61851066
2011-06-09,6318369.73758574
2011-06-10,5936276.32887678
2011-06-11,5645411.34429861
2011-06-12,5516689.07596032
2011-06-13,6032056.34669328
2011-06-14,6037034.37610672
2011-06-15,5775871.64702646
2011-06-16,4925218.39377218
2011-06-17,4971814.85326878
2011-06-18,5166508.36878014
2011-06-19,4906322.11896592
2011-06-20,4854635.62932192
2011-06-21,4818586.06035453
2011-06-22,4810138.4627167
2011-06-23,4801342.52235027
2011-06-24,4780098.96162525
2011-06-25,4772675.83046942
2011-06-26,4633276.18377655
2011-06-27,4653239.23590722
2011-06-28,4736658.91375066
2011-06-29,4725138.26410522
2011-06-30,4489984.32051119
2011-07-01,4468369.78171425
2011-07-02,4486911.6872577
2011-07-03,4582429.51261677
2011-07-04,4434271.92876001
2011-07-05,4397875.75604139
2011-07-06,4545764.80638784
2011-07-07,4600883.14099807
2011-07-08,4494198.92588236
2011-07-09,4567373.83440683
2011-07-10,4617461.9387474
2011-07-11,4524471.81192719
2011-07-12,4452215.05056212
2011-07-13,4428979.92419446
2011-07-14,4431772.03801263
2011-07-15,4394800.18987817
2011-07-16,4412665.71348209
2011-07-17,4395297.43285455
2011-07-18,5182755.3020392
2011-07-19,4967154.06684988
2011-07-20,4832878.59157016
2011-07-21,4822861.23917618
2011-07-22,4869437.22132584
2011-07-23,4904214.16857877
2011-07-24,5178778.56944229
2011-07-25,5172087.46298371
2011-07-26,5180466.3083648
2011-07-27,4948802.61159966
2011-07-28,4752660.09210355
2011-07-29,4781340.92648192
2011-07-30,4763246.72137072
2011-07-31,4890872.24602878
2011-08-01,4825187.24599488
2011-08-02,4184853.76147136
2011-08-03,4179606.32059097
2011-08-04,4235869.569248
2011-08-05,4170113.62888071
2011-08-06,3880194.16826462
2011-08-07,4074059.48428835
2011-08-08,4117870.53822407
2011-08-09,4404577.09700165
2011-08-10,4452113.51161771
2011-08-11,4362070.53611936
2011-08-12,4400723.40033984
2011-08-13,4535811.98439087
2011-08-14,4570123.25296532
2011-08-15,4676929.99029311
2011-08-16,4482667.40786478
2011-08-17,4643163.12373498
2011-08-18,4505849.02870842
2011-08-19,4759550.25199653
2011-08-20,4757466.18931562
2011-08-21,4660852.61479908
2011-08-22,4449503.10423673
2011-08-23,4564417.05694954
2011-08-24,4402423.05650658
2011-08-25,4261162.9745918
2011-08-26,4058500.24732232
2011-08-27,4797008.38011249
2011-08-28,4874899.50390116
2011-08-29,4832004.36231745
2011-08-30,4785062.28944129
2011-08-31,4043364.97450558
2011-09-01,4115050.86130031
2011-09-02,4169655.94667075
2011-09-03,4138236.00547362
2011-09-04,3994872.2726822
2011-09-05,3813264.64944313
2011-09-06,3813197.76150364
2011-09-07,3918724.34941169
2011-09-08,3722237.06410715
2011-09-09,3682710.56339758
2011-09-10,3658433.12682739
2011-09-11,4487301.78306374
2011-09-12,3743649.85535822
2011-09-13,3743164.35069328
2011-09-14,3720049.20578926
2011-09-15,3664814.85173382
2011-09-16,3664762.55191576
2011-09-17,3661738.56312174
2011-09-18,3803541.00573678
2011-09-19,3873929.65854541
2011-09-20,4702551.67453757
2011-09-21,3818564.31160188
2011-09-22,3800029.85511379
2011-09-23,3840642.12752277
2011-09-24,3770630.16355536
2011-09-25,3744885.14599971
2011-09-26,3676979.60765899
2011-09-27,3700420.19240726
2011-09-28,3665896.17401683
2011-09-29,3698358.03008844
2011-09-30,3817384.69974317
2011-10-01,3810369.32525289
2011-10-02,3795931.50177184
2011-10-03,3794125.57468462
2011-10-04,3811432.44775419
2011-10-05,3733317.20343125
2011-10-06,3719222.99432598
2011-10-07,3621404.70106876
2011-10-08,3644161.46781027
2011-10-09,3662820.22000862
2011-10-10,3619600.86683521
2011-10-11,3680133.9141654
2011-10-12,3782573.77634439
2011-10-13,3687174.84154886
2011-10-14,3650374.45512956
2011-10-15,3581079.65980119
2011-10-16,3592068.49025183
2011-10-17,3480916.84374494
2011-10-18,3433593.97382058
2011-10-19,3451421.39104258
2011-10-20,3548735.56522163
2011-10-21,3617660.30743907
2011-10-22,3702499.22624219
2011-10-23,3669990.79373967
2011-10-24,3541626.32244886
2011-10-25,3591646.14264762
2011-10-26,3691447.84881215
2011-10-27,3828909.35448029
2011-10-28,3793811.37800619
2011-10-29,3892562.7967623
2011-10-30,3733081.36470445
2011-10-31,3788831.99153137
2011-11-01,3757979.46691789
2011-11-02,3781444.31046988
2011-11-03,3736903.04432691
2011-11-04,3664800.58693534
2011-11-05,3596793.97574278
2011-11-06,3651177.33128689
2011-11-07,3692855.653698
2011-11-08,3778613.81229624
2011-11-09,3576353.43682084
2011-11-10,3610033.07796984
2011-11-11,3813518.34687701
2011-11-12,3741349.6261021
2011-11-13,3415275.81617563
2011-11-14,3377307.18380819
2011-11-15,3446555.84702657
2011-11-16,4257541.10016167
2011-11-17,3372477.70040736
2011-11-18,3377608.20624907
2011-11-19,4026952.96814818
2011-11-20,3396418.01338017
2011-11-21,4130571.41137004
2011-11-22,4228907.00017681
2011-11-23,4180218.80345146
2011-11-24,4219872.87705548
2011-11-25,4555597.87889731
2011-11-26,4421876.38028193
2011-11-27,4610378.84154432
2011-11-28,4735359.91426676
2011-11-29,4152095.58500548
2011-11-30,4917150.58385552
2011-12-01,5099105.94532609
2011-12-02,5055157.89757263
2011-12-03,4105174.97027652
2011-12-04,4182705.11223977
2011-12-05,4305890.89304976
2011-12-06,4311241.11068777
2011-12-07,4351362.28253786
2011-12-08,4937078.81797552
2011-12-09,4392898.06512138
2011-12-10,5071613.95549763
2011-12-11,5193211.38789873
2011-12-12,5075545.23903734
2011-12-13,4981820.94834821
2011-12-14,4876104.68379193
2011-12-15,5124990.38380972
2011-12-16,5091567.00670535
2011-12-17,5106099.0377003
2011-12-18,5084441.28845751
2011-12-19,5461696.15890461
2011-12-20,5435629.02582767
2011-12-21,5329375.06937655
2011-12-22,5308191.21404714
2011-12-23,5414511.21875608
2011-12-24,5475071.92482417
2011-12-25,5654328.63320333
2011-12-26,5545870.05900587
2011-12-27,5634199.38325666
2011-12-28,5707539.80147576
2011-12-29,5570079.56024592
2011-12-30,5697462.54381732
2011-12-31,5785285.87558886
2012-01-01,5951409.0948373
2012-01-02,5786366.17152833
2012-01-03,5658932.64200999
2012-01-04,6093193.35023747
2012-01-05,6197145.87802138
2012-01-06,6000015.33528332
2012-01-07,6090655.16408926
2012-01-08,6154321.6061434
2012-01-09,5776601.08701038
2012-01-10,5925496.78682879
2012-01-11,6088078.87359544
2012-01-12,5834281.73803903
2012-01-13,5516102.20529268
2012-01-14,6050095.01718083
2012-01-15,6186689.08280463
2012-01-16,5764263.56181942
2012-01-17,5294848.15343744
2012-01-18,5409326.76074211
2012-01-19,5590556.25799289
2012-01-20,5842517.42761963
2012-01-21,5432807.43486803
2012-01-22,5571694.17871438
2012-01-23,5741838.28967617
2012-01-24,5510137.52762466
2012-01-25,5197474.67127523
2012-01-26,5030249.92890105
2012-01-27,5115163.05914833
2012-01-28,5273113.83929186
2012-01-29,5157989.9769773
2012-01-30,5224066.42184202
2012-01-31,5341663.27011945
2012-02-01,5701218.92514234
2012-02-02,5578547.43222436
2012-02-03,5641788.78672055
2012-02-04,5446109.19646774
2012-02-05,5169361.78619482
2012-02-06,5168615.61630843
2012-02-07,5555557.8395833
2012-02-08,5474555.31246884
2012-02-09,5711990.82785782
2012-02-10,5821774.70911739
2012-02-11,5085982.48024232
2012-02-12,5160926.68633041
2012-02-13,4876892.60957943
2012-02-14,4816190.71201166
2012-02-15,4529017.43459183
2012-02-16,4698423.66867158
2012-02-17,4939254.29606299
2012-02-18,4883952.05771466
2012-02-19,4994283.36430395
2012-02-20,5031725.51401689
2012-02-21,4840247.09285812
2012-02-22,5193256.54185014
2012-02-23,5509943.76951715
2012-02-24,5521774.69172282
2012-02-25,5152977.38868261
2012-02-26,5309335.65858069
2012-02-27,5253377.33030025
2012-02-28,5078106.12434448
2012-02-29,5288756.08340748
2012-03-01,5324818.57851314
2012-03-02,4984122.86491453
2012-03-03,4861359.70681423
2012-03-04,5249295.25578862
2012-03-05,5538097.11247029
2012-03-06,5697546.61903179
2012-03-07,5651271.48296837
2012-03-08,5225465.28888146
2012-03-09,5161799.89711107
2012-03-10,5013397.07962747
2012-03-11,5325654.51849065
2012-03-12,5328717.61549813
2012-03-13,6030872.79855098
2012-03-14,6021001.12208389
2012-03-15,6028487.96486151
2012-03-16,5951167.98082192
2012-03-17,5607341.29838762
2012-03-18,5752301.19280134
2012-03-19,4760453.53870445
2012-03-20,5033513.22887436
2012-03-21,5079432.53206385
2012-03-22,4659503.39202025
2012-03-23,4848430.82468382
2012-03-24,4669923.2334855
2012-03-25,4669681.5055884
2012-03-26,4658894.86609832
2012-03-27,5259799.90166849
2012-03-28,5224142.72268313
2012-03-29,5125544.22850621
2012-03-30,5684863.90629643
2012-03-31,5821529.87021801
2012-04-01,5251271.81338044
2012-04-02,5800360.99627777
2012-04-03,5846020.3456085
2012-04-04,5721906.99110911
2012-04-05,5614402.83470522
2012-04-06,5895384.0364239
2012-04-07,4772372.22483939
2012-04-08,5109859.90161663
2012-04-09,5347822.85589859
2012-04-10,5497992.68663157
2012-04-11,5836001.46020927
2012-04-12,5611337.89818198
2012-04-13,6032436.98709916
2012-04-14,6000071.76478789
2012-04-15,5704909.31621966
2012-04-16,6118781.01858112
2012-04-17,6239465.50623727
2012-04-18,6323974.55514119
2012-04-19,6258723.06417451
2012-04-20,6493279.20974681
2012-04-21,6383920.67272826
2012-04-22,6191647.80829566
2012-04-23,5734477.18196417
2012-04-24,5916123.56369578
2012-04-25,6192802.09205603
2012-04-26,5647729.00873708
2012-04-27,5769307.19151975
2012-04-28,5208946.78648424
2012-04-29,5002530.38566936
2012-04-30,5195291.40303643
2012-05-01,5823655.74114211
2012-05-02,5726741.94625806
2012-05-03,5870009.41743215
2012-05-04,6084628.92902137
2012-05-05,5596490.12492044
2012-05-06,5428066.5324805
2012-05-07,5902640.57064766
2012-05-08,5455191.41733178
2012-05-09,5494131.29996065
2012-05-10,5015706.92711444
2012-05-11,5212956.96591485
2012-05-12,5254886.7364016
2012-05-13,5160611.12746044
2012-05-14,5813771.27073382
2012-05-15,5979092.03519525
2012-05-16,6315847.18531728
2012-05-17,6401699.69926707
2012-05-18,6473558.26347318
2012-05-19,6532478.37197212
2012-05-20,6443671.24611848
2012-05-21,6319280.64472803
2012-05-22,6113597.72422941
2012-05-23,6566641.65602823
2012-05-24,6559248.80186563
2012-05-25,6464109.95896116
2012-05-26,6258294.07038156
2012-05-27,6221641.66660358
2012-05-28,6131118.52899183
2012-05-29,6125420.3240555
2012-05-30,6683935.73778593
2012-05-31,6889657.43946994
2012-06-01,6833126.84889045
2012-06-02,6741825.98935152
2012-06-03,6549994.67438618
2012-06-04,7054647.00229833
2012-06-05,7120650.3725876
2012-06-06,7133340.53062597
2012-06-07,7188888.6560582
2012-06-08,7177120.89182759
2012-06-09,6916204.05188384
2012-06-10,6746650.19401966
2012-06-11,6850564.39866192
2012-06-12,7287583.34184935
2012-06-13,7249112.28554379
2012-06-14,7274100.20665555
2012-06-15,7464660.80550565
2012-06-16,7514558.29936246
2012-06-17,7085992.00959228
2012-06-18,7269147.76789632
2012-06-19,7692931.99530976
2012-06-20,7801589.46172712
2012-06-21,7700423.00655193
2012-06-22,7355300.12879944
2012-06-23,7179765.59695959
2012-06-24,6973719.31426463
2012-06-25,6928471.63066638
2012-06-26,7393977.01452131
2012-06-27,7769026.36136959
2012-06-28,7449420.14993354
2012-06-29,7825096.24426884
2012-06-30,7810991.64241999
2012-07-01,7516420.78821683
2012-07-02,7783675.02533834
2012-07-03,7178693.52357536
2012-07-04,7177618.43542313
2012-07-05,7354552.05338455
2012-07-06,7838021.36337928
2012-07-07,7875670.57565872
2012-07-08,7890535.85204452
2012-07-09,7988444.06386527
2012-07-10,8036757.11998679
2012-07-11,7981917.4411437
2012-07-12,8140579.53730413
2012-07-13,7957992.82345619
2012-07-14,7830984.48362614
2012-07-15,8142931.33380774
2012-07-16,8365470.73134742
2012-07-17,8370563.67306793
2012-07-18,8338567.05939189
2012-07-19,7675495.22865683
2012-07-20,7798194.93111323
2012-07-21,8083166.88208873
2012-07-22,7587711.53975746
2012-07-23,7839439.95035349
2012-07-24,7752608.6016904
2012-07-25,8071276.22176423
2012-07-26,8344548.0225589
2012-07-27,8263351.52777139
2012-07-28,8090069.49157204
2012-07-29,7825404.88051139
2012-07-30,8379882.15571491
2012-07-31,8524910.26106453
2012-08-01,8474553.84817976
2012-08-02,8587891.21499356
2012-08-03,8563840.90863085
2012-08-04,8333657.96706515
2012-08-05,8495445.41918188
2012-08-06,8365163.70681721
2012-08-07,8656955.9441901
2012-08-08,8486636.31055293
2012-08-09,8499223.05865087
2012-08-10,8727357.94048054
2012-08-11,8605293.09474887
2012-08-12,8696645.22619929
2012-08-13,8776104.86966182
2012-08-14,8789232.51514485
2012-08-15,8879019.41323474
2012-08-16,8927330.18139621
2012-08-17,8258612.24055389
2012-08-18,8102695.41283601
2012-08-19,7453452.75340971
2012-08-20,7773016.18434632
2012-08-21,7623385.67318432
2012-08-22,7665851.57284822
2012-08-23,7897068.56787049
2012-08-24,8133222.63029802
2012-08-25,8157202.40101388
2012-08-26,8246337.19131231
2012-08-27,8311638.62304951
2012-08-28,8008109.11907914
2012-08-29,8045713.17885856
2012-08-30,7886343.34847258
2012-08-31,7246336.18125033
2012-09-01,7113656.03549624
2012-09-02,7633937.32013533
2012-09-03,7781324.80959547
2012-09-04,7520804.82486208
2012-09-05,8335032.8391544
2012-09-06,8578928.20361716
2012-09-07,8305603.11320996
2012-09-08,8490145.60042423
2012-09-09,8407372.78208498
2012-09-10,8353760.70864557
2012-09-11,8470276.79790578
2012-09-12,8400142.70584157
2012-09-13,8688624.91511125
2012-09-14,8734296.86299099
2012-09-15,8877325.77316086
2012-09-16,8859567.75595997
2012-09-17,8598160.00578948
2012-09-18,8875143.33961662
2012-09-19,8940291.50080797
2012-09-20,8576080.29529067
2012-09-21,8654788.3806933
2012-09-22,8383338.32625277
2012-09-23,8645108.7547316
2012-09-24,8249543.89541132
2012-09-25,8670678.37840975
2012-09-26,8931942.01856062
2012-09-27,8472946.5131317
2012-09-28,8910801.85863179
2012-09-29,8762005.95192751
2012-09-30,8795134.51888272
2012-10-01,8975208.75927772
2012-10-02,9076141.33326724
2012-10-03,9151394.13876467
2012-10-04,8925876.14378386
2012-10-05,8790275.48254999
2012-10-06,7863421.39635934
2012-10-07,7566215.53251337
2012-10-08,7590504.41469018
2012-10-09,7556035.15643305
2012-10-10,7987725.06940116
2012-10-11,7905996.13765108
2012-10-12,7678492.22129968
2012-10-13,7481714.82723565
2012-10-14,7230050.46209259
2012-10-15,7725014.83446053
2012-10-16,7588779.64803934
2012-10-17,7990782.21255848
2012-10-18,7901085.85340676
2012-10-19,7348623.96292679
2012-10-20,7475249.61836448
2012-10-21,7248596.31499171
2012-10-22,7637352.9752451
2012-10-23,7225139.64043529
2012-10-24,7043255.60764545
2012-10-25,6699194.95966636
2012-10-26,6364479.77601685
2012-10-27,6595074.21555716
2012-10-28,7093798.85216083
2012-10-29,7018293.14801042
2012-10-30,7238972.77785691
2012-10-31,7464136.62502651
2012-11-01,6764196.89364224
2012-11-02,6409294.61926062
2012-11-03,6803002.49610127
2012-11-04,7252378.19401124
2012-11-05,7096889.64735573
2012-11-06,7292130.58726091
2012-11-07,7517617.08462938
2012-11-08,7240626.81756599
2012-11-09,7218660.94265904
2012-11-10,6972214.33398554
2012-11-11,7182588.91270153
2012-11-12,7881548.40630491
2012-11-13,7600986.50141593
2012-11-14,7770256.85995493
2012-11-15,7947297.30978613
2012-11-16,8348368.21191493
2012-11-17,8443859.13080496
2012-11-18,7965654.25359081
2012-11-19,7927741.39660908
2012-11-20,8398732.37552868
2012-11-21,8285569.82127115
2012-11-22,9077052.27087969
2012-11-23,9117209.67936145
2012-11-24,9254710.34800246
2012-11-25,9376849.84077968
2012-11-26,8491010.01169482
2012-11-27,8744992.57465245
2012-11-28,8625715.44256685
2012-11-29,9478519.06314279
2012-11-30,9447565.61645957
2012-12-01,9508245.12366502
2012-12-02,9224236.62480049
2012-12-03,9468956.91556359
2012-12-04,9619151.67793658
2012-12-05,9532202.92818625
2012-12-06,9220695.78637653
2012-12-07,9351397.4253727
2012-12-08,9675537.95615109
2012-12-09,9144671.83913542
2012-12-10,9296084.05745395
2012-12-11,9696441.74331433
2012-12-12,9870265.25118878
2012-12-13,9569929.66433031
2012-12-14,9190513.79678841
2012-12-15,9361621.33108001
2012-12-16,8715310.74469338
2012-12-17,8797953.60217356
2012-12-18,8740987.33904062
2012-12-19,9609221.01450099
2012-12-20,9513969.40570001
2012-12-21,9018415.41560906
2012-12-22,8742548.02897942
2012-12-23,8702179.01872113
2012-12-24,9068301.53811686
2012-12-25,8925442.74792362
2012-12-26,9203378.54065825
2012-12-27,9372276.97891037
2012-12-28,9571385.2489769
2012-12-29,8958605.12204545
2012-12-30,9483296.01575265
2012-12-31,9670187.8660475
2013-01-01,8484566.37132006
2013-01-02,8757438.56238518
2013-01-03,8810253.28210123
2013-01-04,9569868.51948016
2013-01-05,9207856.63294067
2013-01-06,9646538.2475872
2013-01-07,9741655.25003432
2013-01-08,9501765.39513657
2013-01-09,9919020.60720149
2013-01-10,9915962.02003445
2013-01-11,9895937.1691501
2013-01-12,9791920.7934202
2013-01-13,9700778.82369909
2013-01-14,9949878.75365106
2013-01-15,9639335.48429363
2013-01-16,9971827.72284773
2013-01-17,10149922.1888054
2013-01-18,10057904.15906403
2013-01-19,9986786.84068864
2013-01-20,9937541.55561091
2013-01-21,10309781.34888391
2013-01-22,10302694.32329908
2013-01-23,10434713.57012227
2013-01-24,9420767.80077292
2013-01-25,9911726.18478632
2013-01-26,10350395.35655518
2013-01-27,10360469.53652355
2013-01-28,10424939.05095109
2013-01-29,10349730.44707989
2013-01-30,10441438.44090773
2013-01-31,10487589.31319158
2013-02-01,9904169.25775954
2013-02-02,9813261.82809253
2013-02-03,10308585.43685168
2013-02-04,10329738.42826254
2013-02-05,10350711.36000879
2013-02-06,10273572.62471621
2013-02-07,10636429.53524906
2013-02-08,10463592.80768621
2013-02-09,10562060.44884869
2013-02-10,10661256.26853497
2013-02-11,10635195.90235898
2013-02-12,10509012.1900027
2013-02-13,9900359.71091181
2013-02-14,10574225.35882524
2013-02-15,10624891.60626012
2013-02-16,10655582.17080413
2013-02-17,10076156.54023208
2013-02-18,10371552.66614567
2013-02-19,10734213.00195399
2013-02-20,10714109.74893274
2013-02-21,10635756.62851156
2013-02-22,10495240.45493903
2013-02-23,10315555.68270993
2013-02-24,10505227.99667611
2013-02-25,10463063.63726037
2013-02-26,10454052.30312509
2013-02-27,10788751.44727843
2013-02-28,10554498.2940994
2013-03-01,10717847.93958855
2013-03-02,10634299.50065534
2013-03-03,10623690.37552914
2013-03-04,10813118.35866938
2013-03-05,10782913.12148545
2013-03-06,9912922.66142067
2013-03-07,10285458.25324511
2013-03-08,10499741.18522015
2013-03-09,10816505.03235416
2013-03-10,10557771.44731247
2013-03-11,10486695.38435509
2013-03-12,10199410.5966643
2013-03-13,10682847.95752609
2013-03-14,10295649.93784006
2013-03-15,10250672.38884154
2013-03-16,10675399.7894127
2013-03-17,10817990.88635474
2013-03-18,10830749.04601939
2013-03-19,10884862.97894609
2013-03-20,10849689.59840674
2013-03-21,10706811.82431234
2013-03-22,10519099.6708021
2013-03-23,10187845.31731053
2013-03-24,10609531.17810284
2013-03-25,10645708.56888952
2013-03-26,10901480.61725526
2013-03-27,10903128.09699589
2013-03-28,10443814.88797064
2013-03-29,10595809.08170594
2013-03-30,10828102.25090056
2013-03-31,10789985.55230577
2013-04-01,10686775.37586301
2013-04-02,10919355.98473552
2013-04-03,10624866.33438505
2013-04-04,10511716.34729369
2013-04-05,10874285.31033269
2013-04-06,10948940.40330839
2013-04-07,10973025.86220291
2013-04-08,10863283.87213504
2013-04-09,10905019.94555036
2013-04-10,10037135.94175159
2013-04-11,9983550.08627714
2013-04-12,9716083.42561976
2013-04-13,9135567.37987328
2013-04-14,8735694.86327989
2013-04-15,8556239.05689275
2013-04-16,8184754.54262375
2013-04-17,9588325.24969261
2013-04-18,9987483.2465016
2013-04-19,9848916.37388697
2013-04-20,10199548.5014653
2013-04-21,9853340.55500219
2013-04-22,10227514.43820809
2013-04-23,10433565.8592442
2013-04-24,10523445.72629286
2013-04-25,9831887.1865734
2013-04-26,9744293.82067656
2013-04-27,9532213.1440195
2013-04-28,9761405.84984916
2013-04-29,10200764.37569669
2013-04-30,9815587.78974758
2013-05-01,8828444.0797533
2013-05-02,8599381.80011567
2013-05-03,8388694.34671746
2013-05-04,9108038.97971989
2013-05-05,9347814.15419834
2013-05-06,8849056.73392819
2013-05-07,8956656.8833382
2013-05-08,9085654.7139762
2013-05-09,9105242.6459502
2013-05-10,9336082.12332221
2013-05-11,9245512.34275835
2013-05-12,9268896.49891392
2013-05-13,9424301.86042287
2013-05-14,8427324.30877607
2013-05-15,9273400.42727315
2013-05-16,9632676.70945661
2013-05-17,9896099.28846173
2013-05-18,9762783.28513591
2013-05-19,9686541.85023435
2013-05-20,9676635.76363462
2013-05-21,9786104.40088299
2013-05-22,9968066.96477726
2013-05-23,10050770.39339446
2013-05-24,10196902.75884589
2013-05-25,10035009.47250519
2013-05-26,10255134.34951143
2013-05-27,9773311.1663424
2013-05-28,9901089.28579701
2013-05-29,10006589.46340235
2013-05-30,9574797.04070807
2013-05-31,9866963.11717713
2013-06-01,9725387.36518424
2013-06-02,9073763.77988125
2013-06-03,9198405.57662499
2013-06-04,9142900.80624577
2013-06-05,9193583.83786833
2013-06-06,8754792.11850887
2013-06-07,8144026.75976311
2013-06-08,8073024.9648239
2013-06-09,7957551.73553142
2013-06-10,8166855.17579006
2013-06-11,8274046.78796186
2013-06-12,8199486.27637106
2013-06-13,7901612.28496121
2013-06-14,7780188.01393646
2013-06-15,7899773.25724687
2013-06-16,7815442.23362752
2013-06-17,8109530.33896288
2013-06-18,8330913.12409853
2013-06-19,8383115.91091256
2013-06-20,8563670.74725865
2013-06-21,8473181.51284256
2013-06-22,8338712.65527944
2013-06-23,8200333.53501402
2013-06-24,8017677.98482933
2013-06-25,8056143.62894033
2013-06-26,8020269.94607777
2013-06-27,7838785.14855041
2013-06-28,7575356.05692315
2013-06-29,7632710.20456526
2013-06-30,7837370.89385894
2013-07-01,7398645.22532598
2013-07-02,7426586.077233
2013-07-03,7229742.0960252
2013-07-04,7252549.44174229
2013-07-05,6990588.26090521
2013-07-06,6970096.15155263
2013-07-07,7436937.7160634
2013-07-08,7411829.72910422
2013-07-09,7510318.93720813
2013-07-10,7901779.84961579
2013-07-11,7881488.13110973
2013-07-12,8064433.16635998
2013-07-13,8305610.38983707
2013-07-14,7951798.49422189
2013-07-15,8368523.83926504
2013-07-16,8386480.63261732
2013-07-17,8305213.68476792
2013-07-18,7748019.58780547
2013-07-19,7913494.58527909
2013-07-20,7542715.79041764
2013-07-21,7694908.80298176
2013-07-22,8054079.26543681
2013-07-23,8334709.64629814
2013-07-24,8322353.69272697
2013-07-25,8396772.34626119
2013-07-26,8357849.29642621
2013-07-27,8091802.58781982
2013-07-28,8843132.30288456
2013-07-29,8808287.44353052
2013-07-30,9218373.61248982
2013-07-31,9116133.6103647
2013-08-01,8956959.31624049
2013-08-02,8958990.84090007
2013-08-03,8960039.60783819
2013-08-04,9052727.2845665
2013-08-05,9234746.74704744
2013-08-06,9139895.93482478
2013-08-07,8906585.24448938
2013-08-08,9014225.32319764
2013-08-09,8571445.89144846
2013-08-10,8644345.42332914
2013-08-11,8973787.15768076
2013-08-12,9241719.40861158
2013-08-13,9399839.90256142
2013-08-14,9648561.70432332
2013-08-15,9307125.34203736
2013-08-16,9365079.1002807
2013-08-17,9843654.71450812
2013-08-18,9810772.69779631
2013-08-19,9961400.55127783
2013-08-20,10374834.54980155
2013-08-21,10282702.47530586
2013-08-22,9981537.55943122
2013-08-23,9689572.56771551
2013-08-24,9863839.02365365
2013-08-25,10122175.18249318
2013-08-26,9981138.48214836
2013-08-27,10849180.42797629
2013-08-28,10558971.70861762
2013-08-29,10371085.69370643
2013-08-30,11061373.94892543
2013-08-31,11058695.77746024
2013-09-01,11118400.20423914
2013-09-02,11103246.25439866
2013-09-03,11110251.24571987
2013-09-04,10078193.98556241
2013-09-05,10393936.30024769
2013-09-06,9519447.31305478
2013-09-07,10092847.10103189
2013-09-08,9919445.2562003
2013-09-09,10498729.72940318
2013-09-10,10666583.86428282
2013-09-11,10901911.7622002
2013-09-12,10812627.16328089
2013-09-13,10791154.46813106
2013-09-14,10461539.38944294
2013-09-15,10787913.33985017
2013-09-16,10692647.74927836
2013-09-17,10916023.96632069
2013-09-18,10805167.71701972
2013-09-19,10205548.32359841
2013-09-20,10102180.25034096
2013-09-21,10208805.00225103
2013-09-22,10337856.68812722
2013-09-23,10069899.79386551
2013-09-24,10333005.342773
2013-09-25,10353388.42569807
2013-09-26,10629230.7822854
2013-09-27,10912808.57592064
2013-09-28,11094087.17531056
2013-09-29,11222423.14571998
2013-09-30,11169998.30834792
2013-10-01,10654741.1833304
2013-10-02,8867044.61319365
2013-10-03,9740370.30017508
2013-10-04,10343877.34396903
2013-10-05,10356394.52772554
2013-10-06,11533006.39800143
2013-10-07,11548449.10210008
2013-10-08,10943288.13764191
2013-10-09,11256500.53255213
2013-10-10,8667810.07702377
2013-10-11,10195437.68581525
2013-10-12,11564491.72262347
2013-10-13,11406328.13555784
2013-10-14,11684493.04239
2013-10-15,10793694.23459275
2013-10-16,10155461.87064744
2013-10-17,11096729.76962192
2013-10-18,11640225.0340711
2013-10-19,11490972.44336252
2013-10-20,11658727.13569443
2013-10-21,11614349.72227544
2013-10-22,11542137.81292102
2013-10-23,11475516.34273629
2013-10-24,11275416.43600583
2013-10-25,10929905.81067035
2013-10-26,11002482.35071208
2013-10-27,11624854.83679449
2013-10-28,11028925.72813018
2013-10-29,11280794.87483717
2013-10-30,10894302.08084727
2013-10-31,11514107.46785779
2013-11-01,11789766.55226623
2013-11-02,11752770.8602441
2013-11-03,11219834.37662912
2013-11-04,11537028.17980435
2013-11-05,11891721.8673256
2013-11-06,11865373.5213438
2013-11-07,11636412.75759357
2013-11-08,11906288.66705751
2013-11-09,11640430.91227831
2013-11-10,11888533.43634281
2013-11-11,11591218.8076369
2013-11-12,11921775.56845962
2013-11-13,11785605.7060759
2013-11-14,11824937.33625103
2013-11-15,11565169.01460524
2013-11-16,11889955.76097984
2013-11-17,11983468.96163786
2013-11-18,11974055.10959769
2013-11-19,11637616.74984167
2013-11-20,11702901.73261686
2013-11-21,11780824.00965486
2013-11-22,11973715.49804786
2013-11-23,11732675.02964686
2013-11-24,11565177.34131553
2013-11-25,11529684.14694112
2013-11-26,11956775.67797925
2013-11-27,11966103.39024461
2013-11-28,11673588.65644791
2013-11-29,11959686.8241535
2013-11-30,11733603.9025355
2013-12-01,11168889.54985505
2013-12-02,11429277.07211139
2013-12-03,11630253.83620358
2013-12-04,11761711.24606869
2013-12-05,11316447.34882195
2013-12-06,10599507.77068487
2013-12-07,9964598.01115049
2013-12-08,10286396.65383873
2013-12-09,10940718.48007066
2013-12-10,11008596.96859571
2013-12-11,10627109.55656807
2013-12-12,10570443.92548384
2013-12-13,10607944.01946862
2013-12-14,12103766.15431465
2013-12-15,10483381.63217604
2013-12-16,9724197.28621036
2013-12-17,9683362.83538348
2013-12-18,9376029.69192961
2013-12-19,9773095.38196128
2013-12-20,9597165.87127728
2013-12-21,9440958.37161301
2013-12-22,9621947.33079328
2013-12-23,9957978.63368056
2013-12-24,9877986.89905409
2013-12-25,10091274.62062689
2013-12-26,10311778.51239572
2013-12-27,10281606.51899958
2013-12-28,10257322.13004475
2013-12-29,10221313.79611615
2013-12-30,10364880.81939893
2013-12-31,11231290.39728785
2014-01-01,10429426.08018346
2014-01-02,10478217.49408356
2014-01-03,10676235.08858777
2014-01-04,10937752.60532313
2014-01-05,11377333.4449463
2014-01-06,11291016.89035828
2014-01-07,10201818.68627807
2014-01-08,10783695.29489531
2014-01-09,10813550.6141805
2014-01-10,11046910.94855869
2014-01-11,11310534.66332419
2014-01-12,10734826.30070205
2014-01-13,10596243.98894629
2014-01-14,11530989.7431097
2014-01-15,11377142.49432844
2014-01-16,11588762.91136492
2014-01-17,10134189.29744966
2014-01-18,10870811.30620879
2014-01-19,10892815.02492652
2014-01-20,12033962.43480674
2014-01-21,9738966.97195938
2014-01-22,11374517.22191817
2014-01-23,9893364.19325089
2014-01-24,9909840.67379446
2014-01-25,10031078.74016892
2014-01-26,10942057.39779417
2014-01-27,9696359.46371973
2014-01-28,12246223.04742573
2014-01-29,12103122.89646851
2014-01-30,10041464.46445937
2014-01-31,11680007.04037522
2014-02-01,10372132.55481803
2014-02-02,12175664.35659718
2014-02-03,10505530.84950965
2014-02-04,12155841.88440882
2014-02-05,9583927.29137381
2014-02-06,9242884.2451895
2014-02-07,9080928.26885571
2014-02-08,9024234.58949347
2014-02-09,8933606.40194069
2014-02-10,9132940.6738309
2014-02-11,9294501.30787815
2014-02-12,8694727.60158783
2014-02-13,8323271.1455216
2014-02-14,8348771.47515645
2014-02-15,8960127.87147965
2014-02-16,8369139.28491669
2014-02-17,8416519.48720103
2014-02-18,12084418.60498797
2014-02-19,8363269.36866403
2014-02-20,8167269.15869055
2014-02-21,12406459.54192385
2014-02-22,8347209.86456126
2014-02-23,8378392.22469009
2014-02-24,8167730.94102914
2014-02-25,8272013.14005162
2014-02-26,8701183.09657776
2014-02-27,9805847.27063206
2014-02-28,8233695.68283229
2014-03-01,9782946.8484622
2014-03-02,8338851.78306747
2014-03-03,9359839.17215822
2014-03-04,9596937.59833606
2014-03-05,9470795.38683773
2014-03-06,9389079.08754303
2014-03-07,8661498.80381314
2014-03-08,8447055.91343391
2014-03-09,8698072.90143304
2014-03-10,8659514.47320454
2014-03-11,9051595.31696037
2014-03-12,8413811.12476172
2014-03-13,8787656.76733407
2014-03-14,8410910.77656909
2014-03-15,8770952.03931149
2014-03-16,8734327.61403575
2014-03-17,8218122.3815804
2014-03-18,8085562.8596402
2014-03-19,7954595.58227167
2014-03-20,7736242.7317499
2014-03-21,7583207.4856629
2014-03-22,7654821.41001001
2014-03-23,7629449.34395206
2014-03-24,7953847.37155748
2014-03-25,7976915.20191811
2014-03-26,7810761.8313117
2014-03-27,7373671.21568219
2014-03-28,7510634.70100761
2014-03-29,7367216.64728328
2014-03-30,7346089.21996021
2014-03-31,7389342.46338324
2014-04-01,7492966.68100772
2014-04-02,7205572.35603476
2014-04-03,7354398.18061205
2014-04-04,7561737.22903149
2014-04-05,7635855.70053512
2014-04-06,7629256.73179984
2014-04-07,7604968.21335675
2014-04-08,7722304.48179488
2014-04-09,7494688.92523689
2014-04-10,7072648.75037156
2014-04-11,7565942.17272475
2014-04-12,7539302.63853724
2014-04-13,7429706.68503018
2014-04-14,7918803.38277204
2014-04-15,8329003.31875344
2014-04-16,8367270.77155938
2014-04-17,8013593.67859798
2014-04-18,7927302.00409698
2014-04-19,8201958.36277293
2014-04-20,8033382.98296257
2014-04-21,8020741.83986335
2014-04-22,7974726.30844385
2014-04-23,8034638.0893463
2014-04-24,8193110.01571426
2014-04-25,7592074.00987158
2014-04-26,7563537.72878119
2014-04-27,7217329.06511668
2014-04-28,7395781.04664765
2014-04-29,7453109.84428209
2014-04-30,7579143.30620575
2014-05-01,7831403.51205636
2014-05-02,7649225.26163851
2014-05-03,7345147.67553109
2014-05-04,7429153.29169413
2014-05-05,7289570.50671591
2014-05-06,7334157.15948829
2014-05-07,7528236.22021219
2014-05-08,7435964.38890164
2014-05-09,7942152.87010152
2014-05-10,7861587.93424985
2014-05-11,7322891.58574048
2014-05-12,7442295.23656605
2014-05-13,7565835.831355
2014-05-14,7575655.22776154
2014-05-15,7759977.30400065
2014-05-16,8019443.01771404
2014-05-17,8010734.78623379
2014-05-18,7973631.66054067
2014-05-19,7554567.03530777
2014-05-20,8435129.70482616
2014-05-21,8416599.27041999
2014-05-22,8792516.67548845
2014-05-23,8690068.54324336
2014-05-24,8832783.23737398
2014-05-25,9179685.77196772
2014-05-26,9295863.9997278
2014-05-27,9125750.22263766
2014-05-28,9128103.78178655
2014-05-29,9008208.74676332
2014-05-30,9608805.20570617
2014-05-31,9990770.40598497
2014-06-01,10259768.11285234
2014-06-02,10791841.19181808
2014-06-03,10709769.33967609
2014-06-04,10049983.15295971
2014-06-05,10449519.15868553
2014-06-06,9993749.14827422
2014-06-07,10245379.89048072
2014-06-08,10157741.45164409
2014-06-09,9871110.33143737
2014-06-10,10297130.71957613
2014-06-11,9551012.10143939
2014-06-12,8703922.25511369
2014-06-13,8794701.23837338
2014-06-14,8532498.40596992
2014-06-15,8586244.59596932
2014-06-16,8595883.2285762
2014-06-17,8926499.76879479
2014-06-18,8855008.80268824
2014-06-19,8587516.38376072
2014-06-20,8500905.62392727
2014-06-21,8616897.68435788
2014-06-22,8817026.68647125
2014-06-23,8404287.40700017
2014-06-24,8382230.19469711
2014-06-25,8079915.6640454
2014-06-26,8455944.94572205
2014-06-27,8983091.7994903
2014-06-28,8779776.59210026
2014-06-29,8819451.9705626
2014-06-30,10086304.01614955
2014-07-01,9883244.40725243
2014-07-02,10104634.54548816
2014-07-03,9733686.32623449
2014-07-04,9282364.26470125
2014-07-05,9435393.4941562
2014-07-06,9452513.99470831
2014-07-07,8873574.99437136
2014-07-08,8968870.79961397
2014-07-09,9289844.54297633
2014-07-10,9159530.70192848
2014-07-11,9715382.25482317
2014-07-12,9855157.08445535
2014-07-13,9542051.21740101
2014-07-14,9113392.72385067
2014-07-15,9105301.3676967
2014-07-16,8865551.95207207
2014-07-17,9528289.18104646
2014-07-18,9644872.35698164
2014-07-19,9449488.98634431
2014-07-20,9178605.26419616
2014-07-21,9424162.69481711
2014-07-22,9281880.36102428
2014-07-23,9190640.42763181
2014-07-24,8464080.02620161
2014-07-25,8434152.72196142
2014-07-26,8296505.87885405
2014-07-27,8259080.55771954
2014-07-28,8172033.50933681
2014-07-29,8187830.67576757
2014-07-30,7756152.54792468
2014-07-31,8248409.74905481
2014-08-01,8552577.7746065
2014-08-02,8204257.37998433
2014-08-03,8276397.05396538
2014-08-04,8531432.03716608
2014-08-05,8293820.94459722
2014-08-06,8329194.87220363
2014-08-07,8645446.05689663
2014-08-08,8523027.11515233
2014-08-09,8194934.03304895
2014-08-10,8578970.7735119
2014-08-11,7783552.88684724
2014-08-12,7671888.26566896
2014-08-13,7397638.47015545
2014-08-14,7242192.38778585
2014-08-15,6997756.26628336
2014-08-16,7454677.48121162
2014-08-17,7078035.74941673
2014-08-18,6826814.79886101
2014-08-19,7223417.48303694
2014-08-20,7591926.87404122
2014-08-21,7554076.10704008
2014-08-22,7540329.10434884
2014-08-23,7371602.33634767
2014-08-24,7506844.68281989
2014-08-25,7386670.8142614
2014-08-26,7693928.96783011
2014-08-27,7807861.28800575
2014-08-28,7471462.34614818
2014-08-29,7739844.45577962
2014-08-30,7301650.72152666
2014-08-31,6914881.75030151
2014-09-01,6858960.69980437
2014-09-02,6949604.50202394
2014-09-03,6911159.61005009
2014-09-04,7282585.60821407
2014-09-05,7068957.47255127
2014-09-06,7145995.16277008
2014-09-07,7038551.52096153
2014-09-08,6862570.10540033
2014-09-09,6871697.32647499
2014-09-10,7098973.43487527
2014-09-11,7024562.25728883
2014-09-12,6986018.38650105
2014-09-13,7175683.68865571
2014-09-14,7067321.41290257
2014-09-15,6855815.14738864
2014-09-16,6736003.2018335
2014-09-17,6674787.51377453
2014-09-18,6291075.521747
2014-09-19,6235222.05214536
2014-09-20,6392334.62797143
2014-09-21,6347112.73082603
2014-09-22,6391843.32140866
2014-09-23,6804004.17036177
2014-09-24,6586173.63573799
2014-09-25,6460419.84098501
2014-09-26,6353114.50339365
2014-09-27,6298308.88862239
2014-09-28,6193721.52190794
2014-09-29,6202930.94215553
2014-09-30,6404900.73888208
2014-10-01,6341618.52642815
2014-10-02,6173442.39376919
2014-10-03,6167911.87027248
2014-10-04,6086612.59896957
2014-10-05,6188791.85469153
2014-10-06,6394518.49057868
2014-10-07,6508676.64775902
2014-10-08,6684981.66010379
2014-10-09,6721904.14694524
2014-10-10,6706944.02674462
2014-10-11,6678006.23408136
2014-10-12,6869939.17849144
2014-10-13,7191433.11685738
2014-10-14,7124908.50570746
2014-10-15,7290191.97551713
2014-10-16,6902451.69459203
2014-10-17,6908080.56266103
2014-10-18,7157748.30789804
2014-10-19,7020467.1728845
2014-10-20,6912713.89119045
2014-10-21,6927545.20795438
2014-10-22,6845711.48872277
2014-10-23,6314901.13937942
2014-10-24,6406156.52446957
2014-10-25,6265112.18274273
2014-10-26,6354002.74119462
2014-10-27,6334347.71646052
2014-10-28,6299010.22412673
2014-10-29,6144558.43226866
2014-10-30,6330576.03296137
2014-10-31,6226207.67613965
2014-11-01,6063765.90428548
2014-11-02,6087339.37159429
2014-11-03,6067269.54135821
2014-11-04,6394981.51579888
2014-11-05,6477927.39313399
2014-11-06,6803657.57888414
2014-11-07,6697853.82053906
2014-11-08,6743301.80677776
2014-11-09,7170777.1515853
2014-11-10,7145163.96778449
2014-11-11,7233755.11282552
2014-11-12,8273466.20996704
2014-11-13,7701925.23871876
2014-11-14,7616644.42361193
2014-11-15,6969624.6832514
2014-11-16,7513152.86185405
2014-11-17,7460282.05113391
2014-11-18,7012573.16399516
2014-11-19,7255544.17906626
2014-11-20,6481950.32539932
2014-11-21,6565406.307076
2014-11-22,6540406.02712479
2014-11-23,6940557.60185062
2014-11-24,7343055.99726695
2014-11-25,6852123.85017211
2014-11-26,6898396.9826371
2014-11-27,6947880.12846718
2014-11-28,7331943.1108921
2014-11-29,7215554.67050198
2014-11-30,7399654.68540847
2014-12-01,7487086.55036865
2014-12-02,7582253.56157644
2014-12-03,7225814.54824372
2014-12-04,6740829.1452838
2014-12-05,7456391.96810056
2014-12-06,7251602.59466419
2014-12-07,7386193.60554631
2014-12-08,6508192.20427958
2014-12-09,6417444.65794323
2014-12-10,6170842.56814539
2014-12-11,6264355.52738798
2014-12-12,6398570.20464722
2014-12-13,6202616.20865153
2014-12-14,6430692.44501663
2014-12-15,6155634.93016226
2014-12-16,5948111.70393918
2014-12-17,5945389.21019349
2014-12-18,5903675.42214399
2014-12-19,6130973.23693532
2014-12-20,6293672.06324141
2014-12-21,6094643.02703231
2014-12-22,6631667.95321077
2014-12-23,6582933.75200758
2014-12-24,6067689.91101517
2014-12-25,6027295.78574566
2014-12-26,6371070.18259239
2014-12-27,5992203.7451923
2014-12-28,6089550.93749322
2014-12-29,5918749.70710965
2014-12-30,5891005.98031712
2014-12-31,6484120.40690686
2015-01-01,6205338.3031439
2015-01-02,6332186.46436025
2015-01-03,5760572.97239858
2015-01-04,5796656.06314159
2015-01-05,5936560.50386705
2015-01-06,6097013.76272965
2015-01-07,6171353.62815586
2015-01-08,5900594.10626625
2015-01-09,6507816.21560049
2015-01-10,5773238.50055039
2015-01-11,5730809.1362673
2015-01-12,5776609.35153069
2015-01-13,5580763.29310781
2015-01-14,5500723.27266066
2015-01-15,5798750.15376336
2015-01-16,5665055.44748507
2015-01-17,5619071.50050504
2015-01-18,5935248.89461015
2015-01-19,5904604.10487258
2015-01-20,5853872.10045227
2015-01-21,6377537.87285577
2015-01-22,6424203.67179093
2015-01-23,6412491.30506798
2015-01-24,6641560.91447402
2015-01-25,6689056.79919747
2015-01-26,6760992.80440264
2015-01-27,6613202.89118858
2015-01-28,6202727.89444772
2015-01-29,6256058.36464533
2015-01-30,5902022.37404358
2015-01-31,5852762.40555099
2015-02-01,6036385.65196457
2015-02-02,6546224.85112647
2015-02-03,6027375.29515761
2015-02-04,6096172.85459464
2015-02-05,5841129.66896334
2015-02-06,6036524.21893368
2015-02-07,6162298.956338
2015-02-08,6006060.77691613
2015-02-09,5898312.32436562
2015-02-10,6019598.30549465
2015-02-11,5918680.57376066
2015-02-12,6214450.75993052
2015-02-13,6754302.21518327
2015-02-14,6903969.5174646
2015-02-15,6318221.08067059
2015-02-16,6444131.37063105
2015-02-17,6819937.61986571
2015-02-18,6574764.81889821
2015-02-19,6747982.28719349
2015-02-20,6882983.57453712
2015-02-21,6945904.83698914
2015-02-22,6460005.8258286
2015-02-23,6695411.09875622
2015-02-24,6780439.09559993
2015-02-25,6489432.17791442
2015-02-26,6520078.85507871
2015-02-27,7082417.4624723
2015-02-28,7105028.68236127
2015-03-01,7122348.4174678
2015-03-02,7486608.34682319
2015-03-03,7555250.15965271
2015-03-04,7279824.71540415
2015-03-05,7458580.01015193
2015-03-06,7256999.97660129
2015-03-07,7622770.45088793
2015-03-08,7570012.53470611
2015-03-09,7987644.74795999
2015-03-10,7916122.11069109
2015-03-11,8165800.26553865
2015-03-12,7836067.20145113
2015-03-13,7259736.00765045
2015-03-14,7179318.92393611
2015-03-15,7543255.40986433
2015-03-16,7567617.90753337
2015-03-17,7385039.5257845
2015-03-18,6466639.10031556
2015-03-19,6645715.53276907
2015-03-20,6654296.91262294
2015-03-21,6719692.76700232
2015-03-22,6922670.51788897
2015-03-23,6885810.00911127
2015-03-24,6341132.28521399
2015-03-25,6496192.13436481
2015-03-26,6520715.84641181
2015-03-27,6492367.10467924
2015-03-28,6721180.3838544
2015-03-29,6227984.40115717
2015-03-30,6605339.14749901
2015-03-31,6388791.46789657
2015-04-01,6713327.71903838
2015-04-02,6945339.30097152
2015-04-03,6934061.03062512
2015-04-04,6957022.8170032
2015-04-05,7141882.25773164
2015-04-06,6888730.22345842
2015-04-07,6855012.96003619
2015-04-08,6456404.42443318
2015-04-09,6282505.29122855
2015-04-10,6083329.22131234
2015-04-11,6123341.1705056
2015-04-12,6072610.99744187
2015-04-13,5635765.12796582
2015-04-14,5605101.80805647
2015-04-15,5905559.31838444
2015-04-16,6024435.24654914
2015-04-17,5871042.73621277
2015-04-18,5922203.51966468
2015-04-19,5782936.35554386
2015-04-20,6018672.59047053
2015-04-21,6473693.08131017
2015-04-22,6352945.4946456
2015-04-23,6590382.23752456
2015-04-24,6162713.12630392
2015-04-25,5931709.68523971
2015-04-26,5561547.32858096
2015-04-27,6184659.26754454
2015-04-28,6074852.00394646
2015-04-29,6080465.34112835
2015-04-30,6726855.14035846
2015-05-01,6325672.40756603
2015-05-02,6459079.03673524
2015-05-03,6912193.74213582
2015-05-04,6826794.57325095
2015-05-05,6716996.67703322
2015-05-06,6055870.26970577
2015-05-07,6814896.78732425
2015-05-08,7062286.77433232
2015-05-09,6991142.29421851
2015-05-10,6945617.22245542
2015-05-11,7027238.85467488
2015-05-12,6944065.60868728
2015-05-13,6495508.47291558
2015-05-14,6652467.391915
2015-05-15,6754258.89041406
2015-05-16,6437851.55825834
2015-05-17,6439264.62554755
2015-05-18,6119568.212599
2015-05-19,6027400.89488962
2015-05-20,6315148.29037399
2015-05-21,6574198.28266366
2015-05-22,7017117.52075305
2015-05-23,6947987.82705526
2015-05-24,7160846.79051254
2015-05-25,6764477.90476095
2015-05-26,6686205.15534483
2015-05-27,6677826.13002723
2015-05-28,6743971.050158
2015-05-29,6627084.52237868
2015-05-30,6098326.65751185
2015-05-31,5899846.8977134
2015-06-01,5707575.60161014
2015-06-02,5946584.21703931
2015-06-03,5852820.92961101
2015-06-04,5759304.08313418
2015-06-05,5816551.51695251
2015-06-06,5953206.21334411
2015-06-07,5710651.36722607
2015-06-08,6305837.39371527
2015-06-09,6322794.62896348
2015-06-10,6253178.87589441
2015-06-11,6385432.44315954
2015-06-12,6246684.31208847
2015-06-13,6696328.40686797
2015-06-14,6767586.58443952
2015-06-15,7166242.5883012
2015-06-16,8001886.19131063
2015-06-17,7798050.63115953
2015-06-18,7859249.9753968
2015-06-19,7236916.35612481
2015-06-20,7384990.07033795
2015-06-21,7311290.46780887
2015-06-22,7691066.01361445
2015-06-23,7282217.1903627
2015-06-24,6985524.78088559
2015-06-25,7278803.83794974
2015-06-26,7348657.5543909
2015-06-27,8078368.89984078
2015-06-28,7907902.13668048
2015-06-29,8230464.65443469
2015-06-30,8242389.40458945
2015-07-01,8092772.90858323
2015-07-02,7879242.87769184
2015-07-03,8114616.87949785
2015-07-04,8280278.08145526
2015-07-05,8447051.19115195
2015-07-06,8246403.74670185
2015-07-07,8156940.02603043
2015-07-08,8081634.12077813
2015-07-09,8026805.86074882
2015-07-10,8933288.62762413
2015-07-11,9065795.1203535
2015-07-12,9386738.71331576
2015-07-13,8922852.92500692
2015-07-14,8887366.51749086
2015-07-15,8715455.8641147
2015-07-16,8328438.06942241
2015-07-17,8403155.99438078
2015-07-18,8271877.89622881
2015-07-19,8050811.50036827
2015-07-20,8495851.47530545
2015-07-21,8223978.28519746
2015-07-22,8428630.11816655
2015-07-23,8147495.67312884
2015-07-24,8951849.28879737
2015-07-25,8971344.6306215
2015-07-26,9088069.53482101
2015-07-27,9222109.52315153
2015-07-28,9214178.66922038
2015-07-29,8684961.81927108
2015-07-30,8600795.03322246
2015-07-31,8270325.65581915
2015-08-01,8174330.38261082
2015-08-02,8330764.80305721
2015-08-03,8235289.28178313
2015-08-04,8643917.06903685
2015-08-05,8103039.36698552
2015-08-06,8174946.1937567
2015-08-07,8117303.16690806
2015-08-08,7240008.75791205
2015-08-09,7584701.59107539
2015-08-10,7556115.23747698
2015-08-11,7891139.62580128
2015-08-12,7639365.67541206
2015-08-13,7407617.30635852
2015-08-14,7678593.49548178
2015-08-15,7185026.69963793
2015-08-16,7249227.92330303
2015-08-17,7192888.65492418
2015-08-18,5705852.42568303
2015-08-19,5720914.37421799
2015-08-20,6216783.97454759
2015-08-21,6044407.31844904
2015-08-22,5904624.36534372
2015-08-23,5637322.7019069
2015-08-24,5179044.98941831
2015-08-25,5809795.90661025
2015-08-26,6107584.06183133
2015-08-27,5740655.72162615
2015-08-28,6377177.23636867
2015-08-29,6321811.37054144
2015-08-30,6129097.97582597
2015-08-31,6496676.09749264
2015-09-01,6131514.84882862
2015-09-02,6351020.76755101
2015-09-03,5977604.09008955
2015-09-04,6629451.67244974
2015-09-05,6860038.65503563
2015-09-06,7400326.41712796
2015-09-07,7300542.31809346
2015-09-08,7404041.16221103
2015-09-09,7035173.78472788
2015-09-10,7169584.56845969
2015-09-11,7402685.17629858
2015-09-12,6629629.18924006
2015-09-13,6291441.07807751
2015-09-14,6329471.60985572
2015-09-15,6239527.31991578
2015-09-16,6224145.3548185
2015-09-17,6634389.48662257
2015-09-18,6659890.94319229
2015-09-19,6488799.28328171
2015-09-20,6323663.42814923
2015-09-21,5910357.01101135
2015-09-22,6702129.18434521
2015-09-23,6559271.399507
2015-09-24,7058775.65702609
2015-09-25,7126885.65073887
2015-09-26,6900257.64761966
2015-09-27,6738297.07880331
2015-09-28,7711976.69655063
2015-09-29,7176815.13003658
2015-09-30,7080520.60160269
2015-10-01,7441688.95899862
2015-10-02,7047914.1100597
2015-10-03,7776032.71207438
2015-10-04,7624444.2183075
2015-10-05,7744492.29328221
2015-10-06,8236339.31842319
2015-10-07,7715795.70251082
2015-10-08,7542057.19692012
2015-10-09,8001301.55110483
2015-10-10,8186682.55921336
2015-10-11,8304704.3029316
2015-10-12,8024857.63965934
2015-10-13,8448311.38132051
2015-10-14,8378689.92210662
2015-10-15,8503081.75528617
2015-10-16,8958201.06823376
2015-10-17,9147096.7674117
2015-10-18,8608909.43366814
2015-10-19,8880278.52055392
2015-10-20,9063743.69494619
2015-10-21,8849690.49823257
2015-10-22,9320173.89013486
2015-10-23,9504245.1072831
2015-10-24,9759059.87371895
2015-10-25,9557663.0440991
2015-10-26,9748674.43960599
2015-10-27,10324292.87633886
2015-10-28,10151641.60915779
2015-10-29,10386593.0584836
2015-10-30,10598633.62169207
2015-10-31,10035820.84705297
2015-11-01,10462441.58421712
2015-11-02,10954395.94568055
2015-11-03,11365082.15974499
2015-11-04,10769678.55579607
2015-11-05,10448488.74423563
2015-11-06,10384181.99718063
2015-11-07,10590611.57195285
2015-11-08,10122193.0712699
2015-11-09,10157389.52292545
2015-11-10,9589265.03325338
2015-11-11,9176225.68652105
2015-11-12,9785670.24945645
2015-11-13,9895764.73165224
2015-11-14,9633161.48940088
2015-11-15,9141629.30745788
2015-11-16,9612078.91935911
2015-11-17,9632028.30741771
2015-11-18,9942911.92782164
2015-11-19,9172245.90184902
2015-11-20,9085181.91411349
2015-11-21,9386313.58739584
2015-11-22,9209101.61010052
2015-11-23,9132566.0958266
2015-11-24,9016548.1402218
2015-11-25,9653667.84026648
2015-11-26,10310550.26402729
2015-11-27,10071630.81197113
2015-11-28,10461402.299083
2015-11-29,10786848.57980976
2015-11-30,10996982.62131685
2015-12-01,10175755.09311032
2015-12-02,10118563.33685538
2015-12-03,10308307.4228569
2015-12-04,10469857.87716492
2015-12-05,11325208.63012403
2015-12-06,11011343.40911074
2015-12-07,11138852.75311589
2015-12-08,11570504.4469622
2015-12-09,11466717.15383594
2015-12-10,11475174.98490098
2015-12-11,11786296.85454349
2015-12-12,11585803.82062017
2015-12-13,11450457.41186564
2015-12-14,11768667.36492021
2015-12-15,11890557.76087441
2015-12-16,11579766.96154739
2015-12-17,11644425.51799904
2015-12-18,11957279.75957095
2015-12-19,11792422.72334442
2015-12-20,10949867.89471552
2015-12-21,11184997.32939705
2015-12-22,11007615.86923906
2015-12-23,11401536.61148744
2015-12-24,11674147.30363969
2015-12-25,11661919.52073707
2015-12-26,10410400.4018544
2015-12-27,10767863.95011739
2015-12-28,10683421.9262031
2015-12-29,11101836.59271325
2015-12-30,10725962.15665296
2015-12-31,11066826.28171082
2016-01-01,11205594.7800474
2016-01-02,11105380.4957817
2016-01-03,10909660.98021685
2016-01-04,11115941.29228457
2016-01-05,10732545.8844073
2016-01-06,10739887.82655372
2016-01-07,12010187.92784911
2016-01-08,11588770.55264928
2016-01-09,11258093.17382397
2016-01-10,11492991.67934439
2016-01-11,11216590.84973822
2016-01-12,10686882.99628024
2016-01-13,10708102.83708591
2016-01-14,10357623.55374846
2016-01-15,8935192.67986449
2016-01-16,9756710.10254765
2016-01-17,9558713.76206286
2016-01-18,9819189.10024215
2016-01-19,9154336.78340258
2016-01-20,10577273.04037434
2016-01-21,10237230.75532653
2016-01-22,9764896.3757471
2016-01-23,9774568.49923342
2016-01-24,10126056.87830393
2016-01-25,9874366.72817165
2016-01-26,9741874.35588173
2016-01-27,10103203.84072162
2016-01-28,8930599.68918942
2016-01-29,9459330.05012733
2016-01-30,9337783.49349938
2016-01-31,8747222.80722813
2016-02-01,9026091.66457755
2016-02-02,8979821.10249822
2016-02-03,8782175.04745504
2016-02-04,10375672.01741855
2016-02-05,9877334.36359978
2016-02-06,9640360.16600726
2016-02-07,9532175.88548379
2016-02-08,8823773.41798348
2016-02-09,9106287.69261444
2016-02-10,9930179.39505725
2016-02-11,9971921.35996077
2016-02-12,10357664.95546823
2016-02-13,10915889.47243342
2016-02-14,11254991.61434615
2016-02-15,10861027.60299842
2016-02-16,11135708.71215486
2016-02-17,11216461.02206136
2016-02-18,11493375.30810587
2016-02-19,11478655.75624064
2016-02-20,11833392.96333873
2016-02-21,11692461.43902481
2016-02-22,11737775.30747267
2016-02-23,11212589.26489463
2016-02-24,11385192.46120658
2016-02-25,10977999.26127451
2016-02-26,11702912.10672411
2016-02-27,11589746.30897455
2016-02-28,11485703.34164319
2016-02-29,11791917.64557572
2016-03-01,11500525.67761648
2016-03-02,10455825.98146224
2016-03-03,10584960.01102548
2016-03-04,9966978.80768562
2016-03-05,9633483.78197879
2016-03-06,9872522.61441146
2016-03-07,10579967.56443867
2016-03-08,10310259.47972089
2016-03-09,10534172.1677945
2016-03-10,10845137.9632119
2016-03-11,10918373.52647831
2016-03-12,10256268.06712976
2016-03-13,10379658.75946611
2016-03-14,10783305.78362721
2016-03-15,10818663.14073401
2016-03-16,10923485.95326172
2016-03-17,10917080.39665958
2016-03-18,9933011.11678563
2016-03-19,9894675.99597128
2016-03-20,10092507.22773609
2016-03-21,10312290.50038902
2016-03-22,11022747.41263691
2016-03-23,10980376.98638446
2016-03-24,10221735.37615329
2016-03-25,10738634.12839517
2016-03-26,11145120.0264036
2016-03-27,11596170.84409645
2016-03-28,11421047.60358114
2016-03-29,10189753.85871888
2016-03-30,10189397.65541134
2016-03-31,10501158.58808959
2016-04-01,11237416.97146225
2016-04-02,11403965.08912467
2016-04-03,11437313.74997084
2016-04-04,11021524.20897935
2016-04-05,11710592.13081515
2016-04-06,11231525.72979501
2016-04-07,11302797.50351499
2016-04-08,10438409.16168407
2016-04-09,10567380.76952036
2016-04-10,11500246.36198888
2016-04-11,11765565.79283855
2016-04-12,11948462.37102558
2016-04-13,11856439.6160266
2016-04-14,11815280.12546883
2016-04-15,12048609.24682667
2016-04-16,12013654.80117369
2016-04-17,11730468.75029177
2016-04-18,11964950.45552802
2016-04-19,12326797.1236485
2016-04-20,12422484.11973625
2016-04-21,12571215.61511313
2016-04-22,12159803.29554369
2016-04-23,12685603.31599281
2016-04-24,12707278.57785014
2016-04-25,12676203.25427316
2016-04-26,12823594.48608847
2016-04-27,11656578.0158278
2016-04-28,12181620.84731079
2016-04-29,12545127.40717651
2016-04-30,12009203.72369308
2016-05-01,12360918.22065883
2016-05-02,11795644.73871574
2016-05-03,12173201.9691965
2016-05-04,11766068.22610693
2016-05-05,12091567.7106768
2016-05-06,12629734.91959059
2016-05-07,12536070.51169566
2016-05-08,12481388.17540389
2016-05-09,12714370.67541706
2016-05-10,11784042.96179102
2016-05-11,11816728.34206302
2016-05-12,12430097.12306661
2016-05-13,12475603.8613586
2016-05-14,12496895.73078059
2016-05-15,12570752.24958014
2016-05-16,11905354.91618764
2016-05-17,11815029.17082575
2016-05-18,11971579.86917889
2016-05-19,10753258.44267831
2016-05-20,11189160.30981326
2016-05-21,11182968.55098764
2016-05-22,10785309.00619033
2016-05-23,11390943.81570765
2016-05-24,11467891.75106791
2016-05-25,11733893.76380658
2016-05-26,12230833.80210338
2016-05-27,12663793.80047807
2016-05-28,13269501.10502534
2016-05-29,13152528.31317258
2016-05-30,13146297.88415829
2016-05-31,12941087.67024206
2016-06-01,13194692.54468239
2016-06-02,13338006.48524617
2016-06-03,13609570.94112301
2016-06-04,13496032.71320126
2016-06-05,13559847.64943174
2016-06-06,13703649.154318
2016-06-07,13378145.26872434
2016-06-08,13443476.30089382
2016-06-09,12943329.28251792
2016-06-10,13538945.50153721
2016-06-11,13859905.55512368
2016-06-12,14460668.19353353
2016-06-13,14651201.81614775
2016-06-14,14307292.93878036
2016-06-15,14728040.35174217
2016-06-16,14745142.15864506
2016-06-17,14569392.52479921
2016-06-18,14664597.28867921
2016-06-19,14738448.52009414
2016-06-20,13803816.75051136
2016-06-21,13417825.1182769
2016-06-22,12228077.91034347
2016-06-23,12954720.31792181
2016-06-24,13618165.468148
2016-06-25,13604676.93129623
2016-06-26,12454513.14232028
2016-06-27,13455214.03969113
2016-06-28,12932917.45359026
2016-06-29,12938323.42088025
2016-06-30,13924813.20764785
2016-07-01,13932689.2561903
2016-07-02,14430979.88171813
2016-07-03,13343674.88584258
2016-07-04,14122868.15860951
2016-07-05,13658560.30191795
2016-07-06,13614310.19690495
2016-07-07,12590958.36239905
2016-07-08,13426737.53410055
2016-07-09,13055165.691264
2016-07-10,12971166.87848549
2016-07-11,13138219.78984647
2016-07-12,13510595.56966842
2016-07-13,13073376.71005896
2016-07-14,13558335.77122102
2016-07-15,13874318.44879827
2016-07-16,13800630.46483866
2016-07-17,14285433.52769426
2016-07-18,13932181.75603701
2016-07-19,14028541.19369771
2016-07-20,13086830.01599837
2016-07-21,13620921.67845087
2016-07-22,12753750.95725101
2016-07-23,13167811.49941646
2016-07-24,13508587.82140209
2016-07-25,12977958.21788748
2016-07-26,12669617.61097365
2016-07-27,12803464.45439956
2016-07-28,13317109.07445576
2016-07-29,13373145.53335508
2016-07-30,13156907.11291222
2016-07-31,11597598.38856486
2016-08-01,11508098.60480184
2016-08-02,10787582.77156952
2016-08-03,11211423.47441179
2016-08-04,11475980.48269927
2016-08-05,11476085.96855114
2016-08-06,11881633.972046
2016-08-07,11981197.89935887
2016-08-08,11644128.44636218
2016-08-09,11607910.83349945
2016-08-10,12017033.97762279
2016-08-11,11564980.32927411
2016-08-12,11638986.52292808
2016-08-13,11597151.46146811
2016-08-14,11184754.32409134
2016-08-15,10980677.63237165
2016-08-16,11511080.56625847
2016-08-17,11286276.44235454
2016-08-18,11387440.35277985
2016-08-19,11488031.99148097
2016-08-20,11699105.93673014
2016-08-21,11884929.29397871
2016-08-22,12020374.88627846
2016-08-23,11905927.57565227
2016-08-24,11799848.20995116
2016-08-25,11540413.33872763
2016-08-26,11928489.16733496
2016-08-27,11026780.16773724
2016-08-28,11458081.84470518
2016-08-29,11252610.48132016
2016-08-30,11588754.87746407
2016-08-31,11572140.53751297
2016-09-01,10886959.1756036
2016-09-02,11627486.71063613
2016-09-03,12718485.25910353
2016-09-04,12733787.63355579
2016-09-05,12681914.1780318
2016-09-06,12862667.80894502
2016-09-07,12798153.51274735
2016-09-08,13076267.28098246
2016-09-09,12882887.83811113
2016-09-10,12918735.71247724
2016-09-11,12347426.13380714
2016-09-12,12309257.66261512
2016-09-13,12610459.86297766
2016-09-14,12646869.79874693
2016-09-15,12319562.29849776
2016-09-16,12537070.57748104
2016-09-17,12317340.5810893
2016-09-18,12773896.3423993
2016-09-19,12527097.38239174
2016-09-20,11695588.30349726
2016-09-21,11819301.68443319
2016-09-22,11686967.49177621
2016-09-23,12258472.62948866
2016-09-24,12110243.31643943
2016-09-25,12083108.67167811
2016-09-26,12319620.99695947
2016-09-27,12191770.99565157
2016-09-28,12273719.68145373
2016-09-29,12343757.16482338
2016-09-30,12959053.64037935
2016-10-01,13019395.95219342
2016-10-02,12884150.87813779
2016-10-03,12869235.95955443
2016-10-04,12802522.47801432
2016-10-05,12781374.27819685
2016-10-06,12855047.28771147
2016-10-07,13095689.08756573
2016-10-08,13100913.00808283
2016-10-09,12950098.23964727
2016-10-10,13079551.33048743
2016-10-11,13639585.19369541
2016-10-12,13100190.7726291
2016-10-13,13357448.16229675
2016-10-14,13530053.55902332
2016-10-15,13385399.89972363
2016-10-16,13550068.93568884
2016-10-17,13125708.75064716
2016-10-18,12857865.6762626
2016-10-19,12746109.87801087
2016-10-20,12766083.50412309
2016-10-21,12933761.57812004
2016-10-22,14330650.48429221
2016-10-23,13856286.28274488
2016-10-24,13694004.07074717
2016-10-25,14087041.29625052
2016-10-26,14701309.16894763
2016-10-27,14784756.19946668
2016-10-28,14800120.00883437
2016-10-29,14779677.73380267
2016-10-30,14634102.98259086
2016-10-31,14551086.26517918
2016-11-01,14844939.41861752
2016-11-02,15023591.27643915
2016-11-03,14230839.27996621
2016-11-04,14532237.41103548
2016-11-05,14453915.41332394
2016-11-06,14661127.18804336
2016-11-07,14424092.27133545
2016-11-08,14643028.48350696
2016-11-09,14630901.20680404
2016-11-10,14591147.47050029
2016-11-11,14661409.92870446
2016-11-12,14144285.83334939
2016-11-13,13938175.46582235
2016-11-14,14300227.49229899
2016-11-15,14510160.99461343
2016-11-16,15070818.28470511
2016-11-17,14634486.64071885
2016-11-18,15106672.4350352
2016-11-19,15084267.36529458
2016-11-20,14497226.99229747
2016-11-21,14587436.03578385
2016-11-22,15121512.26248757
2016-11-23,14743640.18603204
2016-11-24,14237114.65357916
2016-11-25,14677269.58946773
2016-11-26,14225226.15903127
2016-11-27,14071513.76900403
2016-11-28,14189875.59901774
2016-11-29,14325748.29092703
2016-11-30,14782329.2721562
2016-12-01,15161898.50683015
2016-12-02,15095390.24416988
2016-12-03,14994094.51596524
2016-12-04,15116443.14929469
2016-12-05,14708019.7427923
2016-12-06,14771677.1654132
2016-12-07,15037223.41401556
2016-12-08,15075675.37614913
2016-12-09,15235907.818697
2016-12-10,14795648.6807635
2016-12-11,14970696.84057431
2016-12-12,15279126.15657497
2016-12-13,14947875.00946471
2016-12-14,15127608.59275624
2016-12-15,14933203.1636422
2016-12-16,15293627.96249541
2016-12-17,15305534.05720212
2016-12-18,15307097.08374302
2016-12-19,15267158.78666438
2016-12-20,15318720.85648386
2016-12-21,15538520.55657502
2016-12-22,15513256.35796277
2016-12-23,15780081.42137909
2016-12-24,15413606.17503938
2016-12-25,15587280.21675726
2016-12-26,15454313.61364323
2016-12-27,15830916.99301025
2016-12-28,15835093.80684895
2016-12-29,15721453.30587924
2016-12-30,15631578.04082474
2016-12-31,15789873.53420966
2017-01-01,15881596.89310721
2017-01-02,15906197.62444118
2017-01-03,15942948.08389533
2017-01-04,15845172.03100421
2017-01-05,15377332.78539392
2017-01-06,14552376.7160189
2017-01-07,14339585.15261761
2017-01-08,14730482.45727116
2017-01-09,14662959.31122001
2017-01-10,14911135.73247072
2017-01-11,13033646.16852224
2017-01-12,13784997.16929237
2017-01-13,14199406.78645763
2017-01-14,13813752.25785446
2017-01-15,13926425.05255346
2017-01-16,14229207.61737318
2017-01-17,15101389.29642948
2017-01-18,14618365.00339926
2017-01-19,14932321.18765059
2017-01-20,14715089.47016645
2017-01-21,15279146.0788694
2017-01-22,15233468.49896759
2017-01-23,14751860.60972799
2017-01-24,14314415.926566
2017-01-25,14725408.3270699
2017-01-26,15103511.21149183
2017-01-27,15105747.84756026
2017-01-28,15290125.50158491
2017-01-29,14797895.06767315
2017-01-30,15219856.41877301
2017-01-31,15566405.90007669
2017-02-01,15709744.40821289
2017-02-02,15735564.76705479
2017-02-03,15814263.88406628
2017-02-04,15885105.00102025
2017-02-05,15649694.26725329
2017-02-06,15805017.49003981
2017-02-07,15955985.050567
2017-02-08,15906099.31968761
2017-02-09,15011230.67648682
2017-02-10,15182857.56328646
2017-02-11,15221306.51386471
2017-02-12,15264274.15572122
2017-02-13,15025876.22557289
2017-02-14,15324892.63543079
2017-02-15,15378776.53962837
2017-02-16,15794875.19050608
2017-02-17,15878878.85047571
2017-02-18,15699822.82021248
2017-02-19,15603058.39605331
2017-02-20,15997977.80412077
2017-02-21,16015657.61330272
2017-02-22,16039081.63288008
2017-02-23,16143872.60385965
2017-02-24,15947586.88820936
2017-02-25,15705487.08364723
2017-02-26,16085646.45058651
2017-02-27,16140245.89898173
2017-02-28,15839535.34810993
2017-03-01,16151190.80093664
2017-03-02,16055128.09173457
2017-03-03,16140291.57908053
2017-03-04,15815448.5843133
2017-03-05,16038378.16061403
2017-03-06,16090331.97973732
2017-03-07,15431837.95267708
2017-03-08,14775708.37392377
2017-03-09,15468356.83445097
2017-03-10,14688518.12820407
2017-03-11,15136290.47467241
2017-03-12,15573808.39599299
2017-03-13,15634343.8067118
2017-03-14,15647209.06204434
2017-03-15,16173394.23387186
2017-03-16,14578527.12140021
2017-03-17,14177109.82929864
2017-03-18,13545309.15247252
2017-03-19,13954794.45597952
2017-03-20,14394503.51053537
2017-03-21,14557305.5499693
2017-03-22,14036921.47643347
2017-03-23,13845825.53578892
2017-03-24,12899216.43994685
2017-03-25,13328349.91429281
2017-03-26,13292374.16870427
2017-03-27,14334635.56168377
2017-03-28,14164537.35869159
2017-03-29,14552611.41465695
2017-03-30,14492156.37698191
2017-03-31,14955396.56253534
2017-04-01,14909820.22381618
2017-04-02,15274228.58560825
2017-04-03,15361161.76500641
2017-04-04,15206536.02676356
2017-04-05,15222997.50742399
2017-04-06,15530933.17369833
2017-04-07,15359767.56445571
2017-04-08,15378358.09455932
2017-04-09,15763181.45549268
2017-04-10,15713345.17378442
2017-04-11,15811636.11312439
2017-04-12,15636052.89899178
2017-04-13,14990742.99315894
2017-04-14,14928197.2984479
2017-04-15,14963521.50877053
2017-04-16,14811441.61187241
2017-04-17,15539886.16454995
2017-04-18,15437722.92687969
2017-04-19,15829810.04043176
2017-04-20,16002141.62816481
2017-04-21,16085385.05659863
2017-04-22,15706234.00635903
2017-04-23,15834157.87708205
2017-04-24,16025524.41891195
2017-04-25,16131346.88990595
2017-04-26,16079808.7395178
2017-04-27,16130132.34248206
2017-04-28,16251787.75869763
2017-04-29,15989725.87162026
2017-04-30,16254379.59394292
2017-05-01,16101742.18919891
2017-05-02,16275868.19100505
2017-05-03,16213117.01820144
2017-05-04,16174297.56234789
2017-05-05,15984394.72223941
2017-05-06,16069391.69420494
2017-05-07,16241746.57906086
2017-05-08,16262306.68046769
2017-05-09,16123282.34594568
2017-05-10,16170702.63640991
2017-05-11,16027374.52543796
2017-05-12,15496993.02695005
2017-05-13,16076742.95403705
2017-05-14,15964756.22263983
2017-05-15,15645430.1338176
2017-05-16,15761539.52339726
2017-05-17,16116285.33861876
2017-05-18,16296646.61062282
2017-05-19,16291976.38329398
2017-05-20,16309719.91927328
2017-05-21,16250535.27902382
2017-05-22,16048945.21908576
2017-05-23,16299456.1540438
2017-05-24,16274076.36295639
2017-05-25,15829847.32210476
2017-05-26,15680997.01508169
2017-05-27,15369430.22953224
2017-05-28,15558488.66884847
2017-05-29,15640706.09924891
2017-05-30,15447387.65950852
2017-05-31,15913124.97660387
2017-06-01,15915438.33643581
2017-06-02,16233186.95489327
2017-06-03,16032016.02696531
2017-06-04,16227184.2189977
2017-06-05,16318114.02779615
2017-06-06,16132328.14743326
2017-06-07,15814596.58177553
2017-06-08,16072848.25061219
2017-06-09,16005980.71238672
2017-06-10,16286847.67774158
2017-06-11,16353716.59118816
2017-06-12,15443338.66471817
2017-06-13,15529506.49487057
2017-06-14,14787205.7356016
2017-06-15,14665514.31544915
2017-06-16,14956506.21926028
2017-06-17,15402616.94924309
2017-06-18,15176121.03558285
2017-06-19,15526497.90210993
2017-06-20,15753533.59889098
2017-06-21,15427942.4529328
2017-06-22,15716246.87019935
2017-06-23,15495256.05251766
2017-06-24,14695923.58433772
2017-06-25,14640437.5587028
2017-06-26,14231852.91787845
2017-06-27,14773780.21267469
2017-06-28,14962872.58709477
2017-06-29,14862426.40209046
2017-06-30,14270478.8996815
2017-07-01,13836087.32245366
2017-07-02,14600048.35464359
2017-07-03,15288574.02638402
2017-07-04,15098996.29849949
2017-07-05,15434437.20494889
2017-07-06,15332572.21082809
2017-07-07,14001488.41926626
2017-07-08,14890120.19030728
2017-07-09,13925546.55127431
2017-07-10,13512608.77613145
2017-07-11,13341279.93493398
2017-07-12,13890788.22527793
2017-07-13,13515653.63494642
2017-07-14,13166930.43002156
2017-07-15,12853084.21729432
2017-07-16,12978289.87564269
2017-07-17,13470342.64231662
2017-07-18,13577948.62827757
2017-07-19,13500033.24840682
2017-07-20,16066548.90071287
2017-07-21,15634691.89591331
2017-07-22,16340054.48833704
2017-07-23,15943811.23272167
2017-07-24,16011733.0363561
2017-07-25,15107869.89381249
2017-07-26,14837227.67190929
2017-07-27,15819134.44550049
2017-07-28,16090063.86110111
2017-07-29,15030310.95632927
2017-07-30,15385250.40751268
2017-07-31,16129566.14498183
2017-08-01,14298038.28716606
2017-08-02,14659334.63602029
2017-08-03,16008565.76404722
2017-08-04,16385885.97462277
2017-08-05,16406920.93833989
2017-08-06,16052284.407255
2017-08-07,16189622.92833593
2017-08-08,15934547.77695369
2017-08-09,15631543.42146519
2017-08-10,16137316.05629439
2017-08-11,16381550.08143573
2017-08-12,16475730.41377097
2017-08-13,16370291.78683704
2017-08-14,16434749.44592596
2017-08-15,16098212.57314437
2017-08-16,16370663.99807275
2017-08-17,15865455.75732536
2017-08-18,15748643.38170451
2017-08-19,15546678.24262462
2017-08-20,15389098.80464213
2017-08-21,14838405.61141736
2017-08-22,15401481.28462006
2017-08-23,15729706.17247722
2017-08-24,16407854.09901812
2017-08-25,16331157.93174054
2017-08-26,16304203.88804266
2017-08-27,15805689.49406857
2017-08-28,16323558.63778026
2017-08-29,16468782.34255879
2017-08-30,16393234.27052705
2017-08-31,16505069.59799027
2017-09-01,16491435.1509401
2017-09-02,15977586.93409369
2017-09-03,15649404.35332608
2017-09-04,14580281.30166729
2017-09-05,15750500.36420582
2017-09-06,15748172.67382761
2017-09-07,15842604.43470065
2017-09-08,14640056.37017054
2017-09-09,14731601.94959445
2017-09-10,14340893.61170441
2017-09-11,14632768.80692643
2017-09-12,13984623.25943767
2017-09-13,13562572.08340513
2017-09-14,12954721.27644774
2017-09-15,13743095.18072623
2017-09-16,13573799.06834215
2017-09-17,13855052.6809962
2017-09-18,14143360.64271255
2017-09-19,13918456.92533995
2017-09-20,13630450.64681221
2017-09-21,13366768.00905089
2017-09-22,13324894.38734907
2017-09-23,13683819.93761867
2017-09-24,13469873.54871392
2017-09-25,14222723.01828064
2017-09-26,13984277.30047633
2017-09-27,15024152.06682539
2017-09-28,15089214.24324735
2017-09-29,14988695.25229071
2017-09-30,15863144.51715048
2017-10-01,16006716.52109463
2017-10-02,15710413.56272325
2017-10-03,15143145.53720469
2017-10-04,14737849.43300561
2017-10-05,15404091.46411112
2017-10-06,15715825.38835593
2017-10-07,16027997.12091176
2017-10-08,16196185.58206506
2017-10-09,16576603.52185674
2017-10-10,16133190.25272243
2017-10-11,16463153.19378656
2017-10-12,16563792.17069798
2017-10-13,16340476.45398817
2017-10-14,16585768.99529327
2017-10-15,16431518.74659132
2017-10-16,16532948.22571192
2017-10-17,15862904.40800997
2017-10-18,16003105.45665863
2017-10-19,16484423.75143273
2017-10-20,16498262.05984011
2017-10-21,16500939.72515856
2017-10-22,16379787.52001445
2017-10-23,15923336.62276036
2017-10-24,15090867.31794137
2017-10-25,15997456.08556702
2017-10-26,16541079.36531802
2017-10-27,16115505.99163786
2017-10-28,15623594.16835422
2017-10-29,16549400.87174681
2017-10-30,16509257.8852335
2017-10-31,16593687.81447312
2017-11-01,16627369.8363256
2017-11-02,16466195.53295647
2017-11-03,16329738.29744337
2017-11-04,16534111.60892753
2017-11-05,16384221.17589905
2017-11-06,15984869.80351013
2017-11-07,15990335.21291403
2017-11-08,16340531.67791701
2017-11-09,16214156.63039702
2017-11-10,15409656.41099538
2017-11-11,15102813.5039098
2017-11-12,14904570.52808449
2017-11-13,15533054.95191726
2017-11-14,15704982.11408238
2017-11-15,16151818.63865508
2017-11-16,16613247.43811543
2017-11-17,16138033.26873736
2017-11-18,16266469.06033403
2017-11-19,16642319.22231432
2017-11-20,16582701.58371362
2017-11-21,16270208.33365694
2017-11-22,16343649.15678133
2017-11-23,15805056.45326234
2017-11-24,16086034.39180704
2017-11-25,16672145.49584913
2017-11-26,16665765.36016414
2017-11-27,16635469.95976827
2017-11-28,16598842.72870763
2017-11-29,16333203.38266229
2017-11-30,16168425.67469928
2017-12-01,16667151.67693217
2017-12-02,16420559.91083769
2017-12-03,16566594.9310573
2017-12-04,16596698.7620764
2017-12-05,16679615.13376255
2017-12-06,16674811.94337475
2017-12-07,16659178.22742046
2017-12-08,16396061.74737903
2017-12-09,15809847.52397533
2017-12-10,16209112.51106943
2017-12-11,16533032.9467581
2017-12-12,16548500.13568598
2017-12-13,16001556.0359549
2017-12-14,16444134.36327903
2017-12-15,16595970.54254547
2017-12-16,16616199.97598345
2017-12-17,16254809.83565095
2017-12-18,16314443.05906863
2017-12-19,15515169.66459463
2017-12-20,15351478.28609626
2017-12-21,14544359.51881973
2017-12-22,14467498.59203354
2017-12-23,14550750.21152784
2017-12-24,14418434.04984655
2017-12-25,14575617.14752407
2017-12-26,15128386.31049537
2017-12-27,14779562.50782695
2017-12-28,14559672.9513906
2017-12-29,14432146.97806755
2017-12-30,13833624.54050847
2017-12-31,14202516.05460608
2018-01-01,14478993.44379375
2018-01-02,15077893.9885162
2018-01-03,15234620.16910635
2018-01-04,15179134.49315808
2018-01-05,16126065.13732289
2018-01-06,16132301.08703701
2018-01-07,15108209.04997469
2018-01-08,14870769.02397109
2018-01-09,13816720.73096756
2018-01-10,14411105.22717312
2018-01-11,13104879.96092339
2018-01-12,14207735.6106269
2018-01-13,14242866.46865593
2018-01-14,13735969.07580896
2018-01-15,13088769.93860334
2018-01-16,12547364.72737337
2018-01-17,12838842.18586921
2018-01-18,12880888.29088128
2018-01-19,13027627.42899223
2018-01-20,13216820.5865785
2018-01-21,13079980.72135331
2018-01-22,12467907.69525171
2018-01-23,12412696.81021634
2018-01-24,13055975.88879264
2018-01-25,13175331.02671168
2018-01-26,12856726.23389841
2018-01-27,13379715.26718635
2018-01-28,13539370.73072747
2018-01-29,12761828.89264656
2018-01-30,11873816.50033534
2018-01-31,12203835.99607234
2018-02-01,11661008.30794469
2018-02-02,11894982.42963049
2018-02-03,12059607.76597389
2018-02-04,11600518.61373975
2018-02-05,10996245.61977506
2018-02-06,11534371.96878269
2018-02-07,11537753.09196936
2018-02-08,11580502.90945153
2018-02-09,12649844.37761896
2018-02-10,12237410.19442785
2018-02-11,11868852.38581354
2018-02-12,12697088.20329821
2018-02-13,12353101.15676667
2018-02-14,12974523.35009944
2018-02-15,13329715.12200184
2018-02-16,13285803.86625536
2018-02-17,13798254.35712955
2018-02-18,13249615.57108205
2018-02-19,14103083.04589991
2018-02-20,13623618.08549034
2018-02-21,13037994.00605376
2018-02-22,12341046.14046508
2018-02-23,13104958.89906092
2018-02-24,12257922.60190118
2018-02-25,12248533.49760263
2018-02-26,13226749.87815467
2018-02-27,13360093.79548153
2018-02-28,12995587.37341088
2018-03-01,13884585.20287908
2018-03-02,13934475.47221251
2018-03-03,14186715.24133951
2018-03-04,14298905.16459313
2018-03-05,13891256.23001334
2018-03-06,13304984.84740518
2018-03-07,12292898.40101172
2018-03-08,11821936.58398478
2018-03-09,11984576.41298128
2018-03-10,11282266.83812204
2018-03-11,12214863.19236962
2018-03-12,11941043.70315553
2018-03-13,12113937.94610476
2018-03-14,10842056.99803189
2018-03-15,10829431.79512432
2018-03-16,11289601.19765856
2018-03-17,10604772.00361808
2018-03-18,11449758.96827885
2018-03-19,11628819.92476354
2018-03-20,12131844.55959817
2018-03-21,12182328.59984633
2018-03-22,11708045.24253045
2018-03-23,12155475.64337067
2018-03-24,11555542.7785259
2018-03-25,11273838.25408935
2018-03-26,11082680.77896027
2018-03-27,10607807.09397068
2018-03-28,10944603.55260281
2018-03-29,10133475.09883694
2018-03-30,10332757.30353134
2018-03-31,10313817.10235907
2018-04-01,10432711.34429151
2018-04-02,10540020.82994585
2018-04-03,10836359.37086073
2018-04-04,10082070.97110223
2018-04-05,10283373.4806876
2018-04-06,10229075.97764599
2018-04-07,10585997.63211263
2018-04-08,10796788.29323336
2018-04-09,10333435.55610934
2018-04-10,10579601.64457481
2018-04-11,10703132.60215794
2018-04-12,11591284.54956918
2018-04-13,11525352.21384997
2018-04-14,11722349.9386851
2018-04-15,12294202.98800092
2018-04-16,11625074.70205345
2018-04-17,11397019.06184744
2018-04-18,11960742.13159023
2018-04-19,12371806.16614543
2018-04-20,12812843.43287189
2018-04-21,12818811.47353372
2018-04-22,12746626.33476786
2018-04-23,13211650.77313559
2018-04-24,13380418.15294408
2018-04-25,12360738.44037309
2018-04-26,13121570.46475685
2018-04-27,12780009.49300948
2018-04-28,13361472.33559425
2018-04-29,13380764.34299208
2018-04-30,12598136.84934977
2018-05-01,12701105.36485608
2018-05-02,12942528.31403457
2018-05-03,13489588.96796965
2018-05-04,13656082.46741213
2018-05-05,13861720.80369557
2018-05-06,13177125.96466438
2018-05-07,13178782.27469563
2018-05-08,12560653.01574961
2018-05-09,13128681.11422624
2018-05-10,12159928.0510983
2018-05-11,11508502.68155407
2018-05-12,11476000.28549281
2018-05-13,11965400.88423909
2018-05-14,11930807.23815945
2018-05-15,11452821.00553279
2018-05-16,11387205.46016971
2018-05-17,10508986.53519087
2018-05-18,11136176.15791433
2018-05-19,11002708.47505007
2018-05-20,11858323.57508651
2018-05-21,11592125.3853512
2018-05-22,10457076.78633544
2018-05-23,10243650.19379578
2018-05-24,10288334.61172299
2018-05-25,10179048.80177469
2018-05-26,9980324.27901588
2018-05-27,10170322.69161391
2018-05-28,9902191.99435492
2018-05-29,10463005.64143882
2018-05-30,10250416.21696193
2018-05-31,10532688.95124984
2018-06-01,10397573.43045973
2018-06-02,10843341.71296485
2018-06-03,10908900.30078332
2018-06-04,10470343.3527089
2018-06-05,10785652.83925741
2018-06-06,11077375.96436505
2018-06-07,10988020.91259097
2018-06-08,10867736.01905215
2018-06-09,9934524.76422772
2018-06-10,9442232.04922109
2018-06-11,9795374.3640971
2018-06-12,9400605.39646049
2018-06-13,9307295.30128622
2018-06-14,9679471.14470365
2018-06-15,9388868.12423139
2018-06-16,9600686.99979691
2018-06-17,9400318.64490145
2018-06-18,9946727.90457427
2018-06-19,9806263.6696905
2018-06-20,10101697.73562963
2018-06-21,9903888.97903598
2018-06-22,9258844.14437494
2018-06-23,9289296.58887512
2018-06-24,9409709.77801273
2018-06-25,9455900.84555027
2018-06-26,9250327.93156231
2018-06-27,9503755.3501747
2018-06-28,9138780.14684896
2018-06-29,9786073.68070932
2018-06-30,9867526.64024885
2018-07-01,9919175.98611286
2018-07-02,10305194.00195225
2018-07-03,9984922.95971796
2018-07-04,10160225.28855172
2018-07-05,10102115.60444311
2018-07-06,10375521.53812973
2018-07-07,10762208.46204473
2018-07-08,10587045.05177874
2018-07-09,10458793.44740647
2018-07-10,9866597.9564045
2018-07-11,9890465.10391321
2018-07-12,9602411.0033023
2018-07-13,9630994.66206459
2018-07-14,9690425.07097191
2018-07-15,9996781.19672356
2018-07-16,10998197.23593464
2018-07-17,11546489.34596164
2018-07-18,11396135.29332328
2018-07-19,11486162.30575995
2018-07-20,11121860.58664172
2018-07-21,11592640.36040988
2018-07-22,11670600.90785359
2018-07-23,12043269.11619546
2018-07-24,13120441.06544599
2018-07-25,12653302.0447693
2018-07-26,11940215.6033885
2018-07-27,12413879.58783047
2018-07-28,12763274.65840074
2018-07-29,12314806.36491793
2018-07-30,12158049.48201111
2018-07-31,11494662.75319603
2018-08-01,11635332.49214253
2018-08-02,10944486.25473474
2018-08-03,11202628.58656367
2018-08-04,10502511.58019446
2018-08-05,10692875.56866471
2018-08-06,10588177.0309507
2018-08-07,9977301.586037
2018-08-08,9511558.81278817
2018-08-09,10114715.1608034
2018-08-10,9079069.5265576
2018-08-11,9547958.7217275
2018-08-12,9697009.76622274
2018-08-13,9306734.41823967
2018-08-14,9493295.43732599
2018-08-15,9670652.28513791
2018-08-16,9849157.31751472
2018-08-17,10627658.53314023
2018-08-18,9937503.61444265
2018-08-19,10446138.11894337
2018-08-20,9646264.3462208
2018-08-21,10314723.058919
2018-08-22,9998475.04540155
2018-08-23,10409067.05318349
2018-08-24,11021783.57947633
2018-08-25,11118088.27807659
2018-08-26,10897681.32827225
2018-08-27,11300260.51744373
2018-08-28,11437923.97359071
2018-08-29,11367171.09202726
2018-08-30,11193689.22261287
2018-08-31,11382785.07538158
2018-09-01,11589960.60774381
2018-09-02,11678414.52948062
2018-09-03,11627232.49106253
2018-09-04,11900895.26348564
2018-09-05,9725373.19227379
2018-09-06,10122138.39500149
2018-09-07,9877773.31443876
2018-09-08,9101023.29315955
2018-09-09,9244669.56761638
2018-09-10,9608086.11011191
2018-09-11,9268756.34044377
2018-09-12,10032154.69373361
2018-09-13,10245052.84089135
2018-09-14,10434107.73310366
2018-09-15,10490112.1248525
2018-09-16,10611089.77146336
2018-09-17,9194069.61468868
2018-09-18,9617054.13986976
2018-09-19,10078462.77342295
2018-09-20,10668629.86514395
2018-09-21,11382163.14878511
2018-09-22,10968569.60786372
2018-09-23,10932571.25694855
2018-09-24,10454623.62865149
2018-09-25,9917744.00376617
2018-09-26,10488566.62202251
2018-09-27,11171747.41361064
2018-09-28,10790867.49269556
2018-09-29,10701223.8201653
2018-09-30,10932555.90303455
2018-10-01,10634861.89238617
2018-10-02,10501261.03319745
2018-10-03,10481009.00108495
2018-10-04,11046177.66728795
2018-10-05,11050679.50469749
2018-10-06,10976672.94643523
2018-10-07,11009037.36485426
2018-10-08,11164039.02020184
2018-10-09,11004273.89617012
2018-10-10,10263840.0405671
2018-10-11,8972859.7273567
2018-10-12,9129710.95963078
2018-10-13,9359672.35298665
2018-10-14,9498757.24461281
2018-10-15,10976291.61770092
2018-10-16,10728612.32869342
2018-10-17,10733971.31036307
2018-10-18,10253349.68533376
2018-10-19,9966249.99713452
2018-10-20,10490718.29708317
2018-10-21,10468680.7560177
2018-10-22,10344544.0640073
2018-10-23,10318616.41116953
2018-10-24,10318030.50628578
2018-10-25,10064361.37317097
2018-10-26,9976638.49772874
2018-10-27,10121933.60751327
2018-10-28,10288843.08620135
2018-10-29,9390678.73246337
2018-10-30,9455309.01361494
2018-10-31,9707478.09465911
2018-11-01,10062410.48308632
2018-11-02,9919814.88238945
2018-11-03,9738093.63740854
2018-11-04,10494021.84269313
2018-11-05,10153604.98616141
2018-11-06,11196241.42027953
2018-11-07,11198214.1770406
2018-11-08,10153390.44230538
2018-11-09,9707259.62954034
2018-11-10,9902304.90873958
2018-11-11,10049974.22427531
2018-11-12,9555518.5017526
2018-11-13,9393446.35843305
2018-11-14,8569926.0066828
2018-11-15,8665855.68638102
2018-11-16,8603605.75043677
2018-11-17,8805234.9602431
2018-11-18,8842295.66855656
2018-11-19,8372665.88189727
2018-11-20,8157240.29182699
2018-11-21,8653197.00084589
2018-11-22,8081573.04772387
2018-11-23,8498467.89996373
2018-11-24,7706693.49190285
2018-11-25,8028317.13407509
2018-11-26,7801817.1314269
2018-11-27,8052649.35234115
2018-11-28,8493534.17091475
2018-11-29,8356756.98092564
2018-11-30,8043760.65976101
2018-12-01,8430987.22892507
2018-12-02,8173672.53525223
2018-12-03,7749225.78573566
2018-12-04,7920798.33483914
2018-12-05,7346302.16838029
2018-12-06,6925687.38285979
2018-12-07,7281264.97464642
2018-12-08,7316558.95853713
2018-12-09,7370812.83373391
2018-12-10,7183132.9333347
2018-12-11,7060225.19566145
2018-12-12,7438836.74796553
2018-12-13,6975381.72779957
2018-12-14,6984173.00219876
2018-12-15,7024919.07609181
2018-12-16,7079584.23780112
2018-12-17,7796197.88213649
2018-12-18,8063925.97835003
2018-12-19,8128457.02883715
2018-12-20,9410816.99261719
2018-12-21,8550989.8961189
2018-12-22,9337771.37103155
2018-12-23,9725529.46822062
2018-12-24,8262082.07007524
2018-12-25,8212241.45458686
2018-12-26,8421074.07292893
2018-12-27,7628118.11701394
2018-12-28,9096869.11319466
2018-12-29,8107654.84487967
2018-12-30,8636602.62303458
2018-12-31,7852856.95955257
2019-01-01,8534269.44455625
2019-01-02,8987838.47486691
2019-01-03,8139808.77502735
2019-01-04,9010314.79239343
2019-01-05,8459620.61064519
2019-01-06,9820127.16529488
2019-01-07,9627208.05007911
2019-01-08,9500161.37367577
2019-01-09,9747190.50558778
2019-01-10,7587943.69304066
2019-01-11,7632279.110821
2019-01-12,7399133.37866637
2019-01-13,7355566.32632859
2019-01-14,7946759.31673379
2019-01-15,7427289.3632096
2019-01-16,7430131.21185479
2019-01-17,7912890.10222056
2019-01-18,7553219.07604765
2019-01-19,8357894.03489809
2019-01-20,7267470.02024951
2019-01-21,7370418.02487827
2019-01-22,7487706.26474184
2019-01-23,7316357.99872298
2019-01-24,7560477.37817458
2019-01-25,7483400.13105633
2019-01-26,7522661.6661798
2019-01-27,7177852.15293311
2019-01-28,7153595.46736076
2019-01-29,6910781.79144568
2019-01-30,7436581.83683505
2019-01-31,7035285.80708099
2019-02-01,7349588.23890998
2019-02-02,7633746.74265637
2019-02-03,7287348.15762431
2019-02-04,7047368.60021648
2019-02-05,7107956.04451016
2019-02-06,6877469.32518943
2019-02-07,6769621.02548378
2019-02-08,8342528.43495626
2019-02-09,8224531.37932253
2019-02-10,8253450.14198036
2019-02-11,7854574.92260844
2019-02-12,8156524.7563707
2019-02-13,8161729.62419069
2019-02-14,7799903.85406309
2019-02-15,8110828.37291099
2019-02-16,8183337.86906141
2019-02-17,9083459.0082074
2019-02-18,10366878.70132735
2019-02-19,9790348.54532384
2019-02-20,10249014.72157972
2019-02-21,9935623.59775764
2019-02-22,10398982.52163577
2019-02-23,10938476.79207527
2019-02-24,9049930.84144874
2019-02-25,9257624.14890507
2019-02-26,8961545.65154767
2019-02-27,9332573.86613775
2019-02-28,9075089.06746822
2019-03-01,9131219.25969767
2019-03-02,9374910.92249592
2019-03-03,9087913.36803874
2019-03-04,8468408.96684471
2019-03-05,9601237.56011769
2019-03-06,9906001.20928653
2019-03-07,9892083.91817989
2019-03-08,9671571.42130502
2019-03-09,10243882.61101231
2019-03-10,10256060.24358607
2019-03-11,9335188.15049134
2019-03-12,9795245.75277911
2019-03-13,9892702.04850902
2019-03-14,9824648.12078613
2019-03-15,10386432.51912289
2019-03-16,10763552.12830546
2019-03-17,10875639.9355486
2019-03-18,10785808.21551907
2019-03-19,10707132.66687283
2019-03-20,11148160.11707982
2019-03-21,10652124.56331069
2019-03-22,10496851.48208974
2019-03-23,10641041.42014035
2019-03-24,10408707.78245921
2019-03-25,9756341.83704713
2019-03-26,10187018.00151685
2019-03-27,11105358.22937147
2019-03-28,11138451.50165947
2019-03-29,11325632.58658563
2019-03-30,11272623.43984117
2019-03-31,11335626.3518468
2019-04-01,11384584.52470655
2019-04-02,11938361.96844201
2019-04-03,11847051.45624663
2019-04-04,11719555.02035989
2019-04-05,11873531.59409292
2019-04-06,11916517.97914222
2019-04-07,12029543.36340034
2019-04-08,11941466.17857432
2019-04-09,11793764.62099926
2019-04-10,12017497.25420263
2019-04-11,11444102.30654747
2019-04-12,11609241.06961047
2019-04-13,11662721.37042104
2019-04-14,11847527.45166036
2019-04-15,11482158.68541435
2019-04-16,12042148.7352866
2019-04-17,12019370.27034644
2019-04-18,12083681.16540628
2019-04-19,12148463.72599116
2019-04-20,12194741.08942283
2019-04-21,12098137.62401616
2019-04-22,12144056.45670606
2019-04-23,12101721.88290594
2019-04-24,12061091.87342201
2019-04-25,11244670.04792249
2019-04-26,11405753.55690693
2019-04-27,11576322.76325407
2019-04-28,11704185.14214237
2019-04-29,11504959.96158454
2019-04-30,12067798.36121484
2019-05-01,12136495.17340123
2019-05-02,12465960.10215872
2019-05-03,12660435.50036708
2019-05-04,12641875.74823554
2019-05-05,12416310.74208822
2019-05-06,12641535.51855705
2019-05-07,12388159.5578181
2019-05-08,12778597.33858824
2019-05-09,12793614.99807206
2019-05-10,13315309.1106824
2019-05-11,14402690.79631569
2019-05-12,14242343.76228196
2019-05-13,14941830.64550611
2019-05-14,14901094.47435697
2019-05-15,15373422.6062306
2019-05-16,14471931.986804
2019-05-17,13917261.75462256
2019-05-18,13852954.3293655
2019-05-19,14648974.19711348
2019-05-20,14641789.96112747
2019-05-21,14912264.08503428
2019-05-22,13957785.54662888
2019-05-23,14307740.03479621
2019-05-24,14830753.46080595
2019-05-25,14941881.48211559
2019-05-26,15730569.06392248
2019-05-27,15550569.43241769
2019-05-28,15328283.24138092
2019-05-29,15387377.98134081
2019-05-30,14783809.00565574
2019-05-31,15122728.14785483
2019-06-01,15136105.35896192
2019-06-02,15359982.28197078
2019-06-03,13849194.86345954
2019-06-04,13435308.36878873
2019-06-05,13570175.14552219
2019-06-06,13513581.29538413
2019-06-07,14541604.40771646
2019-06-08,13990594.68518061
2019-06-09,13063254.84842664
2019-06-10,14488184.0143372
2019-06-11,13665302.91637512
2019-06-12,14747214.48221657
2019-06-13,14826922.6893732
2019-06-14,15325862.50592769
2019-06-15,15782168.38447573
2019-06-16,15916969.86445467
2019-06-17,15936782.12998285
2019-06-18,15770577.87176573
2019-06-19,15942321.41767899
2019-06-20,16159555.0400458
2019-06-21,16377528.00688755
2019-06-22,16487987.38620042
2019-06-23,16232471.59264412
2019-06-24,16621609.41697207
2019-06-25,16917379.55641526
2019-06-26,16922704.92602626
2019-06-27,16375499.89136335
2019-06-28,16620660.12951575
2019-06-29,16654846.8906088
2019-06-30,15780546.78367186
2019-07-01,15376044.52666804
2019-07-02,16189438.29703763
2019-07-03,16597592.33653699
2019-07-04,15883520.09224612
2019-07-05,16250834.03358931
2019-07-06,15881003.10416719
2019-07-07,16180561.07167246
2019-07-08,16763848.78732113
2019-07-09,16961435.60736748
2019-07-10,16281720.28207161
2019-07-11,15847853.63895108
2019-07-12,16203392.58851402
2019-07-13,15560169.79430094
2019-07-14,14651657.55335649
2019-07-15,15292180.43904738
2019-07-16,14361705.36332469
2019-07-17,14409310.4420675
2019-07-18,15237679.64476937
2019-07-19,14947262.53787668
2019-07-20,15379825.73914057
2019-07-21,15146836.87643488
2019-07-22,14681381.06794961
2019-07-23,14246517.67018219
2019-07-24,14756816.38551588
2019-07-25,14274416.128148
2019-07-26,14893224.80304333
2019-07-27,14031232.18971899
2019-07-28,14151624.04185035
2019-07-29,14129903.40448788
2019-07-30,14482153.69748046
2019-07-31,14875477.95955151
2019-08-01,15177052.39528808
2019-08-02,15305206.47867674
2019-08-03,15710017.40217251
2019-08-04,16030272.30521152
2019-08-05,16370872.57035091
2019-08-06,15864616.15629703
2019-08-07,16653142.54240953
2019-08-08,16663104.22281013
2019-08-09,16643391.38451324
2019-08-10,15591076.87879208
2019-08-11,15727428.26948368
2019-08-12,15702596.17126364
2019-08-13,14846799.17816011
2019-08-14,14224189.65609519
2019-08-15,14497036.56977893
2019-08-16,14461235.54176063
2019-08-17,14472049.3708429
2019-08-18,14526009.37862427
2019-08-19,15370343.71540413
2019-08-20,15032213.17582276
2019-08-21,14149666.82362503
2019-08-22,14326512.41433107
2019-08-23,14767224.21638626
2019-08-24,14246260.82094778
2019-08-25,14950322.15146121
2019-08-26,14565772.64668176
2019-08-27,14183647.7172079
2019-08-28,13523290.95736948
2019-08-29,13005046.23628339
2019-08-30,13597804.9916943
2019-08-31,13672805.89155234
2019-09-01,13890387.95248212
2019-09-02,14975823.82025375
2019-09-03,15101775.4543967
2019-09-04,15020377.57514879
2019-09-05,15071919.62418648
2019-09-06,14379420.56151899
2019-09-07,14885036.32467886
2019-09-08,14597487.15640748
2019-09-09,14453444.46809451
2019-09-10,13994192.74841906
2019-09-11,14132814.18777046
2019-09-12,14726769.67103212
2019-09-13,14561514.76188268
2019-09-14,14590672.6616086
2019-09-15,14700236.48219804
2019-09-16,14222471.88437173
2019-09-17,14196711.5503216
2019-09-18,14047550.02222812
2019-09-19,14347721.60197045
2019-09-20,14097563.62869175
2019-09-21,13413108.91356648
2019-09-22,13527289.72964691
2019-09-23,13118383.57340394
2019-09-24,12115845.00622623
2019-09-25,11926504.2750683
2019-09-26,11381734.13716689
2019-09-27,11968241.29582371
2019-09-28,12036782.51645876
2019-09-29,11500246.38399253
2019-09-30,12003797.12421806
2019-10-01,12211370.94215084
2019-10-02,12395249.00918552
2019-10-03,11534269.35468569
2019-10-04,11752599.91671245
2019-10-05,11873323.73009848
2019-10-06,11019174.72571752
2019-10-07,12148172.81091506
2019-10-08,11932731.76065757
2019-10-09,12813329.80928286
2019-10-10,12705255.17816035
2019-10-11,12215038.7397473
2019-10-12,12503804.87954827
2019-10-13,12190590.99731252
2019-10-14,12438366.32665018
2019-10-15,11698927.75019405
2019-10-16,11128921.93541753
2019-10-17,11650234.90869828
2019-10-18,11125151.14950663
2019-10-19,11117673.95404504
2019-10-20,12169260.71497713
2019-10-21,11925362.09221733
2019-10-22,11365626.51543625
2019-10-23,10491180.6008182
2019-10-24,10519260.39133612
2019-10-25,13655184.71668345
2019-10-26,13610811.96948362
2019-10-27,14358251.96564338
2019-10-28,13385196.87483143
2019-10-29,13462688.01883713
2019-10-30,13135175.01952413
2019-10-31,13154578.9394693
2019-11-01,13545453.81987542
2019-11-02,13672584.59631077
2019-11-03,13206203.85781526
2019-11-04,13788858.047049
2019-11-05,13617315.18258743
2019-11-06,13813131.08997639
2019-11-07,13101402.66992925
2019-11-08,12691414.85120162
2019-11-09,12649058.52609954
2019-11-10,12948684.26622942
2019-11-11,12657487.74094117
2019-11-12,12775246.71663455
2019-11-13,12806761.95336398
2019-11-14,12353494.92010543
2019-11-15,12179696.84638204
2019-11-16,12349735.34414597
2019-11-17,12321243.7266216
2019-11-18,11328220.29874104
2019-11-19,11305678.87205278
2019-11-20,11189983.71719332
2019-11-21,10506269.60908459
2019-11-22,10148981.54730224
2019-11-23,10225276.85620583
2019-11-24,9820035.17483709
2019-11-25,10260815.54149591
2019-11-26,10367337.86820357
2019-11-27,10965006.47831259
2019-11-28,10792451.48468383
2019-11-29,11210631.63096433
2019-11-30,10743571.31560468
2019-12-01,10636520.21495429
2019-12-02,10721963.87621014
2019-12-03,10182239.58663315
2019-12-04,10366935.98977623
2019-12-05,10799188.88677418
2019-12-06,11230579.674963
2019-12-07,10997295.20002522
2019-12-08,11191061.21622763
2019-12-09,10536357.94586438
2019-12-10,10359727.85346268
2019-12-11,10080043.2420407
2019-12-12,10299511.28218407
2019-12-13,10611900.15161296
2019-12-14,9890018.04215205
2019-12-15,10002593.76147249
2019-12-16,9810711.84903788
2019-12-17,9571746.59554875
2019-12-18,10774318.96311117
2019-12-19,10308932.91280834
2019-12-20,10518990.88300008
2019-12-21,10319381.84381318
2019-12-22,11647200.04369951
2019-12-23,10905823.18409737
2019-12-24,10696994.71784962
2019-12-25,10475955.05353299
2019-12-26,10536817.23818152
2019-12-27,11136119.74464645
2019-12-28,11096539.53651193
2019-12-29,11230215.37887245
2019-12-30,10763565.80841637
2019-12-31,10256062.77852479
2020-01-01,10548441.5046537
2020-01-02,9734085.3471094
2020-01-03,11037682.27579545
2020-01-04,11520646.54802163
2020-01-05,11478344.86949214
2020-01-06,12434504.09482702
2020-01-07,13693677.39785267
2020-01-08,12398687.35886674
2020-01-09,12060304.29805944
2020-01-10,12981857.75418195
2020-01-11,12697386.09357227
2020-01-12,12931737.92256506
2020-01-13,13318139.73985159
2020-01-14,14155014.72110915
2020-01-15,13846033.26120642
2020-01-16,13693280.83452855
2020-01-17,14386895.11980352
2020-01-18,14398104.73448339
2020-01-19,13519316.59627651
2020-01-20,13463948.21656002
2020-01-21,13947808.22082159
2020-01-22,13413586.06125126
2020-01-23,13034178.53218279
2020-01-24,12669768.15079005
2020-01-25,12723623.52831449
2020-01-26,13797627.33442283
2020-01-27,14470078.8922156
2020-01-28,15013179.59669995
2020-01-29,14640970.62365093
2020-01-30,15102271.99803629
2020-01-31,14895769.99352046
2020-02-01,14570174.67475114
2020-02-02,14998028.54643117
2020-02-03,14740253.96348281
2020-02-04,14139317.89565039
2020-02-05,15326775.08249118
2020-02-06,15428961.03739117
2020-02-07,15453192.0637088
2020-02-08,15738031.44915978
2020-02-09,15973288.36421362
2020-02-10,15182236.93477297
2020-02-11,16095747.59237908
2020-02-12,16135964.97385234
2020-02-13,15796663.24596122
2020-02-14,15997941.97131431
2020-02-15,15318651.47964154
2020-02-16,15151131.60394692
2020-02-17,14503684.95472271
2020-02-18,15643181.3808037
2020-02-19,14169151.99081101
2020-02-20,14246618.89047951
2020-02-21,14481464.80505448
2020-02-22,14526211.91369883
2020-02-23,15480831.16728345
2020-02-24,14203438.56728728
2020-02-25,13368757.0984229
2020-02-26,12282483.74588937
2020-02-27,12876913.77619716
2020-02-28,12630417.34176485
2020-02-29,12169642.04902144
2020-03-01,12216957.41440353
2020-03-02,13020456.98917994
2020-03-03,12852380.44303423
2020-03-04,13361367.44610765
2020-03-05,13396219.27342886
2020-03-06,13680381.34633333
2020-03-07,12981892.85648521
2020-03-08,11169932.52741887
2020-03-09,11010476.64259302
2020-03-10,11084880.37495081
2020-03-11,11039299.91902626
2020-03-12,7759494.99605014
2020-03-13,8462236.04188664
2020-03-14,8016222.30510299
2020-03-15,8057437.2722703
2020-03-16,8240385.81265633
2020-03-17,8620928.00674298
2020-03-18,8658204.64323873
2020-03-19,9572761.66384202
2020-03-20,9325359.87261872
2020-03-21,9573491.49875054
2020-03-22,9007652.7769635
2020-03-23,10312984.83074686
2020-03-24,10366225.15143625
2020-03-25,10539159.02673376
2020-03-26,10687422.29298229
2020-03-27,9353592.9021203
2020-03-28,9239018.08718431
2020-03-29,8789554.05259487
2020-03-30,9836771.07325769
2020-03-31,9437829.33579295
2020-04-01,10531347.64309253
2020-04-02,10730221.18561965
2020-04-03,10730814.06717847
2020-04-04,10966021.99005789
2020-04-05,11001393.81719246
2020-04-06,11751575.17210668
2020-04-07,11086044.02474582
2020-04-08,11680646.47114107
2020-04-09,11407693.97283956
2020-04-10,10650069.6296771
2020-04-11,10630086.95689846
2020-04-12,10224879.96783597
2020-04-13,10800738.88752211
2020-04-14,10715032.41995483
2020-04-15,9823231.39924876
2020-04-16,11249104.62962583
2020-04-17,11282628.96466026
2020-04-18,11651221.98808749
2020-04-19,11474097.4964508
2020-04-20,10742520.91980733
2020-04-21,10656986.62345605
2020-04-22,11424331.34639225
2020-04-23,12175414.52832925
2020-04-24,11975235.27509831
2020-04-25,12378360.64302848
2020-04-26,12581452.7481629
2020-04-27,12553206.99383897
2020-04-28,12520331.91986972
2020-04-29,14303696.14641364
2020-04-30,13835347.65068838
2020-05-01,14140657.46392883
2020-05-02,14801832.42262454
2020-05-03,13861417.30740671
2020-05-04,14194033.560392
2020-05-05,14369182.4081784
2020-05-06,14774032.27377875
2020-05-07,16209368.82150739
2020-05-08,15715770.63733426
2020-05-09,13196857.97055456
2020-05-10,13435712.36921328
2020-05-11,12992692.37800249
2020-05-12,14271756.72812325
2020-05-13,14833262.57997076
2020-05-14,15831226.26848061
2020-05-15,14831121.86973665
2020-05-16,15062262.39710114
2020-05-17,15879584.47270937
2020-05-18,15264706.05481628
2020-05-19,15629775.86411714
2020-05-20,14875561.2903113
2020-05-21,13809366.75171507
2020-05-22,14321952.53481954
2020-05-23,14194857.92089137
2020-05-24,13157176.66173742
2020-05-25,13418827.53797821
2020-05-26,13551080.6478358
2020-05-27,14578269.58423944
2020-05-28,15132930.56147442
2020-05-29,14612289.81488425
2020-05-30,15519948.2005202
2020-05-31,14958806.58650049
2020-06-01,16412729.20080639
2020-06-02,14932454.51397596
2020-06-03,15371943.8345171
2020-06-04,15924481.82098256
2020-06-05,15009224.27398163
2020-06-06,15331321.50142141
2020-06-07,15900597.42196829
2020-06-08,15575368.98652013
2020-06-09,15988822.11400368
2020-06-10,16188525.24477854
2020-06-11,13984755.40674106
2020-06-12,14333293.12835254
2020-06-13,14404523.27859344
2020-06-14,13986511.82078359
2020-06-15,14294599.42635001
2020-06-16,14520634.90069694
2020-06-17,14365531.16865133
2020-06-18,14055484.2186544
2020-06-19,13775889.91476301
2020-06-20,14158897.1826174
2020-06-21,13936079.62400885
2020-06-22,15361770.11976879
2020-06-23,15176917.59883555
2020-06-24,13585071.09261757
2020-06-25,13726402.86554011
2020-06-26,13247261.66080381
2020-06-27,12993126.44535941
2020-06-28,13291176.61103891
2020-06-29,13667972.68214579
2020-06-30,13244410.90653205
2020-07-01,13853979.86055062
2020-07-02,13194396.24614991
2020-07-03,13075253.77809262
2020-07-04,13634627.38633325
2020-07-05,13113076.34220484
2020-07-06,14459661.65283307
2020-07-07,13864956.12295772
2020-07-08,14678462.68519867
2020-07-09,13697360.97176499
2020-07-10,14078626.56660929
2020-07-11,13958926.00999966
2020-07-12,14073892.63350916
2020-07-13,13667789.14446166
2020-07-14,14002588.48388868
2020-07-15,13616577.60222911
2020-07-16,13116570.98796663
2020-07-17,13410461.83874821
2020-07-18,13648911.00965077
2020-07-19,13714552.83690863
2020-07-20,13589353.79581019
2020-07-21,14644639.36155789
2020-07-22,15342972.16436785
2020-07-23,15448493.04109515
2020-07-24,15240371.69170258
2020-07-25,15756441.97669024
2020-07-26,16462498.24918237
2020-07-27,17285094.1261638
2020-07-28,16931549.9864102
2020-07-29,17161100.83609994
2020-07-30,17077123.24441334
2020-07-31,17244261.02254953
2020-08-01,17646115.59099867
2020-08-02,16965485.32101958
2020-08-03,17256770.70516262
2020-08-04,16779910.96131513
2020-08-05,17610497.60821238
2020-08-06,17484500.28470315
2020-08-07,17118514.08200229
2020-08-08,17458972.94584744
2020-08-09,17408168.55870976
2020-08-10,17602516.61271438
2020-08-11,16420731.43883065
2020-08-12,17133624.75774764
2020-08-13,17406316.13574157
2020-08-14,17742393.20841855
2020-08-15,17414097.14021601
2020-08-16,17538488.69055023
2020-08-17,17734970.62193085
2020-08-18,17516971.93784182
2020-08-19,17099278.50996791
2020-08-20,17345668.29829856
2020-08-21,16038981.4687259
2020-08-22,16601687.91301184
2020-08-23,16576694.09492458
2020-08-24,16860626.14498385
2020-08-25,15762519.48553223
2020-08-26,16078956.92264166
2020-08-27,15941235.51004347
2020-08-28,16252398.28046849
2020-08-29,16294734.60633843
2020-08-30,16893740.43753197
2020-08-31,16462853.53067923
2020-09-01,17474350.08235233
2020-09-02,15850286.78711801
2020-09-03,14571486.0302826
2020-09-04,14836596.91824187
2020-09-05,14491429.91241649
2020-09-06,14664966.66307933
2020-09-07,14803756.75020487
2020-09-08,14455362.1759418
2020-09-09,14815982.59043507
2020-09-10,14933777.54990941
2020-09-11,14958580.54185685
2020-09-12,15136223.74905693
2020-09-13,14661005.51914688
2020-09-14,15352682.63663034
2020-09-15,15451684.17591361
2020-09-16,15793843.06103671
2020-09-17,15631607.05900373
2020-09-18,15807908.45716189
2020-09-19,15875095.11110227
2020-09-20,15727434.99018228
2020-09-21,14734094.29983953
2020-09-22,14981669.6905959
2020-09-23,14351161.63065767
2020-09-24,15447393.92294866
2020-09-25,15238798.67974748
2020-09-26,15687065.6665877
2020-09-27,15846526.6645487
2020-09-28,15299372.94988467
2020-09-29,15681819.07713412
2020-09-30,15738782.6349912
2020-10-01,14801840.74905808
2020-10-02,14729734.29644839
2020-10-03,14762565.6468363
2020-10-04,15391082.04816649
2020-10-05,15629933.96677219
2020-10-06,14812600.41203313
2020-10-07,14993543.37710815
2020-10-08,15901528.32002684
2020-10-09,16317622.96910926
2020-10-10,16500337.32104993
2020-10-11,16665331.71597555
2020-10-12,16779077.75340586
2020-10-13,16765418.71705832
2020-10-14,16551053.99485484
2020-10-15,16843778.26939237
2020-10-16,15945145.61802942
2020-10-17,16380666.44510859
2020-10-18,16781896.96178215
2020-10-19,17286995.78785723
2020-10-20,17786407.88715066
2020-10-21,17922543.86205397
2020-10-22,17668532.27884282
2020-10-23,17465527.54633099
2020-10-24,17867899.53861673
2020-10-25,17697400.2876894
2020-10-26,17780848.95596126
2020-10-27,18022842.78387803
2020-10-28,17744272.55342004
2020-10-29,17915320.38737398
2020-10-30,17948922.05156932
2020-10-31,17956153.95202888
2020-11-01,18000366.23733889
2020-11-02,17604855.64371537
2020-11-03,18062919.46466972
2020-11-04,18104382.39653593
2020-11-05,18262865.14634346
2020-11-06,18190026.81633249
2020-11-07,17761057.79832023
2020-11-08,18132176.44764377
2020-11-09,17823090.87103732
2020-11-10,18055879.88579655
2020-11-11,18102732.25882361
2020-11-12,18315529.57565456
2020-11-13,18188437.11017279
2020-11-14,18012491.71189314
2020-11-15,17970728.661908
2020-11-16,18397955.88517584
2020-11-17,18459969.79448819
2020-11-18,18192725.9377602
2020-11-19,18226378.45881261
2020-11-20,18493775.36941265
2020-11-21,18131979.99268848
2020-11-22,18011888.02755146
2020-11-23,18025553.24048575
2020-11-24,18419354.93644884
2020-11-25,18190832.25205616
2020-11-26,17396021.12099815
2020-11-27,17432226.56400582
2020-11-28,17509077.4538123
2020-11-29,18022192.07255391
2020-11-30,18451434.76048093
2020-12-01,17965606.02204462
2020-12-02,18238195.54151989
2020-12-03,18397980.44084741
2020-12-04,17661782.1844058
2020-12-05,18282847.42450311
2020-12-06,18322132.35745107
2020-12-07,18227201.50267102
2020-12-08,17055014.51913149
2020-12-09,17267195.58457371
2020-12-10,16868641.50084065
2020-12-11,17320764.61617484
2020-12-12,17738869.26878714
2020-12-13,17892411.47947521
2020-12-14,18452692.445196
2020-12-15,18285959.42163263
2020-12-16,18507249.15523155
2020-12-17,18263837.69363591
2020-12-18,18307475.46268676
2020-12-19,18455693.13982731
2020-12-20,18464944.34600761
2020-12-21,17609308.03706054
2020-12-22,18528677.10403064
2020-12-23,17767795.75560589
2020-12-24,18250202.70563176
2020-12-25,18548670.92071046
2020-12-26,18540665.31438941
2020-12-27,18319020.85188144
2020-12-28,18037768.97409663
2020-12-29,18443727.25426642
2020-12-30,18548273.10265575
2020-12-31,18498262.83405925
2021-01-01,18371686.85699268
2021-01-02,18478703.05934526
2021-01-03,18291136.85738366
2021-01-04,18207232.6242726
2021-01-05,18439710.76182189
2021-01-06,18559237.72554424
2021-01-07,18316202.97312511
2021-01-08,18345276.00477964
2021-01-09,18382933.55945531
2021-01-10,17659510.65178803
2021-01-11,17613463.43659702
2021-01-12,17025585.32957272
2021-01-13,17932390.4056572
2021-01-14,18095596.72563247
2021-01-15,17680252.93606924
2021-01-16,17523694.04328978
2021-01-17,17478396.2850968
2021-01-18,17635578.89978769
2021-01-19,17406634.76791391
2021-01-20,17294624.29115382
2021-01-21,16277557.6314099
2021-01-22,16809856.11538369
2021-01-23,16507512.34089312
2021-01-24,16765174.77991387
2021-01-25,16662195.3435911
2021-01-26,16686228.8232845
2021-01-27,16244819.75116667
2021-01-28,17269553.24985197
2021-01-29,17103553.25808999
2021-01-30,16977625.97131749
2021-01-31,16460692.22059218
2021-02-01,16741484.29480468
2021-02-02,17678461.57123485
2021-02-03,18027770.00374292
2021-02-04,17684256.32328534
2021-02-05,18165463.68853175
2021-02-06,18221840.34541677
2021-02-07,17971074.52323826
2021-02-08,18581866.68225259
2021-02-09,18328747.33523005
2021-02-10,17981185.2348881
2021-02-11,18563421.10344628
2021-02-12,18402839.59751429
2021-02-13,18411971.7295049
2021-02-14,18506587.98681667
2021-02-15,18330110.57405987
2021-02-16,18408102.44047535
2021-02-17,18581851.5615251
2021-02-18,18306562.09489702
2021-02-19,18589730.58508021
2021-02-20,18300227.91791269
2021-02-21,18396459.75685036
2021-02-22,17943980.3915356
2021-02-23,17467351.21095449
2021-02-24,17721324.43418273
2021-02-25,16900569.85554723
2021-02-26,17249452.09684947
2021-02-27,16793618.52969134
2021-02-28,16834258.0026947
2021-03-01,17754315.35912971
2021-03-02,17491949.52347384
2021-03-03,17921174.20385958
2021-03-04,16725832.19467319
2021-03-05,17550852.41541905
2021-03-06,17713813.08230528
2021-03-07,18087147.27368887
2021-03-08,18146755.89389971
2021-03-09,18444922.3094078
2021-03-10,18307331.46172501
2021-03-11,18503980.1648893
2021-03-12,18252603.13934473
2021-03-13,18607589.68089568
2021-03-14,18392381.89562886
2021-03-15,17596017.60092899
2021-03-16,18135805.99098929
2021-03-17,18476550.11806752
2021-03-18,18036125.85108531
2021-03-19,18385310.25080694
2021-03-20,18295805.10355952
2021-03-21,17843569.45585397
2021-03-22,17405119.91068754
2021-03-23,17076709.66559671
2021-03-24,17023168.5683964
2021-03-25,16941061.54154774
2021-03-26,17458859.17070828
2021-03-27,17845244.17916047
2021-03-28,17548155.31943978
2021-03-29,18114122.34847854
2021-03-30,18458170.11876229
2021-03-31,18477009.78082335
2021-04-01,18136933.25820404
2021-04-02,18463530.75679468
2021-04-03,17576138.87052123
2021-04-04,17931837.87213445
2021-04-05,18484157.11816295
2021-04-06,17571848.00645217
2021-04-07,17247986.02668352
2021-04-08,18131506.58009191
2021-04-09,17929034.7741736
2021-04-10,18502815.40537476
2021-04-11,18414856.22749477
2021-04-12,18556903.05765758
2021-04-13,18609369.89335283
2021-04-14,18371197.65457302
2021-04-15,18552098.59318192
2021-04-16,18233508.1391067
2021-04-17,17775357.76635794
2021-04-18,16904215.49685114
2021-04-19,16169047.96399923
2021-04-20,16546744.65563911
2021-04-21,15997316.19901007
2021-04-22,15647852.0433647
2021-04-23,15571698.07810419
2021-04-24,15541939.98399364
2021-04-25,15913941.81640618
2021-04-26,16205112.39887823
2021-04-27,16728165.89938334
2021-04-28,16401277.00379746
2021-04-29,15996637.63001258
2021-04-30,17665894.86170097
2021-05-01,17435927.2805743
2021-05-02,17449731.94405727
2021-05-03,16503957.1822822
2021-05-04,16203558.78723514
2021-05-05,17292661.31977669
2021-05-06,16920111.75570673
2021-05-07,17653652.13270505
2021-05-08,17920933.98429699
2021-05-09,18087068.0484561
2021-05-10,16194269.55694896
2021-05-11,17308265.16169533
2021-05-12,14909581.7648247
2021-05-13,15099208.11729277
2021-05-14,14895104.96702375
2021-05-15,14368768.99518929
2021-05-16,14212421.65275729
2021-05-17,14221496.60065166
2021-05-18,14026135.51163221
2021-05-19,13435448.25545553
2021-05-20,14515177.36624493
2021-05-21,13768521.84360306
2021-05-22,13989742.04587999
2021-05-23,13446497.35361307
2021-05-24,14321774.99183702
2021-05-25,14001181.52374837
2021-05-26,14058806.44345812
2021-05-27,13771453.43070516
2021-05-28,13477389.08249262
2021-05-29,13052645.73813992
2021-05-30,13324464.28218715
2021-05-31,13996183.96836785
2021-06-01,13489355.49645349
2021-06-02,13908818.55990632
2021-06-03,14234762.7002356
2021-06-04,13995764.81555419
2021-06-05,13267645.93844018
2021-06-06,13514294.68131609
2021-06-07,12914321.74943405
2021-06-08,12964861.61498942
2021-06-09,13939956.42981604
2021-06-10,13585327.51944179
2021-06-11,13966265.84365732
2021-06-12,13391573.08455295
2021-06-13,14793935.93630469
2021-06-14,15000931.91789333
2021-06-15,14741426.88015099
2021-06-16,14352945.60203543
2021-06-17,13994556.25289496
2021-06-18,13294172.33472922
2021-06-19,13190218.64660562
2021-06-20,13290210.89408189
2021-06-21,12621260.56622204
2021-06-22,13153954.22046602
2021-06-23,12938602.23086189
2021-06-24,13387198.93979998
2021-06-25,12641731.4066464
2021-06-26,13011777.20020947
2021-06-27,13718404.66203253
2021-06-28,13808039.12352136
2021-06-29,13946442.02803855
2021-06-30,13835946.92150113
2021-07-01,13363953.42324397
2021-07-02,13353507.98150253
2021-07-03,13727506.99541484
2021-07-04,13845859.20467574
2021-07-05,13525728.0438702
2021-07-06,13586190.13817785
2021-07-07,13023408.81708819
2021-07-08,12762165.2828789
2021-07-09,13608317.87067749
2021-07-10,13443282.37099007
2021-07-11,13691385.64989512
2021-07-12,13077071.5242557
2021-07-13,12736106.90896831
2021-07-14,13197766.6427935
2021-07-15,12478875.01712807
2021-07-16,12497724.56621901
2021-07-17,12792568.22785905
2021-07-18,12512157.83258694
2021-07-19,12379808.98487736
2021-07-20,12242435.24981368
2021-07-21,13103047.25824748
2021-07-22,13202973.35423594
2021-07-23,13820605.27997858
2021-07-24,13970370.42944229
2021-07-25,14824236.36375357
2021-07-26,14790920.66330821
2021-07-27,15354416.09755951
2021-07-28,15257103.89367079
2021-07-29,15400177.64232815
2021-07-30,15850487.30156266
2021-07-31,15803199.12603716
2021-08-01,15008469.08217721
2021-08-02,14942577.85250733
2021-08-03,14663569.74335599
2021-08-04,15093892.36001003
2021-08-05,15434379.45855277
2021-08-06,15917271.44971535
2021-08-07,15948607.25843851
2021-08-08,15747321.81272065
2021-08-09,16005338.80861632
2021-08-10,15940636.66337512
2021-08-11,15828912.63433178
2021-08-12,15679592.66132183
2021-08-13,16301350.6268179
2021-08-14,16200161.79556182
2021-08-15,16305667.09617656
2021-08-16,15650397.37827742
2021-08-17,15460056.76508604
2021-08-18,15528473.38791527
2021-08-19,16211370.11101359
2021-08-20,16535441.47788854
2021-08-21,16475968.61526799
2021-08-22,16628382.61592333
2021-08-23,16423508.68052366
2021-08-24,16124021.6709843
2021-08-25,16486224.69992458
2021-08-26,15868874.20514891
2021-08-27,16512482.74029619
2021-08-28,16606346.34174862
2021-08-29,16148710.61143782
2021-08-30,15576933.88189988
2021-08-31,15512238.57915604
2021-09-01,16385509.61477719
2021-09-02,16128829.04507342
2021-09-03,16617740.43757756
2021-09-04,16708955.97482369
2021-09-05,16985526.36380363
2021-09-06,17070520.88409844
2021-09-07,15543232.38675928
2021-09-08,15241876.94292794
2021-09-09,15425026.70151089
2021-09-10,14887772.18296287
2021-09-11,14815592.35859018
2021-09-12,15159625.93070939
2021-09-13,14966348.10927484
2021-09-14,15821757.59531985
2021-09-15,15979674.98859281
2021-09-16,15848455.00094359
2021-09-17,15752296.87857827
2021-09-18,15973421.82830948
2021-09-19,15420840.4673532
2021-09-20,14486775.54789877
2021-09-21,14448884.67013735
2021-09-22,14672912.74386508
2021-09-23,14902617.99616297
2021-09-24,14682166.06782739
2021-09-25,14637608.80677
2021-09-26,14971831.17206055
2021-09-27,14531835.91799579
2021-09-28,14440419.74614898
2021-09-29,14691270.59654156
2021-09-30,14981853.43567919
2021-10-01,16091340.27113843
2021-10-02,15733713.48618873
2021-10-03,16083454.18952009
2021-10-04,16689056.8794134
2021-10-05,16966255.55604137
2021-10-06,17353746.61277422
2021-10-07,17095375.08991333
2021-10-08,17032316.2716256
2021-10-09,17440105.99052753
2021-10-10,17455319.20942592
2021-10-11,17872344.84076697
2021-10-12,17721704.56832849
2021-10-13,18279085.36932019
2021-10-14,17733605.88790563
2021-10-15,18566064.79939388
2021-10-16,18473857.75267394
2021-10-17,18730728.53218555
2021-10-18,18637804.51133802
2021-10-19,18745911.19302333
2021-10-20,18588421.13199086
2021-10-21,18376090.0130675
2021-10-22,18106871.36473051
2021-10-23,18103101.27612353
2021-10-24,18306450.49931879
2021-10-25,18443363.98024532
2021-10-26,17770881.84737055
2021-10-27,17329900.58857968
2021-10-28,18062801.79966455
2021-10-29,18151721.95386777
2021-10-30,18357381.09927358
2021-10-31,18121230.33654263
2021-11-01,17793568.41452174
2021-11-02,18620550.07752035
2021-11-03,18269466.2370512
2021-11-04,17495915.72433413
2021-11-05,17730795.13518102
2021-11-06,18099577.72796953
2021-11-07,18768224.44969402
2021-11-08,18720913.74130106
2021-11-09,18581909.28620943
2021-11-10,18273706.18393431
2021-11-11,18198043.8250269
2021-11-12,18307861.495775
2021-11-13,18405385.60650467
2021-11-14,18568992.87273457
2021-11-15,17411537.48839135
2021-11-16,16587949.11924285
2021-11-17,16995394.06952123
2021-11-18,16121531.99325367
2021-11-19,16694175.74262951
2021-11-20,16879687.12078501
2021-11-21,16607365.02104712
2021-11-22,15923398.50103269
2021-11-23,16288286.11767684
2021-11-24,16747826.58216211
2021-11-25,16826663.63638484
2021-11-26,15063450.032206
2021-11-27,15390398.80248586
2021-11-28,16763554.67138307
2021-11-29,16553637.93265585
2021-11-30,16525175.77492979
2021-12-01,16037854.69310716
2021-12-02,15830014.07323317
2021-12-03,14781246.70589801
2021-12-04,14345809.65672053
2021-12-05,14266712.66169619
2021-12-06,14870906.04552391
2021-12-07,14782792.63018876
2021-12-08,14790505.44928999
2021-12-09,14006216.40423964
2021-12-10,13905214.20719127
2021-12-11,14678672.26822262
2021-12-12,14765904.01968073
2021-12-13,13591233.86198787
2021-12-14,14266036.76461456
2021-12-15,14696623.56792103
2021-12-16,13939279.87237195
2021-12-17,13356621.22002856
2021-12-18,13565108.21190308
2021-12-19,13693577.16179131
2021-12-20,13698603.12420294
2021-12-21,14615659.73725621
2021-12-22,14272313.391746
2021-12-23,15465707.47854833
2021-12-24,15501436.91093362
2021-12-25,15043575.98928704
2021-12-26,15241785.51284093
2021-12-27,14995360.1379232
2021-12-28,13853589.36821556
2021-12-29,13358130.84059484
2021-12-30,13538620.62506985
2021-12-31,13396223.96885963
2022-01-01,14115587.20762972
2022-01-02,13584894.17952349
2022-01-03,13207311.45891038
2022-01-04,13288551.53264475
2022-01-05,12894680.72418736
2022-01-06,12759480.37158892
2022-01-07,12864905.94321627
2022-01-08,12857907.75544536
2022-01-09,12805116.04343334
2022-01-10,12757739.27839288
2022-01-11,13124102.4153623
2022-01-12,13359048.91716873
2022-01-13,13113817.31887623
2022-01-14,13261530.3908885
2022-01-15,13118249.37217279
2022-01-16,13045731.32459546
2022-01-17,13032131.16105357
2022-01-18,13059686.97546457
2022-01-19,12956304.99741052
2022-01-20,12552466.14041086
2022-01-21,11749249.78044444
2022-01-22,11675795.97314505
2022-01-23,11792474.28975058
2022-01-24,11788583.80915322
2022-01-25,12011357.12683511
2022-01-26,12172214.15824056
2022-01-27,12291708.90342083
2022-01-28,12571563.55498178
2022-01-29,12529053.54854099
2022-01-30,12071530.93963008
2022-01-31,12766751.16832612
2022-02-01,12904428.51472019
2022-02-02,11942363.05702709
2022-02-03,12244575.27340894
2022-02-04,13669331.16024679
2022-02-05,13559498.62454886
2022-02-06,13867512.74819951
2022-02-07,14089084.73645952
2022-02-08,14170461.90497389
2022-02-09,14104067.3926579
2022-02-10,13715699.90921738
2022-02-11,13547011.02825122
2022-02-12,13693868.9594326
2022-02-13,13418410.75287261
2022-02-14,13755657.4854554
2022-02-15,14273056.24154561
2022-02-16,14118354.99153553
2022-02-17,13069536.95940591
2022-02-18,13054001.29343052
2022-02-19,12844836.95461268
2022-02-20,12648345.82299241
2022-02-21,11824844.76229771
2022-02-22,12350154.0226491
2022-02-23,11605039.4458837
2022-02-24,12435866.8732857
2022-02-25,13254670.53349096
2022-02-26,12705422.62830623
2022-02-27,11939535.67276776
2022-02-28,14308810.3369703
2022-03-01,14459105.66119904
2022-03-02,14384461.0585734
2022-03-03,13174714.32648828
2022-03-04,12357745.31583371
2022-03-05,12847651.03969185
2022-03-06,12089523.8482936
2022-03-07,12047164.22907453
2022-03-08,12641052.67639996
2022-03-09,13430691.83142009
2022-03-10,12699090.69560157
2022-03-11,12696529.59934735
2022-03-12,12552857.43085552
2022-03-13,11703928.43723223
2022-03-14,13111820.71049267
2022-03-15,12752651.72668791
2022-03-16,13554691.36494586
2022-03-17,13092082.54089732
2022-03-18,13879175.49066925
2022-03-19,13967514.23354512
2022-03-20,13539258.90223451
2022-03-21,13496439.08269321
2022-03-22,13969459.42589094
2022-03-23,14244393.542387
2022-03-24,14612993.39858788
2022-03-25,14541678.67892718
2022-03-26,14892745.01188966
2022-03-27,15317233.13027333
2022-03-28,15307775.56714125
2022-03-29,15064694.88204981
2022-03-30,14991873.02011043
2022-03-31,14437291.5160982
2022-04-01,15064545.7049367
2022-04-02,14575376.5684299
2022-04-03,14502522.47209981
2022-04-04,14902594.23847599
2022-04-05,14196440.20888706
2022-04-06,13367672.29902499
2022-04-07,13691793.37033916
2022-04-08,13305797.07488057
2022-04-09,13448421.13591284
2022-04-10,13204427.88757494
2022-04-11,12341650.83910472
2022-04-12,12545408.42511485
2022-04-13,13009344.86960778
2022-04-14,12386765.77032134
2022-04-15,12882889.1453032
2022-04-16,12770204.13590043
2022-04-17,12296660.19639218
2022-04-18,13095877.98963983
2022-04-19,13184908.49627737
2022-04-20,13365976.06063609
2022-04-21,12557420.85598342
2022-04-22,12164402.78413886
2022-04-23,12183864.02828438
2022-04-24,11778151.06382725
2022-04-25,12943079.04713396
2022-04-26,11392815.75709044
2022-04-27,12234095.65947738
2022-04-28,12549776.94932201
2022-04-29,11735053.83380388
2022-04-30,11212040.72049061
2022-05-01,12011638.35249016
2022-05-02,11644870.148328
2022-05-03,11434737.35263425
2022-05-04,12680290.08364125
2022-05-05,10870563.97291037
2022-05-06,10838817.04685213
2022-05-07,10671320.43147662
2022-05-08,10466119.9091889
2022-05-09,10073771.88262059
2022-05-10,10236062.69689542
2022-05-11,10178834.71043241
2022-05-12,10442365.89578499
2022-05-13,10342196.6207404
2022-05-14,10566118.89176663
2022-05-15,10965880.43013703
2022-05-16,10692811.17914075
2022-05-17,10863246.1803584
2022-05-18,10176754.39054302
2022-05-19,10875921.63555881
2022-05-20,10419428.39993363
2022-05-21,10514659.81467191
2022-05-22,10949490.72417551
2022-05-23,10219888.04890246
2022-05-24,10627233.36003802
2022-05-25,10551374.40482192
2022-05-26,10181886.41783442
2022-05-27,10319322.20788406
2022-05-28,10477655.77330074
2022-05-29,10698378.09811609
2022-05-30,11496724.87999095
2022-05-31,11656117.4394687
2022-06-01,10493989.02636812
2022-06-02,11061725.35901437
2022-06-03,10646235.62239851
2022-06-04,10671769.46458269
2022-06-05,11138968.52521082
2022-06-06,10928402.18030147
2022-06-07,11307985.2669657
2022-06-08,10921657.17752258
2022-06-09,10525798.77512784
2022-06-10,10356978.97881256
2022-06-11,10015884.98142445
2022-06-12,9698386.55908513
2022-06-13,9552176.10300318
2022-06-14,9619683.17934349
2022-06-15,10179203.5237152
2022-06-16,9546089.97415979
2022-06-17,9633060.50494486
2022-06-18,9403093.1378803
2022-06-19,9864313.46833758
2022-06-20,10262040.86274523
2022-06-21,9995448.85875451
2022-06-22,10090783.66007909
2022-06-23,10480159.82886718
2022-06-24,10528373.34689586
2022-06-25,10688932.30829442
2022-06-26,10381235.08201794
2022-06-27,10243256.72898042
2022-06-28,9793112.96527208
2022-06-29,9699820.95634674
2022-06-30,10118571.69624226
2022-07-01,9570019.05491066
2022-07-02,9676817.54328232
2022-07-03,9732894.88342141
2022-07-04,10368064.74259672
2022-07-05,10235325.8453553
2022-07-06,10483272.09238262
2022-07-07,11089174.83502361
2022-07-08,10927257.00611044
2022-07-09,10837860.56679206
2022-07-10,10551840.83368981
2022-07-11,9886332.9806896
2022-07-12,9797043.64499924
2022-07-13,10323061.62131876
2022-07-14,10370083.11808807
2022-07-15,10547764.43534877
2022-07-16,11184178.67899682
2022-07-17,10770406.4037643
2022-07-18,11446165.7092299
2022-07-19,11467085.56031916
2022-07-20,11468896.49020125
2022-07-21,11567176.56961414
2022-07-22,11168860.74458896
2022-07-23,11069068.26488236
2022-07-24,10974182.09486298
2022-07-25,10437963.47300644
2022-07-26,10669077.53184401
2022-07-27,11379528.64913736
2022-07-28,11879069.00274731
2022-07-29,11831387.88283475
2022-07-30,11757321.41274189
2022-07-31,11578511.85613063
2022-08-01,11497006.15690284
2022-08-02,11057484.03946502
2022-08-03,11264871.11400145
2022-08-04,11002805.90133594
2022-08-05,11633761.53208511
2022-08-06,11090436.74464458
2022-08-07,11722130.33843551
2022-08-08,11796487.25308752
2022-08-09,10938751.48087354
2022-08-10,12049252.76029599
2022-08-11,11904993.64928308
2022-08-12,12077797.88697822
2022-08-13,12102462.30044661
2022-08-14,12039464.50704326
2022-08-15,11913035.29380278
2022-08-16,11867593.27780546
2022-08-17,11522801.68489445
2022-08-18,10848880.12120332
2022-08-19,10148102.68511779
2022-08-20,10278129.44686013
2022-08-21,10449431.28086708
2022-08-22,10391811.1697357
2022-08-23,10439999.16691466
2022-08-24,10554439.29380605
2022-08-25,10510339.61426425
2022-08-26,9778905.37017403
2022-08-27,9677633.56323914
2022-08-28,9596850.34893481
2022-08-29,9944156.47190161
2022-08-30,9764457.01075261
2022-08-31,9851158.76874298
2022-09-01,9935423.52925251
2022-09-02,9871421.97329541
2022-09-03,9708034.05290517
2022-09-04,9884300.54422961
2022-09-05,10125822.08579346
2022-09-06,9142122.37199459
2022-09-07,9562537.36270364
2022-09-08,9737280.65202163
2022-09-09,10849784.15871954
2022-09-10,11168652.39016857
2022-09-11,11249323.73750604
2022-09-12,11269400.85491809
2022-09-13,10158541.71938078
2022-09-14,10100094.41479101
2022-09-15,9760949.94162707
2022-09-16,10036746.41829239
2022-09-17,10050622.24447957
2022-09-18,9602212.63368901
2022-09-19,9749212.28733422
2022-09-20,9239114.33620591
2022-09-21,9041903.08981938
2022-09-22,9764244.12939679
2022-09-23,9594339.99843674
2022-09-24,9329792.74487522
2022-09-25,9206705.43485541
2022-09-26,9955220.45787837
2022-09-27,9587765.80709596
2022-09-28,10024023.16526644
2022-09-29,10169121.49229112
2022-09-30,9926753.9348756
2022-10-01,9671636.59249681
2022-10-02,9455563.5389001
2022-10-03,10237009.33202096
2022-10-04,10750281.9676214
2022-10-05,10895983.26283412
2022-10-06,10466948.40879333
2022-10-07,10074234.85498961
2022-10-08,9812143.59696213
2022-10-09,10034233.59778835
2022-10-10,9225362.71087642
2022-10-11,9518646.01680739
2022-10-12,9622288.17867262
2022-10-13,10123354.75380651
2022-10-14,9745266.18571583
2022-10-15,9622174.29589804
2022-10-16,9845999.18398363
2022-10-17,10471893.76583408
2022-10-18,9709757.87702408
2022-10-19,9132236.72124064
2022-10-20,9259368.64252965
2022-10-21,9690457.95038553
2022-10-22,9814714.73980754
2022-10-23,10443010.16273227
2022-10-24,9977132.07947474
2022-10-25,11059993.41864736
2022-10-26,11347232.90367565
2022-10-27,10895939.90017279
2022-10-28,11274053.31074795
2022-10-29,11319784.11444079
2022-10-30,11022730.03076685
2022-10-31,11003465.9586666
2022-11-01,11097348.49385138
2022-11-02,10681397.30185579
2022-11-03,10796963.73567851
2022-11-04,11874191.85669092
2022-11-05,11783322.54047778
2022-11-06,11448619.31507758
2022-11-07,10939606.49444605
2022-11-08,8896223.86493642
2022-11-09,8748115.11528366
2022-11-10,9088760.90094883
2022-11-11,9000749.47037062
2022-11-12,9002918.10906495
2022-11-13,8680561.70973647
2022-11-14,8917781.42401377
2022-11-15,9095433.01056407
2022-11-16,9142095.75364935
2022-11-17,9828078.40057545
2022-11-18,9256293.4705074
2022-11-19,9477308.29852137
2022-11-20,8667530.52454639
2022-11-21,8647326.60854614
2022-11-22,8970701.98435719
2022-11-23,9296343.01654354
2022-11-24,9110734.00986561
2022-11-25,9455417.2668564
2022-11-26,9011095.1105284
2022-11-27,8979908.92167701
2022-11-28,8808420.93505299
2022-11-29,10332401.43266732
2022-11-30,10520347.310887
2022-12-01,10421793.93266507
2022-12-02,10471754.97470591
2022-12-03,10279053.44598819
2022-12-04,10639291.87563184
2022-12-05,10404777.89606069
2022-12-06,10529554.39613596
2022-12-07,9964266.31807978
2022-12-08,10680164.65879148
2022-12-09,10611754.95990602
2022-12-10,10582796.91288511
2022-12-11,10166337.00541669
2022-12-12,10634251.6936378
2022-12-13,10920079.16261146
2022-12-14,10790724.36936016
2022-12-15,10629641.53069196
2022-12-16,9514366.28117936
2022-12-17,9668586.02406222
2022-12-18,9746111.47457686
2022-12-19,8986259.3419789
2022-12-20,10078305.5046256
2022-12-21,10135862.99328772
2022-12-22,9756614.83706563
2022-12-23,9965530.50651554
2022-12-24,10205719.65114338
2022-12-25,10080184.58116812
2022-12-26,10290867.4452493
2022-12-27,9520331.29095721
2022-12-28,9280349.29802909
2022-12-29,9573614.75845149
2022-12-30,9416020.14463142
2022-12-31,9098031.88325016
2023-01-01,9519804.30496084
2023-01-02,9880582.45612376
2023-01-03,9727049.93501868
2023-01-04,10327238.88330787
2023-01-05,10549946.08970919
2023-01-06,10883372.50395267
2023-01-07,10692478.87130056
2023-01-08,11139618.68416435
2023-01-09,11080406.44857288
2023-01-10,11276008.84633786
2023-01-11,11482840.63416252
2023-01-12,11491090.3999667
2023-01-13,12862896.46629822
2023-01-14,12637637.86493079
2023-01-15,12898033.63356248
2023-01-16,12866032.53486169
2023-01-17,12932416.02020437
2023-01-18,12310490.89567371
2023-01-19,12746664.16605152
2023-01-20,13324725.08201086
2023-01-21,13372795.59582426
2023-01-22,13298635.19925779
2023-01-23,13447628.40371049
2023-01-24,13107972.45981732
2023-01-25,13620446.58798477
2023-01-26,13209175.3741804
2023-01-27,13612883.39314217
2023-01-28,13598950.80413703
2023-01-29,13800520.24596763
2023-01-30,13030169.51035255
2023-01-31,13398381.05551506
2023-02-01,13911212.41712486
2023-02-02,13613975.0916216
2023-02-03,13510771.47598529
2023-02-04,13366679.06284516
2023-02-05,12978231.70739743
2023-02-06,12653638.76181071
2023-02-07,13515676.1039088
2023-02-08,12883123.06864115
2023-02-09,12372685.93798364
2023-02-10,12370105.23543404
2023-02-11,12552427.35290462
2023-02-12,12505591.96038715
2023-02-13,12471054.26298155
2023-02-14,12645824.23885017
2023-02-15,13975119.99002839
2023-02-16,13675078.70569753
2023-02-17,13935417.92702972
2023-02-18,13978774.88198091
2023-02-19,13736484.95457586
2023-02-20,13956971.31399029
2023-02-21,13726543.47194613
2023-02-22,13675873.85715079
2023-02-23,13615622.41439007
2023-02-24,13103761.46839614
2023-02-25,12995826.64542324
2023-02-26,13397036.06405415
2023-02-27,13337052.65724656
2023-02-28,12846001.18164181
2023-03-01,13469683.61995825
2023-03-02,13290650.68762577
2023-03-03,12341827.16678806
2023-03-04,12402238.00713058
2023-03-05,12460115.82967392
2023-03-06,12422249.4549448
2023-03-07,12283671.59726908
2023-03-08,12027012.26172178
2023-03-09,11100228.59736384
2023-03-10,11395618.10738017
2023-03-11,11595948.81806816
2023-03-12,12867100.25048061
2023-03-13,14039467.423072
2023-03-14,14061607.80145006
2023-03-15,13752487.94236038
2023-03-16,14106426.84952997
2023-03-17,14374536.24098745
2023-03-18,14186341.48781884
2023-03-19,14274826.56611042
2023-03-20,14265526.07435271
2023-03-21,14274524.85666185
2023-03-22,13991093.38836842
2023-03-23,14258691.2483829
2023-03-24,13938393.58903884
2023-03-25,13973262.76881426
2023-03-26,14181440.20791497
2023-03-27,13643477.1322129
2023-03-28,13857591.33727575
2023-03-29,14310425.39151178
2023-03-30,14406635.1867974
2023-03-31,14518566.2621382
2023-04-01,14423064.06169523
2023-04-02,14197430.18853026
2023-04-03,13789777.14798411
2023-04-04,14644172.83577363
2023-04-05,14009279.94250779
2023-04-06,14242781.59782402
2023-04-07,13893274.3108035
2023-04-08,14193246.53573192
2023-04-09,14549929.98586527
2023-04-10,14869239.26681698
2023-04-11,14925384.07391603
2023-04-12,14715582.64138021
2023-04-13,15032373.32703222
2023-04-14,14850200.82896778
2023-04-15,14801960.52990069
2023-04-16,14366617.9642555
2023-04-17,14240673.1116217
2023-04-18,14865296.63145676
2023-04-19,14056111.55153985
2023-04-20,13864611.1710098
2023-04-21,13069130.73303433
2023-04-22,13237000.20006808
2023-04-23,13355317.02891494
2023-04-24,13240579.83703966
2023-04-25,14100109.96304284
2023-04-26,14326481.76742259
2023-04-27,14499539.17787928
2023-04-28,14297649.3738963
2023-04-29,14143246.80733336
2023-04-30,14341487.05284871
2023-05-01,13649310.63239749
2023-05-02,14039080.48506749
2023-05-03,14256426.93299449
2023-05-04,14232188.83836159
2023-05-05,14635368.94335363
2023-05-06,14197941.43001251
2023-05-07,13797120.41792052
2023-05-08,12787429.03643935
2023-05-09,12981826.36175679
2023-05-10,12731719.43832193
2023-05-11,12575494.57141791
2023-05-12,12632370.06007129
2023-05-13,12465060.27333461
2023-05-14,12482569.74275155
2023-05-15,12712549.14011755
2023-05-16,12709835.11986725
2023-05-17,12899997.84141371
2023-05-18,12573227.46823488
2023-05-19,12579112.4453647
2023-05-20,12923492.84646769
2023-05-21,12306163.51244275
2023-05-22,12424350.24468244
2023-05-23,12786303.99337711
2023-05-24,12117481.20558682
2023-05-25,12316219.41351928
2023-05-26,12375204.77846944
2023-05-27,12919072.26359076
2023-05-28,13910138.52270755
2023-05-29,13317587.10167996
2023-05-30,13301029.31425742
2023-05-31,12707808.72907037
2023-06-01,12278336.0505998
2023-06-02,12951936.15300302
2023-06-03,12655881.10769878
2023-06-04,12648654.87795808
2023-06-05,11960733.26652625
2023-06-06,13116899.74530992
2023-06-07,12176756.95607355
2023-06-08,12245286.8667695
2023-06-09,12198321.73866027
2023-06-10,11990861.44793888
2023-06-11,12083383.2959496
2023-06-12,12094189.96373829
2023-06-13,12140231.78617453
2023-06-14,11849630.83654714
2023-06-15,11963796.27814624
2023-06-16,12420185.07979482
2023-06-17,12499744.26019221
2023-06-18,12394119.94822706
2023-06-19,13270483.06131965
2023-06-20,14460644.82753851
2023-06-21,15061413.01970629
2023-06-22,14865665.52528557
2023-06-23,15136580.63546584
2023-06-24,15074053.7433683
2023-06-25,14999028.14496239
2023-06-26,15006671.47316528
2023-06-27,15074413.91642095
2023-06-28,14493038.42699082
2023-06-29,14934572.90574553
2023-06-30,14904049.52005369
2023-07-01,15001416.83165787
2023-07-02,15128602.49828431
2023-07-03,15260238.66627886
2023-07-04,15070006.35585877
2023-07-05,14627756.99803788
2023-07-06,14168090.67750435
2023-07-07,14506442.87991818
2023-07-08,14639358.50471023
2023-07-09,14196214.35178652
2023-07-10,14782059.05559025
2023-07-11,14862415.37514239
2023-07-12,14548777.78796556
2023-07-13,15354924.57928989
2023-07-14,14438017.8736962
2023-07-15,14382149.46421823
2023-07-16,14225736.82758504
2023-07-17,14176752.62821062
2023-07-18,14094086.39420589
2023-07-19,14086264.63318403
2023-07-20,13813465.93883744
2023-07-21,14108654.6149259
2023-07-22,13766508.36057138
2023-07-23,14154074.52643796
2023-07-24,13435630.30749155
2023-07-25,13457978.61383598
2023-07-26,13714125.22368175
2023-07-27,13590031.34326938
2023-07-28,13818333.1922915
2023-07-29,13837305.43495581
2023-07-30,13978261.65700649
2023-07-31,13725855.78917283
2023-08-01,14290614.83792608
2023-08-02,13401568.4932749
2023-08-03,13536606.08222985
2023-08-04,13354773.78124111
2023-08-05,13353167.11452319
2023-08-06,13225577.91424629
2023-08-07,13670508.99999786
2023-08-08,14315667.66691241
2023-08-09,14090296.11068848
2023-08-10,13988502.0957411
2023-08-11,14001265.55412164
2023-08-12,14006687.97434014
2023-08-13,13500847.2594423
2023-08-14,13977274.53307387
2023-08-15,13403273.95662812
2023-08-16,12974603.89298538
2023-08-17,11901132.4013771
2023-08-18,11584679.84886262
2023-08-19,11648172.20079698
2023-08-20,11629360.25487347
2023-08-21,11660021.80378807
2023-08-22,11597125.86813929
2023-08-23,12159462.57467044
2023-08-24,11776644.81605377
2023-08-25,11627577.78962502
2023-08-26,11537579.77872556
2023-08-27,11577999.96250898
2023-08-28,11904096.75359787
2023-08-29,12913574.64333392
2023-08-30,12683419.24884313
2023-08-31,11637411.32927337
2023-09-01,11388747.20906644
2023-09-02,11511173.21439626
2023-09-03,11514322.97507531
2023-09-04,11345536.47441224
2023-09-05,11478296.43030515
2023-09-06,11481914.50446847
2023-09-07,12193560.67461319
2023-09-08,11640484.66220997
2023-09-09,11644620.17424892
2023-09-10,11361299.32315363
2023-09-11,11292976.72542927
2023-09-12,11779017.86833536
2023-09-13,12556748.77267608
2023-09-14,12494218.31861286
2023-09-15,12607737.91797156
2023-09-16,12421470.0227066
2023-09-17,12405410.66535548
2023-09-18,12560636.71679331
2023-09-19,12994789.27578306
2023-09-20,12772081.11815586
2023-09-21,12450859.38803412
2023-09-22,12408071.20298788
2023-09-23,12307903.51228518
2023-09-24,11877953.56932752
2023-09-25,11923053.31734037
2023-09-26,11940320.64313364
2023-09-27,12330230.32012448
2023-09-28,12988943.20231938
2023-09-29,12863811.90410164
2023-09-30,12914976.98882547
2023-10-01,13670132.12151046
2023-10-02,13128841.47806385
2023-10-03,13049409.85052945
2023-10-04,13417195.08403825
2023-10-05,13102030.03772246
2023-10-06,13640945.03906707
2023-10-07,13739479.25522834
2023-10-08,13320724.71742327
2023-10-09,13162655.89705986
2023-10-10,13077740.196067
2023-10-11,12254987.0476878
2023-10-12,12466811.5402532
2023-10-13,12597371.66071629
2023-10-14,12469211.92585192
2023-10-15,12864125.73878308
2023-10-16,13937301.87860543
2023-10-17,13884226.11827132
2023-10-18,13958885.40752864
2023-10-19,14195365.00758626
2023-10-20,14897120.01255162
2023-10-21,15093320.56944618
2023-10-22,15234222.27291812
2023-10-23,15986348.39707632
2023-10-24,15891304.99378231
2023-10-25,16060579.36494404
2023-10-26,15710702.40673746
2023-10-27,15651149.60766017
2023-10-28,15752875.81880469
2023-10-29,16000333.72594527
2023-10-30,16004819.71546867
2023-10-31,16011048.68345429
2023-11-01,16211042.67157312
2023-11-02,15824455.93960967
2023-11-03,16018022.68658365
2023-11-04,16143358.73025478
2023-11-05,16121327.58510483
2023-11-06,15976752.25681741
2023-11-07,16157547.03015221
2023-11-08,16263093.16810958
2023-11-09,16123409.37536699
2023-11-10,16387949.38424027
2023-11-11,16199752.128486
2023-11-12,16301422.11414216
2023-11-13,15834494.56611454
2023-11-14,15730464.75780206
2023-11-15,16483282.54922048
2023-11-16,15880219.95906401
2023-11-17,15913302.80234445
2023-11-18,15950790.84998654
2023-11-19,16388279.4930572
2023-11-20,16318775.12422357
2023-11-21,15586537.88607968
2023-11-22,16296700.61111716
2023-11-23,16238938.33521397
2023-11-24,16425696.60757521
2023-11-25,16386692.44520194
2023-11-26,16229101.02117517
2023-11-27,16105828.42106364
2023-11-28,16492277.02306218
2023-11-29,16301159.06211308
2023-11-30,16149228.88323668
2023-12-01,16804285.89074952
2023-12-02,16966488.42010333
2023-12-03,17136637.88413564
2023-12-04,17301857.91580065
2023-12-05,17542099.54034863
2023-12-06,17414469.45931936
2023-12-07,17246447.79984274
2023-12-08,17545929.53307697
2023-12-09,17288027.66120838
2023-12-10,17184390.01238877
2023-12-11,16800315.46805191
2023-12-12,16687029.22860335
2023-12-13,17125068.73517652
2023-12-14,17073295.93191326
2023-12-15,16822744.61183354
2023-12-16,16866672.22010467
2023-12-17,16471728.67172564
2023-12-18,17146875.93188081
2023-12-19,16984758.03443906
2023-12-20,17269786.40233852
2023-12-21,17400330.43593703
2023-12-22,17403782.80989697
2023-12-23,17280741.11972968
2023-12-24,16857486.85617439
2023-12-25,17042750.11805111
2023-12-26,16651516.56661994
2023-12-27,17199204.50283511
2023-12-28,16563935.1878578
2023-12-29,16495697.55863253
2023-12-30,16663104.2916656
2023-12-31,16678255.25345313
2024-01-01,17680261.12888539
2024-01-02,17567571.42658978
2024-01-03,16852133.76421554
2024-01-04,17496672.00778896
2024-01-05,17441262.06873162
2024-01-06,17481801.14252031
2024-01-07,17014721.12262271
2024-01-08,17785047.04542664
2024-01-09,17519360.52209349
2024-01-10,17754070.46285866
2024-01-11,17509335.9823314
2024-01-12,16160617.50225153
2024-01-13,16100765.2966086
2024-01-14,15879535.31846756
2024-01-15,16036434.25394096
2024-01-16,16391943.49402305
2024-01-17,15992395.6745958
2024-01-18,15333517.30475032
2024-01-19,15442519.33489119
2024-01-20,15579289.27487207
2024-01-21,15543167.12755785
2024-01-22,14985009.74316911
2024-01-23,15188067.53792717
2024-01-24,15197841.65202386
2024-01-25,15054318.32175594
2024-01-26,15807148.68830891
2024-01-27,16031313.5573762
2024-01-28,15929380.46089554
2024-01-29,16890416.42074245
2024-01-30,16326786.10266668
2024-01-31,15906461.0730912
2024-02-01,16633716.26921801
2024-02-02,16911125.43444595
2024-02-03,16424429.44977294
2024-02-04,15823762.35514438
2024-02-05,15956976.19952008
2024-02-06,16515649.10040292
2024-02-07,17568249.77525994
2024-02-08,17591702.99880876
2024-02-09,17818294.12284008
2024-02-10,18078369.92519982
2024-02-11,18231668.6110302
2024-02-12,18368749.59058811
2024-02-13,18123473.61580953
2024-02-14,18558836.10647331
2024-02-15,18403310.24609829
2024-02-16,18394395.06221809
2024-02-17,18180591.29070002
2024-02-18,18537062.62304267
2024-02-19,18068536.68013262
2024-02-20,18458967.26538677
2024-02-21,18054419.41060772
2024-02-22,17929631.93668679
2024-02-23,17687421.54290578
2024-02-24,18032849.76257042
2024-02-25,18174245.81081219
2024-02-26,18696480.32731483
2024-02-27,18963497.89866923
2024-02-28,19416147.29512645
2024-02-29,19314381.71051108
2024-03-01,19349044.98394541
2024-03-02,19207383.1896844
2024-03-03,19569430.79716108
2024-03-04,19577006.83410668
2024-03-05,19207016.58831824
2024-03-06,19138492.35101395
2024-03-07,19210325.5804641
2024-03-08,19505932.42667298
2024-03-09,19577672.80961491
2024-03-10,19331474.70846224
2024-03-11,19391510.9577198
2024-03-12,19267276.15165954
2024-03-13,19205595.54399502
2024-03-14,18980445.88077442
2024-03-15,18820801.98547168
2024-03-16,18006687.19313057
2024-03-17,18274455.22561727
2024-03-18,18155184.47370456
2024-03-19,17808221.80418072
2024-03-20,18634524.93668512
2024-03-21,18119841.21382438
2024-03-22,17818102.6344742
2024-03-23,17988609.41429636
2024-03-24,18289013.10041283
2024-03-25,18940491.64914638
2024-03-26,18972441.078932
2024-03-27,18765359.40328818
2024-03-28,18907560.50358125
2024-03-29,18750120.92610615
2024-03-30,18673796.56163505
2024-03-31,19247518.07473116
2024-04-01,18659357.99595393
2024-04-02,17499133.13340207
2024-04-03,17851015.3096249
2024-04-04,18786887.37404601
2024-04-05,18428627.17692595
2024-04-06,18886390.75474646
2024-04-07,18864139.96022917
2024-04-08,19119067.52644405
2024-04-09,18619011.8217812
2024-04-10,19014188.49023626
2024-04-11,18952414.31997249
2024-04-12,17619469.34943982
2024-04-13,17032418.0242025
2024-04-14,17386164.55851063
2024-04-15,16922534.37752761
2024-04-16,17262353.87183582
2024-04-17,16721564.10646992
2024-04-18,16924805.75924247
2024-04-19,17056766.78530265
2024-04-20,17487828.10563818
2024-04-21,17494010.42503781
2024-04-22,18105060.06730242
2024-04-23,17950679.73720316
2024-04-24,17237501.63304073
2024-04-25,17270019.93240943
2024-04-26,16747352.90848008
2024-04-27,16965658.49046131
2024-04-28,16750877.56428736
2024-04-29,17446683.07800181
2024-04-30,16074784.32979797
2024-05-01,15966211.78885396
2024-05-02,16167009.46261318
2024-05-03,17114006.56254031
2024-05-04,17212644.23739273
2024-05-05,17524547.6358004
2024-05-06,17170950.6838662
2024-05-07,16769636.88642199
2024-05-08,16511382.35912654
2024-05-09,16990869.65856844
2024-05-10,16336066.32432678
2024-05-11,16403362.19376313
2024-05-12,16618988.49987098
2024-05-13,16951227.55372169
2024-05-14,16509390.27778319
2024-05-15,17951001.9659106
2024-05-16,17690535.17221549
2024-05-17,18218737.18475025
2024-05-18,18183413.35691957
2024-05-19,17985924.46713258
2024-05-20,19356748.01997291
2024-05-21,19073403.97938201
2024-05-22,18832110.09116486
2024-05-23,18311011.40028391
2024-05-24,18517480.0686106
2024-05-25,18823044.28566332
2024-05-26,18719559.48713376
2024-05-27,18828443.25168283
2024-05-28,18421194.49846905
2024-05-29,17918861.0304462
2024-05-30,18452975.29565463
2024-05-31,17949081.95359856
2024-06-01,18109662.77495483
2024-06-02,18076171.22323328
2024-06-03,18703721.89669658
2024-06-04,19296818.0504345
2024-06-05,19234422.69044487
2024-06-06,19054227.73838475
2024-06-07,18597475.8139687
2024-06-08,18490256.38885775
2024-06-09,18704460.02468863
2024-06-10,18546765.53324359
2024-06-11,17374834.32315621
2024-06-12,17959633.34799314
2024-06-13,17041642.68072466
2024-06-14,16888480.90027127
2024-06-15,16874450.76772561
2024-06-16,17110104.72955274
2024-06-17,16764867.88256849
2024-06-18,16633631.40035375
2024-06-19,16631505.77746421
2024-06-20,16500185.21894345
2024-06-21,16364745.77555887
2024-06-22,16571220.90396528
2024-06-23,15968354.99979155
2024-06-24,15432776.29914026
2024-06-25,15912559.12186281
2024-06-26,15554165.39509853
2024-06-27,15856619.57007855
2024-06-28,15476560.10126564
2024-06-29,15599218.94183955
2024-06-30,16363707.58556963
2024-07-01,16268500.16404331
2024-07-02,16087801.93924621
2024-07-03,15333088.25714099
2024-07-04,14801116.02277119
2024-07-05,14853929.34165722
2024-07-06,15235998.45293388
2024-07-07,14476151.48588072
2024-07-08,14865018.32338432
2024-07-09,15094160.9530237
2024-07-10,15089780.69158687
2024-07-11,14920849.96143666
2024-07-12,15330998.53608169
2024-07-13,15650916.95087444
2024-07-14,16145474.26660546
2024-07-15,17198583.94399826
2024-07-16,17437634.17614793
2024-07-17,17087665.21959374
2024-07-18,16663417.96174027
2024-07-19,17681107.84352625
2024-07-20,17958100.22430248
2024-07-21,18500083.17848102
2024-07-22,18172846.18307865
2024-07-23,17145297.76815035
2024-07-24,16964208.84515498
2024-07-25,17607137.88654327
2024-07-26,18391571.9144287
2024-07-27,18346042.87200785
2024-07-28,18825697.32884939
2024-07-29,17316488.28865506
2024-07-30,17338568.56298938
2024-07-31,16491147.77028841
2024-08-01,16700819.82861437
2024-08-02,15374348.50837435
2024-08-03,15261985.24227859
2024-08-04,14267937.74719238
2024-08-05,14537050.62995047
2024-08-06,14592280.01578405
2024-08-07,14358233.04402102
2024-08-08,15845373.85046328
2024-08-09,15562880.05968249
2024-08-10,15836776.14677713
2024-08-11,15002597.55698436
2024-08-12,15262950.62538437
2024-08-13,15748105.44048554
2024-08-14,15103157.57477344
2024-08-15,14660987.59918047
2024-08-16,15250517.34333499
2024-08-17,15469871.81858995
2024-08-18,14916143.7881606
2024-08-19,15804721.32144713
2024-08-20,15192361.74373938
2024-08-21,15917924.06530047
2024-08-22,15834382.58125951
2024-08-23,16966149.88563556
2024-08-24,17017454.09825955
2024-08-25,16985486.46154273
2024-08-26,16322377.46380626
2024-08-27,15050564.30948455
2024-08-28,15185595.98416028
2024-08-29,15093727.20785521
2024-08-30,15188760.72075339
2024-08-31,14946040.02418493
2024-09-01,14484251.00598462
2024-09-02,15336321.85062955
2024-09-03,14352987.27875688
2024-09-04,14809348.40958648
2024-09-05,14173129.43550361
2024-09-06,13826282.12357945
2024-09-07,13878501.55893002
2024-09-08,14151317.02387953
2024-09-09,14572059.8197672
2024-09-10,14917026.01264876
2024-09-11,14924468.33101465
2024-09-12,15070695.63597913
2024-09-13,16028797.00181285
2024-09-14,15806034.37867457
2024-09-15,15223819.09028072
2024-09-16,14678915.69620188
2024-09-17,15816281.75461917
2024-09-18,16706660.27245826
2024-09-19,16724495.68119732
2024-09-20,16855518.07360387
2024-09-21,16893114.16817841
2024-09-22,17056793.41049452
2024-09-23,16541080.37675184
2024-09-24,17307176.0517215
2024-09-25,16423365.45428613
2024-09-26,17622290.76488814
2024-09-27,17887397.41056791
2024-09-28,17568027.86504383
2024-09-29,17450464.29571257
2024-09-30,16569097.17217708
2024-10-01,15611440.36649784
2024-10-02,15614116.20325544
2024-10-03,15400068.96632354
2024-10-04,16193571.9700729
2024-10-05,16076776.57716118
2024-10-06,16894137.81592072
2024-10-07,16222338.38479536
2024-10-08,15805754.81467075
2024-10-09,14971879.60634091
2024-10-10,14894692.48678833
2024-10-11,16532488.52703685
2024-10-12,16767442.8833757
2024-10-13,16317554.7281022
2024-10-14,18010660.34063677
2024-10-15,18267675.27903288
2024-10-16,18581102.27491692
2024-10-17,18279590.80988756
2024-10-18,18693836.27472404
2024-10-19,18624878.83963885
2024-10-20,19120905.48828976
2024-10-21,17948262.00862627
2024-10-22,17917084.40578197
2024-10-23,18243348.19733689
2024-10-24,18554768.21210366
2024-10-25,17557207.10205216
2024-10-26,17732912.92746299
2024-10-27,18487654.77300103
2024-10-28,19312209.24497509
2024-10-29,19484387.41930514
2024-10-30,19401452.75818523
2024-10-31,18934983.14179822
2024-11-01,18902391.28472425
2024-11-02,18581722.08124053
2024-11-03,18512211.38575592
2024-11-04,18038426.17191863
2024-11-05,19301937.51331329
2024-11-06,19669072.25196427
2024-11-07,19695270.2753246
2024-11-08,19668201.09742184
2024-11-09,19765016.550896
2024-11-10,19726652.12529638
2024-11-11,19755142.58135698
2024-11-12,19574308.10757322
2024-11-13,19636194.26041512
2024-11-14,19223682.52625849
2024-11-15,19604686.11201114
2024-11-16,19547817.63202435
2024-11-17,19419038.80281469
2024-11-18,19525337.67397217
2024-11-19,19586714.88428569
2024-11-20,19752922.18663806
2024-11-21,19624581.49491331
2024-11-22,19565677.96621245
2024-11-23,19322277.06477124
2024-11-24,19157026.35611117
2024-11-25,18716506.06346215
2024-11-26,18521502.40233207
2024-11-27,19081999.78550898
2024-11-28,18903363.43527844
2024-11-29,18993564.32682236
2024-11-30,18864029.03745529
2024-12-01,19183921.32716626
2024-12-02,18757447.94582435
2024-12-03,18781896.68885728
2024-12-04,19538748.93985722
2024-12-05,18810492.72020986
2024-12-06,19371461.83803604
2024-12-07,19339626.73734808
2024-12-08,19269767.14750942
2024-12-09,18587982.28276508
2024-12-10,18057779.80763556
2024-12-11,19392597.53190146
2024-12-12,19097694.28121522
2024-12-13,19385399.21599518
2024-12-14,19395410.99396937
2024-12-15,19784454.96381921
2024-12-16,19639977.38223417
2024-12-17,19485186.63959858
2024-12-18,18776177.35618392
2024-12-19,17536464.35981465
2024-12-20,17757340.74496892
2024-12-21,17620298.24689037
2024-12-22,17016377.39792442
2024-12-23,17091242.8616837
2024-12-24,18432976.76189411
2024-12-25,18659463.65481357
2024-12-26,17283335.24451273
2024-12-27,16844892.19255888
2024-12-28,17231697.51399463
2024-12-29,16675867.49384995
2024-12-30,16540996.05679925
2024-12-31,16978244.4385883
2025-01-01,17372357.92118013
2025-01-02,17664020.94490072
2025-01-03,18352407.94422715
2025-01-04,18488283.30219989
2025-01-05,18469456.52321158
2025-01-06,19304357.91967117
2025-01-07,17713452.12950947
2025-01-08,17126279.78319517
2025-01-09,16456845.75269762
2025-01-10,17049635.76570888
2025-01-11,17002429.58806885
2025-01-12,17368820.63052341
2025-01-13,17051348.69215298
2025-01-14,17740931.82302777
2025-01-15,18895552.38859435
2025-01-16,18918485.51594952
2025-01-17,19514222.78704478
2025-01-18,19455509.65257933
2025-01-19,18549452.9384354
2025-01-20,18797107.50457154
2025-01-21,19499706.98130644
2025-01-22,19079345.973518
2025-01-23,19143772.14077838
2025-01-24,19220774.81141483
2025-01-25,19206243.03241285
2025-01-26,18686586.02482063
2025-01-27,18796612.16779131
2025-01-28,18683525.92814175
2025-01-29,19224252.10552117
2025-01-30,19267685.39186093
2025-01-31,18786036.44142137
2025-02-01,18361629.75795348
2025-02-02,16857684.98549897
2025-02-03,18439099.61136038
2025-02-04,17731565.72944355
2025-02-05,16840753.98404529
2025-02-06,16753917.77269795
2025-02-07,16803262.14771023
2025-02-08,16812795.24581454
2025-02-09,16860719.95641513
2025-02-10,17560644.98910938
2025-02-11,16593841.27604479
2025-02-12,17580667.35884793
2025-02-13,16928009.8345379
2025-02-14,17355085.02472937
2025-02-15,17386174.63285743
2025-02-16,16629379.03979046
2025-02-17,16448801.20075349
2025-02-18,16397606.75994315
2025-02-19,17001987.26194585
2025-02-20,18062945.3047965
2025-02-21,16636900.650718
2025-02-22,16898771.66956883
2025-02-23,16672528.02181664
2025-02-24,15496726.17267728
2025-02-25,15351830.23971848
2025-02-26,15329096.29400471
2025-02-27,15217869.51694027
2025-02-28,15285803.8357007
2025-03-01,15550979.16520053
2025-03-02,16055198.73809305
2025-03-03,15438208.42070805
2025-03-04,15560466.40699872
2025-03-05,15861209.79662896
2025-03-06,15355680.72569338
2025-03-07,15384509.97150312
2025-03-08,15430382.61804116
2025-03-09,15096651.71561192
2025-03-10,15028399.10692381
2025-03-11,15265911.79398617
2025-03-12,15395853.95511118
2025-03-13,15172558.58173118
2025-03-14,15509196.31314438
2025-03-15,15481319.77902805
2025-03-16,15276610.46690885
2025-03-17,15422997.88690754
2025-03-18,15345669.73221279
2025-03-19,15778589.41995401
2025-03-20,15596152.43921438
2025-03-21,15515438.79604682
2025-03-22,15409758.55468214
2025-03-23,15827149.23740763
2025-03-24,15912697.70015097
2025-03-25,15936117.49311628
2025-03-26,15830151.46463796
2025-03-27,15860633.40481869
2025-03-28,15438308.38421957
2025-03-29,15097074.79980314
2025-03-30,14938355.23988257
2025-03-31,15200541.92261188
2025-04-01,15719317.14234027
2025-04-02,15236639.8470695
2025-04-03,15237543.92518411
2025-04-04,15480927.58627615
2025-04-05,15412995.02652435
2025-04-06,14713984.44841156
2025-04-07,14873712.99290227
2025-04-08,14694277.72723538
2025-04-09,15211025.07504476
2025-04-10,14836774.82163169
2025-04-11,15581477.91105766
2025-04-12,16056638.89419316
2025-04-13,15855186.14595762
2025-04-14,15998831.54477542
2025-04-15,15366720.11176402
2025-04-16,15743881.58238315
2025-04-17,15952010.49618834
2025-04-18,15747593.77152265
2025-04-19,16297567.72007677
2025-04-20,16455071.6259881
2025-04-21,16646251.85807791
2025-04-22,17015407.90511838
2025-04-23,16970762.39257544
2025-04-24,17190018.86519087
2025-04-25,17476553.25041999
2025-04-26,17472826.29865417
2025-04-27,16793878.39544857
2025-04-28,17533829.84897793
2025-04-29,17185486.04340723
2025-04-30,17138880.9177247
2025-05-01,17968528.79324624
2025-05-02,17763072.69387173
2025-05-03,17450834.05107782
2025-05-04,17096636.68332284
2025-05-05,17008242.18190293
2025-05-06,18166536.82102804
2025-05-07,18352413.94853389
2025-05-08,19358282.87610814
2025-05-09,19196612.81245056
2025-05-10,19564155.42986561
2025-05-11,19570181.91687139
2025-05-12,19007651.26092303
2025-05-13,19429527.06055157
2025-05-14,19417574.44770058
2025-05-15,19395360.16623195
2025-05-16,19098111.92639764
2025-05-17,19157110.45658473
2025-05-18,19652495.99252302
2025-05-19,19678272.67156047
2025-05-20,19737796.54022264
2025-05-21,19854990.37101239
2025-05-22,19827180.45296545
2025-05-23,19463243.74164585
2025-05-24,19424998.82855819
2025-05-25,19681434.89770101
2025-05-26,19527023.43670671
2025-05-27,19485353.5901907
2025-05-28,19344601.51267485
2025-05-29,18820572.49396261
2025-05-30,18608929.35040485
2025-05-31,18776554.22181847
2025-06-01,18995650.8175318
2025-06-02,19244893.26485387
2025-06-03,19021887.67075591
2025-06-04,18713229.6726118
2025-06-05,17813652.44949572
2025-06-06,18584489.33291727
2025-06-07,19121358.7825174
2025-06-08,19177964.67943442
2025-06-09,19735686.79424673
2025-06-10,19712351.27921934
2025-06-11,19406672.08982147
2025-06-12,18084681.16586562
2025-06-13,19031256.34925805
2025-06-14,18961904.81699007
2025-06-15,18841082.07773163
2025-06-16,19258002.63104355
2025-06-17,18351546.86107879
2025-06-18,18539275.42492357
2025-06-19,18299162.70605902
2025-06-20,17682081.09125029
2025-06-21,17554575.32574125
2025-06-22,17189744.71939603
2025-06-23,18671462.60401654
2025-06-24,19244705.1545661
2025-06-25,19354128.74264135
2025-06-26,19174076.40333594
2025-06-27,19246013.4769406
2025-06-28,19354971.56452665
2025-06-29,19522417.6384717
2025-06-30,19070045.47133864
2025-07-01,18516656.23361179
2025-07-02,19645848.99828088
2025-07-03,19701575.65463356
2025-07-04,19269631.31413144
2025-07-05,19294821.30833003
2025-07-06,19595295.49898555
2025-07-07,19167008.28702688
2025-07-08,19496526.37007267
2025-07-09,19825430.52549708
2025-07-10,19838360.68190757
2025-07-11,19683887.84038365
2025-07-12,19625155.04877943
2025-07-13,19839838.67446802
2025-07-14,19700425.11133035
2025-07-15,19630117.11590751
2025-07-16,19377829.81469201
2025-07-17,19672063.58538101
2025-07-18,19052784.41458927
2025-07-19,19044630.20173183
2025-07-20,18924867.28637531
2025-07-21,18812158.521582
2025-07-22,19718771.72522307
2025-07-23,19357027.99298315
2025-07-24,19180624.99181454
2025-07-25,18754310.41218063
2025-07-26,19194474.72419073
2025-07-27,19701626.95438354
2025-07-28,18816837.4270227
2025-07-29,18800537.03384171
2025-07-30,18630702.0920579
2025-07-31,18308410.18977363
2025-08-01,18241957.88133188
2025-08-02,18275702.23730517
2025-08-03,18343991.47460186
2025-08-04,18500172.83781636
2025-08-05,18320728.76575971
2025-08-06,18527795.89580907
2025-08-07,18937099.12089607
2025-08-08,18705961.85305346
2025-08-09,18596912.62271473
2025-08-10,19696705.54438477
2025-08-11,19499726.73841846
2025-08-12,19760385.02881049
2025-08-13,19888872.17740979
2025-08-14,19089427.55516801
2025-08-15,18667589.68168513
2025-08-16,18524052.88299088
2025-08-17,18970949.35522406
2025-08-18,18290031.0299846
2025-08-19,17820315.46389742
2025-08-20,18096946.81335446
2025-08-21,17767400.24324848
2025-08-22,18494964.76735262
2025-08-23,18276820.41806998
2025-08-24,17853686.83884745
2025-08-25,17615847.96840293
2025-08-26,17792637.56180277
2025-08-27,17720206.44988063
2025-08-28,17842805.46175583
2025-08-29,17178366.30628099
2025-08-30,17275818.7009059
2025-08-31,17406993.83333365
2025-09-01,17248808.07095586
2025-09-02,17887196.97474166
2025-09-03,17999822.05130355
2025-09-04,17990040.38622462
2025-09-05,17735234.76444782
2025-09-06,17514608.31195455
2025-09-07,17830834.01698966
2025-09-08,18073089.59293395
2025-09-09,17918565.19790542
2025-09-10,18402802.25736025
2025-09-11,18588136.29026806
2025-09-12,18668564.35897643
2025-09-13,18629062.03188113
2025-09-14,18650010.85596211
2025-09-15,18531392.89444301
2025-09-16,18866667.4490895
2025-09-17,18756218.33612866
2025-09-18,18779122.00836216
2025-09-19,18379185.84749299
2025-09-20,18411580.27204068
2025-09-21,18293415.91516917
2025-09-22,17710461.38684653
2025-09-23,17591117.25011646
2025-09-24,17941822.29775809
2025-09-25,16965750.14842183
2025-09-26,17058657.62020114
2025-09-27,17151267.75771276
2025-09-28,17693874.77592227
2025-09-29,18196004.98386565
2025-09-30,18104104.78069343
2025-10-01,19164182.72636873
2025-10-02,19788646.63771498
2025-10-03,19840961.59706097
2025-10-04,19810006.21339615
2025-10-05,19875046.14698466
2025-10-06,19821900.76358993
2025-10-07,19587680.38615479
2025-10-08,19674729.85154513
2025-10-09,19431955.70826188
2025-10-10,17463264.75920336
2025-10-11,16829564.35963874
2025-10-12,17908277.99583838
2025-10-13,17941537.61853404
2025-10-14,17628921.51327635
2025-10-15,16514382.64641835
2025-10-16,15835879.13787392
2025-10-17,15761104.72793738
2025-10-18,15838328.06039382
2025-10-19,16413004.16187055
2025-10-20,16731132.53223698
2025-10-21,16310922.716246
2025-10-22,15704839.92507035
2025-10-23,16649614.02546979
2025-10-24,16916644.38076661
2025-10-25,17186857.24186791
2025-10-26,18199040.47932709
2025-10-27,17938889.77180489
2025-10-28,17714823.98617483
2025-10-29,16691508.73071365
2025-10-30,15701827.70801646
2025-10-31,16309833.91898026
2025-11-01,16489997.25612145
2025-11-02,16385243.47439843
2025-11-03,15237329.18186228
2025-11-04,14328242.16056837
2025-11-05,14759889.0101086
2025-11-06,14326448.92895538
2025-11-07,14874277.94420031
2025-11-08,14656351.05419151
2025-11-09,15174868.28049674
2025-11-10,15575280.29096894
2025-11-11,14634616.71385376
2025-11-12,14420162.83325368
2025-11-13,14006286.61707655
2025-11-14,13253213.41414863
2025-11-15,13332348.09517862
2025-11-16,13014283.21467892
2025-11-17,12829919.85984755
2025-11-18,13043607.36869429
2025-11-19,12698649.08214894
2025-11-20,12589347.05444371
2025-11-21,12435220.41607213
2025-11-22,12804968.12764591
2025-11-23,13148967.72914316
2025-11-24,13180535.62848398
2025-11-25,13185137.6336903
2025-11-26,13403539.77928709
2025-11-27,13488228.07003531
2025-11-28,13463216.41203676
2025-11-29,13365622.13431106
2025-11-30,13495149.49380666
2025-12-01,12928596.37244979
2025-12-02,13770808.5755911
2025-12-03,14096026.15195664
2025-12-04,13727964.47054758
2025-12-05,13188658.64214978
2025-12-06,13190059.96891663
2025-12-07,13299004.27634279
2025-12-08,13438051.45343619
2025-12-09,14080470.89934824
2025-12-10,14026188.4896867
2025-12-11,13914097.40206218
2025-12-12,13283232.01678047
2025-12-13,13212554.20270783
2025-12-14,12922410.80418083
2025-12-15,12678288.58318933
2025-12-16,13058730.93332792
2025-12-17,12712563.99055901
2025-12-18,12537028.08263683
2025-12-19,13291107.68698556
2025-12-20,13346590.67502224
2025-12-21,13362988.99097624
2025-12-22,13331114.79280732
2025-12-23,12896001.3784108
2025-12-24,13271167.93436801
2025-12-25,13085339.19831022
2025-12-26,13101112.03290574
2025-12-27,13150914.74839521
2025-12-28,13337261.20798334
2025-12-29,12886147.92043847
2025-12-30,13591246.47262943
2025-12-31,13140549.1299309
2026-01-01,13676293.57384171
2026-01-02,14030894.75261328
2026-01-03,14151526.94699937
2026-01-04,14180287.39908218
2026-01-05,14920505.07507346
2026-01-06,14717014.38411602
2026-01-07,13901551.09906997
2026-01-08,13992572.23076691
2026-01-09,13864606.31164333
2026-01-10,13690694.28033336
2026-01-11,13767133.02891726
2026-01-12,14104938.91596254
2026-01-13,15383617.31032977
2026-01-14,15499501.27264145
2026-01-15,15174902.55113058
2026-01-16,15176179.69662049
2026-01-17,15009738.78815532
2026-01-18,15210274.46196011
2026-01-19,14366121.34847464
2026-01-20,13066524.07223013
2026-01-21,13386979.32363748
2026-01-22,13295176.13890598
2026-01-23,13613076.05636351
2026-01-24,13552970.41059905
2026-01-25,12425681.44249483
2026-01-26,13053840.06483571
2026-01-27,13611017.66040714
2026-01-28,13579781.40577873
2026-01-29,11646560.0137898
2026-01-30,11520855.24282923
2026-01-31,11079379.29609769
2026-02-01,11066987.49495936
2026-02-02,11222595.99966959
2026-02-03,11033727.20678335
2026-02-04,10939820.48500884
2026-02-05,10209234.46929117
2026-02-06,11339451.5899342
2026-02-07,11089016.12597958
2026-02-08,11335057.69960756
2026-02-09,11195530.13711765
2026-02-10,10921655.23003586
2026-02-11,10827382.95206644
2026-02-12,10619623.68451562
2026-02-13,11245448.59034947
2026-02-14,11414141.65045235
2026-02-15,11204628.91693708
2026-02-16,11118442.39972411
2026-02-17,10836720.31506985
2026-02-18,10598230.50454809
2026-02-19,10730801.76666565
2026-02-20,11243081.21185398
2026-02-21,11185841.76787058
2026-02-22,11014585.16597196
2026-02-23,10351688.74034943
2026-02-24,10349135.90631198
2026-02-25,11406164.57545373
2026-02-26,11102772.61532823
2026-02-27,10567511.59838575
2026-02-28,11014175.95928209
2026-03-01,10485503.13745258
2026-03-02,11757489.48199332
2026-03-03,11502841.28190276
2026-03-04,11995826.93179409
2026-03-05,11878239.755741
2026-03-06,11354842.6827307
2026-03-07,10935080.21945354
2026-03-08,10623122.89797978
2026-03-09,11477879.33506658
2026-03-10,11664601.69044032
2026-03-11,11857281.74398486
2026-03-12,11769433.57973203
2026-03-13,11894421.03246712
2026-03-14,11910461.66633038
2026-03-15,12267347.92497024
2026-03-16,12366357.16037289
2026-03-17,12307675.0321986
2026-03-18,11841009.09250577
2026-03-19,11612509.97619471
2026-03-20,11894315.22769033
2026-03-21,11645335.22687173
2026-03-22,11187168.96861754
2026-03-23,11912321.44909882
2026-03-24,11738864.57056083
2026-03-25,12160367.19910101
2026-03-26,11198489.80319055
2026-03-27,10470746.62343247
2026-03-28,10698892.09639233
2026-03-29,10382879.50507465
2026-03-30,10701478.70989199
2026-03-31,11320231.25899239
2026-04-01,11241468.50794528
2026-04-02,10956512.1283067
2026-04-03,10853177.76961856
2026-04-04,11135805.56748896
2026-04-05,11479753.97156319
2026-04-06,11490130.58886205
2026-04-07,12405361.60215944
2026-04-08,12140568.54824561
2026-04-09,12389061.27114744
2026-04-10,12427932.15207011
2026-04-11,12563682.42422845
2026-04-12,11972769.9592631
2026-04-13,12666666.52233981
2026-04-14,12412703.85631185
2026-04-15,12702497.82197595
2026-04-16,12654596.11598638
2026-04-17,12681193.40528337
2026-04-18,12601866.92845823
2026-04-19,12258689.42254471
2026-04-20,12692214.75001987
2026-04-21,12566950.77878913
2026-04-22,12848075.92352038
2026-04-23,12852565.75761443
2026-04-24,12520676.6604548
2026-04-25,12637499.80127118
2026-04-26,13087258.04662814
2026-04-27,12525377.61985822
2026-04-28,12415456.31871869
2026-04-29,12332216.44724846
2026-04-30,12404523.69437832
2026-05-01,12892174.55927046
2026-05-02,13248973.48737806
2026-05-03,13308402.33053017
2026-05-04,13272352.3972
2026-05-05,13243773.89161851
2026-05-06,13194177.80361282
2026-05-07,13027507.17719743
2026-05-08,13140837.98197785
2026-05-09,13187014.26073819
2026-05-10,13416306.29180106
2026-05-11,13387118.78264394
2026-05-12,13100594.77447522
2026-05-13,12885699.05115294
2026-05-14,13354522.33692421
2026-05-15,12796017.42503642
2026-05-16,12424836.71264773
2026-05-17,12365634.21054719
2026-05-18,12271178.15634223
2026-05-19,12190671.71740348
2026-05-20,12414584.63898185
2026-05-21,12447064.30055497
2026-05-22,11922867.86915257
2026-05-23,12204492.7558557
2026-05-24,12278654.35838065
2026-05-25,12313369.24823366
2026-05-26,11916595.75997993
2026-05-27,11744668.50600304
2026-05-28,11849243.86537707
2026-05-29,11876464.14615115
2026-05-30,11988161.30922493
2026-05-31,12049865.28556767
2026-06-01,11512130.85196111
2026-06-02,10226937.87819497
2026-06-03,10026537.34981524
2026-06-04,9904243.43312912
2026-06-05,9643593.6829595
2026-06-06,9457722.61710935
2026-06-07,10004699.64101691
2026-06-08,10008415.58629449
2026-06-09,9671351.24120398
2026-06-10,9626001.17366718
2026-06-11,10213651.67351525
2026-06-12,10215661.52330849
2026-06-13,10604600.82208184
2026-06-14,10715519.86331508
2026-06-15,10747892.36527231
2026-06-16,10645502.96120655
2026-06-17,10343358.05616469
2026-06-18,9899626.46061997
2026-06-19,10200074.85655318
2026-06-20,10528051.6453147
2026-06-21,10208450.19564799
2026-06-22,10293078.0599399
2026-06-23,9932011.75531487
2026-06-24,9475912.60673943
2026-06-25,9369286.74759705
2026-06-26,9528250.03112886
2026-06-27,9488059.09989602
2026-06-28,9175713.7300919
2026-06-29,9606780.55619569
2026-06-30,9210770.60292946
2026-07-01,9840610.29352672
2026-07-02,9975801.62214849
2026-07-03,10393939.89299864
2026-07-04,10542850.00768987
2026-07-05,10702190.34044422
2026-07-06,10914068.22332231
2026-07-07,10595804.03679909
2026-07-08,10224966.48603416
2026-07-09,10480628.07971099
2026-07-10,11027498.58502191
2026-07-11,11036319.60207834
2026-07-12,10748196.31763924
2026-07-13,9896623.8858642
2026-07-14,11329776.06546086
2026-07-15,11283737.61848809
2026-07-16,10904730.69979703
2026-07-17,10973926.83944309
2026-07-18,11396634.12700986
2026-07-19,11326135.05509645
2026-07-20,11413379.99490941
2026-07-21,11615970.94120852
2026-07-22,11547942.2367725
2026-07-23,11346780.61306592
2026-07-24,10920885.09407955
