date,transaction_volume
2009-01-03,0.0
2009-01-09,0.0
2009-01-10,0.0
2009-01-11,0.0
2009-01-12,0.0
2009-01-13,0.0
2009-01-14,0.0
2009-01-15,0.0
2009-01-16,0.0
2009-01-17,0.0
2009-01-18,0.0
2009-01-19,0.0
2009-01-20,0.0
2009-01-21,0.0
2009-01-22,0.0
2009-01-23,0.0
2009-01-24,0.0
2009-01-25,0.0
2009-01-26,0.0
2009-01-27,0.0
2009-01-28,0.0
2009-01-29,0.0
2009-01-30,0.0
2009-01-31,0.0
2009-02-01,0.0
2009-02-02,0.0
2009-02-03,0.0
2009-02-04,0.0
2009-02-05,0.0
2009-02-06,0.0
2009-02-07,0.0
2009-02-08,0.0
2009-02-09,0.0
2009-02-10,0.0
2009-02-11,0.0
2009-02-12,0.0
2009-02-13,0.0
2009-02-14,0.0
2009-02-15,0.0
2009-02-16,0.0
2009-02-17,0.0
2009-02-18,0.0
2009-02-19,0.0
2009-02-20,0.0
2009-02-21,0.0
2009-02-22,0.0
2009-02-23,0.0
2009-02-24,0.0
2009-02-25,0.0
2009-02-26,0.0
2009-02-27,0.0
2009-02-28,0.0
2009-03-01,0.0
2009-03-02,0.0
2009-03-03,0.0
2009-03-04,0.0
2009-03-05,0.0
2009-03-06,0.0
2009-03-07,0.0
2009-03-08,0.0
2009-03-09,0.0
2009-03-10,0.0
2009-03-11,0.0
2009-03-12,0.0
2009-03-13,0.0
2009-03-14,0.0
2009-03-15,0.0
2009-03-16,0.0
2009-03-17,0.0
2009-03-18,0.0
2009-03-19,0.0
2009-03-20,0.0
2009-03-21,0.0
2009-03-22,0.0
2009-03-23,0.0
2009-03-24,0.0
2009-03-25,0.0
2009-03-26,0.0
2009-03-27,0.0
2009-03-28,0.0
2009-03-29,0.0
2009-03-30,0.0
2009-03-31,0.0
2009-04-01,0.0
2009-04-02,0.0
2009-04-03,0.0
2009-04-04,0.0
2009-04-05,0.0
2009-04-06,0.0
2009-04-07,0.0
2009-04-08,0.0
2009-04-09,0.0
2009-04-10,0.0
2009-04-11,0.0
2009-04-12,0.0
2009-04-13,0.0
2009-04-14,0.0
2009-04-15,0.0
2009-04-16,0.0
2009-04-17,0.0
2009-04-18,0.0
2009-04-19,0.0
2009-04-20,0.0
2009-04-21,0.0
2009-04-22,0.0
2009-04-23,0.0
2009-04-24,0.0
2009-04-25,0.0
2009-04-26,0.0
2009-04-27,0.0
2009-04-28,0.0
2009-04-29,0.0
2009-04-30,0.0
2009-05-01,0.0
2009-05-02,0.0
2009-05-03,0.0
2009-05-04,0.0
2009-05-05,0.0
2009-05-06,0.0
2009-05-07,0.0
2009-05-08,0.0
2009-05-09,0.0
2009-05-10,0.0
2009-05-11,0.0
2009-05-12,0.0
2009-05-13,0.0
2009-05-14,0.0
2009-05-15,0.0
2009-05-16,0.0
2009-05-17,0.0
2009-05-18,0.0
2009-05-19,0.0
2009-05-20,0.0
2009-05-21,0.0
2009-05-22,0.0
2009-05-23,0.0
2009-05-24,0.0
2009-05-25,0.0
2009-05-26,0.0
2009-05-27,0.0
2009-05-28,0.0
2009-05-29,0.0
2009-05-30,0.0
2009-05-31,0.0
2009-06-01,0.0
2009-06-02,0.0
2009-06-03,0.0
2009-06-04,0.0
2009-06-05,0.0
2009-06-06,0.0
2009-06-07,0.0
2009-06-08,0.0
2009-06-09,0.0
2009-06-10,0.0
2009-06-11,0.0
2009-06-12,0.0
2009-06-13,0.0
2009-06-14,0.0
2009-06-15,0.0
2009-06-16,0.0
2009-06-17,0.0
2009-06-18,0.0
2009-06-19,0.0
2009-06-20,0.0
2009-06-21,0.0
2009-06-22,0.0
2009-06-23,0.0
2009-06-24,0.0
2009-06-25,0.0
2009-06-26,0.0
2009-06-27,0.0
2009-06-28,0.0
2009-06-29,0.0
2009-06-30,0.0
2009-07-01,0.0
2009-07-02,0.0
2009-07-03,0.0
2009-07-04,0.0
2009-07-05,0.0
2009-07-06,0.0
2009-07-07,0.0
2009-07-08,0.0
2009-07-09,0.0
2009-07-10,0.0
2009-07-11,0.0
2009-07-12,0.0
2009-07-13,0.0
2009-07-14,0.0
2009-07-15,0.0
2009-07-16,0.0
2009-07-17,0.0
2009-07-18,0.0
2009-07-19,0.0
2009-07-20,0.0
2009-07-21,0.0
2009-07-22,0.0
2009-07-23,0.0
2009-07-24,0.0
2009-07-25,0.0
2009-07-26,0.0
2009-07-27,0.0
2009-07-28,0.0
2009-07-29,0.0
2009-07-30,0.0
2009-07-31,0.0
2009-08-01,0.0
2009-08-02,0.0
2009-08-03,0.0
2009-08-04,0.0
2009-08-05,0.0
2009-08-06,0.0
2009-08-07,0.0
2009-08-08,0.0
2009-08-09,0.0
2009-08-10,0.0
2009-08-11,0.0
2009-08-12,0.0
2009-08-13,0.0
2009-08-14,0.0
2009-08-15,0.0
2009-08-16,0.0
2009-08-17,0.0
2009-08-18,0.0
2009-08-19,0.0
2009-08-20,0.0
2009-08-21,0.0
2009-08-22,0.0
2009-08-23,0.0
2009-08-24,0.0
2009-08-25,0.0
2009-08-26,0.0
2009-08-27,0.0
2009-08-28,0.0
2009-08-29,0.0
2009-08-30,0.0
2009-08-31,0.0
2009-09-01,0.0
2009-09-02,0.0
2009-09-03,0.0
2009-09-04,0.0
2009-09-05,0.0
2009-09-06,0.0
2009-09-07,0.0
2009-09-08,0.0
2009-09-09,0.0
2009-09-10,0.0
2009-09-11,0.0
2009-09-12,0.0
2009-09-13,0.0
2009-09-14,0.0
2009-09-15,0.0
2009-09-16,0.0
2009-09-17,0.0
2009-09-18,0.0
2009-09-19,0.0
2009-09-20,0.0
2009-09-21,0.0
2009-09-22,0.0
2009-09-23,0.0
2009-09-24,0.0
2009-09-25,0.0
2009-09-26,0.0
2009-09-27,0.0
2009-09-28,0.0
2009-09-29,0.0
2009-09-30,0.0
2009-10-01,0.0
2009-10-02,0.0
2009-10-03,0.0
2009-10-04,0.0
2009-10-05,0.0
2009-10-06,0.0
2009-10-07,0.0
2009-10-08,0.0
2009-10-09,0.0
2009-10-10,0.0
2009-10-11,0.0
2009-10-12,0.0
2009-10-13,0.0
2009-10-14,0.0
2009-10-15,0.0
2009-10-16,0.0
2009-10-17,0.0
2009-10-18,0.0
2009-10-19,0.0
2009-10-20,0.0
2009-10-21,0.0
2009-10-22,0.0
2009-10-23,0.0
2009-10-24,0.0
2009-10-25,0.0
2009-10-26,0.0
2009-10-27,0.0
2009-10-28,0.0
2009-10-29,0.0
2009-10-30,0.0
2009-10-31,0.0
2009-11-01,0.0
2009-11-02,0.0
2009-11-03,0.0
2009-11-04,0.0
2009-11-05,0.0
2009-11-06,0.0
2009-11-07,0.0
2009-11-08,0.0
2009-11-09,0.0
2009-11-10,0.0
2009-11-11,0.0
2009-11-12,0.0
2009-11-13,0.0
2009-11-14,0.0
2009-11-15,0.0
2009-11-16,0.0
2009-11-17,0.0
2009-11-18,0.0
2009-11-19,0.0
2009-11-20,0.0
2009-11-21,0.0
2009-11-22,0.0
2009-11-23,0.0
2009-11-24,0.0
2009-11-25,0.0
2009-11-26,0.0
2009-11-27,0.0
2009-11-28,0.0
2009-11-29,0.0
2009-11-30,0.0
2009-12-01,0.0
2009-12-02,0.0
2009-12-03,0.0
2009-12-04,0.0
2009-12-05,0.0
2009-12-06,0.0
2009-12-07,0.0
2009-12-08,0.0
2009-12-09,0.0
2009-12-10,0.0
2009-12-11,0.0
2009-12-12,0.0
2009-12-13,0.0
2009-12-14,0.0
2009-12-15,0.0
2009-12-16,0.0
2009-12-17,0.0
2009-12-18,0.0
2009-12-19,0.0
2009-12-20,0.0
2009-12-21,0.0
2009-12-22,0.0
2009-12-23,0.0
2009-12-24,0.0
2009-12-25,0.0
2009-12-26,0.0
2009-12-27,0.0
2009-12-28,0.0
2009-12-29,0.0
2009-12-30,0.0
2009-12-31,0.0
2010-01-01,0.0
2010-01-02,0.0
2010-01-03,0.0
2010-01-04,0.0
2010-01-05,0.0
2010-01-06,0.0
2010-01-07,0.0
2010-01-08,0.0
2010-01-09,0.0
2010-01-10,0.0
2010-01-11,0.0
2010-01-12,0.0
2010-01-13,0.0
2010-01-14,0.0
2010-01-15,0.0
2010-01-16,0.0
2010-01-17,0.0
2010-01-18,0.0
2010-01-19,0.0
2010-01-20,0.0
2010-01-21,0.0
2010-01-22,0.0
2010-01-23,0.0
2010-01-24,0.0
2010-01-25,0.0
2010-01-26,0.0
2010-01-27,0.0
2010-01-28,0.0
2010-01-29,0.0
2010-01-30,0.0
2010-01-31,0.0
2010-02-01,0.0
2010-02-02,0.0
2010-02-03,0.0
2010-02-04,0.0
2010-02-05,0.0
2010-02-06,0.0
2010-02-07,0.0
2010-02-08,0.0
2010-02-09,0.0
2010-02-10,0.0
2010-02-11,0.0
2010-02-12,0.0
2010-02-13,0.0
2010-02-14,0.0
2010-02-15,0.0
2010-02-16,0.0
2010-02-17,0.0
2010-02-18,0.0
2010-02-19,0.0
2010-02-20,0.0
2010-02-21,0.0
2010-02-22,0.0
2010-02-23,0.0
2010-02-24,0.0
2010-02-25,0.0
2010-02-26,0.0
2010-02-27,0.0
2010-02-28,0.0
2010-03-01,0.0
2010-03-02,0.0
2010-03-03,0.0
2010-03-04,0.0
2010-03-05,0.0
2010-03-06,0.0
2010-03-07,0.0
2010-03-08,0.0
2010-03-09,0.0
2010-03-10,0.0
2010-03-11,0.0
2010-03-12,0.0
2010-03-13,0.0
2010-03-14,0.0
2010-03-15,0.0
2010-03-16,0.0
2010-03-17,0.0
2010-03-18,0.0
2010-03-19,0.0
2010-03-20,0.0
2010-03-21,0.0
2010-03-22,0.0
2010-03-23,0.0
2010-03-24,0.0
2010-03-25,0.0
2010-03-26,0.0
2010-03-27,0.0
2010-03-28,0.0
2010-03-29,0.0
2010-03-30,0.0
2010-03-31,0.0
2010-04-01,0.0
2010-04-02,0.0
2010-04-03,0.0
2010-04-04,0.0
2010-04-05,0.0
2010-04-06,0.0
2010-04-07,0.0
2010-04-08,0.0
2010-04-09,0.0
2010-04-10,0.0
2010-04-11,0.0
2010-04-12,0.0
2010-04-13,0.0
2010-04-14,0.0
2010-04-15,0.0
2010-04-16,0.0
2010-04-17,0.0
2010-04-18,0.0
2010-04-19,0.0
2010-04-20,0.0
2010-04-21,0.0
2010-04-22,0.0
2010-04-23,0.0
2010-04-24,0.0
2010-04-25,0.0
2010-04-26,0.0
2010-04-27,0.0
2010-04-28,0.0
2010-04-29,0.0
2010-04-30,0.0
2010-05-01,0.0
2010-05-02,0.0
2010-05-03,0.0
2010-05-04,0.0
2010-05-05,0.0
2010-05-06,0.0
2010-05-07,0.0
2010-05-08,0.0
2010-05-09,0.0
2010-05-10,0.0
2010-05-11,0.0
2010-05-12,0.0
2010-05-13,0.0
2010-05-14,0.0
2010-05-15,0.0
2010-05-16,0.0
2010-05-17,0.0
2010-05-18,0.0
2010-05-19,0.0
2010-05-20,0.0
2010-05-21,0.0
2010-05-22,0.0
2010-05-23,0.0
2010-05-24,0.0
2010-05-25,0.0
2010-05-26,0.0
2010-05-27,0.0
2010-05-28,0.0
2010-05-29,0.0
2010-05-30,0.0
2010-05-31,0.0
2010-06-01,0.0
2010-06-02,0.0
2010-06-03,0.0
2010-06-04,0.0
2010-06-05,0.0
2010-06-06,0.0
2010-06-07,0.0
2010-06-08,0.0
2010-06-09,0.0
2010-06-10,0.0
2010-06-11,0.0
2010-06-12,0.0
2010-06-13,0.0
2010-06-14,0.0
2010-06-15,0.0
2010-06-16,0.0
2010-06-17,0.0
2010-06-18,0.0
2010-06-19,0.0
2010-06-20,0.0
2010-06-21,0.0
2010-06-22,0.0
2010-06-23,0.0
2010-06-24,0.0
2010-06-25,0.0
2010-06-26,0.0
2010-06-27,0.0
2010-06-28,0.0
2010-06-29,0.0
2010-06-30,0.0
2010-07-01,0.0
2010-07-02,0.0
2010-07-03,0.0
2010-07-04,0.0
2010-07-05,0.0
2010-07-06,0.0
2010-07-07,0.0
2010-07-08,0.0
2010-07-09,0.0
2010-07-10,0.0
2010-07-11,0.0
2010-07-12,0.0
2010-07-13,0.0
2010-07-14,0.0
2010-07-15,0.0
2010-07-16,0.0
2010-07-17,0.0
2010-07-18,0.0
2010-07-19,0.0
2010-07-20,0.0
2010-07-21,0.0
2010-07-22,0.0
2010-07-23,0.0
2010-07-24,0.0
2010-07-25,0.0
2010-07-26,0.0
2010-07-27,0.0
2010-07-28,0.0
2010-07-29,0.0
2010-07-30,0.0
2010-07-31,0.0
2010-08-01,0.0
2010-08-02,0.0
2010-08-03,0.0
2010-08-04,0.0
2010-08-05,0.0
2010-08-06,0.0
2010-08-07,0.0
2010-08-08,0.0
2010-08-09,0.0
2010-08-10,0.0
2010-08-11,0.0
2010-08-12,0.0
2010-08-13,0.0
2010-08-14,0.0
2010-08-15,0.0
2010-08-16,4144.31
2010-08-17,3528.98
2010-08-18,2616.91
2010-08-19,1448.35
2010-08-20,2078.52
2010-08-21,2707.28
2010-08-22,1224.92
2010-08-23,1292.1
2010-08-24,1476.35
2010-08-25,1113.55
2010-08-26,997.09
2010-08-27,1721.65
2010-08-28,997.5
2010-08-29,516.1
2010-08-30,830.1
2010-08-31,2408.93
2010-09-01,1725.17
2010-09-02,2084.01
2010-09-03,1851.16
2010-09-04,1801.45
2010-09-05,8235.43
2010-09-06,4599.31
2010-09-07,1097.31
2010-09-08,1058.62
2010-09-09,2049.84
2010-09-10,850.1
2010-09-11,612.91
2010-09-12,1113.77
2010-09-13,7030.39
2010-09-14,1817.41
2010-09-15,2397.57
2010-09-16,2074.82
2010-09-17,4522.93
2010-09-18,2624.28
2010-09-19,3067.68
2010-09-20,2492.88
2010-09-21,1662.23
2010-09-22,2680.69
2010-09-23,7595.43
2010-09-24,1182.85
2010-09-25,1796.54
2010-09-26,1354.83
2010-09-27,2004.65
2010-09-28,4900.25
2010-09-29,5640.82
2010-09-30,2529.63
2010-10-01,3496.91
2010-10-02,21832.93
2010-10-03,4545.04
2010-10-04,33360.44
2010-10-05,12318.34
2010-10-06,7289.88
2010-10-07,7655.23
2010-10-08,13222.32
2010-10-09,16707.3
2010-10-10,11843.03
2010-10-11,5486.08
2010-10-12,7026.5
2010-10-13,11424.97
2010-10-14,17790.93
2010-10-15,14646.62
2010-10-16,19940.71
2010-10-17,10849.08
2010-10-18,21754.48
2010-10-19,26573.09
2010-10-20,19965.95
2010-10-21,18643.42
2010-10-22,14226.72
2010-10-23,4800.57
2010-10-24,11527.03
2010-10-25,22498.97
2010-10-26,29164.69
2010-10-27,36556.07
2010-10-28,35648.13
2010-10-29,16354.02
2010-10-30,11112.91
2010-10-31,12331.93
2010-11-01,8109.5
2010-11-02,11879.75
2010-11-03,10825.93
2010-11-04,32927.34
2010-11-05,10081.09
2010-11-06,36627.83
2010-11-07,32311.08
2010-11-08,159823.34
2010-11-09,14344.42
2010-11-10,11709.52
2010-11-11,9154.81
2010-11-12,9061.08
2010-11-13,11041.08
2010-11-14,9929.91
2010-11-15,70749.65
2010-11-16,94518.99
2010-11-17,16140.13
2010-11-18,16064.25
2010-11-19,14815.22
2010-11-20,44521.71
2010-11-21,35289.53
2010-11-22,8806.2
2010-11-23,12072.16
2010-11-24,10809.98
2010-11-25,14812.12
2010-11-26,24949.32
2010-11-27,6797.95
2010-11-28,6942.88
2010-11-29,8672.7
2010-11-30,13200.05
2010-12-01,11558.95
2010-12-02,14611.21
2010-12-03,6895.4
2010-12-04,15003.19
2010-12-05,4499.72
2010-12-06,19257.97
2010-12-07,19106.24
2010-12-08,6817.84
2010-12-09,8924.41
2010-12-10,5067.22
2010-12-11,17539.87
2010-12-12,10035.54
2010-12-13,39398.72
2010-12-14,29377.61
2010-12-15,27767.8
2010-12-16,21180.26
2010-12-17,15868.06
2010-12-18,21047.42
2010-12-19,23524.56
2010-12-20,21612.14
2010-12-21,25600.19
2010-12-22,21682.05
2010-12-23,15727.01
2010-12-24,15543.1
2010-12-25,28148.99
2010-12-26,17509.65
2010-12-27,23789.06
2010-12-28,15279.5
2010-12-29,32144.02
2010-12-30,19372.92
2010-12-31,17230.32
2011-01-01,16573.34
2011-01-02,14107.64
2011-01-03,20643.06
2011-01-04,11654.4
2011-01-05,14830.72
2011-01-06,9594.89
2011-01-07,17524.87
2011-01-08,18490.78
2011-01-09,12248.11
2011-01-10,26638.51
2011-01-11,33379.45
2011-01-12,20126.61
2011-01-13,43176.57
2011-01-14,33250.32
2011-01-15,22249.58
2011-01-16,25283.19
2011-01-17,20443.64
2011-01-18,33607.4
2011-01-19,18539.08
2011-01-20,18245.12
2011-01-21,24513.86
2011-01-22,29919.77
2011-01-23,35244.96
2011-01-24,28223.14
2011-01-25,22872.23
2011-01-26,26948.98
2011-01-27,455463.54
2011-01-28,20371.45
2011-01-29,29723.72
2011-01-30,179572.27
2011-01-31,97310.78
2011-02-01,89447.18
2011-02-02,83256.82
2011-02-03,46694.92
2011-02-04,42472.23
2011-02-05,60033.81
2011-02-06,67692.94
2011-02-07,133100.17
2011-02-08,60427.86
2011-02-09,123016.26
2011-02-10,222068.91
2011-02-11,249347.07
2011-02-12,140581.78
2011-02-13,109432.86
2011-02-14,140505.56
2011-02-15,96391.59
2011-02-16,63910.44
2011-02-17,97397.82
2011-02-18,108330.55
2011-02-19,163321.86
2011-02-20,185711.36
2011-02-21,192603.09
2011-02-22,310404.06
2011-02-23,323562.3
2011-02-24,208105.12
2011-02-25,168570.86
2011-02-26,156523.24
2011-02-27,177012.84
2011-02-28,110930.74
2011-03-01,981585.96
2011-03-02,2241063.12
2011-03-03,210536.02
2011-03-04,277447.77
2011-03-05,112899.85
2011-03-06,155557.12
2011-03-07,184332.59
2011-03-08,161979.18
2011-03-09,209453.9
2011-03-10,301360.1
2011-03-11,250404.15
2011-03-12,140836.53
2011-03-13,187504.21
2011-03-14,184808.09
2011-03-15,106937.46
2011-03-16,130720.56
2011-03-17,134839.89
2011-03-18,132899.76
2011-03-19,91966.07
2011-03-20,106972.83
2011-03-21,117767.38
2011-03-22,159640.48
2011-03-23,211173.71
2011-03-24,241090.72
2011-03-25,252611.48
2011-03-26,277732.17
2011-03-27,124154.08
2011-03-28,109780.31
2011-03-29,87016.88
2011-03-30,96665.81
2011-03-31,111729.86
2011-04-01,61276.42
2011-04-02,75055.73
2011-04-03,63542.32
2011-04-04,99622.94
2011-04-05,82555.67
2011-04-06,61875.31
2011-04-07,83124.89
2011-04-08,97725.67
2011-04-09,104796.6
2011-04-10,62905.13
2011-04-11,66953.4
2011-04-12,117375.32
2011-04-13,165748.19
2011-04-14,138511.39
2011-04-15,101345.93
2011-04-16,360279.21
2011-04-17,1404286.58
2011-04-18,149771.34
2011-04-19,3125669.25
2011-04-20,5559625.46
2011-04-21,509413.78
2011-04-22,203359.06
2011-04-23,257471.71
2011-04-24,172259.05
2011-04-25,157065.96
2011-04-26,297568.84
2011-04-27,469057.5
2011-04-28,301773.44
2011-04-29,2013129.9
2011-04-30,1329230.17
2011-05-01,509920.38
2011-05-02,387279.58
2011-05-03,623987.37
2011-05-04,963797.79
2011-05-05,541832.73
2011-05-06,978820.52
2011-05-07,801328.89
2011-05-08,2015177.2
2011-05-09,586274.72
2011-05-10,2690462.0
2011-05-11,943454.9
2011-05-12,1211816.37
2011-05-13,3386601.29
2011-05-14,14050283.39
2011-05-15,2129339.18
2011-05-16,2169919.41
2011-05-17,1608206.91
2011-05-18,1306251.59
2011-05-19,1263899.34
2011-05-20,2169730.1
2011-05-21,3904884.03
2011-05-22,5686240.26
2011-05-23,3264557.57
2011-05-24,2577126.6
2011-05-25,3057778.32
2011-05-26,3528527.43
2011-05-27,4649490.65
2011-05-28,1916786.19
2011-05-29,2229793.77
2011-05-30,2346948.14
2011-05-31,2486925.23
2011-06-01,2507309.76
2011-06-02,3577668.27
2011-06-03,7999464.14
2011-06-04,7864373.33
2011-06-05,9585779.23
2011-06-06,15303944.27
2011-06-07,10462257.12
2011-06-08,21689181.59
2011-06-09,22815365.21
2011-06-10,22762035.98
2011-06-11,26007551.95
2011-06-12,29644626.15
2011-06-13,25463164.96
2011-06-14,29582052.35
2011-06-15,83219230.01
2011-06-16,167992817.82
2011-06-17,24311416.46
2011-06-18,20323851.37
2011-06-19,81071383.62
2011-06-20,23410321.0
2011-06-21,58111900.28
2011-06-22,23149916.07
2011-06-23,28556257.58
2011-06-24,83690296.01
2011-06-25,187780395.34
2011-06-26,64655589.5
2011-06-27,31773700.96
2011-06-28,116201734.38
2011-06-29,46870801.89
2011-06-30,25155892.33
2011-07-01,17643320.55
2011-07-02,13461774.6
2011-07-03,8889547.85
2011-07-04,19655291.81
2011-07-05,5222983.66
2011-07-06,8412738.26
2011-07-07,7200398.51
2011-07-08,4386129.24
2011-07-09,29870132.44
2011-07-10,36677706.47
2011-07-11,14465761.26
2011-07-12,15104221.07
2011-07-13,20026803.36
2011-07-14,26836671.97
2011-07-15,8488299.49
2011-07-16,16999730.46
2011-07-17,7504723.85
2011-07-18,43057475.61
2011-07-19,38390959.93
2011-07-20,7436961.64
2011-07-21,18241254.51
2011-07-22,21200939.77
2011-07-23,8240067.85
2011-07-24,7501055.38
2011-07-25,20419115.15
2011-07-26,16409910.66
2011-07-27,17720451.51
2011-07-28,46598487.04
2011-07-29,9333091.8
2011-07-30,4391767.43
2011-07-31,8034637.94
2011-08-01,7168747.97
2011-08-02,4972906.06
2011-08-03,4266756.59
2011-08-04,3410348.19
2011-08-05,5116772.52
2011-08-06,2990974.11
2011-08-07,2823478.13
2011-08-08,8032766.41
2011-08-09,24612513.98
2011-08-10,11404656.65
2011-08-11,4587036.29
2011-08-12,3155925.49
2011-08-13,3008510.6
2011-08-14,4747389.42
2011-08-15,3767264.37
2011-08-16,3988813.97
2011-08-17,3519425.04
2011-08-18,4384010.52
2011-08-19,6338723.61
2011-08-20,2580777.41
2011-08-21,2764315.91
2011-08-22,3057897.45
2011-08-23,4858468.59
2011-08-24,6123196.27
2011-08-25,3772817.25
2011-08-26,2418878.18
2011-08-27,23348457.83
2011-08-28,1644718.65
2011-08-29,2118135.67
2011-08-30,2080162.59
2011-08-31,2219953.6
2011-09-01,2703300.44
2011-09-02,2153184.18
2011-09-03,1913606.41
2011-09-04,14204978.22
2011-09-05,17281291.11
2011-09-06,21202917.28
2011-09-07,4418409.25
2011-09-08,2642063.23
2011-09-09,2130185.07
2011-09-10,1340375.25
2011-09-11,6152537.46
2011-09-12,3749865.33
2011-09-13,2038259.76
2011-09-14,1701522.78
2011-09-15,1449730.48
2011-09-16,3223537.64
2011-09-17,1657583.5
2011-09-18,1502147.39
2011-09-19,1749136.44
2011-09-20,2111730.38
2011-09-21,2184896.56
2011-09-22,1680851.08
2011-09-23,1891899.91
2011-09-24,1229152.73
2011-09-25,1549519.86
2011-09-26,1379596.3
2011-09-27,2049711.87
2011-09-28,1681268.86
2011-09-29,1540568.57
2011-09-30,1471318.74
2011-10-01,2080410.94
2011-10-02,1576830.89
2011-10-03,2010267.46
2011-10-04,2027625.29
2011-10-05,1983985.5
2011-10-06,2506253.39
2011-10-07,1614134.86
2011-10-08,1118485.73
2011-10-09,1280047.85
2011-10-10,1302931.96
2011-10-11,1297274.73
2011-10-12,1307554.99
2011-10-13,1223675.88
2011-10-14,1081670.87
2011-10-15,1473536.32
2011-10-16,929818.43
2011-10-17,1407102.13
2011-10-18,929970.51
2011-10-19,689480.12
2011-10-20,682795.85
2011-10-21,1424217.18
2011-10-22,1785927.13
2011-10-23,1740616.81
2011-10-24,1023053.84
2011-10-25,1042225.94
2011-10-26,1224136.92
2011-10-27,1530569.3
2011-10-28,1391270.53
2011-10-29,1646420.24
2011-10-30,701358.02
2011-10-31,1224160.91
2011-11-01,1857341.21
2011-11-02,1296165.99
2011-11-03,1128242.13
2011-11-04,1249552.24
2011-11-05,857349.4
2011-11-06,686676.55
2011-11-07,788013.98
2011-11-08,3487111.15
2011-11-09,2916033.48
2011-11-10,1022041.0
2011-11-11,878422.86
2011-11-12,833430.53
2011-11-13,781868.03
2011-11-14,878428.15
2011-11-15,821682.22
2011-11-16,5004364.37
2011-11-17,7303469.71
2011-11-18,10891537.13
2011-11-19,8941203.93
2011-11-20,3495162.72
2011-11-21,3774287.07
2011-11-22,8294617.37
2011-11-23,3659717.4
2011-11-24,3681691.91
2011-11-25,2671820.11
2011-11-26,3961248.37
2011-11-27,4423941.59
2011-11-28,10083942.29
2011-11-29,11087320.43
2011-11-30,19145733.17
2011-12-01,6423697.23
2011-12-02,17002300.49
2011-12-03,10239487.82
2011-12-04,8094574.44
2011-12-05,8495947.08
2011-12-06,21852660.91
2011-12-07,16809997.21
2011-12-08,13524498.11
2011-12-09,6009495.75
2011-12-10,3428662.74
2011-12-11,2755599.75
2011-12-12,2343824.55
2011-12-13,1127263.15
2011-12-14,1334079.56
2011-12-15,1455951.53
2011-12-16,1561602.78
2011-12-17,1138448.0
2011-12-18,1053157.84
2011-12-19,1626689.94
2011-12-20,2086216.66
2011-12-21,2281661.38
2011-12-22,1698774.71
2011-12-23,1031446.67
2011-12-24,1220736.71
2011-12-25,1232822.07
2011-12-26,2819223.13
2011-12-27,2681875.78
2011-12-28,1140931.37
2011-12-29,2119780.59
2011-12-30,1165934.99
2011-12-31,1191478.2
2012-01-01,1617007.69
2012-01-02,1284067.02
2012-01-03,1413830.74
2012-01-04,2082713.71
2012-01-05,4263574.78
2012-01-06,3963950.3
2012-01-07,2205469.92
2012-01-08,2399301.22
2012-01-09,3001201.95
2012-01-10,2560395.95
2012-01-11,2710825.81
2012-01-12,2452966.4
2012-01-13,2823282.08
2012-01-14,2161262.47
2012-01-15,1807731.18
2012-01-16,3053486.02
2012-01-17,3024314.22
2012-01-18,2404139.75
2012-01-19,2529947.07
2012-01-20,2384860.52
2012-01-21,2060527.16
2012-01-22,1884660.89
2012-01-23,1873670.75
2012-01-24,2459595.92
2012-01-25,2724477.98
2012-01-26,2590684.84
2012-01-27,2051637.09
2012-01-28,1286815.9
2012-01-29,1908373.97
2012-01-30,1791535.34
2012-01-31,1898650.99
2012-02-01,2380477.82
2012-02-02,2266561.99
2012-02-03,2355570.85
2012-02-04,2253817.71
2012-02-05,1981170.14
2012-02-06,1802271.77
2012-02-07,1766700.02
2012-02-08,1752299.43
2012-02-09,1570667.8
2012-02-10,1865353.26
2012-02-11,2528311.33
2012-02-12,1767967.13
2012-02-13,2424635.18
2012-02-14,6928272.39
2012-02-15,6589159.41
2012-02-16,7308953.68
2012-02-17,4522175.22
2012-02-18,3080291.79
2012-02-19,1679473.14
2012-02-20,1933328.38
2012-02-21,1739284.12
2012-02-22,3548479.94
2012-02-23,3259158.28
2012-02-24,2935505.59
2012-02-25,2102964.77
2012-02-26,1693414.93
2012-02-27,1874427.38
2012-02-28,1856011.05
2012-02-29,1639194.53
2012-03-01,3305273.17
2012-03-02,2709625.34
2012-03-03,1832187.91
2012-03-04,3199550.27
2012-03-05,1883304.76
2012-03-06,1779673.94
2012-03-07,1883897.34
2012-03-08,2586435.08
2012-03-09,2957454.78
2012-03-10,1915124.75
2012-03-11,2104396.02
2012-03-12,2992063.18
2012-03-13,2675123.23
2012-03-14,3259452.27
2012-03-15,2594042.11
2012-03-16,2684948.02
2012-03-17,2459988.07
2012-03-18,2017765.7
2012-03-19,2315601.71
2012-03-20,2412925.66
2012-03-21,2477292.2
2012-03-22,3656334.63
2012-03-23,4319615.38
2012-03-24,3872480.56
2012-03-25,1961686.65
2012-03-26,2483974.6
2012-03-27,2671496.25
2012-03-28,3283904.94
2012-03-29,5813008.95
2012-03-30,4757873.45
2012-03-31,4285087.62
2012-04-01,2983190.41
2012-04-02,3455953.08
2012-04-03,4104144.77
2012-04-04,3755130.1
2012-04-05,4670532.84
2012-04-06,2893255.59
2012-04-07,1702313.65
2012-04-08,5969204.81
2012-04-09,7788658.17
2012-04-10,3936368.82
2012-04-11,7386878.42
2012-04-12,6215377.13
2012-04-13,4527491.76
2012-04-14,4926752.71
2012-04-15,6294632.77
2012-04-16,8006641.41
2012-04-17,5756079.03
2012-04-18,5641893.48
2012-04-19,3522218.1
2012-04-20,14756694.37
2012-04-21,6566399.08
2012-04-22,5006980.83
2012-04-23,4080541.0
2012-04-24,3776617.57
2012-04-25,5165526.98
2012-04-26,9403699.21
2012-04-27,7378136.66
2012-04-28,4575756.13
2012-04-29,4809740.22
2012-04-30,5424665.26
2012-05-01,5366095.85
2012-05-02,5486242.49
2012-05-03,6218162.15
2012-05-04,5711136.88
2012-05-05,6258337.88
2012-05-06,3291120.89
2012-05-07,11052855.51
2012-05-08,19629362.27
2012-05-09,11843089.57
2012-05-10,6198855.91
2012-05-11,7548651.63
2012-05-12,16367452.29
2012-05-13,7406067.78
2012-05-14,11331491.19
2012-05-15,18705251.84
2012-05-16,17155829.99
2012-05-17,17330410.09
2012-05-18,9434205.83
2012-05-19,6259489.81
2012-05-20,10190686.36
2012-05-21,19237124.59
2012-05-22,21167813.2
2012-05-23,9112940.9
2012-05-24,5887175.27
2012-05-25,12398737.05
2012-05-26,24520779.59
2012-05-27,10207095.08
2012-05-28,10895140.24
2012-05-29,16021144.12
2012-05-30,12170640.29
2012-05-31,24583979.18
2012-06-01,15393019.94
2012-06-02,10400220.62
2012-06-03,9132335.34
2012-06-04,24090845.95
2012-06-05,24191593.07
2012-06-06,14102618.8
2012-06-07,26344228.69
2012-06-08,30204896.78
2012-06-09,8655269.39
2012-06-10,17927646.56
2012-06-11,16701948.38
2012-06-12,14582322.02
2012-06-13,14242600.42
2012-06-14,28440142.36
2012-06-15,20553762.1
2012-06-16,25009007.77
2012-06-17,8929281.99
2012-06-18,15468309.72
2012-06-19,13587672.79
2012-06-20,11268757.12
2012-06-21,6924164.31
2012-06-22,14991455.98
2012-06-23,19684346.54
2012-06-24,12254239.2
2012-06-25,11619123.62
2012-06-26,11106363.36
2012-06-27,12822447.75
2012-06-28,23205847.94
2012-06-29,16444309.54
2012-06-30,9121247.27
2012-07-01,8971833.13
2012-07-02,7792918.85
2012-07-03,9347584.58
2012-07-04,14768761.16
2012-07-05,13265441.54
2012-07-06,9101170.98
2012-07-07,27236326.73
2012-07-08,5495990.55
2012-07-09,14643412.38
2012-07-10,15232269.0
2012-07-11,8189814.4
2012-07-12,9918534.64
2012-07-13,19229619.76
2012-07-14,18735004.5
2012-07-15,10378425.19
2012-07-16,16265407.61
2012-07-17,20744142.1
2012-07-18,15044748.22
2012-07-19,11195064.81
2012-07-20,13647414.82
2012-07-21,20691225.02
2012-07-22,15424497.64
2012-07-23,18697941.0
2012-07-24,15333307.42
2012-07-25,8652872.77
2012-07-26,20003938.61
2012-07-27,19148990.18
2012-07-28,15350654.77
2012-07-29,9749355.86
2012-07-30,8508825.31
2012-07-31,27437083.06
2012-08-01,21414316.35
2012-08-02,17689957.5
2012-08-03,14989679.94
2012-08-04,15457010.04
2012-08-05,20645964.67
2012-08-06,21678098.98
2012-08-07,21035756.83
2012-08-08,18084484.28
2012-08-09,16785749.38
2012-08-10,18783186.47
2012-08-11,17739109.48
2012-08-12,18642339.39
2012-08-13,22194086.28
2012-08-14,18141487.58
2012-08-15,22210215.6
2012-08-16,27704657.5
2012-08-17,39312501.43
2012-08-18,26712769.97
2012-08-19,53427706.36
2012-08-20,92671855.31
2012-08-21,55395454.51
2012-08-22,79330051.09
2012-08-23,76267569.04
2012-08-24,113142211.65
2012-08-25,54539414.01
2012-08-26,35293438.95
2012-08-27,68940000.16
2012-08-28,74575625.0
2012-08-29,159837727.02
2012-08-30,124981906.05
2012-08-31,91688441.51
2012-09-01,88147398.04
2012-09-02,59365703.27
2012-09-03,38248771.68
2012-09-04,66936554.68
2012-09-05,96648605.77
2012-09-06,237496263.39
2012-09-07,202468611.6
2012-09-08,84480296.04
2012-09-09,42552154.29
2012-09-10,206181645.39
2012-09-11,221123008.04
2012-09-12,120417393.66
2012-09-13,278059530.19
2012-09-14,204988506.93
2012-09-15,84905326.9
2012-09-16,164256450.5
2012-09-17,153268508.94
2012-09-18,154034376.8
2012-09-19,384145888.72
2012-09-20,198517865.13
2012-09-21,317792193.46
2012-09-22,183412120.49
2012-09-23,96700511.44
2012-09-24,96540765.39
2012-09-25,21912774.46
2012-09-26,20702993.56
2012-09-27,16660536.43
2012-09-28,31676919.06
2012-09-29,15808964.65
2012-09-30,17816983.11
2012-10-01,20097026.78
2012-10-02,24766998.93
2012-10-03,16106741.8
2012-10-04,15271707.38
2012-10-05,33228261.01
2012-10-06,24796072.5
2012-10-07,21317193.08
2012-10-08,20762635.04
2012-10-09,16120563.69
2012-10-10,10515213.09
2012-10-11,14803622.37
2012-10-12,31292764.59
2012-10-13,32177921.0
2012-10-14,16656288.9
2012-10-15,9879422.51
2012-10-16,32704584.82
2012-10-17,41364824.29
2012-10-18,39977518.21
2012-10-19,31646724.04
2012-10-20,31399206.09
2012-10-21,27066001.54
2012-10-22,26170674.43
2012-10-23,30058470.86
2012-10-24,22322529.39
2012-10-25,16128767.38
2012-10-26,10769148.15
2012-10-27,17071040.2
2012-10-28,10215420.48
2012-10-29,10666169.6
2012-10-30,28922178.37
2012-10-31,57234022.81
2012-11-01,28658200.81
2012-11-02,9460273.66
2012-11-03,20188964.17
2012-11-04,23771462.18
2012-11-05,24410413.98
2012-11-06,20348944.39
2012-11-07,20118825.57
2012-11-08,14244680.36
2012-11-09,9314630.68
2012-11-10,4967430.04
2012-11-11,4483457.8
2012-11-12,5235334.45
2012-11-13,9208435.66
2012-11-14,14520351.15
2012-11-15,29121434.04
2012-11-16,41641992.16
2012-11-17,31044241.41
2012-11-18,23891170.54
2012-11-19,16315940.15
2012-11-20,18418764.1
2012-11-21,10672186.47
2012-11-22,16971180.32
2012-11-23,13792567.87
2012-11-24,14261974.08
2012-11-25,10107438.96
2012-11-26,13855918.15
2012-11-27,17248912.81
2012-11-28,23152888.93
2012-11-29,14827923.51
2012-11-30,9845758.84
2012-12-01,7739802.64
2012-12-02,12512959.09
2012-12-03,21903753.91
2012-12-04,31377834.65
2012-12-05,36767218.84
2012-12-06,43441094.53
2012-12-07,28099032.42
2012-12-08,13414905.06
2012-12-09,18887841.15
2012-12-10,13661231.71
2012-12-11,21558160.54
2012-12-12,48089022.64
2012-12-13,51435762.17
2012-12-14,39725280.42
2012-12-15,22190745.2
2012-12-16,24268180.29
2012-12-17,23692215.04
2012-12-18,31365448.89
2012-12-19,14932975.76
2012-12-20,13026748.21
2012-12-21,22140517.71
2012-12-22,18570702.68
2012-12-23,11738801.79
2012-12-24,13962036.52
2012-12-25,7972028.03
2012-12-26,8322791.88
2012-12-27,10865157.81
2012-12-28,14130600.1
2012-12-29,13093151.24
2012-12-30,10090997.03
2012-12-31,18082263.39
2013-01-01,19879923.74
2013-01-02,25575041.42
2013-01-03,23384941.63
2013-01-04,31009953.31
2013-01-05,27577814.2
2013-01-06,14628761.03
2013-01-07,19562410.19
2013-01-08,28492587.47
2013-01-09,23156480.9
2013-01-10,18951969.69
2013-01-11,18570239.61
2013-01-12,14108582.36
2013-01-13,12420154.85
2013-01-14,15437221.35
2013-01-15,29551047.98
2013-01-16,32429373.33
2013-01-17,27170122.47
2013-01-18,26010722.58
2013-01-19,25164868.28
2013-01-20,18584089.27
2013-01-21,19219072.7
2013-01-22,24823983.31
2013-01-23,42144001.22
2013-01-24,28964989.57
2013-01-25,26542226.41
2013-01-26,23240344.8
2013-01-27,25609502.32
2013-01-28,30432524.57
2013-01-29,46416001.75
2013-01-30,51745598.3
2013-01-31,31914487.33
2013-02-01,37425016.57
2013-02-02,26963323.32
2013-02-03,27783732.8
2013-02-04,41242050.74
2013-02-05,40770983.83
2013-02-06,38607147.63
2013-02-07,37467672.87
2013-02-08,48706280.42
2013-02-09,41436844.95
2013-02-10,32098820.43
2013-02-11,31477198.95
2013-02-12,31938500.7
2013-02-13,31125985.82
2013-02-14,39278622.86
2013-02-15,35989684.15
2013-02-16,34806187.74
2013-02-17,30914559.08
2013-02-18,33037631.3
2013-02-19,40697968.27
2013-02-20,35817388.95
2013-02-21,31457890.13
2013-02-22,48127838.12
2013-02-23,37993743.29
2013-02-24,51105986.13
2013-02-25,56734343.51
2013-02-26,50228450.72
2013-02-27,47843780.54
2013-02-28,49209947.8
2013-03-01,56456830.32
2013-03-02,54892495.37
2013-03-03,31800423.48
2013-03-04,34464139.72
2013-03-05,76017148.59
2013-03-06,106937143.71
2013-03-07,70179050.16
2013-03-08,51990319.97
2013-03-09,45610981.45
2013-03-10,57248001.46
2013-03-11,48732916.29
2013-03-12,66457332.37
2013-03-13,69111241.22
2013-03-14,56686090.23
2013-03-15,251816021.16
2013-03-16,107911077.47
2013-03-17,42108118.39
2013-03-18,181798872.5
2013-03-19,157322905.55
2013-03-20,116483235.96
2013-03-21,144931953.07
2013-03-22,108687049.82
2013-03-23,92910213.72
2013-03-24,67693908.73
2013-03-25,111954399.8
2013-03-26,144839480.91
2013-03-27,232392609.32
2013-03-28,168121739.3
2013-03-29,131693615.2
2013-03-30,169190927.03
2013-03-31,144093661.64
2013-04-01,147391116.74
2013-04-02,279593230.49
2013-04-03,307942654.1
2013-04-04,307824875.5
2013-04-05,286281957.99
2013-04-06,190414307.13
2013-04-07,164196681.15
2013-04-08,280755137.1
2013-04-09,435912404.94
2013-04-10,562218788.2
2013-04-11,276396530.65
2013-04-12,136968811.62
2013-04-13,138654760.68
2013-04-14,79751059.66
2013-04-15,93672118.04
2013-04-16,117225048.56
2013-04-17,144716629.88
2013-04-18,545710906.42
2013-04-19,217890033.71
2013-04-20,134555381.03
2013-04-21,119374492.75
2013-04-22,200104294.28
2013-04-23,206913241.22
2013-04-24,318577279.98
2013-04-25,252698474.24
2013-04-26,158795045.67
2013-04-27,111693556.98
2013-04-28,77360694.05
2013-04-29,267493886.63
2013-04-30,140929946.66
2013-05-01,170421483.15
2013-05-02,101729460.95
2013-05-03,78027489.27
2013-05-04,54021849.91
2013-05-05,72509345.02
2013-05-06,101398078.87
2013-05-07,106390449.76
2013-05-08,93356370.33
2013-05-09,77206390.64
2013-05-10,104823502.0
2013-05-11,78774130.18
2013-05-12,65080445.58
2013-05-13,129744402.45
2013-05-14,90118510.76
2013-05-15,81850351.32
2013-05-16,80787528.79
2013-05-17,99218853.54
2013-05-18,87440637.33
2013-05-19,49452757.44
2013-05-20,64065003.86
2013-05-21,79336137.51
2013-05-22,86748121.23
2013-05-23,85359329.4
2013-05-24,96760813.05
2013-05-25,93935703.41
2013-05-26,49806417.15
2013-05-27,85454789.78
2013-05-28,88285683.15
2013-05-29,100762438.74
2013-05-30,81365880.46
2013-05-31,86028849.46
2013-06-01,61564805.09
2013-06-02,52720576.56
2013-06-03,93961714.31
2013-06-04,79642587.03
2013-06-05,82554986.31
2013-06-06,90085764.32
2013-06-07,76915576.59
2013-06-08,43263371.35
2013-06-09,67994043.49
2013-06-10,50049267.3
2013-06-11,63064344.27
2013-06-12,60569971.36
2013-06-13,64120475.09
2013-06-14,71988788.55
2013-06-15,42401529.16
2013-06-16,51609120.67
2013-06-17,57663819.02
2013-06-18,66817481.25
2013-06-19,61378261.11
2013-06-20,76842661.02
2013-06-21,72241856.88
2013-06-22,43720367.11
2013-06-23,33700980.87
2013-06-24,60050843.76
2013-06-25,71502241.95
2013-06-26,61696685.13
2013-06-27,54952222.79
2013-06-28,61194356.18
2013-06-29,47392956.1
2013-06-30,36923712.0
2013-07-01,75399830.48
2013-07-02,64559718.92
2013-07-03,68247975.61
2013-07-04,66850734.59
2013-07-05,77002749.79
2013-07-06,46546321.52
2013-07-07,43374230.88
2013-07-08,61721068.51
2013-07-09,85415135.31
2013-07-10,85530974.69
2013-07-11,90882778.43
2013-07-12,96501997.27
2013-07-13,78006992.94
2013-07-14,53093454.2
2013-07-15,64594563.09
2013-07-16,87810288.84
2013-07-17,100405744.31
2013-07-18,84595001.21
2013-07-19,70201402.16
2013-07-20,42419120.09
2013-07-21,41942365.43
2013-07-22,77584422.28
2013-07-23,87159967.7
2013-07-24,79438313.85
2013-07-25,72169574.78
2013-07-26,72944205.6
2013-07-27,41311446.7
2013-07-28,55693646.01
2013-07-29,68979994.24
2013-07-30,95506333.67
2013-07-31,86006524.88
2013-08-01,111414228.83
2013-08-02,89296069.55
2013-08-03,64629108.67
2013-08-04,49125589.53
2013-08-05,82641629.4
2013-08-06,74232217.4
2013-08-07,80611929.73
2013-08-08,68556194.6
2013-08-09,58086675.69
2013-08-10,47635437.14
2013-08-11,39791539.55
2013-08-12,79953421.69
2013-08-13,124597276.18
2013-08-14,132572223.12
2013-08-15,80733822.01
2013-08-16,105123844.72
2013-08-17,100171195.09
2013-08-18,77490195.43
2013-08-19,113854764.61
2013-08-20,100352690.56
2013-08-21,137271230.92
2013-08-22,91177778.96
2013-08-23,89644667.54
2013-08-24,61380293.55
2013-08-25,62017589.97
2013-08-26,79277181.71
2013-08-27,106009700.7
2013-08-28,92396062.1
2013-08-29,314033478.09
2013-08-30,101018168.08
2013-08-31,113270722.02
2013-09-01,106255461.01
2013-09-02,109173767.59
2013-09-03,122569044.22
2013-09-04,115559934.81
2013-09-05,107772327.31
2013-09-06,84858590.24
2013-09-07,75011224.36
2013-09-08,46897012.19
2013-09-09,123788073.99
2013-09-10,79258641.34
2013-09-11,101407691.88
2013-09-12,89731826.28
2013-09-13,82893608.16
2013-09-14,72017334.72
2013-09-15,49812925.73
2013-09-16,84911973.68
2013-09-17,79022876.67
2013-09-18,102775418.47
2013-09-19,104385722.49
2013-09-20,91043011.84
2013-09-21,55551345.21
2013-09-22,60537606.44
2013-09-23,122641784.47
2013-09-24,115957886.88
2013-09-25,103332990.44
2013-09-26,92119979.61
2013-09-27,86155136.89
2013-09-28,67469419.89
2013-09-29,70082640.55
2013-09-30,103791272.7
2013-10-01,137686489.05
2013-10-02,138966456.75
2013-10-03,103179842.37
2013-10-04,99455599.77
2013-10-05,53923081.96
2013-10-06,50598120.62
2013-10-07,84379040.37
2013-10-08,89015275.06
2013-10-09,116228039.43
2013-10-10,96879912.11
2013-10-11,106079246.59
2013-10-12,88207918.17
2013-10-13,91396398.93
2013-10-14,123783470.03
2013-10-15,127681730.95
2013-10-16,145976841.99
2013-10-17,120700104.06
2013-10-18,137846570.15
2013-10-19,163568373.33
2013-10-20,118636074.49
2013-10-21,184182897.4
2013-10-22,228232676.88
2013-10-23,213428887.96
2013-10-24,197255810.02
2013-10-25,525387747.25
2013-10-26,123933686.08
2013-10-27,94386860.57
2013-10-28,125991151.61
2013-10-29,333801745.04
2013-10-30,144089373.85
2013-10-31,140367965.68
2013-11-01,128907392.35
2013-11-02,132219581.32
2013-11-03,121106885.15
2013-11-04,212655449.75
2013-11-05,267055491.3
2013-11-06,237215845.49
2013-11-07,343399558.83
2013-11-08,339348539.15
2013-11-09,306260717.48
2013-11-10,239700113.57
2013-11-11,248593672.85
2013-11-12,386469089.68
2013-11-13,479030700.57
2013-11-14,476942414.93
2013-11-15,1086462597.65
2013-11-16,649399624.29
2013-11-17,536217232.27
2013-11-18,1215026978.58
2013-11-19,1434294780.67
2013-11-20,907066243.6
2013-11-21,1462840043.53
2013-11-22,1782741665.48
2013-11-23,1280083713.4
2013-11-24,1218749774.77
2013-11-25,1180401831.18
2013-11-26,3420973639.31
2013-11-27,3069786647.58
2013-11-28,3405200333.19
2013-11-29,2733198400.37
2013-11-30,2145747146.44
2013-12-01,1528496694.42
2013-12-02,1441273309.53
2013-12-03,1247492325.25
2013-12-04,1495718314.06
2013-12-05,1612074569.54
2013-12-06,1084292155.64
2013-12-07,1720862499.64
2013-12-08,891787171.39
2013-12-09,1049951296.09
2013-12-10,794918746.08
2013-12-11,1016743562.16
2013-12-12,791575859.54
2013-12-13,802048632.95
2013-12-14,530769665.5
2013-12-15,388548180.75
2013-12-16,1587533195.4
2013-12-17,1106810808.13
2013-12-18,1097868982.09
2013-12-19,844210276.11
2013-12-20,638380584.27
2013-12-21,601165182.22
2013-12-22,578124275.09
2013-12-23,465691106.83
2013-12-24,592371384.74
2013-12-25,571770965.54
2013-12-26,446136825.68
2013-12-27,438243480.09
2013-12-28,439810797.04
2013-12-29,595620603.55
2013-12-30,594562789.25
2013-12-31,373466766.08
2014-01-01,397575283.25
2014-01-02,534855085.88
2014-01-03,712308475.6
2014-01-04,514196732.52
2014-01-05,817702318.7
2014-01-06,943012884.25
2014-01-07,797716300.6
2014-01-08,646612677.2
2014-01-09,486361026.63
2014-01-10,475882646.35
2014-01-11,367422539.71
2014-01-12,360395076.5
2014-01-13,432247659.78
2014-01-14,613281347.6
2014-01-15,503241982.68
2014-01-16,503214157.59
2014-01-17,338748524.88
2014-01-18,286825290.53
2014-01-19,459975548.76
2014-01-20,661233053.28
2014-01-21,509964872.14
2014-01-22,398620610.17
2014-01-23,414503199.98
2014-01-24,589424896.19
2014-01-25,364775605.11
2014-01-26,324795328.76
2014-01-27,720653589.88
2014-01-28,499904504.46
2014-01-29,383588733.54
2014-01-30,438390645.29
2014-01-31,324487194.5
2014-02-01,372485041.8
2014-02-02,399318164.48
2014-02-03,396465232.57
2014-02-04,635597610.8
2014-02-05,636926126.0
2014-02-06,538127474.18
2014-02-07,619856996.12
2014-02-08,398465046.78
2014-02-09,350984026.67
2014-02-10,531751104.8
2014-02-11,479248393.71
2014-02-12,406610015.56
2014-02-13,413312547.62
2014-02-14,455989915.89
2014-02-15,624756652.93
2014-02-16,394740899.04
2014-02-17,319563207.07
2014-02-18,319679002.3
2014-02-19,286214663.23
2014-02-20,334229483.78
2014-02-21,299676462.99
2014-02-22,231643887.03
2014-02-23,255895792.39
2014-02-24,442409502.48
2014-02-25,532097665.31
2014-02-26,398963738.25
2014-02-27,338707615.5
2014-02-28,336739041.49
2014-03-01,461235284.42
2014-03-02,315843690.31
2014-03-03,652840773.45
2014-03-04,700330544.47
2014-03-05,458325177.84
2014-03-06,415402970.78
2014-03-07,1588179057.99
2014-03-08,990827203.49
2014-03-09,599021713.55
2014-03-10,959750704.11
2014-03-11,630486570.92
2014-03-12,674035755.28
2014-03-13,493553763.58
2014-03-14,397692796.81
2014-03-15,369833654.52
2014-03-16,246608033.49
2014-03-17,346092893.77
2014-03-18,1621962487.43
2014-03-19,676687448.16
2014-03-20,404916446.11
2014-03-21,352709595.71
2014-03-22,235354516.48
2014-03-23,193200758.55
2014-03-24,378045682.16
2014-03-25,316112892.01
2014-03-26,303964410.12
2014-03-27,426463334.76
2014-03-28,416489365.31
2014-03-29,198501525.98
2014-03-30,278978353.94
2014-03-31,341640898.38
2014-04-01,326540867.84
2014-04-02,352883731.96
2014-04-03,339976175.75
2014-04-04,297065851.27
2014-04-05,328356096.23
2014-04-06,202486277.22
2014-04-07,211229690.89
2014-04-08,207965815.51
2014-04-09,273428557.49
2014-04-10,338518359.72
2014-04-11,314262000.45
2014-04-12,172711127.09
2014-04-13,171250527.24
2014-04-14,276897451.65
2014-04-15,327491365.54
2014-04-16,416298764.84
2014-04-17,410752404.85
2014-04-18,378562967.36
2014-04-19,225574779.98
2014-04-20,213633981.12
2014-04-21,370734809.93
2014-04-22,436645471.84
2014-04-23,345120559.58
2014-04-24,214386794.76
2014-04-25,256233600.04
2014-04-26,153441085.76
2014-04-27,137843038.26
2014-04-28,255154836.46
2014-04-29,248699718.08
2014-04-30,221985770.27
2014-05-01,206227255.25
2014-05-02,295575441.24
2014-05-03,248193539.38
2014-05-04,185616267.88
2014-05-05,277802922.98
2014-05-06,293232716.17
2014-05-07,370952439.68
2014-05-08,597866500.95
2014-05-09,559677120.09
2014-05-10,306085229.17
2014-05-11,204199957.06
2014-05-12,241933743.61
2014-05-13,295844927.3
2014-05-14,321707010.23
2014-05-15,368946672.29
2014-05-16,292065070.24
2014-05-17,217411168.52
2014-05-18,122519577.54
2014-05-19,234847632.33
2014-05-20,701868595.5
2014-05-21,362574858.54
2014-05-22,393757601.63
2014-05-23,660940815.03
2014-05-24,476511743.45
2014-05-25,472279001.47
2014-05-26,441332645.77
2014-05-27,545468936.9
2014-05-28,501705510.42
2014-05-29,374140174.84
2014-05-30,549872474.02
2014-05-31,365700478.52
2014-06-01,478261710.4
2014-06-02,604294244.54
2014-06-03,601221277.82
2014-06-04,665714131.9
2014-06-05,628185291.36
2014-06-06,688856536.75
2014-06-07,394317553.03
2014-06-08,504319367.78
2014-06-09,250509836.71
2014-06-10,387846062.31
2014-06-11,339130600.6
2014-06-12,681257016.09
2014-06-13,443578734.29
2014-06-14,259601387.67
2014-06-15,250852147.3
2014-06-16,439621341.52
2014-06-17,285450170.64
2014-06-18,333349653.55
2014-06-19,435746882.8
2014-06-20,334120327.19
2014-06-21,269729091.92
2014-06-22,318591928.7
2014-06-23,364922387.58
2014-06-24,514078242.81
2014-06-25,286137687.05
2014-06-26,292239093.46
2014-06-27,282458569.22
2014-06-28,199721669.9
2014-06-29,214358741.47
2014-06-30,425638277.45
2014-07-01,579191807.41
2014-07-02,608253504.97
2014-07-03,388987063.71
2014-07-04,247305881.45
2014-07-05,263612446.1
2014-07-06,234756712.22
2014-07-07,294360406.13
2014-07-08,227269176.35
2014-07-09,288642430.51
2014-07-10,316969111.45
2014-07-11,262552020.3
2014-07-12,297910863.9
2014-07-13,302630657.33
2014-07-14,316269229.35
2014-07-15,349320339.39
2014-07-16,372281505.28
2014-07-17,289158499.41
2014-07-18,318834087.82
2014-07-19,191029046.56
2014-07-20,175716253.04
2014-07-21,278509319.35
2014-07-22,237616731.65
2014-07-23,255218927.92
2014-07-24,325786083.57
2014-07-25,296083131.99
2014-07-26,186481429.01
2014-07-27,153510834.95
2014-07-28,283935136.65
2014-07-29,289140154.98
2014-07-30,240297225.93
2014-07-31,243975218.17
2014-08-01,275579955.32
2014-08-02,232705524.65
2014-08-03,244554268.63
2014-08-04,250286094.39
2014-08-05,368809099.23
2014-08-06,268226345.22
2014-08-07,255746801.19
2014-08-08,197328395.58
2014-08-09,213508115.91
2014-08-10,211392028.92
2014-08-11,324483388.65
2014-08-12,417056929.4
2014-08-13,391780318.12
2014-08-14,386985501.46
2014-08-15,389378406.55
2014-08-16,335518796.12
2014-08-17,251202713.17
2014-08-18,484795333.73
2014-08-19,304401427.79
2014-08-20,277095508.99
2014-08-21,400210843.06
2014-08-22,1624105429.85
2014-08-23,353356237.95
2014-08-24,207530933.6
2014-08-25,477034266.29
2014-08-26,915368729.66
2014-08-27,742415913.98
2014-08-28,373423383.24
2014-08-29,299748119.87
2014-08-30,299198007.64
2014-08-31,250933829.19
2014-09-01,338422185.18
2014-09-02,272739513.76
2014-09-03,239765834.07
2014-09-04,215667709.71
2014-09-05,239085322.57
2014-09-06,149887675.24
2014-09-07,179174910.74
2014-09-08,233768449.99
2014-09-09,242792041.68
2014-09-10,225892250.76
2014-09-11,212645958.49
2014-09-12,216480993.34
2014-09-13,156811738.64
2014-09-14,174972838.38
2014-09-15,218944812.13
2014-09-16,201982756.79
2014-09-17,221677445.7
2014-09-18,306363755.9
2014-09-19,287541494.61
2014-09-20,310341229.45
2014-09-21,322102319.47
2014-09-22,215614636.46
2014-09-23,319580600.69
2014-09-24,391938215.39
2014-09-25,280039399.06
2014-09-26,227396922.12
2014-09-27,209976662.68
2014-09-28,182726763.26
2014-09-29,266917817.73
2014-09-30,252708895.04
2014-10-01,268826506.35
2014-10-02,225975102.45
2014-10-03,267563533.72
2014-10-04,226120483.52
2014-10-05,287026191.05
2014-10-06,362811502.44
2014-10-07,281857667.08
2014-10-08,308787920.04
2014-10-09,356456621.07
2014-10-10,359687488.89
2014-10-11,209249115.99
2014-10-12,171284441.45
2014-10-13,296272800.64
2014-10-14,361395987.85
2014-10-15,474335603.17
2014-10-16,408354654.56
2014-10-17,346663302.97
2014-10-18,232095500.62
2014-10-19,177555538.2
2014-10-20,317154129.35
2014-10-21,222644484.86
2014-10-22,331815342.47
2014-10-23,402348245.96
2014-10-24,255238663.55
2014-10-25,318610411.84
2014-10-26,307028448.5
2014-10-27,379161650.87
2014-10-28,297725402.12
2014-10-29,277147163.64
2014-10-30,241054423.12
2014-10-31,441904957.39
2014-11-01,229852934.89
2014-11-02,178013424.28
2014-11-03,353723950.85
2014-11-04,379688458.59
2014-11-05,322155317.75
2014-11-06,251873598.2
2014-11-07,302198857.93
2014-11-08,195314456.19
2014-11-09,187393279.98
2014-11-10,344220619.16
2014-11-11,257911455.46
2014-11-12,441517202.62
2014-11-13,703958638.56
2014-11-14,377496572.46
2014-11-15,313138000.28
2014-11-16,278635966.78
2014-11-17,336394496.35
2014-11-18,373993060.17
2014-11-19,359481817.35
2014-11-20,379170675.23
2014-11-21,465094474.56
2014-11-22,282888860.36
2014-11-23,214411599.07
2014-11-24,301841209.79
2014-11-25,371478813.37
2014-11-26,393078560.47
2014-11-27,369167756.94
2014-11-28,498828499.01
2014-11-29,373486574.42
2014-11-30,368175988.3
2014-12-01,495406256.7
2014-12-02,518870533.49
2014-12-03,464444003.76
2014-12-04,400767995.41
2014-12-05,429092162.51
2014-12-06,229812910.01
2014-12-07,309199969.29
2014-12-08,609398438.19
2014-12-09,406900929.31
2014-12-10,463814832.79
2014-12-11,289996394.33
2014-12-12,343019187.21
2014-12-13,248441268.4
2014-12-14,220880434.35
2014-12-15,308722192.06
2014-12-16,334640856.88
2014-12-17,368274305.54
2014-12-18,359681055.29
2014-12-19,282254898.79
2014-12-20,231627819.28
2014-12-21,309763975.78
2014-12-22,331145768.6
2014-12-23,403812077.77
2014-12-24,276591956.95
2014-12-25,277947377.76
2014-12-26,230509818.74
2014-12-27,211792765.31
2014-12-28,218608948.99
2014-12-29,254892490.21
2014-12-30,342335419.25
2014-12-31,297937979.5
2015-01-01,146998930.15
2015-01-02,229524165.59
2015-01-03,256950390.05
2015-01-04,311131314.3
2015-01-05,314699884.34
2015-01-06,327025483.51
2015-01-07,377537658.69
2015-01-08,420525237.78
2015-01-09,363294484.2
2015-01-10,290223027.91
2015-01-11,356909767.88
2015-01-12,297504684.51
2015-01-13,467613584.16
2015-01-14,432495498.88
2015-01-15,408418803.08
2015-01-16,374030749.72
2015-01-17,231426970.1
2015-01-18,180048842.5
2015-01-19,223595023.17
2015-01-20,317427170.48
2015-01-21,319156868.69
2015-01-22,282733428.22
2015-01-23,233354213.86
2015-01-24,268301427.7
2015-01-25,234501926.36
2015-01-26,602501612.38
2015-01-27,307457357.68
2015-01-28,236646727.0
2015-01-29,228449409.64
2015-01-30,208122349.65
2015-01-31,188812182.79
2015-02-01,165200494.58
2015-02-02,225131883.16
2015-02-03,311491198.53
2015-02-04,273687810.76
2015-02-05,280611173.45
2015-02-06,207390911.27
2015-02-07,142493950.62
2015-02-08,144907850.0
2015-02-09,192078799.03
2015-02-10,185944492.84
2015-02-11,193165020.89
2015-02-12,167926111.76
2015-02-13,242158475.61
2015-02-14,174994799.77
2015-02-15,183505182.49
2015-02-16,175126868.18
2015-02-17,190985940.03
2015-02-18,205489824.52
2015-02-19,170731958.67
2015-02-20,192922140.39
2015-02-21,153035787.48
2015-02-22,113773233.63
2015-02-23,197357435.25
2015-02-24,176041909.58
2015-02-25,197247304.66
2015-02-26,275028461.01
2015-02-27,384813162.43
2015-02-28,159166263.6
2015-03-01,319520220.39
2015-03-02,505948009.79
2015-03-03,308105875.19
2015-03-04,253797190.08
2015-03-05,294802766.32
2015-03-06,225547826.95
2015-03-07,313921423.5
2015-03-08,625188876.25
2015-03-09,320353007.34
2015-03-10,332606526.46
2015-03-11,264328407.81
2015-03-12,312576667.36
2015-03-13,273817684.49
2015-03-14,230457052.28
2015-03-15,167187753.74
2015-03-16,274989804.82
2015-03-17,230000663.88
2015-03-18,419807807.31
2015-03-19,284607113.46
2015-03-20,217255049.95
2015-03-21,169275276.37
2015-03-22,129168780.86
2015-03-23,239684995.91
2015-03-24,244969992.77
2015-03-25,266469771.9
2015-03-26,247527075.5
2015-03-27,250143719.44
2015-03-28,162946860.17
2015-03-29,136965712.27
2015-03-30,212016966.28
2015-03-31,209225118.71
2015-04-01,265991632.87
2015-04-02,195158373.23
2015-04-03,189091004.05
2015-04-04,117445287.22
2015-04-05,116135614.22
2015-04-06,192080172.83
2015-04-07,203332356.75
2015-04-08,235015441.18
2015-04-09,216875113.69
2015-04-10,242152442.68
2015-04-11,150535574.72
2015-04-12,113958002.15
2015-04-13,218932126.54
2015-04-14,219408377.93
2015-04-15,180884295.54
2015-04-16,260808780.0
2015-04-17,259029111.71
2015-04-18,173108970.26
2015-04-19,227573594.56
2015-04-20,294715880.6
2015-04-21,292691068.44
2015-04-22,309191773.42
2015-04-23,269893980.37
2015-04-24,290876805.48
2015-04-25,217966918.07
2015-04-26,243301689.54
2015-04-27,297253675.38
2015-04-28,300165630.04
2015-04-29,288069207.46
2015-04-30,278352545.39
2015-05-01,287534061.35
2015-05-02,199315932.37
2015-05-03,195346933.94
2015-05-04,299741976.77
2015-05-05,284402493.65
2015-05-06,279220257.87
2015-05-07,306750582.88
2015-05-08,262400198.53
2015-05-09,216701750.91
2015-05-10,235710304.72
2015-05-11,286369040.18
2015-05-12,255555248.36
2015-05-13,272091074.57
2015-05-14,247214911.57
2015-05-15,224232174.88
2015-05-16,181366788.25
2015-05-17,147816399.87
2015-05-18,223560247.66
2015-05-19,278735890.68
2015-05-20,270371715.23
2015-05-21,223381456.64
2015-05-22,309858468.6
2015-05-23,232337712.01
2015-05-24,173566369.07
2015-05-25,226860616.98
2015-05-26,239789749.97
2015-05-27,276003979.75
2015-05-28,239643872.64
2015-05-29,256423633.48
2015-05-30,215425099.25
2015-05-31,217487479.18
2015-06-01,347113477.1
2015-06-02,321474604.37
2015-06-03,309196712.52
2015-06-04,280897362.23
2015-06-05,328459942.66
2015-06-06,239252344.21
2015-06-07,220877182.16
2015-06-08,256812290.82
2015-06-09,293679471.71
2015-06-10,300523706.15
2015-06-11,295347832.03
2015-06-12,313575915.94
2015-06-13,243420845.37
2015-06-14,311826269.16
2015-06-15,350146768.65
2015-06-16,458943466.18
2015-06-17,476559137.94
2015-06-18,369207102.24
2015-06-19,462287329.9
2015-06-20,272513753.67
2015-06-21,239395595.04
2015-06-22,274022686.99
2015-06-23,286074728.89
2015-06-24,278381863.21
2015-06-25,230023784.92
2015-06-26,370695147.45
2015-06-27,310965650.7
2015-06-28,207657981.07
2015-06-29,339501955.01
2015-06-30,440315730.5
2015-07-01,338297857.59
2015-07-02,345648323.78
2015-07-03,319594425.47
2015-07-04,240090892.47
2015-07-05,303230663.63
2015-07-06,415203309.33
2015-07-07,335342261.83
2015-07-08,343254944.96
2015-07-09,359339657.51
2015-07-10,525867174.24
2015-07-11,374093913.9
2015-07-12,387076628.59
2015-07-13,402965019.62
2015-07-14,382676123.6
2015-07-15,371200718.02
2015-07-16,398717400.32
2015-07-17,333045720.51
2015-07-18,253693768.26
2015-07-19,205712456.29
2015-07-20,283106063.17
2015-07-21,300640466.1
2015-07-22,294483248.12
2015-07-23,317714963.52
2015-07-24,351048809.82
2015-07-25,222953258.02
2015-07-26,175564297.28
2015-07-27,299134677.86
2015-07-28,362294009.02
2015-07-29,327267938.87
2015-07-30,305035931.37
2015-07-31,295224898.56
2015-08-01,222404971.44
2015-08-02,182055395.3
2015-08-03,296047110.11
2015-08-04,337693933.59
2015-08-05,354123889.66
2015-08-06,326453180.79
2015-08-07,325256620.87
2015-08-08,344975845.69
2015-08-09,329064593.14
2015-08-10,333778222.98
2015-08-11,321628094.91
2015-08-12,366977762.69
2015-08-13,390497702.54
2015-08-14,370494368.88
2015-08-15,280114328.4
2015-08-16,285877156.07
2015-08-17,395763045.38
2015-08-18,467080593.3
2015-08-19,397029899.52
2015-08-20,376330109.76
2015-08-21,338924119.38
2015-08-22,298194674.05
2015-08-23,243954904.34
2015-08-24,449277853.99
2015-08-25,454774994.78
2015-08-26,365198134.42
2015-08-27,344011594.7
2015-08-28,386984476.02
2015-08-29,225257583.87
2015-08-30,181681871.71
2015-08-31,296910181.73
2015-09-01,334393062.01
2015-09-02,325476996.9
2015-09-03,283006848.13
2015-09-04,258107201.21
2015-09-05,217772398.13
2015-09-06,233821880.74
2015-09-07,249392831.36
2015-09-08,342136431.13
2015-09-09,323245066.87
2015-09-10,331031989.94
2015-09-11,294774641.21
2015-09-12,195278174.52
2015-09-13,199336588.94
2015-09-14,295575125.12
2015-09-15,307427298.88
2015-09-16,341431152.97
2015-09-17,302832933.07
2015-09-18,303858938.73
2015-09-19,256391547.35
2015-09-20,213519565.61
2015-09-21,372144416.83
2015-09-22,346086039.78
2015-09-23,298177819.46
2015-09-24,283082003.52
2015-09-25,324402417.07
2015-09-26,244382919.1
2015-09-27,177546811.94
2015-09-28,361055148.46
2015-09-29,407528110.5
2015-09-30,338262592.86
2015-10-01,379308871.91
2015-10-02,413471183.94
2015-10-03,241961464.15
2015-10-04,210125323.91
2015-10-05,329282968.55
2015-10-06,425788304.12
2015-10-07,359743130.54
2015-10-08,493944937.72
2015-10-09,319997395.38
2015-10-10,293597481.37
2015-10-11,241754769.05
2015-10-12,351011012.56
2015-10-13,419575576.06
2015-10-14,431122333.83
2015-10-15,515039685.71
2015-10-16,481348377.34
2015-10-17,412164930.12
2015-10-18,288530637.6
2015-10-19,394778902.15
2015-10-20,419915986.21
2015-10-21,379852992.2
2015-10-22,430623397.29
2015-10-23,407593092.95
2015-10-24,392346611.59
2015-10-25,414649751.01
2015-10-26,442587899.44
2015-10-27,537545532.15
2015-10-28,613714442.6
2015-10-29,730456123.92
2015-10-30,838917726.36
2015-10-31,609453549.43
2015-11-01,550642895.24
2015-11-02,872502782.8
2015-11-03,1420667074.56
2015-11-04,4804146356.14
2015-11-05,1483464861.92
2015-11-06,1040491684.42
2015-11-07,872831044.64
2015-11-08,751993531.94
2015-11-09,1154677664.4
2015-11-10,1075946036.32
2015-11-11,1081466104.65
2015-11-12,987445388.41
2015-11-13,956118835.93
2015-11-14,1038653996.12
2015-11-15,719044142.31
2015-11-16,868450523.52
2015-11-17,651079395.42
2015-11-18,606523416.16
2015-11-19,676285836.23
2015-11-20,716225234.01
2015-11-21,481295266.45
2015-11-22,370416107.51
2015-11-23,439643579.2
2015-11-24,463082095.85
2015-11-25,611224860.14
2015-11-26,727168048.29
2015-11-27,779170803.98
2015-11-28,696032722.76
2015-11-29,498815745.4
2015-11-30,923243485.31
2015-12-01,913479750.61
2015-12-02,982330130.52
2015-12-03,755607953.96
2015-12-04,967004398.36
2015-12-05,1846737678.35
2015-12-06,2148074917.95
2015-12-07,1251267000.91
2015-12-08,1186517001.05
2015-12-09,1652467898.68
2015-12-10,1347305610.51
2015-12-11,1624646117.75
2015-12-12,1468924913.14
2015-12-13,2269048024.72
2015-12-14,2134634639.77
2015-12-15,1987070612.24
2015-12-16,2033692245.1
2015-12-17,1907909747.84
2015-12-18,1861759569.4
2015-12-19,1794570376.14
2015-12-20,1798800549.65
2015-12-21,2333226555.04
2015-12-22,2098654895.99
2015-12-23,1973947270.61
2015-12-24,2143241752.73
2015-12-25,1780693437.2
2015-12-26,1186366226.53
2015-12-27,613997577.68
2015-12-28,917964083.15
2015-12-29,916094731.84
2015-12-30,999695499.77
2015-12-31,494719521.15
2016-01-01,413399176.54
2016-01-02,449748025.35
2016-01-03,387023981.76
2016-01-04,460704006.25
2016-01-05,601810759.23
2016-01-06,577752820.23
2016-01-07,727572385.98
2016-01-08,543845218.77
2016-01-09,385389452.65
2016-01-10,516162746.01
2016-01-11,816330635.02
2016-01-12,576543670.36
2016-01-13,606354174.86
2016-01-14,529290152.35
2016-01-15,689128052.29
2016-01-16,544115575.94
2016-01-17,3970687470.86
2016-01-18,3610608436.74
2016-01-19,3359459099.42
2016-01-20,2148415539.97
2016-01-21,2155446193.74
2016-01-22,2992409777.12
2016-01-23,11632935511.39
2016-01-24,26845677528.39
2016-01-25,6998003665.11
2016-01-26,4087628893.22
2016-01-27,5486597710.23
2016-01-28,2344820022.48
2016-01-29,2707905462.04
2016-01-30,1299901227.74
2016-01-31,646052737.91
2016-02-01,2014466275.58
2016-02-02,1421299104.84
2016-02-03,584620725.61
2016-02-04,938322192.25
2016-02-05,1344800109.74
2016-02-06,1177996572.16
2016-02-07,1148896842.32
2016-02-08,992791106.97
2016-02-09,839815112.13
2016-02-10,993358819.84
2016-02-11,996849715.88
2016-02-12,1010585640.52
2016-02-13,1012833582.69
2016-02-14,1106137311.39
2016-02-15,1563580725.72
2016-02-16,1613039940.82
2016-02-17,1646465369.87
2016-02-18,1627109279.56
2016-02-19,2005086908.08
2016-02-20,1770496571.51
2016-02-21,1845176869.24
2016-02-22,1943849486.51
2016-02-23,1706830009.92
2016-02-24,1542402704.38
2016-02-25,1317467987.94
2016-02-26,1397850422.17
2016-02-27,1091765994.88
2016-02-28,3658243429.64
2016-02-29,4376545339.08
2016-03-01,4773221090.53
2016-03-02,2466326714.55
2016-03-03,1504664904.58
2016-03-04,3115929416.88
2016-03-05,7756742173.33
2016-03-06,804374176.33
2016-03-07,1195410620.32
2016-03-08,951211440.87
2016-03-09,848051340.21
2016-03-10,1012023658.79
2016-03-11,995562990.64
2016-03-12,760053822.6
2016-03-13,668270377.09
2016-03-14,1002145428.33
2016-03-15,1318128307.43
2016-03-16,5581904723.44
2016-03-17,3336352109.27
2016-03-18,2158163487.33
2016-03-19,901834827.48
2016-03-20,727954946.25
2016-03-21,846383067.8
2016-03-22,927404617.06
2016-03-23,873209545.14
2016-03-24,961068374.21
2016-03-25,874947635.53
2016-03-26,636198127.64
2016-03-27,726701290.45
2016-03-28,880240349.09
2016-03-29,883321666.22
2016-03-30,856066841.34
2016-03-31,909750612.33
2016-04-01,906496374.72
2016-04-02,736210404.55
2016-04-03,658513965.76
2016-04-04,898232956.53
2016-04-05,950210832.23
2016-04-06,1010146802.96
2016-04-07,1163625777.75
2016-04-08,1150563374.96
2016-04-09,957245703.57
2016-04-10,844276659.51
2016-04-11,1085132945.48
2016-04-12,1502466160.89
2016-04-13,1371519396.63
2016-04-14,1260685971.39
2016-04-15,1645254531.03
2016-04-16,1341008799.91
2016-04-17,1132490870.47
2016-04-18,1715735865.1
2016-04-19,1595862982.87
2016-04-20,1814118300.85
2016-04-21,2239564721.54
2016-04-22,2369627913.82
2016-04-23,1582330595.41
2016-04-24,1018776907.33
2016-04-25,1266804614.22
2016-04-26,1295165816.49
2016-04-27,1162820888.84
2016-04-28,1207488881.79
2016-04-29,1138801569.33
2016-04-30,876819797.85
2016-05-01,855172047.21
2016-05-02,1099200360.46
2016-05-03,1018040259.35
2016-05-04,1025074830.23
2016-05-05,970766083.94
2016-05-06,1051892226.22
2016-05-07,871977736.51
2016-05-08,747161815.73
2016-05-09,950799659.62
2016-05-10,1020989903.58
2016-05-11,1142819281.74
2016-05-12,1056538280.07
2016-05-13,1174041110.87
2016-05-14,882808771.19
2016-05-15,938370359.36
2016-05-16,1232526449.54
2016-05-17,1238009871.6
2016-05-18,1035862287.55
2016-05-19,1147382598.84
2016-05-20,946702600.13
2016-05-21,701667778.23
2016-05-22,672692314.38
2016-05-23,950922320.79
2016-05-24,1126733755.95
2016-05-25,1501033751.25
2016-05-26,1618069100.78
2016-05-27,1959815634.78
2016-05-28,1810656415.48
2016-05-29,1435835379.5
2016-05-30,1193706999.58
2016-05-31,1373932003.14
2016-06-01,1266255166.7
2016-06-02,1263006956.33
2016-06-03,1071656285.95
2016-06-04,862525839.04
2016-06-05,1057646402.77
2016-06-06,1147572822.33
2016-06-07,1236523716.85
2016-06-08,1197404817.97
2016-06-09,1211665322.0
2016-06-10,1328874280.63
2016-06-11,1120234944.9
2016-06-12,1806163507.35
2016-06-13,1915003561.95
2016-06-14,1614486076.09
2016-06-15,1583428902.46
2016-06-16,2074203821.48
2016-06-17,2091496138.23
2016-06-18,1762694265.99
2016-06-19,1522557737.06
2016-06-20,1988602535.11
2016-06-21,1964849651.84
2016-06-22,1778337150.92
2016-06-23,1874354734.44
2016-06-24,1880071397.51
2016-06-25,1450869160.18
2016-06-26,1178071546.1
2016-06-27,1406011143.13
2016-06-28,1219580389.02
2016-06-29,1279115053.47
2016-06-30,1361547188.06
2016-07-01,1369046612.0
2016-07-02,1479261072.82
2016-07-03,1199225392.59
2016-07-04,1751123894.84
2016-07-05,1397202411.23
2016-07-06,1379214140.54
2016-07-07,1818538186.29
2016-07-08,1506617301.92
2016-07-09,1232956585.56
2016-07-10,991023059.59
2016-07-11,1451105433.1
2016-07-12,1528094448.14
2016-07-13,1496374217.0
2016-07-14,1391252816.38
2016-07-15,2231741022.87
2016-07-16,1309575453.9
2016-07-17,1415909542.2
2016-07-18,1529426811.04
2016-07-19,1719027758.61
2016-07-20,1662188309.06
2016-07-21,1479104233.71
2016-07-22,1605079303.06
2016-07-23,1207279499.37
2016-07-24,1254193543.8
2016-07-25,1267741547.67
2016-07-26,1525736801.94
2016-07-27,1644378608.57
2016-07-28,1616378328.48
2016-07-29,1406203350.76
2016-07-30,1233632192.79
2016-07-31,1189279570.57
2016-08-01,1072529752.36
2016-08-02,2095486773.11
2016-08-03,1403507379.53
2016-08-04,1756557274.88
2016-08-05,1340049602.65
2016-08-06,880849333.61
2016-08-07,1115931064.27
2016-08-08,1168478798.22
2016-08-09,1308481319.8
2016-08-10,1321818327.7
2016-08-11,1338010596.86
2016-08-12,1132353222.6
2016-08-13,1207866260.42
2016-08-14,990022689.37
2016-08-15,1191554230.55
2016-08-16,1566054585.11
2016-08-17,1153167122.11
2016-08-18,1337373067.22
2016-08-19,1375349544.05
2016-08-20,1210626091.32
2016-08-21,781943514.75
2016-08-22,1156471550.58
2016-08-23,1218484068.8
2016-08-24,1238204253.37
2016-08-25,1225919429.82
2016-08-26,1222214232.21
2016-08-27,840074754.17
2016-08-28,753193895.71
2016-08-29,983144316.67
2016-08-30,1042565595.8
2016-08-31,1026060649.49
2016-09-01,1018581675.93
2016-09-02,924068780.92
2016-09-03,758669451.5
2016-09-04,702748678.62
2016-09-05,1039991994.48
2016-09-06,992886564.79
2016-09-07,982264483.41
2016-09-08,1018911274.19
2016-09-09,1089108323.85
2016-09-10,925969302.18
2016-09-11,938033608.06
2016-09-12,1014432673.53
2016-09-13,1211898129.59
2016-09-14,1155915330.94
2016-09-15,950233024.99
2016-09-16,1147315615.93
2016-09-17,895127413.52
2016-09-18,995256298.01
2016-09-19,1280643012.76
2016-09-20,1379966785.53
2016-09-21,1115823182.67
2016-09-22,1396015972.51
2016-09-23,1389943800.84
2016-09-24,1223147632.83
2016-09-25,1112921364.93
2016-09-26,1393567185.95
2016-09-27,1049875248.59
2016-09-28,1541364636.88
2016-09-29,1112306808.07
2016-09-30,1501405503.8
2016-10-01,941915789.45
2016-10-02,919071712.99
2016-10-03,1221409748.33
2016-10-04,1163151495.47
2016-10-05,1419964390.44
2016-10-06,1402994202.11
2016-10-07,1460168817.52
2016-10-08,1469660632.61
2016-10-09,1678619500.52
2016-10-10,1628643395.94
2016-10-11,1812372020.63
2016-10-12,1730126553.42
2016-10-13,1333388102.16
2016-10-14,1287178060.03
2016-10-15,2189963155.63
2016-10-16,1578085809.42
2016-10-17,1219552396.49
2016-10-18,1599351252.59
2016-10-19,1266158086.29
2016-10-20,1548799224.02
2016-10-21,1996549205.85
2016-10-22,862008486.95
2016-10-23,1231956617.86
2016-10-24,2425086185.49
2016-10-25,2043172083.36
2016-10-26,1437363314.7
2016-10-27,2505816270.06
2016-10-28,1074510660.09
2016-10-29,1065299019.21
2016-10-30,954258391.35
2016-10-31,1269212626.87
2016-11-01,1331965603.23
2016-11-02,3476952678.9
2016-11-03,4931985310.59
2016-11-04,4131848967.49
2016-11-05,4093241335.26
2016-11-06,3903105602.75
2016-11-07,3164273785.77
2016-11-08,2497569875.81
2016-11-09,1994625708.71
2016-11-10,1258700891.89
2016-11-11,1004913448.01
2016-11-12,683318743.73
2016-11-13,778445997.82
2016-11-14,1086178352.99
2016-11-15,1254177117.74
2016-11-16,1421283737.92
2016-11-17,1190135745.23
2016-11-18,1190717547.77
2016-11-19,840932626.18
2016-11-20,881826435.05
2016-11-21,1144689249.27
2016-11-22,1265196957.85
2016-11-23,1298858352.87
2016-11-24,1379610510.8
2016-11-25,1074111202.68
2016-11-26,882720761.03
2016-11-27,699835157.91
2016-11-28,1106573827.74
2016-11-29,1033178112.58
2016-11-30,1023336605.63
2016-12-01,1138219554.73
2016-12-02,1369141038.78
2016-12-03,943854918.43
2016-12-04,709204936.82
2016-12-05,1299674026.72
2016-12-06,1264422875.54
2016-12-07,1177036509.97
2016-12-08,1114063991.31
2016-12-09,1173992013.44
2016-12-10,905579742.06
2016-12-11,814459587.85
2016-12-12,1322854998.07
2016-12-13,1236451669.65
2016-12-14,1313224313.05
2016-12-15,1593463698.84
2016-12-16,1497462508.45
2016-12-17,1041015674.26
2016-12-18,1114353064.3
2016-12-19,1470154334.51
2016-12-20,1533068464.17
2016-12-21,2355586571.99
2016-12-22,2105895738.37
2016-12-23,2364534963.69
2016-12-24,1395078363.24
2016-12-25,951472191.34
2016-12-26,1360704042.23
2016-12-27,2060896916.08
2016-12-28,1981217431.29
2016-12-29,1732710805.72
2016-12-30,2124313168.46
2016-12-31,1343251882.0
2017-01-01,1060623912.8
2017-01-02,1594200150.88
2017-01-03,1988076899.84
2017-01-04,2699186444.45
2017-01-05,3142336640.6
2017-01-06,2895017230.93
2017-01-07,1903541571.39
2017-01-08,1549716135.44
2017-01-09,1889148996.0
2017-01-10,2152723354.25
2017-01-11,3317056359.51
2017-01-12,2781584659.51
2017-01-13,1911216659.94
2017-01-14,1260222106.32
2017-01-15,1423513095.78
2017-01-16,1740886531.92
2017-01-17,2036492972.08
2017-01-18,1716274767.57
2017-01-19,2334508663.55
2017-01-20,2342248819.18
2017-01-21,1405427209.51
2017-01-22,1068858935.68
2017-01-23,1405081699.57
2017-01-24,1776976129.43
2017-01-25,1739015400.55
2017-01-26,1920154454.96
2017-01-27,1720257500.09
2017-01-28,1152744729.45
2017-01-29,1267650864.59
2017-01-30,1356909262.85
2017-01-31,1689549859.15
2017-02-01,2029955946.27
2017-02-02,1842372589.68
2017-02-03,2471122523.71
2017-02-04,2152734028.53
2017-02-05,1858204684.7
2017-02-06,1745607893.06
2017-02-07,2144081061.93
2017-02-08,2062842460.94
2017-02-09,3314603031.17
2017-02-10,2719170038.86
2017-02-11,1449511086.12
2017-02-12,965283535.79
2017-02-13,1627170057.36
2017-02-14,1940399348.2
2017-02-15,1809981601.02
2017-02-16,3083880811.05
2017-02-17,2653211233.26
2017-02-18,1329343225.6
2017-02-19,1533239260.02
2017-02-20,1676618987.37
2017-02-21,1935879844.0
2017-02-22,2886663029.47
2017-02-23,3881250891.85
2017-02-24,2277475885.04
2017-02-25,1445733306.91
2017-02-26,1326747781.6
2017-02-27,2235383579.28
2017-02-28,2333965463.46
2017-03-01,3047205136.66
2017-03-02,3417671668.32
2017-03-03,5825194267.5
2017-03-04,2551722177.56
2017-03-05,1642398345.4
2017-03-06,2452716255.75
2017-03-07,2636578170.61
2017-03-08,3041804656.48
2017-03-09,6674485163.12
2017-03-10,3318445080.86
2017-03-11,1988072659.81
2017-03-12,1447072753.16
2017-03-13,2631781513.76
2017-03-14,3369129289.61
2017-03-15,2874352954.34
2017-03-16,4066778489.81
2017-03-17,3530751643.37
2017-03-18,2676152179.9
2017-03-19,6454564263.68
2017-03-20,3415586674.89
2017-03-21,6765221889.18
2017-03-22,5579355248.52
2017-03-23,2476685114.81
2017-03-24,3783811497.51
2017-03-25,3192762892.08
2017-03-26,1728592039.83
2017-03-27,2351088512.01
2017-03-28,2466245028.02
2017-03-29,1895566232.06
2017-03-30,2284189463.88
2017-03-31,3787479941.33
2017-04-01,3115610702.8
2017-04-02,4570168756.17
2017-04-03,4801776258.68
2017-04-04,2844834431.55
2017-04-05,2660487589.17
2017-04-06,2402823663.28
2017-04-07,7031722003.36
2017-04-08,13048516215.39
2017-04-09,1801714071.12
2017-04-10,2516317381.45
2017-04-11,2504541490.47
2017-04-12,2537632642.15
2017-04-13,2607176611.1
2017-04-14,2618880214.86
2017-04-15,1920210384.74
2017-04-16,2246889638.29
2017-04-17,2894753579.27
2017-04-18,2942728240.2
2017-04-19,2640570006.21
2017-04-20,2752256299.87
2017-04-21,2915377566.21
2017-04-22,2184251200.82
2017-04-23,1990908138.65
2017-04-24,2446546331.21
2017-04-25,4136263723.15
2017-04-26,3144848571.77
2017-04-27,3516457949.56
2017-04-28,3314212015.17
2017-04-29,2850001300.39
2017-04-30,2414785104.3
2017-05-01,3600755072.58
2017-05-02,3696488786.99
2017-05-03,3891870399.22
2017-05-04,4565273202.55
2017-05-05,4565819108.01
2017-05-06,4356438042.14
2017-05-07,3516848624.86
2017-05-08,6423023829.23
2017-05-09,5459055982.82
2017-05-10,6850043047.27
2017-05-11,5601797615.57
2017-05-12,5490407997.4
2017-05-13,5171633151.99
2017-05-14,4700937236.85
2017-05-15,5436478472.29
2017-05-16,5016265930.31
2017-05-17,7354193865.01
2017-05-18,5926355834.23
2017-05-19,5699646597.75
2017-05-20,5661371162.14
2017-05-21,4841411359.03
2017-05-22,7274767442.57
2017-05-23,9099655962.13
2017-05-24,8576258663.99
2017-05-25,9261932515.37
2017-05-26,7063128123.14
2017-05-27,5588985243.33
2017-05-28,6223509836.44
2017-05-29,5680263900.94
2017-05-30,8703851709.53
2017-05-31,7530249439.28
2017-06-01,8121129172.14
2017-06-02,7158319983.72
2017-06-03,8131877046.27
2017-06-04,8784261261.82
2017-06-05,8500684378.6
2017-06-06,7203687010.81
2017-06-07,7412234004.76
2017-06-08,6829854285.78
2017-06-09,7327296515.39
2017-06-10,7014718358.5
2017-06-11,6778499681.36
2017-06-12,8283353390.89
2017-06-13,9050110700.12
2017-06-14,8691107448.02
2017-06-15,7213164518.41
2017-06-16,8463937475.48
2017-06-17,6001089132.06
2017-06-18,5795138067.32
2017-06-19,7897826729.7
2017-06-20,8074081714.31
2017-06-21,9736163849.3
2017-06-22,8701104146.49
2017-06-23,6712505049.84
2017-06-24,6022732534.3
2017-06-25,4762309598.61
2017-06-26,9437026709.17
2017-06-27,6617403494.64
2017-06-28,7209840507.32
2017-06-29,8149632634.72
2017-06-30,8737436379.51
2017-07-01,5780331443.04
2017-07-02,4419933099.37
2017-07-03,7128472249.63
2017-07-04,6014569637.22
2017-07-05,6487589996.6
2017-07-06,5789944602.77
2017-07-07,6386903310.75
2017-07-08,6800666240.45
2017-07-09,6037857716.66
2017-07-10,8091518241.8
2017-07-11,6893809137.33
2017-07-12,6146644063.37
2017-07-13,5945000848.27
2017-07-14,5936182672.7
2017-07-15,4145374829.91
2017-07-16,3906292048.74
2017-07-17,5506450257.76
2017-07-18,6016233486.67
2017-07-19,5899296822.42
2017-07-20,6097953008.56
2017-07-21,6212976690.28
2017-07-22,4972959346.01
2017-07-23,4470208358.93
2017-07-24,6601228719.56
2017-07-25,19066627907.54
2017-07-26,9275080353.4
2017-07-27,6532178175.96
2017-07-28,11551468079.26
2017-07-29,11350552464.18
2017-07-30,24166361695.85
2017-07-31,8169170866.94
2017-08-01,7435006121.53
2017-08-02,7656729488.82
2017-08-03,5857449156.66
2017-08-04,6664551552.06
2017-08-05,6154891474.43
2017-08-06,5689384509.08
2017-08-07,7895735345.31
2017-08-08,9236812683.27
2017-08-09,8108458050.46
2017-08-10,9706019079.23
2017-08-11,11327045350.28
2017-08-12,9298738666.23
2017-08-13,9089529677.57
2017-08-14,11814070449.99
2017-08-15,11218537155.15
2017-08-16,12463940600.69
2017-08-17,12142130722.09
2017-08-18,11273589711.97
2017-08-19,9629775848.73
2017-08-20,7425267098.35
2017-08-21,10060202490.87
2017-08-22,7262569149.59
2017-08-23,9839913695.19
2017-08-24,6932054400.28
2017-08-25,6443544894.69
2017-08-26,6046132795.72
2017-08-27,5574397862.66
2017-08-28,7526374182.06
2017-08-29,8733772177.04
2017-08-30,7582639053.64
2017-08-31,8360579948.58
2017-09-01,8665527743.4
2017-09-02,7509210352.45
2017-09-03,6601824902.92
2017-09-04,10814081566.78
2017-09-05,28600949324.82
2017-09-06,11533391414.44
2017-09-07,10468504931.47
2017-09-08,9761229410.5
2017-09-09,8040273775.48
2017-09-10,6889958756.77
2017-09-11,11358930052.15
2017-09-12,10396255095.47
2017-09-13,11133569304.71
2017-09-14,11854048584.45
2017-09-15,12125877542.6
2017-09-16,8543007770.32
2017-09-17,6354672471.19
2017-09-18,9303391734.09
2017-09-19,7628487933.61
2017-09-20,7698581817.29
2017-09-21,7346938585.5
2017-09-22,6802233099.53
2017-09-23,4883998450.37
2017-09-24,4160418175.14
2017-09-25,7647092966.47
2017-09-26,8194215458.67
2017-09-27,8784206401.61
2017-09-28,9661993144.21
2017-09-29,8140739816.34
2017-09-30,7079979011.07
2017-10-01,6199093224.52
2017-10-02,8950466084.41
2017-10-03,7038065419.33
2017-10-04,6238482037.86
2017-10-05,7155071709.58
2017-10-06,6026428465.99
2017-10-07,4587712784.57
2017-10-08,5896238788.82
2017-10-09,11908602559.52
2017-10-10,9464486395.29
2017-10-11,8632944690.73
2017-10-12,10131804705.26
2017-10-13,11140503251.18
2017-10-14,8592116236.32
2017-10-15,7512919822.68
2017-10-16,10944631399.87
2017-10-17,15944416818.12
2017-10-18,11881643432.25
2017-10-19,10781889376.87
2017-10-20,11248762214.37
2017-10-21,9501451466.17
2017-10-22,8947889486.23
2017-10-23,17674205742.2
2017-10-24,14687955717.13
2017-10-25,11005021819.97
2017-10-26,10307204344.27
2017-10-27,11700952474.16
2017-10-28,8304518359.54
2017-10-29,9856332290.45
2017-10-30,11360022091.01
2017-10-31,11949487090.16
2017-11-01,14463158941.53
2017-11-02,15858631433.97
2017-11-03,21985484428.34
2017-11-04,42435647448.0
2017-11-05,45460212849.28
2017-11-06,20815427539.23
2017-11-07,24988851698.07
2017-11-08,31381888686.05
2017-11-09,16218219655.53
2017-11-10,16792319905.49
2017-11-11,11256556444.41
2017-11-12,12577578202.63
2017-11-13,27761857954.24
2017-11-14,25896005548.1
2017-11-15,24167593493.42
2017-11-16,28637247437.68
2017-11-17,29923931161.78
2017-11-18,21338355141.23
2017-11-19,42637093766.07
2017-11-20,34230132150.4
2017-11-21,29990260855.17
2017-11-22,28769894958.81
2017-11-23,28417721023.0
2017-11-24,21910671826.72
2017-11-25,24528275710.49
2017-11-26,18937001043.93
2017-11-27,23472242767.82
2017-11-28,28597425024.69
2017-11-29,34321997466.29
2017-11-30,27793041184.03
2017-12-01,23433097070.33
2017-12-02,23597211568.99
2017-12-03,21152742108.48
2017-12-04,29765568655.03
2017-12-05,35600442525.31
2017-12-06,44785529757.63
2017-12-07,53587445940.54
2017-12-08,40102526617.07
2017-12-09,45486708450.87
2017-12-10,29090709940.7
2017-12-11,45039814754.48
2017-12-12,57744251582.67
2017-12-13,56050341189.1
2017-12-14,49755372777.27
2017-12-15,48312650964.19
2017-12-16,43701423475.86
2017-12-17,47159279060.72
2017-12-18,56705735099.75
2017-12-19,37068081007.83
2017-12-20,37815651481.19
2017-12-21,29409639986.43
2017-12-22,26600304595.24
2017-12-23,26950954907.24
2017-12-24,20650487199.19
2017-12-25,25698795602.66
2017-12-26,33858264094.36
2017-12-27,36375529357.38
2017-12-28,29971583374.55
2017-12-29,33849254100.64
2017-12-30,30628003701.07
2017-12-31,21959162316.16
2018-01-01,22552151602.67
2018-01-02,35437759070.24
2018-01-03,42154916015.49
2018-01-04,40862092802.08
2018-01-05,46236736883.18
2018-01-06,50225905602.14
2018-01-07,46003833060.21
2018-01-08,38935583147.87
2018-01-09,33506472236.48
2018-01-10,30806075930.67
2018-01-11,25452927812.65
2018-01-12,24281766841.3
2018-01-13,19545072228.93
2018-01-14,17790981561.76
2018-01-15,20638871507.38
2018-01-16,35307384313.04
2018-01-17,26863031288.42
2018-01-18,24842338202.67
2018-01-19,22429531387.4
2018-01-20,18122737352.41
2018-01-21,13326520992.23
2018-01-22,17091952257.94
2018-01-23,16353117728.08
2018-01-24,16579822308.19
2018-01-25,15398255914.08
2018-01-26,18647795561.73
2018-01-27,15810926550.54
2018-01-28,35734886296.99
2018-01-29,21605303558.75
2018-01-30,24990419064.36
2018-01-31,17880653401.5
2018-02-01,20990583766.11
2018-02-02,12390049257.48
2018-02-03,8304053353.86
2018-02-04,8450141068.22
2018-02-05,13901653756.23
2018-02-06,12819335470.41
2018-02-07,9236460204.1
2018-02-08,9648310257.13
2018-02-09,9396315857.59
2018-02-10,13285253114.33
2018-02-11,11465225865.08
2018-02-12,14493392342.57
2018-02-13,11705901662.92
2018-02-14,14032172085.76
2018-02-15,13909910818.65
2018-02-16,11121053356.15
2018-02-17,15769095278.45
2018-02-18,17903248563.31
2018-02-19,19407960129.83
2018-02-20,14743831233.59
2018-02-21,14306949742.89
2018-02-22,15308151644.23
2018-02-23,10041683001.77
2018-02-24,7432299346.52
2018-02-25,5792436761.93
2018-02-26,8422797833.64
2018-02-27,9948623491.61
2018-02-28,14685753478.23
2018-03-01,13942311947.09
2018-03-02,10765032326.32
2018-03-03,9006954190.44
2018-03-04,6986215322.44
2018-03-05,10374033438.67
2018-03-06,10503177773.99
2018-03-07,9664510562.2
2018-03-08,9866534419.23
2018-03-09,10745842686.63
2018-03-10,5844857103.88
2018-03-11,7090641070.28
2018-03-12,9663252372.36
2018-03-13,14736827282.0
2018-03-14,9058790612.05
2018-03-15,15706880504.44
2018-03-16,8773144402.71
2018-03-17,19593156632.58
2018-03-18,12383233487.21
2018-03-19,11223576723.89
2018-03-20,9568048381.79
2018-03-21,8385876315.47
2018-03-22,9673053876.22
2018-03-23,8329191580.36
2018-03-24,7005846308.87
2018-03-25,7445158054.55
2018-03-26,13655480693.37
2018-03-27,8542474517.7
2018-03-28,9323721233.52
2018-03-29,6317826967.75
2018-03-30,8806154499.92
2018-03-31,6393125166.72
2018-04-01,5666581121.1
2018-04-02,10195216099.09
2018-04-03,9625176573.98
2018-04-04,9996964946.39
2018-04-05,7030835848.99
2018-04-06,8398066169.27
2018-04-07,5150500629.0
2018-04-08,5111687622.25
2018-04-09,8368359673.48
2018-04-10,6379024380.07
2018-04-11,6950740470.06
2018-04-12,16109442709.09
2018-04-13,9973600835.15
2018-04-14,5630578142.65
2018-04-15,6165503655.9
2018-04-16,11097569891.17
2018-04-17,9638657343.68
2018-04-18,8966163060.02
2018-04-19,10797500745.44
2018-04-20,12920742127.86
2018-04-21,8414526573.55
2018-04-22,6917687670.68
2018-04-23,9881874858.85
2018-04-24,16613535368.36
2018-04-25,18903408798.69
2018-04-26,9426704899.98
2018-04-27,14132932941.14
2018-04-28,16912748014.33
2018-04-29,15250238915.53
2018-04-30,11354595367.13
2018-05-01,9196451685.56
2018-05-02,9819723286.5
2018-05-03,12667881707.89
2018-05-04,13051116456.86
2018-05-05,10404795773.61
2018-05-06,10577997213.87
2018-05-07,12824452867.99
2018-05-08,9880968520.0
2018-05-09,9727006864.08
2018-05-10,11321105706.23
2018-05-11,11377402630.08
2018-05-12,8469473906.01
2018-05-13,7097276169.2
2018-05-14,10933542011.64
2018-05-15,9217087970.39
2018-05-16,9646333824.82
2018-05-17,8699487907.72
2018-05-18,9070006545.2
2018-05-19,6186566013.81
2018-05-20,6112003678.51
2018-05-21,7177046470.94
2018-05-22,7647397111.63
2018-05-23,8379857294.56
2018-05-24,8987110601.42
2018-05-25,7197233931.34
2018-05-26,4538762015.88
2018-05-27,5861130205.24
2018-05-28,9743600075.96
2018-05-29,9310760561.63
2018-05-30,9529456538.16
2018-05-31,10317377253.85
2018-06-01,9051511365.96
2018-06-02,7165241350.26
2018-06-03,7185863458.63
2018-06-04,11395993310.55
2018-06-05,9374747044.56
2018-06-06,8645012010.48
2018-06-07,9258889284.13
2018-06-08,11001687511.48
2018-06-09,6708941925.55
2018-06-10,10004207283.8
2018-06-11,11463402603.78
2018-06-12,9527131887.51
2018-06-13,12096302598.92
2018-06-14,12050611985.87
2018-06-15,11308304697.93
2018-06-16,5280722502.64
2018-06-17,4360100692.38
2018-06-18,6919336056.72
2018-06-19,9880786449.2
2018-06-20,7758853297.01
2018-06-21,6211133750.01
2018-06-22,11662423653.35
2018-06-23,8753685034.99
2018-06-24,5571316429.15
2018-06-25,8000609516.45
2018-06-26,5523886872.16
2018-06-27,6035685916.83
2018-06-28,5630231808.66
2018-06-29,6363910796.68
2018-06-30,4743110267.59
2018-07-01,5438758467.46
2018-07-02,6525233074.59
2018-07-03,7059075638.96
2018-07-04,5840788017.24
2018-07-05,6791651385.22
2018-07-06,6349302802.74
2018-07-07,4000964054.01
2018-07-08,5065926690.55
2018-07-09,7086580020.75
2018-07-10,7566367555.14
2018-07-11,5357136410.11
2018-07-12,5184254043.76
2018-07-13,5517961506.05
2018-07-14,4605733325.5
2018-07-15,4748946303.83
2018-07-16,7951772635.04
2018-07-17,7310047849.78
2018-07-18,8413752637.91
2018-07-19,7118417665.38
2018-07-20,6883727790.53
2018-07-21,4752092259.85
2018-07-22,4362844169.97
2018-07-23,7452157887.87
2018-07-24,9601831059.3
2018-07-25,8207496263.29
2018-07-26,7199630559.42
2018-07-27,7832718633.38
2018-07-28,5369281830.49
2018-07-29,5400908399.61
2018-07-30,7176259352.34
2018-07-31,6886232247.0
2018-08-01,6945129225.18
2018-08-02,6973090728.08
2018-08-03,7304070117.68
2018-08-04,7099994144.8
2018-08-05,7139948590.83
2018-08-06,8845411087.71
2018-08-07,7980925848.84
2018-08-08,8550211727.19
2018-08-09,7146774832.38
2018-08-10,6296922039.72
2018-08-11,5031272282.7
2018-08-12,3810424556.26
2018-08-13,5830536344.14
2018-08-14,7105452824.16
2018-08-15,6836854922.68
2018-08-16,5774618360.52
2018-08-17,5559408835.76
2018-08-18,4367211182.09
2018-08-19,3824541073.24
2018-08-20,5643536463.6
2018-08-21,6715758700.34
2018-08-22,5971121958.89
2018-08-23,5627323218.29
2018-08-24,5133593179.22
2018-08-25,4423815249.45
2018-08-26,3423959304.55
2018-08-27,6568958982.74
2018-08-28,13291599296.34
2018-08-29,6344483390.2
2018-08-30,5924363256.98
2018-08-31,10746178440.56
2018-09-01,6344105907.87
2018-09-02,5972827048.26
2018-09-03,6696021123.16
2018-09-04,6938529629.92
2018-09-05,6853291682.03
2018-09-06,8162234173.48
2018-09-07,6996800955.97
2018-09-08,4606441716.61
2018-09-09,4517919563.77
2018-09-10,5456941301.04
2018-09-11,5791371246.76
2018-09-12,5493162849.29
2018-09-13,7212314161.65
2018-09-14,4981850458.04
2018-09-15,4688000765.68
2018-09-16,4522123143.59
2018-09-17,6900028874.04
2018-09-18,6498477754.4
2018-09-19,5919495936.36
2018-09-20,5818661069.6
2018-09-21,7955329324.77
2018-09-22,5013627301.07
2018-09-23,3537259566.77
2018-09-24,5239381201.96
2018-09-25,8743684215.6
2018-09-26,6949038996.22
2018-09-27,5995032945.57
2018-09-28,7176114010.52
2018-09-29,4997277565.24
2018-09-30,4209508130.47
2018-10-01,5404654518.21
2018-10-02,8180451858.85
2018-10-03,5091640669.18
2018-10-04,5514418714.15
2018-10-05,4827007091.89
2018-10-06,4033864947.06
2018-10-07,3289017926.93
2018-10-08,5459637951.82
2018-10-09,4939958454.99
2018-10-10,6812139820.7
2018-10-11,6580942074.88
2018-10-12,6927410566.26
2018-10-13,4268918404.95
2018-10-14,4118236900.07
2018-10-15,8264489082.61
2018-10-16,5391264349.35
2018-10-17,5742479167.83
2018-10-18,6341541895.67
2018-10-19,6288943092.77
2018-10-20,4304728944.5
2018-10-21,3454978051.44
2018-10-22,5625950795.17
2018-10-23,6543315003.17
2018-10-24,6438571173.82
2018-10-25,6539145240.18
2018-10-26,5277952503.03
2018-10-27,3687787388.01
2018-10-28,3343873892.89
2018-10-29,5124583459.71
2018-10-30,5317225278.41
2018-10-31,5834650126.96
2018-11-01,5915749299.67
2018-11-02,8044527277.07
2018-11-03,3773919501.24
2018-11-04,3929581794.0
2018-11-05,5626498189.26
2018-11-06,5685430455.34
2018-11-07,5778306329.73
2018-11-08,5085481844.33
2018-11-09,5447524330.95
2018-11-10,3792369410.48
2018-11-11,3452382881.12
2018-11-12,5475228075.92
2018-11-13,5587715403.06
2018-11-14,6867718546.36
2018-11-15,10446208190.66
2018-11-16,6406275982.33
2018-11-17,3773161363.67
2018-11-18,3223009049.43
2018-11-19,5590194654.14
2018-11-20,10331406476.98
2018-11-21,6251133031.13
2018-11-22,4590286425.9
2018-11-23,5226314989.18
2018-11-24,3821527064.22
2018-11-25,4063666237.17
2018-11-26,5110779244.34
2018-11-27,4689307805.08
2018-11-28,5539827896.75
2018-11-29,5169193162.96
2018-11-30,7589840365.39
2018-12-01,5214322429.37
2018-12-02,4054879764.93
2018-12-03,5884416081.27
2018-12-04,8742035063.37
2018-12-05,6539590151.55
2018-12-06,6085978391.1
2018-12-07,4982040870.25
2018-12-08,3146311413.29
2018-12-09,2623450507.13
2018-12-10,3769744791.02
2018-12-11,4214639183.01
2018-12-12,3774383463.3
2018-12-13,3928121504.18
2018-12-14,3925505481.53
2018-12-15,2604476944.1
2018-12-16,2749232489.0
2018-12-17,4049590493.9
2018-12-18,4878461647.64
2018-12-19,5775228671.57
2018-12-20,5251198943.74
2018-12-21,5137914735.85
2018-12-22,3124646792.46
2018-12-23,3121438916.48
2018-12-24,4619866186.12
2018-12-25,4053906069.65
2018-12-26,4246034217.03
2018-12-27,4780544816.38
2018-12-28,4679892762.77
2018-12-29,4420965470.59
2018-12-30,2658443809.21
2018-12-31,3229168474.29
2019-01-01,2071327922.29
2019-01-02,3782822217.79
2019-01-03,3615618026.21
2019-01-04,3717424166.8
2019-01-05,3043192306.81
2019-01-06,2677416803.3
2019-01-07,3964357946.76
2019-01-08,3671133461.67
2019-01-09,3814898286.2
2019-01-10,4430026948.11
2019-01-11,4395433694.32
2019-01-12,2945849421.76
2019-01-13,2675671948.48
2019-01-14,3422242399.01
2019-01-15,5102753851.44
2019-01-16,3645441240.51
2019-01-17,3114681023.14
2019-01-18,3223425325.08
2019-01-19,2333761039.97
2019-01-20,2434106724.75
2019-01-21,5509136366.37
2019-01-22,4228848868.83
2019-01-23,4224169323.6
2019-01-24,5268769179.72
2019-01-25,6521629351.56
2019-01-26,3466843565.12
2019-01-27,2624858060.36
2019-01-28,5689397734.29
2019-01-29,5339165763.7
2019-01-30,7713144960.91
2019-01-31,7620206427.33
2019-02-01,9659553915.6
2019-02-02,5335353531.56
2019-02-03,2439340425.45
2019-02-04,7218491811.64
2019-02-05,9530415592.38
2019-02-06,12551042292.88
2019-02-07,8875813428.07
2019-02-08,10161188650.05
2019-02-09,6212782567.22
2019-02-10,2269656416.81
2019-02-11,7939141766.61
2019-02-12,11571817543.45
2019-02-13,13540604554.05
2019-02-14,10197097065.33
2019-02-15,7731300733.11
2019-02-16,2614007651.15
2019-02-17,2457462814.04
2019-02-18,4505590201.09
2019-02-19,6991478461.35
2019-02-20,5385963633.99
2019-02-21,4320673131.23
2019-02-22,5425911222.38
2019-02-23,4005628046.54
2019-02-24,3999797310.71
2019-02-25,5821610377.87
2019-02-26,6584552512.31
2019-02-27,5370161792.14
2019-02-28,5896115667.75
2019-03-01,5334770720.53
2019-03-02,5613302074.59
2019-03-03,5521596166.01
2019-03-04,6680679638.54
2019-03-05,8163904084.73
2019-03-06,5504089848.01
2019-03-07,5095956888.05
2019-03-08,5223846954.33
2019-03-09,3242581764.34
2019-03-10,2612297201.95
2019-03-11,4388655396.44
2019-03-12,5765750016.84
2019-03-13,4422492099.41
2019-03-14,5477142468.92
2019-03-15,5440030318.39
2019-03-16,3435065577.26
2019-03-17,2746261403.31
2019-03-18,7124517088.39
2019-03-19,5844904356.03
2019-03-20,5268617094.04
2019-03-21,5921575708.78
2019-03-22,7006220376.75
2019-03-23,3036185505.92
2019-03-24,2526157986.49
2019-03-25,5691844167.19
2019-03-26,4879601167.51
2019-03-27,5253308714.62
2019-03-28,5820019623.11
2019-03-29,5373430551.62
2019-03-30,3765539172.07
2019-03-31,3800971438.9
2019-04-01,7202646597.92
2019-04-02,15691602186.69
2019-04-03,6561983291.52
2019-04-04,6511868517.82
2019-04-05,5376171042.81
2019-04-06,3908161718.61
2019-04-07,4314095905.52
2019-04-08,7772377757.69
2019-04-09,10359906198.14
2019-04-10,8297188816.11
2019-04-11,9687682177.13
2019-04-12,7562885542.92
2019-04-13,5510203731.11
2019-04-14,5110073690.24
2019-04-15,7956392075.24
2019-04-16,9181162735.12
2019-04-17,8273760628.22
2019-04-18,9515451160.4
2019-04-19,10740326854.2
2019-04-20,5752015315.45
2019-04-21,4208340380.61
2019-04-22,8967489492.63
2019-04-23,12408047176.15
2019-04-24,11225053131.19
2019-04-25,9181975422.04
2019-04-26,7863084191.76
2019-04-27,3782823375.02
2019-04-28,4495189928.65
2019-04-29,6000482739.26
2019-04-30,9608522413.57
2019-05-01,6211038785.28
2019-05-02,5340368314.31
2019-05-03,7129998916.03
2019-05-04,4998365345.56
2019-05-05,4392307708.22
2019-05-06,6463066753.69
2019-05-07,9075093271.33
2019-05-08,7453482493.59
2019-05-09,7622324943.29
2019-05-10,8543094382.76
2019-05-11,8536484394.89
2019-05-12,6818139492.48
2019-05-13,12423559456.9
2019-05-14,13176341166.87
2019-05-15,17391009847.51
2019-05-16,11619414749.1
2019-05-17,9959448822.75
2019-05-18,6178273509.94
2019-05-19,7105911898.75
2019-05-20,9640110116.9
2019-05-21,8485270552.72
2019-05-22,9369585256.95
2019-05-23,9396141123.55
2019-05-24,10908395778.38
2019-05-25,6394337313.05
2019-05-26,6901236554.86
2019-05-27,10620797509.66
2019-05-28,11539838177.95
2019-05-29,12312028431.66
2019-05-30,10596041735.37
2019-05-31,17187266686.97
2019-06-01,10380807136.91
2019-06-02,10516391160.96
2019-06-03,14624348203.86
2019-06-04,13709478574.11
2019-06-05,15671196095.99
2019-06-06,15490682334.22
2019-06-07,11548548389.86
2019-06-08,7383162937.58
2019-06-09,7104538716.22
2019-06-10,11477349116.76
2019-06-11,17189761382.92
2019-06-12,10482516675.83
2019-06-13,9996635011.98
2019-06-14,10603599682.32
2019-06-15,8863915610.15
2019-06-16,12369768050.55
2019-06-17,24910367695.72
2019-06-18,26898783630.63
2019-06-19,15255332452.98
2019-06-20,31677685494.1
2019-06-21,16868624477.89
2019-06-22,21087982116.97
2019-06-23,10726746716.83
2019-06-24,18094967985.76
2019-06-25,22059814392.52
2019-06-26,23844000784.44
2019-06-27,20072108614.28
2019-06-28,17007555678.46
2019-06-29,16462132835.79
2019-06-30,22243103826.75
2019-07-01,22576343364.21
2019-07-02,15098463793.8
2019-07-03,19230054797.73
2019-07-04,14899609028.76
2019-07-05,17373325963.35
2019-07-06,8057734123.7
2019-07-07,8179354141.83
2019-07-08,31401630769.0
2019-07-09,30494758335.32
2019-07-10,29366859428.41
2019-07-11,34807428144.65
2019-07-12,28091307336.16
2019-07-13,18110693005.35
2019-07-14,16983134516.12
2019-07-15,19030845631.91
2019-07-16,26054075862.39
2019-07-17,18227272331.01
2019-07-18,49308940735.77
2019-07-19,13720349189.12
2019-07-20,9487176459.16
2019-07-21,11286803524.52
2019-07-22,64546527494.82
2019-07-23,12167682724.74
2019-07-24,14696660399.25
2019-07-25,19854475323.24
2019-07-26,9681729218.86
2019-07-27,5942555633.14
2019-07-28,4627056162.87
2019-07-29,25049643536.38
2019-07-30,20049704216.64
2019-07-31,15523421811.47
2019-08-01,10090797877.51
2019-08-02,8224080780.92
2019-08-03,5953082835.52
2019-08-04,6164032583.45
2019-08-05,23844527856.43
2019-08-06,20511068289.68
2019-08-07,10002703613.96
2019-08-08,16971625485.92
2019-08-09,15919749503.96
2019-08-10,20563882316.62
2019-08-11,6596128234.26
2019-08-12,12693670999.5
2019-08-13,14829233357.72
2019-08-14,14904878850.6
2019-08-15,14953694525.8
2019-08-16,10117114217.6
2019-08-17,16796334655.59
2019-08-18,10248213363.97
2019-08-19,9250626112.38
2019-08-20,104470636352.76
2019-08-21,255433104737.02
2019-08-22,116931132990.17
2019-08-23,6948301021.62
2019-08-24,4584773833.14
2019-08-25,5941699118.16
2019-08-26,10731294702.8
2019-08-27,9116653053.44
2019-08-28,8988136636.62
2019-08-29,8456586091.54
2019-08-30,7992580293.6
2019-08-31,7466988051.35
2019-09-01,8318928838.63
2019-09-02,9358770554.87
2019-09-03,10932149509.21
2019-09-04,13015970596.4
2019-09-05,13442390239.27
2019-09-06,12568426245.31
2019-09-07,6561233250.54
2019-09-08,7337550860.68
2019-09-09,9014495689.8
2019-09-10,12485869314.19
2019-09-11,11267875674.38
2019-09-12,8422577411.99
2019-09-13,7226011254.05
2019-09-14,6395028560.56
2019-09-15,5244415813.36
2019-09-16,10139124908.79
2019-09-17,11698279823.87
2019-09-18,8852358328.6
2019-09-19,7544129555.23
2019-09-20,8954528924.14
2019-09-21,7278187563.47
2019-09-22,17125014651.69
2019-09-23,14755530098.1
2019-09-24,12129629845.29
2019-09-25,13886295868.14
2019-09-26,9430958221.25
2019-09-27,7430564685.6
2019-09-28,5618293694.49
2019-09-29,4882794582.97
2019-09-30,9068059248.92
2019-10-01,9662215221.37
2019-10-02,6989840675.42
2019-10-03,6681768988.13
2019-10-04,5935306578.61
2019-10-05,4035667329.64
2019-10-06,4259207325.27
2019-10-07,5708564518.45
2019-10-08,6992413330.66
2019-10-09,7417518594.52
2019-10-10,6909279726.17
2019-10-11,6272148489.96
2019-10-12,3979973430.38
2019-10-13,3512176565.45
2019-10-14,6806620310.02
2019-10-15,6200383766.36
2019-10-16,8384847548.54
2019-10-17,8226070260.54
2019-10-18,8267511527.35
2019-10-19,6731960544.97
2019-10-20,5999392492.32
2019-10-21,7384914292.36
2019-10-22,9350289954.41
2019-10-23,10294350914.22
2019-10-24,7445642676.03
2019-10-25,10892823182.73
2019-10-26,9421046489.47
2019-10-27,6423954909.34
2019-10-28,18365649876.01
2019-10-29,14077031552.55
2019-10-30,18617085216.17
2019-10-31,12979464119.6
2019-11-01,11923595992.34
2019-11-02,7896223308.87
2019-11-03,7611820929.28
2019-11-04,8762168487.28
2019-11-05,10976119593.42
2019-11-06,13150979793.84
2019-11-07,12695281165.09
2019-11-08,12351391418.97
2019-11-09,9287946631.78
2019-11-10,6086165137.31
2019-11-11,7197969190.05
2019-11-12,8877583835.93
2019-11-13,11782974520.64
2019-11-14,10910174539.03
2019-11-15,10924742918.46
2019-11-16,5879647684.6
2019-11-17,5364341894.45
2019-11-18,11340707229.11
2019-11-19,7759154105.92
2019-11-20,6729443043.53
2019-11-21,12679963351.04
2019-11-22,11507651312.79
2019-11-23,7352899313.44
2019-11-24,5884335786.13
2019-11-25,9160198069.47
2019-11-26,8365953540.93
2019-11-27,7331740609.28
2019-11-28,5871405046.89
2019-11-29,7551091603.6
2019-11-30,5989571698.63
2019-12-01,4994490599.63
2019-12-02,6312134995.62
2019-12-03,6238144196.14
2019-12-04,17229813405.83
2019-12-05,6580889938.01
2019-12-06,16925135869.13
2019-12-07,7177068597.75
2019-12-08,5519721910.0
2019-12-09,8864020937.59
2019-12-10,8385594330.9
2019-12-11,8697655636.47
2019-12-12,6036986502.61
2019-12-13,5185820869.1
2019-12-14,5251580543.51
2019-12-15,4597752946.4
2019-12-16,5459892695.56
2019-12-17,11983971604.92
2019-12-18,7915833412.56
2019-12-19,7278248346.22
2019-12-20,7181541053.37
2019-12-21,4946274816.69
2019-12-22,5478129305.96
2019-12-23,7123872672.15
2019-12-24,5392917792.09
2019-12-25,4291011014.42
2019-12-26,5089534964.69
2019-12-27,6220403559.82
2019-12-28,4987482890.96
2019-12-29,4235996894.73
2019-12-30,7202663817.26
2019-12-31,5281265082.3
2020-01-01,3185493157.52
2020-01-02,4928856468.91
2020-01-03,7356345248.8
2020-01-04,4829594374.12
2020-01-05,4181150198.44
2020-01-06,8263647845.13
2020-01-07,6214112289.7
2020-01-08,7446591191.5
2020-01-09,9718362818.12
2020-01-10,7123611870.59
2020-01-11,4814610541.99
2020-01-12,4051047095.31
2020-01-13,5613217196.65
2020-01-14,10761611487.85
2020-01-15,13916028257.22
2020-01-16,7814723406.47
2020-01-17,9888310848.11
2020-01-18,4479666003.68
2020-01-19,5603782374.94
2020-01-20,8445623744.67
2020-01-21,5749066338.31
2020-01-22,7769817596.79
2020-01-23,7339617413.97
2020-01-24,5801535860.61
2020-01-25,4112961283.13
2020-01-26,4854445123.11
2020-01-27,13242015467.25
2020-01-28,9464657212.84
2020-01-29,8308617437.61
2020-01-30,13709109923.92
2020-01-31,11221095020.18
2020-02-01,7645776111.4
2020-02-02,6531713934.17
2020-02-03,14879796842.64
2020-02-04,8304837641.11
2020-02-05,7989377227.86
2020-02-06,15173380795.56
2020-02-07,17442236228.14
2020-02-08,7673043018.61
2020-02-09,5739353094.29
2020-02-10,10375044795.77
2020-02-11,10252074821.04
2020-02-12,11381340137.29
2020-02-13,10968778596.33
2020-02-14,10726995613.85
2020-02-15,8957708666.71
2020-02-16,9645483414.87
2020-02-17,12687938886.47
2020-02-18,10360319929.38
2020-02-19,13854651138.87
2020-02-20,9997367318.04
2020-02-21,8029073795.19
2020-02-22,5567490725.65
2020-02-23,6656081354.65
2020-02-24,7918614776.89
2020-02-25,8417730014.74
2020-02-26,7966209285.11
2020-02-27,8767484406.92
2020-02-28,8813935801.71
2020-02-29,5553342854.54
2020-03-01,4879887199.29
2020-03-02,7185862742.0
2020-03-03,6930825100.07
2020-03-04,8892852984.99
2020-03-05,7750665537.02
2020-03-06,8611284814.08
2020-03-07,5739538456.32
2020-03-08,5261277767.5
2020-03-09,9644736140.11
2020-03-10,8669272653.42
2020-03-11,13367885966.49
2020-03-12,15181393016.25
2020-03-13,12612790096.76
2020-03-14,6253679394.46
2020-03-15,4553055021.37
2020-03-16,7937723388.71
2020-03-17,7917303735.3
2020-03-18,6088656055.05
2020-03-19,7655519417.7
2020-03-20,8822274137.21
2020-03-21,4336550661.76
2020-03-22,4930132784.09
2020-03-23,6355735686.37
2020-03-24,9251862359.62
2020-03-25,5973483940.96
2020-03-26,5821629100.24
2020-03-27,6990171801.71
2020-03-28,4451064132.34
2020-03-29,3945960048.53
2020-03-30,6395064661.65
2020-03-31,6803515448.16
2020-04-01,6388943401.62
2020-04-02,6827809800.26
2020-04-03,6630384856.76
2020-04-04,5857138579.09
2020-04-05,3739581931.93
2020-04-06,7752426499.06
2020-04-07,8613808789.95
2020-04-08,5546716895.26
2020-04-09,8084346606.79
2020-04-10,7578645507.38
2020-04-11,4181374307.31
2020-04-12,3416965233.09
2020-04-13,6734241974.24
2020-04-14,5299808910.7
2020-04-15,6011369478.94
2020-04-16,7676667425.82
2020-04-17,6815428117.09
2020-04-18,4372994680.5
2020-04-19,4016431786.4
2020-04-20,5908369173.14
2020-04-21,5598088324.44
2020-04-22,6047364479.74
2020-04-23,6732035302.18
2020-04-24,9622747018.92
2020-04-25,4608237895.21
2020-04-26,3971506979.75
2020-04-27,8095782411.93
2020-04-28,6794546486.68
2020-04-29,15019174580.47
2020-04-30,18293408916.38
2020-05-01,9419731664.67
2020-05-02,4953582422.07
2020-05-03,6546947505.67
2020-05-04,8015869609.43
2020-05-05,9807880024.75
2020-05-06,9351407997.86
2020-05-07,12591423961.23
2020-05-08,13156467792.32
2020-05-09,11555949767.86
2020-05-10,7030498814.87
2020-05-11,10253519736.8
2020-05-12,10550484659.94
2020-05-13,10019262125.15
2020-05-14,11301331466.59
2020-05-15,9578229464.89
2020-05-16,5716125150.86
2020-05-17,5645064202.24
2020-05-18,10299148882.08
2020-05-19,11537668487.02
2020-05-20,10479449281.39
2020-05-21,9077036655.12
2020-05-22,9075573417.19
2020-05-23,5099323138.54
2020-05-24,5571066117.4
2020-05-25,9684971966.02
2020-05-26,8424568075.03
2020-05-27,10119757229.44
2020-05-28,7804571364.17
2020-05-29,9915066036.73
2020-05-30,5801515769.27
2020-05-31,7183489225.68
2020-06-01,12030267034.33
2020-06-02,15984403271.9
2020-06-03,10773411969.65
2020-06-04,11187188194.72
2020-06-05,11377153069.61
2020-06-06,4795445338.25
2020-06-07,4392599952.81
2020-06-08,9542976841.82
2020-06-09,8547240014.4
2020-06-10,11688715483.22
2020-06-11,9655842669.87
2020-06-12,7816784559.69
2020-06-13,5530218625.34
2020-06-14,4502293897.63
2020-06-15,9316401430.09
2020-06-16,13055383024.59
2020-06-17,8810854100.97
2020-06-18,7503144809.78
2020-06-19,13596988487.65
2020-06-20,5058616027.56
2020-06-21,4452529710.64
2020-06-22,9126562413.3
2020-06-23,13063263145.47
2020-06-24,12460512181.83
2020-06-25,10952006020.22
2020-06-26,11214367415.42
2020-06-27,5285151408.24
2020-06-28,6189967082.87
2020-06-29,9294521935.69
2020-06-30,10131436479.92
2020-07-01,9945347169.48
2020-07-02,9613672171.99
2020-07-03,8847421383.15
2020-07-04,6204143862.24
2020-07-05,5429325593.55
2020-07-06,10687569066.67
2020-07-07,9175724556.17
2020-07-08,10364068851.11
2020-07-09,9092588303.3
2020-07-10,8900661447.1
2020-07-11,5679186712.83
2020-07-12,6327372804.02
2020-07-13,11357186650.14
2020-07-14,8650163176.35
2020-07-15,7770744678.31
2020-07-16,8994195402.36
2020-07-17,7738907068.16
2020-07-18,6072982417.09
2020-07-19,6052360560.42
2020-07-20,8326689336.13
2020-07-21,8359007840.86
2020-07-22,8917312371.67
2020-07-23,9681459150.3
2020-07-24,9974868136.32
2020-07-25,7602825004.38
2020-07-26,7203042576.86
2020-07-27,12910764540.85
2020-07-28,14623086941.17
2020-07-29,12594261150.58
2020-07-30,11613762575.29
2020-07-31,11335635003.51
2020-08-01,10016519566.03
2020-08-02,9008957012.38
2020-08-03,12852383464.89
2020-08-04,11141206321.11
2020-08-05,11457590458.18
2020-08-06,14042601543.92
2020-08-07,12056470020.35
2020-08-08,9545525134.16
2020-08-09,8215145886.4
2020-08-10,12178723594.95
2020-08-11,12146991453.17
2020-08-12,11182822262.63
2020-08-13,10487274020.24
2020-08-14,17012739435.07
2020-08-15,17067235227.29
2020-08-16,21744494333.87
2020-08-17,35406893950.09
2020-08-18,25278505286.17
2020-08-19,22511182142.94
2020-08-20,21771568914.79
2020-08-21,17838589386.73
2020-08-22,15703228515.67
2020-08-23,15913341954.67
2020-08-24,22075455854.55
2020-08-25,18627057010.9
2020-08-26,22215652527.32
2020-08-27,23171173097.48
2020-08-28,25096767010.64
2020-08-29,20114707215.97
2020-08-30,20337551295.88
2020-08-31,32032827633.26
2020-09-01,31643595076.95
2020-09-02,26717067385.76
2020-09-03,31447437433.3
2020-09-04,27563494609.64
2020-09-05,25422136717.76
2020-09-06,23451873875.34
2020-09-07,30270952587.09
2020-09-08,27433872762.65
2020-09-09,32672924305.7
2020-09-10,36059076520.43
2020-09-11,32530865899.22
2020-09-12,26895862678.3
2020-09-13,27220897335.68
2020-09-14,29027421099.63
2020-09-15,31387616651.89
2020-09-16,33159526132.27
2020-09-17,45146048030.0
2020-09-18,42182353423.45
2020-09-19,31533026067.21
2020-09-20,26261838051.98
2020-09-21,36773287427.54
2020-09-22,29121995011.57
2020-09-23,27815294559.39
2020-09-24,25156991262.67
2020-09-25,30256659323.62
2020-09-26,25590752104.65
2020-09-27,22703729575.16
2020-09-28,25200227339.04
2020-09-29,27751452817.18
2020-09-30,25614708408.84
2020-10-01,21168342493.97
2020-10-02,28876095246.86
2020-10-03,22909611469.35
2020-10-04,19886301713.6
2020-10-05,22452660631.21
2020-10-06,23275444126.85
2020-10-07,22861064171.51
2020-10-08,21633755807.6
2020-10-09,30344568923.92
2020-10-10,21124119091.32
2020-10-11,24237659946.8
2020-10-12,25871669886.87
2020-10-13,26116271126.78
2020-10-14,27815613589.26
2020-10-15,29949839227.68
2020-10-16,26813944174.01
2020-10-17,27494370287.67
2020-10-18,25035173386.83
2020-10-19,39548816931.18
2020-10-20,49729594827.94
2020-10-21,47473222178.95
2020-10-22,52145113790.57
2020-10-23,35419198290.02
2020-10-24,24613682091.73
2020-10-25,21442585305.96
2020-10-26,37440864592.46
2020-10-27,33443003384.89
2020-10-28,35734063796.8
2020-10-29,32538469403.67
2020-10-30,33671569816.0
2020-10-31,23197107746.48
2020-11-01,29393718948.85
2020-11-02,34815263656.24
2020-11-03,43673559029.83
2020-11-04,28686094147.51
2020-11-05,45958703121.05
2020-11-06,48162003458.68
2020-11-07,25162011696.76
2020-11-08,22739997031.37
2020-11-09,32901842120.9
2020-11-10,33051492082.12
2020-11-11,32199244281.08
2020-11-12,31115509731.48
2020-11-13,25648772156.07
2020-11-14,30842651524.79
2020-11-15,25528903684.25
2020-11-16,59351961561.95
2020-11-17,51873625164.7
2020-11-18,52420973019.82
2020-11-19,42415961597.15
2020-11-20,45169287652.4
2020-11-21,35669578582.37
2020-11-22,35762141695.67
2020-11-23,41413587921.33
2020-11-24,44222583364.53
2020-11-25,42224448347.35
2020-11-26,40035819797.21
2020-11-27,31761187112.95
2020-11-28,22510818184.94
2020-11-29,22917653607.53
2020-11-30,42593140538.77
2020-12-01,41759063769.91
2020-12-02,32216559932.14
2020-12-03,29328878088.99
2020-12-04,36448558580.26
2020-12-05,29041208420.08
2020-12-06,25475446936.91
2020-12-07,29818628544.13
2020-12-08,31358293389.33
2020-12-09,35921593868.83
2020-12-10,36389825794.48
2020-12-11,26199920523.35
2020-12-12,26429946279.0
2020-12-13,31719706590.06
2020-12-14,39739852585.77
2020-12-15,42135030828.31
2020-12-16,54605254906.98
2020-12-17,58928086045.37
2020-12-18,55614768548.81
2020-12-19,38734522881.72
2020-12-20,31305787209.53
2020-12-21,40396625188.31
2020-12-22,47142521031.03
2020-12-23,48733472370.65
2020-12-24,49078150942.2
2020-12-25,49051263378.63
2020-12-26,51207876659.82
2020-12-27,68176804402.42
2020-12-28,53423986236.65
2020-12-29,49211412366.69
2020-12-30,49421610776.12
2020-12-31,56065694827.93
2021-01-01,46883781422.17
2021-01-02,67414804579.19
2021-01-03,74516666273.86
2021-01-04,61162242094.44
2021-01-05,71721488060.05
2021-01-06,76691444650.6
2021-01-07,105155446946.87
2021-01-08,102099023800.72
2021-01-09,77922612292.78
2021-01-10,71332658355.37
2021-01-11,83459045218.66
2021-01-12,77142997706.69
2021-01-13,61905783425.46
2021-01-14,74494366347.32
2021-01-15,67300701125.91
2021-01-16,62440374701.58
2021-01-17,50919302630.94
2021-01-18,64422413230.84
2021-01-19,77809909538.02
2021-01-20,74019609567.68
2021-01-21,72809160177.37
2021-01-22,67028815964.5
2021-01-23,53148048863.52
2021-01-24,48868858967.37
2021-01-25,78065326566.96
2021-01-26,54561930600.66
2021-01-27,62206834346.47
2021-01-28,69568832548.85
2021-01-29,87685493035.72
2021-01-30,67350139210.48
2021-01-31,66733405550.98
2021-02-01,67106188954.86
2021-02-02,68391870568.32
2021-02-03,75493871296.4
2021-02-04,83363315693.25
2021-02-05,74020162102.34
2021-02-06,85709232364.41
2021-02-07,79192048518.25
2021-02-08,96915127733.83
2021-02-09,158585539181.9
2021-02-10,105114411720.46
2021-02-11,109754366237.61
2021-02-12,102027655352.77
2021-02-13,74053436071.41
2021-02-14,94229949371.36
2021-02-15,113715807867.77
2021-02-16,122811501365.54
2021-02-17,107337776800.69
2021-02-18,116425224247.71
2021-02-19,126270282513.38
2021-02-20,123289982672.72
2021-02-21,104800204307.3
2021-02-22,109789285835.63
2021-02-23,107433100892.31
2021-02-24,105644506707.71
2021-02-25,116033059281.17
2021-02-26,96629852027.09
2021-02-27,80197374871.79
2021-02-28,77605728793.57
2021-03-01,87079503252.21
2021-03-02,91727047913.57
2021-03-03,95258747952.18
2021-03-04,75935668689.01
2021-03-05,85053310806.29
2021-03-06,74226953037.62
2021-03-07,106867504550.0
2021-03-08,99653036266.15
2021-03-09,105399059393.29
2021-03-10,94757408901.45
2021-03-11,98004108940.86
2021-03-12,79820948103.08
2021-03-13,70850026812.77
2021-03-14,80061851744.99
2021-03-15,74739664715.45
2021-03-16,82807842294.1
2021-03-17,81924358453.22
2021-03-18,76626182292.45
2021-03-19,71583104423.54
2021-03-20,67218636085.11
2021-03-21,65414767938.35
2021-03-22,73859244327.4
2021-03-23,99621737904.84
2021-03-24,90444511441.0
2021-03-25,91565522165.51
2021-03-26,77382189740.24
2021-03-27,68062019750.79
2021-03-28,51520262341.62
2021-03-29,91819039313.86
2021-03-30,87376261537.43
2021-03-31,81451085125.27
2021-04-01,81323376633.67
2021-04-02,82843116159.95
2021-04-03,80260769633.93
2021-04-04,66851377803.03
2021-04-05,101975623372.71
2021-04-06,125380105723.28
2021-04-07,96795242490.33
2021-04-08,89075649722.01
2021-04-09,92798151298.56
2021-04-10,93222011415.8
2021-04-11,81721894263.86
2021-04-12,100960905686.61
2021-04-13,119470819844.27
2021-04-14,115752722385.03
2021-04-15,116104268401.54
2021-04-16,113477405244.44
2021-04-17,70983391842.89
2021-04-18,96144201417.4
2021-04-19,72255330528.2
2021-04-20,104168441760.33
2021-04-21,109347047042.37
2021-04-22,118399211879.04
2021-04-23,109231853185.08
2021-04-24,81006530515.1
2021-04-25,81469539205.86
2021-04-26,113891424405.5
2021-04-27,125832940808.02
2021-04-28,109904552170.71
2021-04-29,113703301620.38
2021-04-30,128398620988.99
2021-05-01,92852610818.95
2021-05-02,84917869409.36
2021-05-03,125884785231.74
2021-05-04,126333934078.06
2021-05-05,102464319238.62
2021-05-06,102970158275.05
2021-05-07,110618315444.73
2021-05-08,81329134609.11
2021-05-09,62909751188.46
2021-05-10,82079471594.75
2021-05-11,67472104029.67
2021-05-12,87197686435.03
2021-05-13,125036402436.64
2021-05-14,118247884748.53
2021-05-15,94088980417.17
2021-05-16,86370618570.8
2021-05-17,117482379120.46
2021-05-18,82570072459.0
2021-05-19,120071722589.57
2021-05-20,113896877337.68
2021-05-21,88101071253.48
2021-05-22,88423140203.57
2021-05-23,79370146790.6
2021-05-24,96626974869.66
2021-05-25,87068777697.79
2021-05-26,88907325230.55
2021-05-27,78098815572.97
2021-05-28,106179861573.03
2021-05-29,71741984798.63
2021-05-30,38712823873.04
2021-05-31,41121634005.44
2021-06-01,54407740761.58
2021-06-02,45221634844.81
2021-06-03,47058743626.57
2021-06-04,38125668863.23
2021-06-05,28021090508.15
2021-06-06,64120988015.72
2021-06-07,77569527958.94
2021-06-08,82858590931.74
2021-06-09,46779268702.32
2021-06-10,52244266203.12
2021-06-11,54344958061.36
2021-06-12,36336667802.49
2021-06-13,42997975393.19
2021-06-14,61010062821.29
2021-06-15,56379281220.84
2021-06-16,63228604999.65
2021-06-17,60513391986.77
2021-06-18,59070306533.85
2021-06-19,38585158059.72
2021-06-20,44598975272.05
2021-06-21,58508262913.71
2021-06-22,61734802362.61
2021-06-23,61297972590.22
2021-06-24,62628582032.06
2021-06-25,81846302626.16
2021-06-26,55769305681.33
2021-06-27,44953457073.36
2021-06-28,57027810385.43
2021-06-29,49668986812.63
2021-06-30,45179834398.49
2021-07-01,56264064380.94
2021-07-02,57644151440.21
2021-07-03,44355692149.19
2021-07-04,56482116302.14
2021-07-05,49160577903.74
2021-07-06,45921263850.99
2021-07-07,45805372104.28
2021-07-08,107333181069.09
2021-07-09,113430390927.45
2021-07-10,62449101829.89
2021-07-11,63530563436.85
2021-07-12,56329684615.41
2021-07-13,50144457527.8
2021-07-14,48805421874.45
2021-07-15,59010788861.07
2021-07-16,58825501087.88
2021-07-17,59639009982.82
2021-07-18,37167264894.52
2021-07-19,55827471652.61
2021-07-20,54444317802.58
2021-07-21,59187446768.88
2021-07-22,58121919728.68
2021-07-23,57358480668.86
2021-07-24,50814543050.7
2021-07-25,50318359002.84
2021-07-26,87626415850.98
2021-07-27,286486440300.13
2021-07-28,162157529491.98
2021-07-29,105396397479.66
2021-07-30,71703248381.15
2021-07-31,85207513742.26
2021-08-01,137917409724.48
2021-08-02,107278053423.31
2021-08-03,96371664081.74
2021-08-04,92117509516.31
2021-08-05,72779138792.62
2021-08-06,83161598328.14
2021-08-07,82920963403.66
2021-08-08,77812551492.98
2021-08-09,87323547051.54
2021-08-10,86715889624.41
2021-08-11,103830595537.64
2021-08-12,84871062408.11
2021-08-13,76861516768.76
2021-08-14,83824462081.12
2021-08-15,82056727068.61
2021-08-16,109389987313.95
2021-08-17,114419244598.89
2021-08-18,122993968859.12
2021-08-19,117776663303.39
2021-08-20,109701815755.09
2021-08-21,120219599208.84
2021-08-22,88362566725.98
2021-08-23,159870075220.44
2021-08-24,399652765231.81
2021-08-25,203732060290.33
2021-08-26,224181554360.98
2021-08-27,186880366756.43
2021-08-28,171571733976.0
2021-08-29,181660618790.82
2021-08-30,193069111175.49
2021-08-31,186565008443.72
2021-09-01,196863699120.52
2021-09-02,210310278018.06
2021-09-03,150620306040.49
2021-09-04,140520759506.15
2021-09-05,109238074930.04
2021-09-06,184309560555.28
2021-09-07,192698059310.78
2021-09-08,157038728481.83
2021-09-09,178531375485.36
2021-09-10,460543879936.42
2021-09-11,252954825224.06
2021-09-12,204536807935.38
2021-09-13,448238744836.9
2021-09-14,516885070258.96
2021-09-15,189507834924.15
2021-09-16,208075709861.63
2021-09-17,167058749784.27
2021-09-18,145564157203.78
2021-09-19,119765535583.9
2021-09-20,248065838804.33
2021-09-21,479061136100.43
2021-09-22,215613545007.24
2021-09-23,195151671374.2
2021-09-24,182714297760.77
2021-09-25,226283883947.09
2021-09-26,129149879912.44
2021-09-27,186755558140.07
2021-09-28,148698310896.13
2021-09-29,168058342862.32
2021-09-30,189402168559.44
2021-10-01,205967849562.18
2021-10-02,154512907829.78
2021-10-03,171492395981.72
2021-10-04,179281583166.72
2021-10-05,250365712914.93
2021-10-06,261053401931.86
2021-10-07,245428139608.68
2021-10-08,217959549694.79
2021-10-09,174912617328.23
2021-10-10,155061795473.82
2021-10-11,247786528938.44
2021-10-12,200227477217.56
2021-10-13,182311869043.45
2021-10-14,157830404281.88
2021-10-15,230980761506.29
2021-10-16,182385755762.01
2021-10-17,197074817799.15
2021-10-18,253154260036.44
2021-10-19,693710713669.19
2021-10-20,319168855497.17
2021-10-21,283915908359.06
2021-10-22,223501282508.99
2021-10-23,165590822867.93
2021-10-24,168268359690.7
2021-10-25,211611654094.31
2021-10-26,219000229201.53
2021-10-27,175463594218.12
2021-10-28,178723137194.4
2021-10-29,194112236422.33
2021-10-30,196210178182.03
2021-10-31,168911587474.09
2021-11-01,199004283666.32
2021-11-02,222679754791.81
2021-11-03,218313481780.1
2021-11-04,260116591953.91
2021-11-05,269058937792.92
2021-11-06,264929081336.94
2021-11-07,214731338322.93
2021-11-08,388164223507.11
2021-11-09,337902355661.84
2021-11-10,309321607024.53
2021-11-11,254451843536.17
2021-11-12,262522902961.79
2021-11-13,212404010253.7
2021-11-14,195141996810.93
2021-11-15,284415740282.39
2021-11-16,747379089601.83
2021-11-17,369848443835.75
2021-11-18,324271432752.7
2021-11-19,263443637289.16
2021-11-20,205637605794.61
2021-11-21,212090816591.02
2021-11-22,255561223855.26
2021-11-23,249296429584.62
2021-11-24,277700562967.3
2021-11-25,307134588030.9
2021-11-26,279254491049.49
2021-11-27,158945178992.41
2021-11-28,177435789174.67
2021-11-29,248931307529.29
2021-11-30,247644674260.12
2021-12-01,216398142977.95
2021-12-02,216642035446.46
2021-12-03,202273020465.98
2021-12-04,213610889208.56
2021-12-05,150018023618.95
2021-12-06,266389440695.3
2021-12-07,272358819575.23
2021-12-08,221622934927.37
2021-12-09,153039914292.25
2021-12-10,145122539459.89
2021-12-11,124532762142.4
2021-12-12,114114684698.69
2021-12-13,146139384100.81
2021-12-14,419381157852.48
2021-12-15,189775802976.22
2021-12-16,172559772873.28
2021-12-17,144189546694.12
2021-12-18,130354506518.87
2021-12-19,112105261386.26
2021-12-20,137267545702.55
2021-12-21,133823907602.57
2021-12-22,157311391476.37
2021-12-23,161696109188.24
2021-12-24,145906747969.82
2021-12-25,122365455225.32
2021-12-26,123442309640.09
2021-12-27,162786633237.89
2021-12-28,159895732503.75
2021-12-29,166392097042.81
2021-12-30,150294524285.04
2021-12-31,150795955648.63
2022-01-01,111561511507.78
2022-01-02,105980980568.35
2022-01-03,158698042987.55
2022-01-04,150592102919.77
2022-01-05,188261389567.66
2022-01-06,163728908904.38
2022-01-07,152996211546.87
2022-01-08,122509549544.04
2022-01-09,111245411358.66
2022-01-10,148987688051.86
2022-01-11,310581979590.49
2022-01-12,201982258114.79
2022-01-13,185088600498.32
2022-01-14,165621833890.57
2022-01-15,170158938395.36
2022-01-16,162795268012.43
2022-01-17,163530102154.94
2022-01-18,182218305197.21
2022-01-19,157819627360.74
2022-01-20,149465927106.19
2022-01-21,199224933679.71
2022-01-22,228540722551.6
2022-01-23,206792004010.41
2022-01-24,236287345212.37
2022-01-25,212422984459.13
2022-01-26,155738878291.12
2022-01-27,145138417692.7
2022-01-28,159546245335.05
2022-01-29,147637134521.65
2022-01-30,146025526200.64
2022-01-31,147808071216.57
2022-02-01,150274587452.71
2022-02-02,126597612725.52
2022-02-03,135224780593.47
2022-02-04,175639610733.09
2022-02-05,146614040876.32
2022-02-06,126811134354.02
2022-02-07,209541593513.16
2022-02-08,525509080178.31
2022-02-09,236626756202.95
2022-02-10,237366324338.75
2022-02-11,169417109501.42
2022-02-12,136054909398.91
2022-02-13,139096673693.31
2022-02-14,169972150144.41
2022-02-15,153468907382.37
2022-02-16,172179519911.46
2022-02-17,155951185415.85
2022-02-18,158219623213.02
2022-02-19,130703654522.68
2022-02-20,132118681738.49
2022-02-21,195513821714.59
2022-02-22,177762572659.9
2022-02-23,137677642988.94
2022-02-24,153619183984.84
2022-02-25,168009142658.27
2022-02-26,125953844312.85
2022-02-27,114080317878.3
2022-02-28,172303707717.25
2022-03-01,219332969363.61
2022-03-02,161057602796.23
2022-03-03,171759614991.1
2022-03-04,145610036255.56
2022-03-05,103812923130.23
2022-03-06,107803809797.45
2022-03-07,137647320502.75
2022-03-08,343048789177.53
2022-03-09,312616783357.16
2022-03-10,193675185148.65
2022-03-11,160760513289.51
2022-03-12,134764150056.36
2022-03-13,134857046701.31
2022-03-14,168889879944.39
2022-03-15,147557958219.24
2022-03-16,168024546586.64
2022-03-17,167741274690.38
2022-03-18,138604178902.98
2022-03-19,151703741943.17
2022-03-20,106846682652.57
2022-03-21,184915493639.35
2022-03-22,155200214981.91
2022-03-23,140836415644.26
2022-03-24,158037228990.61
2022-03-25,187123711456.16
2022-03-26,146924141950.34
2022-03-27,147657695618.51
2022-03-28,224183900460.51
2022-03-29,211645292831.29
2022-03-30,174476494913.44
2022-03-31,182571431395.58
2022-04-01,156521072393.05
2022-04-02,186770308097.03
2022-04-03,136243773168.4
2022-04-04,164436276712.9
2022-04-05,354957261508.41
2022-04-06,288528217453.79
2022-04-07,240326572966.88
2022-04-08,215239794019.12
2022-04-09,147663807327.8
2022-04-10,145281232525.99
2022-04-11,236371280183.94
2022-04-12,200612983749.11
2022-04-13,212404279166.09
2022-04-14,222966940454.76
2022-04-15,167546439345.73
2022-04-16,128593551384.39
2022-04-17,134443909466.79
2022-04-18,218635259534.52
2022-04-19,203598628439.62
2022-04-20,178623078915.5
2022-04-21,228652898865.42
2022-04-22,219440811578.64
2022-04-23,192007333722.47
2022-04-24,209300302001.31
2022-04-25,316250227049.74
2022-04-26,298207823425.45
2022-04-27,267019774307.62
2022-04-28,274549850486.82
2022-04-29,216237799870.13
2022-04-30,144760382912.19
2022-05-01,156261838427.59
2022-05-02,246022393415.41
2022-05-03,339289590988.8
2022-05-04,243406210561.7
2022-05-05,380819003163.42
2022-05-06,304588343625.9
2022-05-07,154366265704.28
2022-05-08,174730005705.54
2022-05-09,257092406946.9
2022-05-10,265122832440.94
2022-05-11,223064007856.1
2022-05-12,284790750544.38
2022-05-13,204230166138.93
2022-05-14,134811971843.96
2022-05-15,84111734877.72
2022-05-16,136628039173.43
2022-05-17,121621921642.49
2022-05-18,87641001382.23
2022-05-19,81424235169.13
2022-05-20,72052577940.15
2022-05-21,44964879650.26
2022-05-22,35434268483.21
2022-05-23,63426578682.94
2022-05-24,75566194711.53
2022-05-25,57333463852.0
2022-05-26,68121048017.1
2022-05-27,81765846051.07
2022-05-28,46656230765.86
2022-05-29,44004689564.69
2022-05-30,68919639374.56
2022-05-31,143091864397.12
2022-06-01,110707510465.92
2022-06-02,67667016276.61
2022-06-03,60257354928.54
2022-06-04,39695592565.78
2022-06-05,45079737713.5
2022-06-06,69354145933.51
2022-06-07,74582265009.3
2022-06-08,59132272800.92
2022-06-09,49487860197.8
2022-06-10,71245032254.66
2022-06-11,63569353954.24
2022-06-12,66982154531.13
2022-06-13,190754757210.84
2022-06-14,304158683187.04
2022-06-15,376017806245.6
2022-06-16,291890984592.48
2022-06-17,241819515149.09
2022-06-18,204686516631.6
2022-06-19,98923201556.85
2022-06-20,91459884112.17
2022-06-21,88266242673.31
2022-06-22,65918987619.89
2022-06-23,60474753591.8
2022-06-24,76975556439.21
2022-06-25,37585963760.92
2022-06-26,29289558597.8
2022-06-27,62435587583.47
2022-06-28,83520940620.41
2022-06-29,92925722661.53
2022-06-30,91498550652.1
2022-07-01,97792016925.51
2022-07-02,63819694353.76
2022-07-03,63902966249.83
2022-07-04,71493473915.75
2022-07-05,72840190848.29
2022-07-06,67851598855.61
2022-07-07,55368328435.93
2022-07-08,81582886701.74
2022-07-09,51922330182.62
2022-07-10,38347354278.37
2022-07-11,94553859943.04
2022-07-12,93162652350.38
2022-07-13,104396071114.21
2022-07-14,64086630531.76
2022-07-15,75741806032.88
2022-07-16,57051772953.72
2022-07-17,36240662287.85
2022-07-18,73741511577.68
2022-07-19,75020481994.3
2022-07-20,60541486384.59
2022-07-21,86216281876.25
2022-07-22,74782378845.99
2022-07-23,59599226040.39
2022-07-24,38857884894.87
2022-07-25,82666358450.78
2022-07-26,109412328309.11
2022-07-27,82538416363.18
2022-07-28,77654558389.01
2022-07-29,81690227964.3
2022-07-30,43487607846.77
2022-07-31,37590700003.53
2022-08-01,79900128829.61
2022-08-02,88350719844.81
2022-08-03,100958682578.11
2022-08-04,86430642149.88
2022-08-05,102346773258.35
2022-08-06,55048798183.05
2022-08-07,29312912639.29
2022-08-08,131942434037.37
2022-08-09,93531224844.47
2022-08-10,111997471621.71
2022-08-11,99650670238.8
2022-08-12,61178182190.26
2022-08-13,43299015875.94
2022-08-14,30692653762.36
2022-08-15,83543680492.1
2022-08-16,79052405314.97
2022-08-17,82374569073.24
2022-08-18,59270620943.17
2022-08-19,98190735940.2
2022-08-20,91282075472.27
2022-08-21,48906687355.86
2022-08-22,109068346719.21
2022-08-23,111015893291.81
2022-08-24,77314193341.59
2022-08-25,71316020364.56
2022-08-26,61522693412.67
2022-08-27,60288232396.75
2022-08-28,35962388508.77
2022-08-29,74180940425.17
2022-08-30,69240187790.19
2022-08-31,86028661452.75
2022-09-01,83591397574.41
2022-09-02,78600386922.27
2022-09-03,39105617187.3
2022-09-04,50172111152.29
2022-09-05,86190184739.06
2022-09-06,125636310327.71
2022-09-07,109445547838.28
2022-09-08,96006639773.37
2022-09-09,85607006797.7
2022-09-10,49805929902.88
2022-09-11,28636590803.54
2022-09-12,54143769916.92
2022-09-13,60533614453.31
2022-09-14,92362234697.47
2022-09-15,81720260113.99
2022-09-16,61368361874.21
2022-09-17,37789473377.97
2022-09-18,38887465832.22
2022-09-19,91869444512.51
2022-09-20,86225447541.49
2022-09-21,88548283774.74
2022-09-22,66147611609.82
2022-09-23,54418216527.26
2022-09-24,30310765649.54
2022-09-25,34225466977.28
2022-09-26,58441450986.79
2022-09-27,55185370215.02
2022-09-28,61932900817.87
2022-09-29,53793583345.31
2022-09-30,50762146254.35
2022-10-01,27980463783.42
2022-10-02,23136320544.11
2022-10-03,46736857720.14
2022-10-04,49667998024.79
2022-10-05,43685363686.51
2022-10-06,34568006976.58
2022-10-07,35001769803.97
2022-10-08,29410711498.1
2022-10-09,29581995044.24
2022-10-10,44685280634.27
2022-10-11,51213158576.86
2022-10-12,45381772904.09
2022-10-13,52287456086.11
2022-10-14,38766127021.75
2022-10-15,17139496222.12
2022-10-16,16084553622.38
2022-10-17,29632044618.65
2022-10-18,44133565734.09
2022-10-19,45159755896.18
2022-10-20,34928300562.88
2022-10-21,35454619002.84
2022-10-22,24283437764.3
2022-10-23,24989662272.68
2022-10-24,35619028145.75
2022-10-25,38193896323.51
2022-10-26,52900136605.18
2022-10-27,54798837162.27
2022-10-28,37047087064.72
2022-10-29,38369768676.03
2022-10-30,28054408175.65
2022-10-31,43060572600.84
2022-11-01,43241175719.25
2022-11-02,50581205749.79
2022-11-03,69265224285.65
2022-11-04,76225685909.69
2022-11-05,40810878706.2
2022-11-06,83388094155.87
2022-11-07,81434364356.29
2022-11-08,41445574946.21
2022-11-09,64131789335.47
2022-11-10,66604787534.27
2022-11-11,69533367185.3
2022-11-12,43199494930.28
2022-11-13,55909656528.47
2022-11-14,54303630810.3
2022-11-15,45904467331.18
2022-11-16,36615822988.99
2022-11-17,26898449121.28
2022-11-18,30062951758.45
2022-11-19,19958888541.19
2022-11-20,27299083534.75
2022-11-21,27936524265.14
2022-11-22,26803316006.15
2022-11-23,20873268515.62
2022-11-24,15410789705.87
2022-11-25,25018481097.53
2022-11-26,13141315956.52
2022-11-27,11718059681.45
2022-11-28,16112227022.26
2022-11-29,15435686500.09
2022-11-30,14785727647.11
2022-12-01,15196652031.37
2022-12-02,14193515644.23
2022-12-03,11649694042.19
2022-12-04,9595646433.95
2022-12-05,15803395887.29
2022-12-06,13837344084.52
2022-12-07,15042251592.08
2022-12-08,16024447725.68
2022-12-09,15282757252.67
2022-12-10,11578942292.88
2022-12-11,10792627962.19
2022-12-12,14952619962.46
2022-12-13,22058419226.33
2022-12-14,24956598173.28
2022-12-15,18155325811.56
2022-12-16,19100827676.21
2022-12-17,13209627992.63
2022-12-18,11823964278.01
2022-12-19,17565092020.52
2022-12-20,16606427398.42
2022-12-21,14642347398.89
2022-12-22,13906323649.35
2022-12-23,14839777720.9
2022-12-24,10160432874.71
2022-12-25,9645174557.26
2022-12-26,11251794825.35
2022-12-27,12594445840.23
2022-12-28,14611914239.41
2022-12-29,14399700680.21
2022-12-30,14700276414.53
2022-12-31,10492438695.89
2023-01-01,9211553324.21
2023-01-02,11441291043.49
2023-01-03,13838195171.14
2023-01-04,14663229052.76
2023-01-05,14767828864.03
2023-01-06,16813135673.67
2023-01-07,12671799924.32
2023-01-08,12205800714.68
2023-01-09,18107220493.51
2023-01-10,16877387502.83
2023-01-11,15286936382.33
2023-01-12,19864329058.89
2023-01-13,21035277151.32
2023-01-14,19164092032.31
2023-01-15,15603511275.24
2023-01-16,17634640324.39
2023-01-17,21724928345.18
2023-01-18,18982087409.81
2023-01-19,16931189737.65
2023-01-20,17622674695.97
2023-01-21,19347613229.73
2023-01-22,15108936209.36
2023-01-23,19336531862.09
2023-01-24,17648315879.25
2023-01-25,19205665816.41
2023-01-26,18222448775.12
2023-01-27,18384344666.73
2023-01-28,11985079960.62
2023-01-29,13398240013.23
2023-01-30,21762067777.38
2023-01-31,20841186168.97
2023-02-01,21191998605.19
2023-02-02,18447917980.12
2023-02-03,18988280746.97
2023-02-04,11881803062.65
2023-02-05,12523246616.43
2023-02-06,15628335075.38
2023-02-07,14452881465.75
2023-02-08,15432795562.86
2023-02-09,18642321584.49
2023-02-10,30079138191.27
2023-02-11,18896728098.96
2023-02-12,15505118989.06
2023-02-13,18895996352.26
2023-02-14,16925961738.67
2023-02-15,18563914064.82
2023-02-16,24802836221.11
2023-02-17,22353194907.94
2023-02-18,14869005748.99
2023-02-19,12360805068.13
2023-02-20,17377001087.69
2023-02-21,20580095882.4
2023-02-22,19552304645.66
2023-02-23,20358443579.35
2023-02-24,20084732964.17
2023-02-25,13110741002.07
2023-02-26,12841875368.67
2023-02-27,17837699190.57
2023-02-28,19801769913.56
2023-03-01,19859250286.0
2023-03-02,19146442401.21
2023-03-03,21343727667.71
2023-03-04,13045751858.83
2023-03-05,13256150298.39
2023-03-06,17220237160.43
2023-03-07,20816907099.0
2023-03-08,19388427882.06
2023-03-09,18017490056.92
2023-03-10,19887596418.29
2023-03-11,19381358179.86
2023-03-12,14390377460.29
2023-03-13,26908412606.16
2023-03-14,29306644021.91
2023-03-15,24233905100.38
2023-03-16,21293298045.55
2023-03-17,30470066700.05
2023-03-18,21857484735.46
2023-03-19,24467748235.33
2023-03-20,36686475086.74
2023-03-21,32661311337.57
2023-03-22,29483646770.19
2023-03-23,29011329077.25
2023-03-24,30821204901.31
2023-03-25,20524059764.88
2023-03-26,20380561305.71
2023-03-27,30947092831.1
2023-03-28,30888861915.61
2023-03-29,31427950426.81
2023-03-30,43076832990.68
2023-03-31,30332354908.8
2023-04-01,22395658838.42
2023-04-02,21362928664.19
2023-04-03,29821617824.52
2023-04-04,31211395972.7
2023-04-05,31597982566.62
2023-04-06,29172958206.56
2023-04-07,21545829720.08
2023-04-08,16287769525.8
2023-04-09,16523652108.43
2023-04-10,27298600621.1
2023-04-11,28964142105.72
2023-04-12,35695662475.33
2023-04-13,23493132598.16
2023-04-14,31420041695.46
2023-04-15,23829639883.9
2023-04-16,19573631260.97
2023-04-17,33726816113.07
2023-04-18,23884983874.1
2023-04-19,23205703009.75
2023-04-20,22789494062.76
2023-04-21,23762345714.14
2023-04-22,15198287280.56
2023-04-23,13423832031.82
2023-04-24,22583486777.29
2023-04-25,21854984896.33
2023-04-26,25954932108.22
2023-04-27,25650280361.35
2023-04-28,25615984420.22
2023-04-29,17327814244.79
2023-04-30,19833959021.02
2023-05-01,23200892688.66
2023-05-02,19221679123.39
2023-05-03,27079144282.59
2023-05-04,24274759626.09
2023-05-05,24550455556.63
2023-05-06,25653786692.81
2023-05-07,29424161819.46
2023-05-08,22390313208.7
2023-05-09,21285702134.36
2023-05-10,23488476914.12
2023-05-11,23468069178.68
2023-05-12,25442059640.45
2023-05-13,14366812336.73
2023-05-14,14004446895.68
2023-05-15,20328289838.05
2023-05-16,23874170701.41
2023-05-17,22495778149.05
2023-05-18,22873582132.03
2023-05-19,19653191539.4
2023-05-20,13135662951.35
2023-05-21,14515177228.69
2023-05-22,22435123478.85
2023-05-23,26327654755.89
2023-05-24,26366840013.64
2023-05-25,22293524443.36
2023-05-26,19106663815.9
2023-05-27,14682528233.62
2023-05-28,17349291835.36
2023-05-29,24493643897.59
2023-05-30,28321938391.77
2023-05-31,38008836041.96
2023-06-01,30377856118.7
2023-06-02,33921717627.88
2023-06-03,22277120308.38
2023-06-04,26127697728.07
2023-06-05,40838920326.01
2023-06-06,35355408025.77
2023-06-07,27225397081.17
2023-06-08,27957962319.98
2023-06-09,30041086416.27
2023-06-10,26661390095.33
2023-06-11,26530901819.25
2023-06-12,30299802147.44
2023-06-13,26161834816.65
2023-06-14,24756823558.16
2023-06-15,23673430640.7
2023-06-16,25427056899.14
2023-06-17,18317657725.94
2023-06-18,20009048689.61
2023-06-19,25291351928.49
2023-06-20,29016017930.41
2023-06-21,35659912291.94
2023-06-22,35704485169.14
2023-06-23,32131850914.95
2023-06-24,22279048371.58
2023-06-25,24030411002.78
2023-06-26,31523446471.53
2023-06-27,30233679635.18
2023-06-28,28528167975.65
2023-06-29,34689577767.73
2023-06-30,35222585470.73
2023-07-01,23462391686.36
2023-07-02,17984157217.27
2023-07-03,28648501581.83
2023-07-04,28701928752.33
2023-07-05,26160340235.88
2023-07-06,28308754212.86
2023-07-07,27858989479.65
2023-07-08,21678937810.58
2023-07-09,21775348936.2
2023-07-10,27609489334.02
2023-07-11,25494155748.92
2023-07-12,27600775415.18
2023-07-13,28539408702.17
2023-07-14,30248470437.55
2023-07-15,20560395195.07
2023-07-16,20965861596.17
2023-07-17,26071111634.16
2023-07-18,33178568249.86
2023-07-19,27315628403.98
2023-07-20,25874391046.43
2023-07-21,22191595860.72
2023-07-22,16234149855.45
2023-07-23,15986880750.83
2023-07-24,22274196922.44
2023-07-25,20157549971.42
2023-07-26,20886854750.9
2023-07-27,21692868900.47
2023-07-28,23888195932.76
2023-07-29,16133111587.35
2023-07-30,18283760617.82
2023-07-31,23572922646.18
2023-08-01,21915411239.72
2023-08-02,20514040036.31
2023-08-03,20108620008.72
2023-08-04,19461694782.83
2023-08-05,16836984166.03
2023-08-06,14649169218.33
2023-08-07,25944008418.5
2023-08-08,26719633538.93
2023-08-09,25923455130.65
2023-08-10,27734281929.76
2023-08-11,24152418222.04
2023-08-12,21603877060.39
2023-08-13,18385976393.86
2023-08-14,25170157797.95
2023-08-15,23699908433.09
2023-08-16,26526507713.03
2023-08-17,34416030925.5
2023-08-18,26760350674.13
2023-08-19,17230778540.26
2023-08-20,15761849304.3
2023-08-21,26465222260.43
2023-08-22,27284537660.62
2023-08-23,27784979087.61
2023-08-24,22945334950.98
2023-08-25,20320926092.85
2023-08-26,15023300700.08
2023-08-27,20665901452.55
2023-08-28,23556180773.66
2023-08-29,26691117320.38
2023-08-30,27227271523.05
2023-08-31,21990504383.82
2023-09-01,24126530142.25
2023-09-02,15855130513.26
2023-09-03,12549649704.36
2023-09-04,16789536822.39
2023-09-05,18249751442.99
2023-09-06,17877208640.97
2023-09-07,17937409015.56
2023-09-08,16751171616.56
2023-09-09,14406811586.59
2023-09-10,16396179257.51
2023-09-11,18832236425.16
2023-09-12,21141338254.63
2023-09-13,17576923482.64
2023-09-14,20364767299.5
2023-09-15,22799842431.07
2023-09-16,17414109128.14
2023-09-17,15366892915.45
2023-09-18,21341363737.88
2023-09-19,23183528646.03
2023-09-20,25333033509.72
2023-09-21,19181438109.88
2023-09-22,17033575504.97
2023-09-23,12824671491.83
2023-09-24,12920624699.99
2023-09-25,21361303403.43
2023-09-26,17594236135.3
2023-09-27,20223559606.54
2023-09-28,21578104971.27
2023-09-29,23939703152.97
2023-09-30,17802388501.78
2023-10-01,15046981526.57
2023-10-02,30995588716.12
2023-10-03,23077403773.32
2023-10-04,26974598572.81
2023-10-05,29855564995.51
2023-10-06,29333491954.04
2023-10-07,23115665127.34
2023-10-08,17642144337.21
2023-10-09,20764388888.75
2023-10-10,22853313893.78
2023-10-11,23612107713.87
2023-10-12,20472027571.16
2023-10-13,17359696884.06
2023-10-14,19448434364.38
2023-10-15,14247983548.27
2023-10-16,27360997567.61
2023-10-17,24688754416.87
2023-10-18,23901324282.79
2023-10-19,24836226606.41
2023-10-20,30111646855.77
2023-10-21,18889244273.28
2023-10-22,18971416238.81
2023-10-23,35378387150.98
2023-10-24,49317988478.03
2023-10-25,35780626306.16
2023-10-26,31971946832.35
2023-10-27,29395033677.33
2023-10-28,21221383189.01
2023-10-29,21718027084.24
2023-10-30,33424239672.84
2023-10-31,27272138970.31
2023-11-01,29492313800.4
2023-11-02,29506566254.7
2023-11-03,29147841775.6
2023-11-04,21724166275.87
2023-11-05,19522544296.23
2023-11-06,27261304054.27
2023-11-07,28010840904.66
2023-11-08,30375114342.78
2023-11-09,40145433002.88
2023-11-10,31089703805.73
2023-11-11,25885315038.35
2023-11-12,22784818429.88
2023-11-13,29162328542.11
2023-11-14,34243918325.9
2023-11-15,30516015998.38
2023-11-16,32150232483.86
2023-11-17,27391182590.95
2023-11-18,17793996821.16
2023-11-19,20960738761.69
2023-11-20,34854665529.58
2023-11-21,35614774894.58
2023-11-22,34073235675.23
2023-11-23,27132916706.21
2023-11-24,33547629470.31
2023-11-25,24337282258.94
2023-11-26,25413222016.97
2023-11-27,32310252961.06
2023-11-28,30598474784.73
2023-11-29,33212641107.9
2023-11-30,33610052544.44
2023-12-01,39726622942.45
2023-12-02,29214907210.68
2023-12-03,29190090544.74
2023-12-04,45830935621.69
2023-12-05,43228704550.12
2023-12-06,44522655298.41
2023-12-07,38433878573.28
2023-12-08,43099577999.24
2023-12-09,27721076114.85
2023-12-10,23846205252.13
2023-12-11,41573858838.92
2023-12-12,39229531980.03
2023-12-13,35042719443.62
2023-12-14,37441362412.61
2023-12-15,32315482799.18
2023-12-16,23701805748.06
2023-12-17,18360071002.0
2023-12-18,31475470910.16
2023-12-19,31818913905.91
2023-12-20,35328248758.86
2023-12-21,32987356546.25
2023-12-22,36789811759.49
2023-12-23,20199597875.25
2023-12-24,24217884093.42
2023-12-25,21156071902.86
2023-12-26,33820742511.36
2023-12-27,32962694513.6
2023-12-28,30005033747.94
2023-12-29,34974680227.42
2023-12-30,26180135896.31
2023-12-31,24448613179.87
2024-01-01,22757984538.7
2024-01-02,38368553805.19
2024-01-03,37555849724.28
2024-01-04,46390695914.5
2024-01-05,34490023152.87
2024-01-06,25138465452.26
2024-01-07,25280861460.45
2024-01-08,38547316857.97
2024-01-09,54612727770.11
2024-01-10,60153701284.22
2024-01-11,55099602439.17
2024-01-12,64643043106.03
2024-01-13,30356017542.12
2024-01-14,21718767015.48
2024-01-15,30102479712.5
2024-01-16,39957135906.41
2024-01-17,51708817813.69
2024-01-18,47719088872.0
2024-01-19,39620377893.7
2024-01-20,22097972625.83
2024-01-21,24049332441.91
2024-01-22,44734091652.85
2024-01-23,38794309608.29
2024-01-24,44189702176.05
2024-01-25,40677692647.35
2024-01-26,43741972097.48
2024-01-27,26951611423.04
2024-01-28,19089789645.22
2024-01-29,39319997374.0
2024-01-30,49012491099.91
2024-01-31,61626804763.19
2024-02-01,41556285688.1
2024-02-02,37199724776.71
2024-02-03,26306759394.21
2024-02-04,23247429362.35
2024-02-05,36215135266.22
2024-02-06,40017790860.01
2024-02-07,37348106135.86
2024-02-08,43307338068.01
2024-02-09,48871801891.39
2024-02-10,29724947871.81
2024-02-11,31493888705.88
2024-02-12,47444971158.17
2024-02-13,53184110872.87
2024-02-14,62783502454.38
2024-02-15,51537501563.57
2024-02-16,48600792690.3
2024-02-17,29056994160.28
2024-02-18,29744337167.34
2024-02-19,43160756650.71
2024-02-20,51946164318.24
2024-02-21,53944732613.67
2024-02-22,48181814767.43
2024-02-23,40770361103.95
2024-02-24,27322246645.62
2024-02-25,28124485736.84
2024-02-26,51121452436.14
2024-02-27,71044050698.92
2024-02-28,91926042368.72
2024-02-29,85830296880.4
2024-03-01,73249513123.12
2024-03-02,38072003453.41
2024-03-03,39480113836.94
2024-03-04,80012123917.94
2024-03-05,111573741013.57
2024-03-06,93566543335.61
2024-03-07,83421459396.32
2024-03-08,81475113755.82
2024-03-09,47418841207.3
2024-03-10,50116632063.61
2024-03-11,97659955747.94
2024-03-12,98805915126.62
2024-03-13,118275515772.9
2024-03-14,91941834889.73
2024-03-15,79257693288.11
2024-03-16,43573373561.61
2024-03-17,45798008767.89
2024-03-18,65331413852.35
2024-03-19,70658808033.1
2024-03-20,70349887617.02
2024-03-21,58155298757.0
2024-03-22,56910425092.62
2024-03-23,46517734240.63
2024-03-24,33778412854.92
2024-03-25,85483135165.34
2024-03-26,83653071752.97
2024-03-27,68674997783.27
2024-03-28,69645956007.77
2024-03-29,64477773655.49
2024-03-30,36583905051.96
2024-03-31,32590485002.26
2024-04-01,87727825605.78
2024-04-02,72397282515.0
2024-04-03,60028201359.12
2024-04-04,57796179359.6
2024-04-05,64849875463.42
2024-04-06,40922848278.92
2024-04-07,38516543308.71
2024-04-08,69994413173.61
2024-04-09,58989780518.04
2024-04-10,53408529848.18
2024-04-11,57516113930.37
2024-04-12,55154987885.27
2024-04-13,42143179996.07
2024-04-14,43110804101.88
2024-04-15,61613747422.79
2024-04-16,64610970932.03
2024-04-17,62120281003.46
2024-04-18,61678236956.98
2024-04-19,51676354306.47
2024-04-20,24948772592.34
2024-04-21,31053937652.6
2024-04-22,45828457396.66
2024-04-23,48915702992.47
2024-04-24,52125722548.49
2024-04-25,41855994959.44
2024-04-26,50321088737.45
2024-04-27,35072393265.06
2024-04-28,37665598021.57
2024-04-29,48363957599.3
2024-04-30,58597624512.32
2024-05-01,51626418285.01
2024-05-02,43564016665.86
2024-05-03,42185710821.46
2024-05-04,29049119125.46
2024-05-05,28240062740.63
2024-05-06,42962931470.98
2024-05-07,44654942889.05
2024-05-08,41465197220.11
2024-05-09,43107468658.62
2024-05-10,44150756116.53
2024-05-11,26414622940.8
2024-05-12,30375819217.81
2024-05-13,48078185647.57
2024-05-14,43349083144.37
2024-05-15,53135481893.96
2024-05-16,59258465586.74
2024-05-17,55150467611.46
2024-05-18,35547091270.36
2024-05-19,36510598526.41
2024-05-20,54433588465.71
2024-05-21,69840256061.92
2024-05-22,53505158334.85
2024-05-23,44517042591.52
2024-05-24,44127763255.18
2024-05-25,24949645641.93
2024-05-26,35205112258.95
2024-05-27,39830347291.9
2024-05-28,70468291457.32
2024-05-29,48641528109.92
2024-05-30,49356325150.26
2024-05-31,58500181743.67
2024-06-01,29297136544.95
2024-06-02,39432059493.92
2024-06-03,62694732505.17
2024-06-04,60053598935.66
2024-06-05,70873419343.39
2024-06-06,56158066309.92
2024-06-07,48029342757.72
2024-06-08,35276234048.27
2024-06-09,28817672506.06
2024-06-10,47212595017.61
2024-06-11,55759073598.9
2024-06-12,46306931980.11
2024-06-13,39046483795.6
2024-06-14,48756035936.2
2024-06-15,31315511272.56
2024-06-16,30166481990.78
2024-06-17,50692054986.4
2024-06-18,53446640995.56
2024-06-19,39871690035.56
2024-06-20,40917321757.08
2024-06-21,44316325625.32
2024-06-22,23171607906.3
2024-06-23,22701340532.77
2024-06-24,56826478386.14
2024-06-25,38256197327.84
2024-06-26,44194904695.05
2024-06-27,75434477603.05
2024-06-28,47705022624.57
2024-06-29,27535352325.53
2024-06-30,22920630255.54
2024-07-01,42262249709.61
2024-07-02,39554495117.5
2024-07-03,44679206099.75
2024-07-04,51126154033.37
2024-07-05,55312022786.18
2024-07-06,30658932526.69
2024-07-07,30806367916.04
2024-07-08,52652441836.54
2024-07-09,48014165476.79
2024-07-10,49160170694.25
2024-07-11,46176133081.23
2024-07-12,42643148494.54
2024-07-13,31460224391.56
2024-07-14,32735142097.03
2024-07-15,59657977991.55
2024-07-16,73364599871.79
2024-07-17,53996135137.6
2024-07-18,34304750371.21
2024-07-19,50406869218.55
2024-07-20,37507179663.01
2024-07-21,31705471772.32
2024-07-22,55006677349.95
2024-07-23,64850261948.46
2024-07-24,50008444631.36
2024-07-25,48520614037.74
2024-07-26,41255884503.22
2024-07-27,39427921150.46
2024-07-28,25465335854.23
2024-07-29,61311441266.12
2024-07-30,64635327580.46
2024-07-31,65835960072.45
2024-08-01,50427116910.38
2024-08-02,71911604492.43
2024-08-03,29064018076.99
2024-08-04,35387739661.74
2024-08-05,74733286647.33
2024-08-06,54526247952.45
2024-08-07,52872075986.88
2024-08-08,49718419416.3
2024-08-09,55000124265.53
2024-08-10,31930186429.46
2024-08-11,35266860795.09
2024-08-12,49413102566.61
2024-08-13,53488045405.98
2024-08-14,55438455538.55
2024-08-15,42482603760.91
2024-08-16,41199148142.51
2024-08-17,23978241322.51
2024-08-18,27056868569.11
2024-08-19,49867376178.19
2024-08-20,49765816299.23
2024-08-21,48295238043.86
2024-08-22,46422180035.55
2024-08-23,55476873663.18
2024-08-24,36976458639.29
2024-08-25,31739130455.67
2024-08-26,49397658212.22
2024-08-27,68500805270.17
2024-08-28,59526025929.73
2024-08-29,46611854291.15
2024-08-30,42617568062.52
2024-08-31,24353496765.17
2024-09-01,47629787875.41
2024-09-02,42311778788.07
2024-09-03,57294445809.35
2024-09-04,54582702111.12
2024-09-05,47924997001.29
2024-09-06,50295022464.2
2024-09-07,25192150624.95
2024-09-08,29357149918.35
2024-09-09,50329277462.88
2024-09-10,79328671381.91
2024-09-11,70905714019.81
2024-09-12,65626135025.97
2024-09-13,67892067124.43
2024-09-14,41422357305.56
2024-09-15,35103287075.11
2024-09-16,54562327255.0
2024-09-17,51448393581.07
2024-09-18,49495827457.62
2024-09-19,55424411443.15
2024-09-20,61854200536.51
2024-09-21,26304605714.18
2024-09-22,25920705337.99
2024-09-23,47688074840.23
2024-09-24,53193820764.13
2024-09-25,52094384830.28
2024-09-26,55635316960.99
2024-09-27,53003034578.13
2024-09-28,30371808257.59
2024-09-29,32132850050.58
2024-09-30,63130594164.63
2024-10-01,57054001694.4
2024-10-02,48538748994.0
2024-10-03,54047937072.68
2024-10-04,49563385866.4
2024-10-05,26149863344.47
2024-10-06,35001091394.71
2024-10-07,63565161983.57
2024-10-08,66622529277.43
2024-10-09,50578964185.19
2024-10-10,38856179353.18
2024-10-11,39535985424.77
2024-10-12,24261721691.05
2024-10-13,22671496203.84
2024-10-14,39354246307.72
2024-10-15,55660199727.71
2024-10-16,47636252703.72
2024-10-17,39773773023.32
2024-10-18,44673702080.84
2024-10-19,25950413361.88
2024-10-20,25458476295.05
2024-10-21,44954523757.69
2024-10-22,45426286777.66
2024-10-23,35854402901.38
2024-10-24,39156955196.87
2024-10-25,39454072456.1
2024-10-26,23747585590.63
2024-10-27,21187110002.3
2024-10-28,44032022915.24
2024-10-29,69755478670.12
2024-10-30,66569858602.02
2024-10-31,60179799545.44
2024-11-01,54767007413.86
2024-11-02,22634302461.75
2024-11-03,23783930892.57
2024-11-04,45111291647.86
2024-11-05,50539124680.97
2024-11-06,94004458168.23
2024-11-07,68639259462.29
2024-11-08,72519807527.59
2024-11-09,42107646541.53
2024-11-10,64010403781.48
2024-11-11,100829926611.07
2024-11-12,124983279985.23
2024-11-13,109041199337.98
2024-11-14,95417835839.88
2024-11-15,83198275099.38
2024-11-16,47741919875.42
2024-11-17,40295114975.87
2024-11-18,80816416489.07
2024-11-19,87429020408.02
2024-11-20,94398017761.08
2024-11-21,139599111452.99
2024-11-22,108410717624.22
2024-11-23,70834098804.96
2024-11-24,55285650956.71
2024-11-25,97781114421.93
2024-11-26,89914827690.66
2024-11-27,73952362433.57
2024-11-28,56740134819.33
2024-11-29,68254058721.68
2024-11-30,45600026157.78
2024-12-01,40127453561.72
2024-12-02,91806873899.7
2024-12-03,80662622670.11
2024-12-04,82891769109.54
2024-12-05,147889161204.85
2024-12-06,105615581176.92
2024-12-07,45597520539.94
2024-12-08,44188898247.52
2024-12-09,95265432692.02
2024-12-10,81250255036.62
2024-12-11,85587767240.06
2024-12-12,73907841808.56
2024-12-13,74275285163.51
2024-12-14,43962951951.5
2024-12-15,44752935385.06
2024-12-16,99548984608.66
2024-12-17,97931266185.33
2024-12-18,91689337592.22
2024-12-19,94055886967.69
2024-12-20,94526918732.97
2024-12-21,44676451377.66
2024-12-22,35301890402.81
2024-12-23,90061470508.37
2024-12-24,63268177571.72
2024-12-25,45055327132.78
2024-12-26,58283984975.81
2024-12-27,62843967917.65
2024-12-28,36173243512.92
2024-12-29,55475481834.14
2024-12-30,81184200418.1
2024-12-31,77611896203.62
2025-01-01,50562432792.94
2025-01-02,61248834652.82
2025-01-03,65523642529.98
2025-01-04,47061955474.94
2025-01-05,44210459635.21
2025-01-06,73871567022.88
2025-01-07,80992351993.95
2025-01-08,74904672665.27
2025-01-09,70125563736.1
2025-01-10,86344891061.72
2025-01-11,42236996391.46
2025-01-12,43965230600.93
2025-01-13,59473242196.34
2025-01-14,74503643574.53
2025-01-15,83398251922.85
2025-01-16,90226331983.18
2025-01-17,95561781340.86
2025-01-18,80050476133.6
2025-01-19,75332681665.5
2025-01-20,101196085969.3
2025-01-21,90995439865.74
2025-01-22,85167319560.57
2025-01-23,88151063911.2
2025-01-24,75086246335.3
2025-01-25,45604448704.5
2025-01-26,42900088971.76
2025-01-27,70245265480.52
2025-01-28,57352068892.75
2025-01-29,69036608279.66
2025-01-30,67170685733.93
2025-01-31,73322606787.28
2025-02-01,42241899987.34
2025-02-02,54297300391.85
2025-02-03,84927071844.86
2025-02-04,76569820559.83
2025-02-05,68625165852.62
2025-02-06,60791659158.19
2025-02-07,52916186915.62
2025-02-08,36647681194.88
2025-02-09,37427242228.56
2025-02-10,59260926276.17
2025-02-11,57848635910.92
2025-02-12,55699792604.11
2025-02-13,57758610800.25
2025-02-14,60760182859.23
2025-02-15,50746407332.33
2025-02-16,46876227997.11
2025-02-17,52405623904.62
2025-02-18,57532557724.06
2025-02-19,63128601436.29
2025-02-20,69323254989.0
2025-02-21,76636156708.7
2025-02-22,69187627178.39
2025-02-23,49886221410.64
2025-02-24,75702288901.47
2025-02-25,119638785602.21
2025-02-26,114497651511.95
2025-02-27,87105460308.51
2025-02-28,78465368692.06
2025-03-01,49816116822.31
2025-03-02,62330912404.94
2025-03-03,85017738382.66
2025-03-04,60730047814.48
2025-03-05,57074037354.34
2025-03-06,67277826744.68
2025-03-07,70046632239.27
2025-03-08,40295693753.5
2025-03-09,44120943446.54
2025-03-10,64479285958.28
2025-03-11,68234632365.87
2025-03-12,61280054774.16
2025-03-13,51089072748.95
2025-03-14,46507279297.3
2025-03-15,34204494820.25
2025-03-16,35768261274.99
2025-03-17,47835223422.46
2025-03-18,47249567156.15
2025-03-19,46763709105.57
2025-03-20,50915172039.89
2025-03-21,42504765013.79
2025-03-22,27648932215.76
2025-03-23,27435681774.68
2025-03-24,48064702215.32
2025-03-25,53141574655.37
2025-03-26,51253051815.83
2025-03-27,48546858518.59
2025-03-28,58899004453.0
2025-03-29,36739065478.92
2025-03-30,33245718502.53
2025-03-31,59293972511.64
2025-04-01,48004384616.38
2025-04-02,51654349145.72
2025-04-03,55224839795.55
2025-04-04,49206779780.44
2025-04-05,30083128436.29
2025-04-06,36136857053.64
2025-04-07,61726316598.09
2025-04-08,48059027238.49
2025-04-09,61913754342.41
2025-04-10,55495454444.95
2025-04-11,54819724948.54
2025-04-12,35964024493.82
2025-04-13,35251514601.8
2025-04-14,45461142350.57
2025-04-15,56855577812.29
2025-04-16,45519718156.46
2025-04-17,62989254698.96
2025-04-18,45447292976.62
2025-04-19,32356983730.06
2025-04-20,28814698674.91
2025-04-21,52345501389.58
2025-04-22,67952997921.51
2025-04-23,89753443417.56
2025-04-24,70350921164.66
2025-04-25,72964699234.05
2025-04-26,35681061659.61
2025-04-27,37420345427.04
2025-04-28,66336329507.15
2025-04-29,69331729178.5
2025-04-30,62304778102.35
2025-05-01,74577696545.79
2025-05-02,74138046953.63
2025-05-03,48929306568.6
2025-05-04,47742016777.74
2025-05-05,76825728046.23
2025-05-06,69810843200.16
2025-05-07,71512840155.24
2025-05-08,74572912707.36
2025-05-09,86520017113.42
2025-05-10,49930449950.81
2025-05-11,51000582002.45
2025-05-12,72361587327.03
2025-05-13,77900609666.89
2025-05-14,74553494685.97
2025-05-15,77799157385.59
2025-05-16,65912443952.9
2025-05-17,39043360309.25
2025-05-18,41831104175.06
2025-05-19,67749718400.64
2025-05-20,74462724956.75
2025-05-21,90405430559.99
2025-05-22,115520404473.62
2025-05-23,90602809958.14
2025-05-24,49396160887.98
2025-05-25,46534776989.91
2025-05-26,61320304781.92
2025-05-27,69375264616.88
2025-05-28,78148196715.27
2025-05-29,64282362049.72
2025-05-30,74330624580.06
2025-05-31,43621952760.51
2025-06-01,46969088175.75
2025-06-02,82219963060.47
2025-06-03,82379225751.46
2025-06-04,73891973701.66
2025-06-05,71385369950.17
2025-06-06,65276552316.5
2025-06-07,43038320230.63
2025-06-08,41282067839.16
2025-06-09,63945693667.47
2025-06-10,79899534433.55
2025-06-11,68303113151.75
2025-06-12,58442560519.69
2025-06-13,68391641434.36
2025-06-14,37704419341.07
2025-06-15,29601862881.31
2025-06-16,62627936686.05
2025-06-17,73166686960.95
2025-06-18,62424250449.3
2025-06-19,45391319465.84
2025-06-20,59756108230.12
2025-06-21,33358586487.52
2025-06-22,50921805718.69
2025-06-23,66684795447.64
2025-06-24,74055659630.18
2025-06-25,77545995117.75
2025-06-26,71631306839.86
2025-06-27,72025936590.54
2025-06-28,39077161116.13
2025-06-29,35897008711.47
2025-06-30,67716234526.32
2025-07-01,54080580823.4
2025-07-02,50786154313.91
2025-07-03,66690919224.36
2025-07-04,60492485320.87
2025-07-05,29812879223.41
2025-07-06,31044674410.95
2025-07-07,59489662870.72
2025-07-08,51217213234.86
2025-07-09,54215506627.15
2025-07-10,80433709060.05
2025-07-11,120073588974.18
2025-07-12,62675292906.6
2025-07-13,54272476433.42
2025-07-14,127941132861.68
2025-07-15,134876805453.55
2025-07-16,110608238822.07
2025-07-17,126607015867.2
2025-07-18,100957806738.29
2025-07-19,49837935854.4
2025-07-20,48707697413.82
2025-07-21,106530010950.72
2025-07-22,86386352001.24
2025-07-23,73125658939.3
2025-07-24,77570310761.73
2025-07-25,119634063916.63
2025-07-26,55035697159.36
2025-07-27,54546519663.16
2025-07-28,79345005211.31
2025-07-29,69057704992.17
2025-07-30,76566434245.97
2025-07-31,68222067786.12
2025-08-01,87765183306.46
2025-08-02,54540658929.98
2025-08-03,52801612911.36
2025-08-04,78558962684.63
2025-08-05,69489176967.24
2025-08-06,71578275600.96
2025-08-07,70291022098.47
2025-08-08,72792195746.19
2025-08-09,51107896571.25
2025-08-10,53932542279.07
2025-08-11,90968069876.14
2025-08-12,84027720500.06
2025-08-13,87739302853.79
2025-08-14,82329177188.11
2025-08-15,69269856721.11
2025-08-16,50670092636.47
2025-08-17,49436256404.79
2025-08-18,74065189762.32
2025-08-19,71383777888.9
2025-08-20,66065335819.78
2025-08-21,68802540821.95
2025-08-22,79936140161.05
2025-08-23,60383666963.09
2025-08-24,66760162043.12
2025-08-25,74979511981.07
2025-08-26,77627031018.3
2025-08-27,67979364291.35
2025-08-28,72567356424.06
2025-08-29,90952824398.31
2025-08-30,59695774791.7
2025-08-31,54675777046.61
2025-09-01,66612283150.35
2025-09-02,70185311543.85
2025-09-03,72370525958.94
2025-09-04,82144016974.57
2025-09-05,92227576707.6
2025-09-06,51929234344.06
2025-09-07,52309960783.11
2025-09-08,81110098262.14
2025-09-09,87328303863.79
2025-09-10,80739781344.55
2025-09-11,71838172296.87
2025-09-12,67727915906.63
2025-09-13,58691474556.71
2025-09-14,45869174890.81
2025-09-15,85857341546.16
2025-09-16,73579468712.71
2025-09-17,69929584314.96
2025-09-18,83428223862.0
2025-09-19,84115544114.31
2025-09-20,60467289728.72
2025-09-21,51829862544.6
2025-09-22,82080515086.97
2025-09-23,77529488541.07
2025-09-24,75587295539.59
2025-09-25,86375239801.15
2025-09-26,103705227136.41
2025-09-27,55239761782.06
2025-09-28,49964400894.82
2025-09-29,79184809756.57
2025-09-30,88095081531.02
2025-10-01,99283272554.02
2025-10-02,104976100465.98
2025-10-03,123328876984.45
2025-10-04,71693784925.62
2025-10-05,79473176000.47
2025-10-06,99530304416.64
2025-10-07,97032566907.08
2025-10-08,106795850686.05
2025-10-09,87505934201.63
2025-10-10,89323700535.02
2025-10-11,95545779844.64
2025-10-12,78536726909.26
2025-10-13,97108890477.49
2025-10-14,134409334778.95
2025-10-15,98884659742.26
2025-10-16,94695300028.64
2025-10-17,109769952287.35
2025-10-18,59086719081.04
2025-10-19,65281454851.97
2025-10-20,73593723619.52
2025-10-21,94285106682.19
2025-10-22,80574460536.69
2025-10-23,76179467489.84
2025-10-24,74224120861.98
2025-10-25,57451199917.68
2025-10-26,65742897263.98
2025-10-27,88460775743.75
2025-10-28,84457966087.33
2025-10-29,75923306555.93
2025-10-30,87310816256.87
2025-10-31,91739298177.41
2025-11-01,66262076666.97
2025-11-02,57114736027.24
2025-11-03,96618336069.5
2025-11-04,123699823163.33
2025-11-05,97812273955.2
2025-11-06,88973091400.25
2025-11-07,96909518176.91
2025-11-08,62449157776.04
2025-11-09,55233242474.79
2025-11-10,82274992745.77
2025-11-11,99746505076.56
2025-11-12,85356004288.49
2025-11-13,95221995862.44
2025-11-14,118012781059.97
2025-11-15,64325287983.66
2025-11-16,68771664076.76
2025-11-17,100054134208.32
2025-11-18,124048704490.49
2025-11-19,106531002495.75
2025-11-20,99518099485.42
2025-11-21,126791106446.87
2025-11-22,121069649829.2
2025-11-23,79163612753.04
2025-11-24,75367918288.22
2025-11-25,68758110061.71
2025-11-26,73391721506.09
2025-11-27,66130558749.3
2025-11-28,75223240599.56
2025-11-29,50828894644.39
2025-11-30,55633521189.49
2025-12-01,73730293159.36
2025-12-02,81751019549.71
2025-12-03,84403787358.41
2025-12-04,59962161445.0
2025-12-05,65282148821.66
2025-12-06,44913607786.97
2025-12-07,40570346427.62
2025-12-08,71787190112.0
2025-12-09,70912835155.42
2025-12-10,84427332559.91
2025-12-11,70346332940.15
2025-12-12,64468170106.84
2025-12-13,49469149860.52
2025-12-14,48905437464.3
2025-12-15,63367917311.35
2025-12-16,68371449884.84
2025-12-17,77231298130.45
2025-12-18,71880552540.76
2025-12-19,74082652636.98
2025-12-20,62291717150.0
2025-12-21,47110718980.46
2025-12-22,65641888189.81
2025-12-23,70000477726.61
2025-12-24,66664414659.65
2025-12-25,42645449726.27
2025-12-26,69045811445.92
2025-12-27,40192768293.57
2025-12-28,45850182146.48
2025-12-29,91088730907.2
2025-12-30,75537962353.03
2025-12-31,85801030518.73
2026-01-01,53094955064.48
2026-01-02,73219441506.18
2026-01-03,54937134782.91
2026-01-04,59996701751.27
2026-01-05,79642794452.47
2026-01-06,70673623495.4
2026-01-07,73669339113.4
2026-01-08,59652173930.99
2026-01-09,68272977411.28
2026-01-10,46516041396.86
2026-01-11,43513649471.7
2026-01-12,57720099910.69
2026-01-13,93249720936.38
2026-01-14,102483243980.62
2026-01-15,102005930445.51
2026-01-16,75144531772.11
2026-01-17,52182930984.21
2026-01-18,46132031598.74
2026-01-19,52518518200.37
2026-01-20,78447684002.61
2026-01-21,71350979130.38
2026-01-22,69254512906.9
2026-01-23,81752369093.59
2026-01-24,37781761878.95
2026-01-25,50562909000.14
2026-01-26,64149958851.12
2026-01-27,62900261707.93
2026-01-28,65295376641.18
2026-01-29,70534583837.67
2026-01-30,81139114467.55
2026-01-31,74204789495.2
2026-02-01,64606744010.61
2026-02-02,93039577690.06
2026-02-03,91672462837.39
2026-02-04,87113230138.1
2026-02-05,132177671167.56
2026-02-06,116351789812.76
2026-02-07,76478947808.33
2026-02-08,60202124255.35
2026-02-09,77850469191.57
2026-02-10,65758249293.16
2026-02-11,63046717220.56
2026-02-12,59826252993.25
2026-02-13,53926008591.65
2026-02-14,44706818710.23
2026-02-15,36825197875.4
2026-02-16,43230305957.98
2026-02-17,51893616280.68
2026-02-18,49908406821.75
2026-02-19,49194159606.53
2026-02-20,64232793647.89
2026-02-21,35728616344.12
2026-02-22,34961991977.65
2026-02-23,49422013134.25
2026-02-24,62924967581.2
2026-02-25,71064837040.82
2026-02-26,67658413709.34
2026-02-27,53700235035.11
2026-02-28,36967246246.79
2026-03-01,37993723115.02
2026-03-02,56894667683.07
2026-03-03,55132585749.62
2026-03-04,69707137369.57
2026-03-05,59955943558.77
2026-03-06,58401181471.18
2026-03-07,32539301448.45
2026-03-08,31649876708.07
2026-03-09,49520391768.34
2026-03-10,58149265678.73
2026-03-11,50030223890.07
2026-03-12,50217811896.22
2026-03-13,54659497872.48
2026-03-14,38623115368.48
2026-03-15,36857489851.23
2026-03-16,69891052478.27
2026-03-17,60069903437.63
2026-03-18,56314677102.45
2026-03-19,44660610682.03
2026-03-20,46952074836.45
2026-03-21,27497933375.77
2026-03-22,33147419337.8
2026-03-23,48689686137.5
2026-03-24,50390801948.23
2026-03-25,49100130601.41
2026-03-26,52450505179.28
2026-03-27,56363724259.65
2026-03-28,32738595221.51
2026-03-29,31643488910.93
2026-03-30,56155985836.21
2026-03-31,51475454118.28
2026-04-01,45753803660.74
2026-04-02,58074565949.1
2026-04-03,42783456280.91
2026-04-04,29038383217.25
2026-04-05,31092853993.52
2026-04-06,41799437541.64
2026-04-07,59594375628.76
2026-04-08,54995217982.86
2026-04-09,51521490672.86
2026-04-10,57196373908.47
2026-04-11,46505705481.8
2026-04-12,33346171534.28
2026-04-13,58030997523.95
2026-04-14,77016691191.93
2026-04-15,62169953015.88
2026-04-16,63066259305.21
2026-04-17,68375336757.75
2026-04-18,55234551964.01
2026-04-19,55748086634.46
2026-04-20,74687052588.26
2026-04-21,71022017503.18
2026-04-22,77067898685.95
2026-04-23,66356778490.3
2026-04-24,85192582870.59
2026-04-25,43093333955.26
2026-04-26,39785517086.6
2026-04-27,58255459018.02
2026-04-28,63621950045.38
2026-04-29,60858799529.53
2026-04-30,63790644223.51
2026-05-01,73215888119.36
2026-05-02,53128963731.09
2026-05-03,45825487185.14
2026-05-04,72152433755.73
2026-05-05,70777606447.04
2026-05-06,63411152860.46
2026-05-07,62879687554.46
2026-05-08,58116922183.58
2026-05-09,38135038161.05
2026-05-10,44704116761.15
2026-05-11,62887782163.08
2026-05-12,57673255445.92
2026-05-13,63036437033.11
2026-05-14,64959283317.87
2026-05-15,62717030595.72
2026-05-16,46814269114.61
2026-05-17,35073980409.81
2026-05-18,56883011652.74
2026-05-19,59465327084.46
2026-05-20,49831669058.87
2026-05-21,48445965817.04
2026-05-22,59879613069.72
2026-05-23,40377932741.7
2026-05-24,39295093073.61
2026-05-25,52583757406.87
2026-05-26,56607047676.18
2026-05-27,68730970401.82
2026-05-28,77652969973.2
2026-05-29,63169259926.19
2026-05-30,41337493157.16
2026-05-31,43347569742.21
2026-06-01,64795007896.68
2026-06-02,79328310805.69
2026-06-03,69040063338.48
2026-06-04,65435119243.32
2026-06-05,67174917478.0
2026-06-06,40549054219.87
2026-06-07,35202778616.03
2026-06-08,50461583118.37
2026-06-09,48042708298.52
2026-06-10,46525753821.21
2026-06-11,47423219260.89
2026-06-12,50892693190.84
2026-06-13,28928625956.48
2026-06-14,28677775630.05
2026-06-15,52802543306.36
2026-06-16,54737350772.47
2026-06-17,43691768382.56
2026-06-18,44793590425.92
2026-06-19,39209546179.87
2026-06-20,29070453460.77
2026-06-21,34619239639.21
2026-06-22,47115902610.67
2026-06-23,49350726835.92
2026-06-24,49699283955.83
2026-06-25,63128444802.89
2026-06-26,73736409750.66
2026-06-27,39029029789.83
2026-06-28,32168168100.05
2026-06-29,59906826458.14
2026-06-30,67044476867.0
2026-07-01,53575063936.62
2026-07-02,58959197377.11
2026-07-03,50339702352.08
2026-07-04,33856826056.83
2026-07-05,32463157061.39
2026-07-06,49588063314.46
2026-07-07,53739663907.67
2026-07-08,47585570946.41
2026-07-09,43957717697.67
2026-07-10,51132613543.59
2026-07-11,34811921058.82
2026-07-12,37734666967.94
2026-07-13,63445038387.93
2026-07-14,54155734115.61
2026-07-15,53390969901.55
2026-07-16,52872019901.62
2026-07-17,45011384779.93
2026-07-18,34773661859.54
2026-07-19,30231603108.12
2026-07-20,42426164374.65
2026-07-21,63145139839.06
2026-07-22,50702046301.21
2026-07-23,59072148636.85
2026-07-24,56991012923.37
